date,act360_years,true_discount_factor,recovered_discount_factor,df_error
2026-09-18,0.0,1.0,1.0,0.0
2026-09-25,0.019444444444444445,0.9984871102511284,0.9984958852851135,8.775033985108927e-06
2026-10-02,0.03888888888888889,0.9969816957123913,0.9969940329313025,1.233721891125139e-05
2026-10-09,0.058333333333333334,0.9954836399562846,0.9954944395357165,1.0799579431841622e-05
2026-10-16,0.07777777777777778,0.9939928285408851,0.9939971017006232,4.273159738055199e-06
2026-10-23,0.09722222222222222,0.9925091489746158,0.9925085092544357,-6.397201801622288e-07
2026-10-30,0.11666666666666667,0.9910324906817061,0.9910383550257482,5.8643440421501936e-06
2026-11-06,0.1361111111111111,0.989562744968327,0.9895703784644921,7.633496165171394e-06
2026-11-13,0.15555555555555556,0.9880998049893909,0.9881045763449956,4.771355604726857e-06
2026-11-20,0.175,0.9866435657159973,0.9866409454463645,-2.620269632824801e-06
2026-11-27,0.19444444444444445,0.9851939239035119,0.985198420940777,4.497037265127624e-06
2026-12-04,0.21388888888888888,0.9837507780602653,0.9837580054870779,7.227426812583815e-06
2026-12-11,0.23333333333333334,0.982314028416857,0.982319696001715,5.667584857982355e-06
2026-12-18,0.25277777777777777,0.9808835768960504,0.980883489405644,-8.749040647515471e-08
2026-12-25,0.2722222222222222,0.9794593270832491,0.9794638537149515,4.526631702361783e-06
2027-01-01,0.2916666666666667,0.9780411841975374,0.9780655398615663,2.4355664028918866e-05
2027-01-08,0.3111111111111111,0.9766290550632762,0.97666922228566,4.016722238375792e-05
2027-01-15,0.33055555555555555,0.975222848082241,0.9752748981372832,5.20500550421632e-05
2027-01-22,0.35,0.9738224732062891,0.9738825645705551,6.00913642659906e-05
2027-01-29,0.36944444444444446,0.9724278419105472,0.9724922187436579,6.437683311066866e-05
2027-02-05,0.3888888888888889,0.9710388671671055,0.9711038578188307,6.499065172516083e-05
2027-02-12,0.4083333333333333,0.9696554634192092,0.9697174789623639,6.201554315476976e-05
2027-02-19,0.42777777777777776,0.9682775465559357,0.9683330793445936,5.553278865788602e-05
2027-02-26,0.44722222222222224,0.9669050338873483,0.9669506561398954,4.562225254711727e-05
2027-03-05,0.4666666666666667,0.9655378441201149,0.965570206526679,3.23624065641237e-05
2027-03-12,0.4861111111111111,0.9641758973335827,0.964191727687382,1.5830353799373142e-05
2027-03-19,0.5055555555555555,0.9628191149562991,0.962815216808465,-3.89814783408049e-06
2027-03-26,0.525,0.9614674197429695,0.9614646024588931,-2.8172840763618368e-06
2027-04-02,0.5444444444444444,0.9601207357518422,0.9601338064655507,1.3070713708485115e-05
2027-04-09,0.5638888888888889,0.9587789883225128,0.9588048524723934,2.586414988059449e-05
2027-04-16,0.5833333333333334,0.9574421040541372,0.9574777379298461,3.5633875708929175e-05
2027-04-23,0.6027777777777777,0.9561100107840469,0.9561524602918624,4.244950781551182e-05
2027-04-30,0.6222222222222222,0.9547826375667573,0.9548290170159199,4.637944916263681e-05
2027-05-07,0.6416666666666667,0.95345991465336,0.9535074055630154,4.7490909655389935e-05
2027-05-14,0.6611111111111111,0.952141773471293,0.95218762339766,4.584992636702534e-05
2027-05-21,0.6805555555555556,0.9508281466044796,0.9508696679878746,4.152138339508227e-05
2027-05-28,0.7,0.9495189677738285,0.9495535368051843,3.4569031355791147e-05
2027-06-04,0.7194444444444444,0.9482141718180888,0.9482392273246139,2.5055506525095694e-05
2027-06-11,0.7388888888888889,0.9469136946750512,0.9469267370246834,1.3042349632286232e-05
2027-06-18,0.7583333333333333,0.9456174733630901,0.9456160633874028,-1.4099756873164893e-06
2027-06-25,0.7777777777777778,0.9443254459630374,0.9443208331563161,-4.6128067212602986e-06
2027-07-02,0.7972222222222223,0.9430375516003832,0.9430455247879477,7.973187564513928e-06
2027-07-09,0.8166666666666667,0.9417537304277964,0.9417719387276945,1.820829989807038e-05
2027-07-16,0.8361111111111111,0.9404739236079583,0.940500072649574,2.6149041615686208e-05
2027-07-23,0.8555555555555555,0.9391980732967027,0.9392299242307447,3.185093404201034e-05
2027-07-30,0.875,0.937926122626457,0.9379614911515018,3.536852504482102e-05
2027-08-06,0.8944444444444445,0.936658015689979,0.9366947710952741,3.675540529513022e-05
2027-08-13,0.9138888888888889,0.9353936975243812,0.935429761748618,3.6064224236853626e-05
2027-08-20,0.9333333333333333,0.9341331140954389,0.9341664608012149,3.334670577603838e-05
2027-08-27,0.9527777777777777,0.9328762122821763,0.9329048659458659,2.8653663689537368e-05
2027-09-03,0.9722222222222222,0.9316229398617245,0.931644974878488,2.2035016763455317e-05
2027-09-10,0.9916666666666667,0.9303732454944451,0.9303867852981103,1.3539803665141292e-05
2027-09-17,1.011111111111111,0.9291270787093173,0.9291302949068687,3.2161975513922414e-06
2027-09-24,1.0305555555555554,0.9278843898895798,0.9278880084716986,3.6185821188361444e-06
2027-10-01,1.05,0.9266451302586246,0.9266786096105922,3.347935196762464e-05
2027-10-08,1.0694444444444444,0.9254092518661376,0.9254707870664465,6.153520030882653e-05
2027-10-15,1.0888888888888888,0.9241767075744806,0.9242645387847074,8.783121022681861e-05
2027-10-22,1.1083333333333334,0.9229474510453097,0.9230598627134989,0.00011241166818920512
2027-10-29,1.1277777777777778,0.9217214367264276,0.9218567568036193,0.00013532007719174732
2027-11-05,1.1472222222222221,0.9204986198388624,0.9206552190085381,0.00015659916967569742
2027-11-12,1.1666666666666667,0.9192789563641706,0.9194552472843918,0.0001762909202212004
2027-11-19,1.1861111111111111,0.9180624030319599,0.9182568395899809,0.00019443655802109383
2027-11-26,1.2055555555555555,0.9168489173076254,0.917059993886767,0.00021107657914154476
2027-12-03,1.225,0.9156384573802993,0.9158647081388677,0.0002262507585684137
2027-12-10,1.2444444444444445,0.9144309821510047,0.9146709803130549,0.00023999816205022562
2027-12-17,1.2638888888888888,0.9132264512210153,0.9134788083787505,0.0002523571577351946
2027-12-24,1.2833333333333334,0.9120248248804118,0.9122881903080228,0.00026336542761096204
2027-12-31,1.3027777777777778,0.9108260640968354,0.9110991240755832,0.00027305997874782495
2028-01-07,1.3222222222222222,0.9096301305044324,0.9099116076587833,0.0002814771543508954
2028-01-14,1.3416666666666666,0.9084369863929868,0.9087256390376105,0.0002886526446237436
2028-01-21,1.3611111111111112,0.9072465946972379,0.9075412161946854,0.00029462149744752253
2028-01-28,1.3805555555555555,0.9060589189863791,0.9063583371152578,0.00029941812887868124
2028-02-04,1.4,0.9048739234537339,0.9051769997872037,0.00030307633346982055
2028-02-11,1.4194444444444445,0.903691572906607,0.9039972022010215,0.00030562929441457776
2028-02-18,1.4388888888888889,0.9025118327563063,0.9028189423498291,0.00030710959352275857
2028-02-25,1.4583333333333333,0.9013346690083331,0.9016422182293595,0.00030754922102638194
2028-03-03,1.4777777777777779,0.9001600482527374,0.9004670278379587,0.00030697958522130087
2028-03-10,1.4972222222222222,0.8989879376546345,0.8992933691765813,0.00030543152194684176
2028-03-17,1.5166666666666666,0.8978183049448812,0.8981212402487876,0.0003029353039063487
2028-03-24,1.5361111111111112,0.8966511184109079,0.8969506390607398,0.00029952064983185256
2028-03-31,1.5555555555555556,0.8954863468877039,0.8957815636211991,0.00029521673349519606
2028-04-07,1.575,0.8943239597489521,0.8946140119415218,0.00029005219256972303
2028-04-14,1.5944444444444446,0.8931639268983131,0.8934479820356565,0.00028405513734330867
2028-04-21,1.613888888888889,0.8920062187608528,0.8922834719201401,0.0002772531592872829
2028-04-28,1.6333333333333333,0.890850806274613,0.8911204796140949,0.00026967333948191285
2028-05-05,1.6527777777777777,0.8896976608823209,0.8899590031392249,0.0002613422569039958
2028-05-12,1.6722222222222223,0.8885467545232376,0.8887990405198128,0.00025228599657523
2028-05-19,1.6916666666666667,0.8873980596251388,0.8876405897827164,0.00024253015757758067
2028-05-26,1.711111111111111,0.8862515490964304,0.886483648957365,0.0002320998609345315
2028-06-02,1.7305555555555556,0.885107196318392,0.8853282160757565,0.00022101975736454893
2028-06-09,1.75,0.8839649751375491,0.8841742891724539,0.00020931403490476175
2028-06-16,1.7694444444444444,0.8828248598581705,0.883021866284582,0.00019700642641151678
2028-06-23,1.788888888888889,0.8816868252348883,0.8818709454518239,0.00018412021693559044
2028-06-30,1.8083333333333333,0.8805508464654394,0.8807215247164176,0.00017067825097827338
2028-07-07,1.8277777777777777,0.8794168991835255,0.8795736021231532,0.00015670293962766202
2028-07-14,1.8472222222222223,0.8782849594517899,0.8784271757193688,0.0001422162675789318
2028-07-21,1.8666666666666667,0.8771550037549083,0.8772822435549477,0.0001272398000393693
2028-07-28,1.886111111111111,0.8760270089927932,0.8761388036823151,0.00011179468952193794
2028-08-04,1.9055555555555554,0.8749009524739079,0.8749968541564347,9.590168252682219e-05
2028-08-11,1.925,0.8737768119086897,0.873856393034805,7.958112611528012e-05
2028-08-18,1.9444444444444444,0.8726545654030798,0.8727174183774565,6.285297437669257e-05
2028-08-25,1.9638888888888888,0.8715341914521578,0.8715799282469485,4.5736794790696145e-05
2028-09-01,1.9833333333333334,0.8704156689338797,0.8704439207083651,2.8251774485399395e-05
2028-09-08,2.0027777777777778,0.8692989771029163,0.8693093938293126,1.0416726396345055e-05
2028-09-15,2.022222222222222,0.8681840955845921,0.868176345679916,-7.74990467611314e-06
2028-09-22,2.0416666666666665,0.8670710043689215,0.8670509747511602,-2.0029617761263552e-05
2028-09-29,2.061111111111111,0.8659596838047408,0.8659425437274412,-1.7140077299582224e-05
2028-10-06,2.0805555555555557,0.864850114593935,0.8648355297130677,-1.4584880867363204e-05
2028-10-13,2.1,0.8637422777857571,0.8637299308965464,-1.2346889210701484e-05
2028-10-20,2.1194444444444445,0.8626361547712386,0.8626257454686997,-1.0409302538816334e-05
2028-10-27,2.138888888888889,0.86153172727769,0.8615229716226629,-8.755655027115061e-06
2028-11-03,2.158333333333333,0.8604289773632889,0.860421607553881,-7.3698094079643894e-06
2028-11-10,2.1777777777777776,0.8593278874117546,0.8593216514601061,-6.235951648503324e-06
2028-11-17,2.1972222222222224,0.8582284401271079,0.8582231015413943,-5.338585713610122e-06
2028-11-24,2.216666666666667,0.8571306185285151,0.8571259560001026,-4.66252841258008e-06
2028-12-01,2.236111111111111,0.8560344059452135,0.856030213040886,-4.192904327515734e-06
2028-12-08,2.2555555555555555,0.8549397860115174,0.854935870870695,-3.915140822430274e-06
2028-12-15,2.275,0.8538467426619044,0.8538429276987721,-3.814963132287019e-06
2028-12-22,2.2944444444444443,0.8527552601261797,0.8527513817366491,-3.8783895306426786e-06
2028-12-29,2.313888888888889,0.8516653229247161,0.8516612311981441,-4.091726572008625e-06
2029-01-05,2.3333333333333335,0.8505769158637706,0.8505724742993588,-4.441564411816756e-06
2029-01-12,2.352777777777778,0.8494900240308751,0.8494851092586754,-4.9147721997711e-06
2029-01-19,2.3722222222222222,0.8484046327902992,0.8483991342967535,-5.498493545696981e-06
2029-01-26,2.3916666666666666,0.8473207277785855,0.8473145476365276,-6.18014205788775e-06
2029-02-02,2.411111111111111,0.8462382949001549,0.8462313475032041,-6.9473969508404565e-06
2029-02-09,2.4305555555555554,0.8451573203229823,0.8451495321242577,-7.788198724600903e-06
2029-02-16,2.45,0.8440777904743384,0.8440690997294299,-8.690744908501635e-06
2029-02-23,2.4694444444444446,0.842999692036601,0.8429900485507247,-9.643485876287272e-06
2029-03-02,2.488888888888889,0.8419230119431301,0.8419123768224064,-1.0635120723745395e-05
2029-03-09,2.5083333333333333,0.8408477373742095,0.8408360827809969,-1.1654593212617748e-05
2029-03-16,2.5277777777777777,0.8397738557530506,0.8397611646652721,-1.2691087778571308e-05
2029-03-23,2.547222222222222,0.8387013547418605,0.8386876207162596,-1.3734025600897759e-05
2029-03-30,2.566666666666667,0.8376302222379701,0.8376154491772357,-1.4773060734385446e-05
2029-04-06,2.5861111111111112,0.8365604463700245,0.8365446482937225,-1.579807630192054e-05
2029-04-13,2.6055555555555556,0.835492015494231,0.8354752163134851,-1.679918074593001e-05
2029-04-20,2.625,0.8344249181906686,0.8344071514865284,-1.7766704140109724e-05
2029-04-27,2.6444444444444444,0.8333591432596515,0.8333404520650944,-1.869119455710777e-05
2029-05-04,2.6638888888888888,0.8322946797181533,0.83227511630366,-1.9563414493273257e-05
2029-05-11,2.683333333333333,0.8312315167962837,0.8312111424589329,-2.037433735080363e-05
2029-05-18,2.702777777777778,0.8301696439338218,0.8301485287898497,-2.111514397207248e-05
2029-05-25,2.7222222222222223,0.8291090507768034,0.8290872735575728,-2.1777219230578737e-05
2029-06-01,2.7416666666666667,0.8280497271741606,0.8280273750254875,-2.235214867307711e-05
2029-06-08,2.761111111111111,0.8269916631744144,0.8269688314591991,-2.2831715215332338e-05
2029-06-15,2.7805555555555554,0.8259348490224182,0.8259116411265301,-2.3207895888055496e-05
2029-06-22,2.8,0.8248792751561519,0.8248558022975176,-2.3472858634243643e-05
2029-06-29,2.8194444444444446,0.8238249322035665,0.8238013132444102,-2.3618959156257446e-05
2029-07-06,2.838888888888889,0.8227718109794763,0.822748172241665,-2.3638737811304544e-05
2029-07-13,2.8583333333333334,0.8217199024825004,0.8216963775659453,-2.352491655510658e-05
2029-07-20,2.8777777777777778,0.8206691978920512,0.8206459274961174,-2.327039593374991e-05
2029-07-27,2.897222222222222,0.8196196885653692,0.8195968203132479,-2.286825212127752e-05
2029-08-03,2.9166666666666665,0.8185713660346039,0.8185490543006009,-2.231173400302211e-05
2029-08-10,2.936111111111111,0.8175242220039398,0.8175026277436351,-2.1594260304680368e-05
2029-08-17,2.9555555555555557,0.8164782483467673,0.8164575389300011,-2.0709416766240274e-05
2029-08-24,2.975,0.8154334371028957,0.8154137861495384,-1.96509533573197e-05
2029-08-31,2.9944444444444445,0.8143897804758115,0.8143713676942731,-1.8412781538357237e-05
2029-09-07,3.013888888888889,0.8133472708299766,0.8133302818584144,-1.6988971562215127e-05
2029-09-14,3.033333333333333,0.81230590068817,0.8122905269383525,-1.5373749817526594e-05
2029-09-21,3.0527777777777776,0.8112656627288694,0.8112507713580398,-1.489137082955061e-05
2029-09-28,3.0722222222222224,0.8102265497836733,0.8102043777069153,-2.2172076757920323e-05
2029-10-05,3.091666666666667,0.809188554834763,0.8091593337490199,-2.9221085743103004e-05
2029-10-12,3.111111111111111,0.8081516710124038,0.8081156377434485,-3.603326895529335e-05
2029-10-19,3.1305555555555555,0.8071158915924832,0.8070732879515419,-4.2603640941329957e-05
2029-10-26,3.15,0.8060812099940892,0.8060322826368833,-4.8927357205852395e-05
2029-11-02,3.1694444444444443,0.8050476197771236,0.8049926200652956,-5.4999711827985465e-05
2029-11-09,3.188888888888889,0.8040151146399535,0.8039542985048387,-6.0816135114771797e-05
2029-11-16,3.2083333333333335,0.802983688417098,0.8029173162258062,-6.637219129179694e-05
2029-11-23,3.227777777777778,0.8019533350769505,0.8018816715007231,-7.166357622745423e-05
2029-11-30,3.2472222222222222,0.8009240487195359,0.8008473626043423,-7.668611519362489e-05
2029-12-07,3.2666666666666666,0.7998958235743026,0.7998143878136421,-8.143576066044211e-05
2029-12-14,3.286111111111111,0.7988686539979472,0.7987827454078232,-8.59085901239176e-05
2029-12-21,3.3055555555555554,0.7978425344722739,0.7977524336683062,-9.01008039677631e-05
2029-12-28,3.325,0.7968174596020859,0.7967234508787278,-9.400872335818544e-05
2030-01-04,3.3444444444444446,0.7957934241131089,0.7956957953249391,-9.762878816987897e-05
2030-01-11,3.363888888888889,0.7947704228499466,0.7946694652950019,-0.00010095755494465841
2030-01-18,3.3833333333333333,0.7937484507740673,0.7936444590791863,-0.00010399169488095605
2030-01-25,3.4027777777777777,0.7927275029618219,0.7926207749699677,-0.00010672799185418302
2030-02-01,3.422222222222222,0.7917075746024911,0.7915984112620239,-0.00010916334046717768
2030-02-08,3.441666666666667,0.7906886609963631,0.7905773662522322,-0.00011129474413096307
2030-02-15,3.4611111111111112,0.7896707575528411,0.7895576382396668,-0.00011311931317425916
2030-02-22,3.4805555555555556,0.788653859788578,0.788539225525596,-0.0001146342629820829
2030-03-01,3.5,0.787637963325642,0.7875221264134789,-0.0001158369121631031
2030-03-08,3.5194444444444444,0.7866230638897072,0.7865063392089631,-0.00011672468074408471
2030-03-15,3.5388888888888888,0.7856091573082751,0.7854918622198814,-0.000117295088393643
2030-03-22,3.558333333333333,0.7845962395089207,0.7844786937562498,-0.00011754575267086675
2030-03-29,3.577777777777778,0.7835843065175662,0.7834668321302636,-0.00011747438730258519
2030-04-05,3.5972222222222223,0.782573354456781,0.7824562756562952,-0.00011707880048583696
2030-04-12,3.6166666666666667,0.781563379544108,0.7814470226508914,-0.00011635689321665144
2030-04-19,3.636111111111111,0.7805543780904146,0.7804390714327704,-0.00011530665764425407
2030-04-26,3.6555555555555554,0.7795463464982695,0.7794324203228187,-0.00011392617545080697
2030-05-03,3.675,0.7785392812603433,0.778427067644089,-0.000112213616254353
2030-05-10,3.6944444444444446,0.7775331789578354,0.7774230117217967,-0.00011016723603862744
2030-05-17,3.713888888888889,0.7765280362589221,0.7764202508833177,-0.00010778537560440782
2030-05-24,3.7333333333333334,0.7755238499172308,0.775418783458185,-0.00010506645904573286
2030-05-31,3.7527777777777778,0.7745206167703359,0.7744186077780868,-0.00010200899224910298
2030-06-07,3.772222222222222,0.7735183337382786,0.7734197221768625,-9.86115614161065e-05
2030-06-14,3.7916666666666665,0.7725169978221084,0.7724221249905011,-9.487283160725113e-05
2030-06-21,3.811111111111111,0.7715166061024468,0.7714258145571377,-9.079154530911016e-05
2030-06-28,3.8305555555555557,0.7705171557380742,0.770430789217051,-8.636652102322895e-05
2030-07-05,3.85,0.7695186439645367,0.7694370473126606,-8.159665187612575e-05
2030-07-12,3.8694444444444445,0.7685210680927747,0.768444587188524,-7.648090425060872e-05
2030-07-19,3.888888888888889,0.7675244255077726,0.767453407191334,-7.10183164385203e-05
2030-07-26,3.908333333333333,0.7665287136672287,0.7664635056699161,-6.520799731268845e-05
2030-08-02,3.9277777777777776,0.7655339301002463,0.7654748809752252,-5.904912502108228e-05
2030-08-09,3.9472222222222224,0.7645400724060425,0.7644875314603435,-5.25409456989534e-05
2030-08-16,3.966666666666667,0.7635471382526795,0.7635014554804775,-4.5682772201960375e-05
2030-08-23,3.986111111111111,0.7625551253758133,0.7625166513929552,-3.847398285805603e-05
2030-08-30,4.0055555555555555,0.7615640315774618,0.7615331175572232,-3.0914020238581585e-05
2030-09-06,4.025,0.7605738547247924,0.7605508523348445,-2.300238994790149e-05
2030-09-13,4.044444444444444,0.759584592748927,0.7595698540894953,-1.473865943169006e-05
2030-09-20,4.063888888888889,0.7585962436437659,0.7585901211869622,-6.122456803647758e-06
2030-09-27,4.083333333333333,0.7576088054648298,0.7575927239030928,-1.6081561736935868e-05
2030-10-04,4.102777777777778,0.7566222763281188,0.756596638001107,-2.5638327011856532e-05
2030-10-11,4.122222222222222,0.7556366544089894,0.7556018617567944,-3.479265219497041e-05
2030-10-18,4.141666666666667,0.7546519379410478,0.7546083934482121,-4.354449283572315e-05
2030-10-25,4.161111111111111,0.7536681252150612,0.753616231355681,-5.189385938020319e-05
2030-11-01,4.180555555555555,0.7526852145778852,0.7526253737617832,-5.9840816101996985e-05
2030-11-08,4.2,0.7517032044314066,0.7516358189513584,-6.738548004814326e-05
2030-11-15,4.219444444444444,0.7507220932315047,0.7506475652115023,-7.452802000240677e-05
2030-11-22,4.238888888888889,0.7497418794870258,0.7496606108315618,-8.12686554639841e-05
2030-11-29,4.258333333333334,0.7487625617587751,0.7486749541031333,-8.760765564175266e-05
2030-12-06,4.277777777777778,0.7477841386585236,0.7476905933200598,-9.35453384637297e-05
2030-12-13,4.2972222222222225,0.7468066088480295,0.746707526778427,-9.908206960251853e-05
2030-12-20,4.316666666666666,0.7458299710380762,0.7457257527765612,-0.00010421826151507663
2030-12-27,4.336111111111111,0.7448542239875228,0.744745269615026,-0.00010895437249680562
2031-01-03,4.355555555555555,0.743879366502371,0.7437660755966194,-0.00011329090575151746
2031-01-10,4.375,0.7429053974348452,0.742788169026371,-0.00011722840847416816
2031-01-17,4.394444444444445,0.7419323156824879,0.7418115482115389,-0.0001207674709489126
2031-01-24,4.413888888888889,0.7409601201872666,0.7408362114616068,-0.00012390872565981592
2031-01-31,4.433333333333334,0.739988809934698,0.7398621570882811,-0.0001266528464168859
2031-02-07,4.4527777777777775,0.7390183839529814,0.7388893834054879,-0.0001290005474934297
2031-02-14,4.472222222222222,0.7380488413121493,0.7379178887293704,-0.00013095258277895372
2031-02-21,4.491666666666666,0.7370801811232286,0.7369476713782853,-0.0001325097449432766
2031-02-28,4.511111111111111,0.7361124025374151,0.7359787296728009,-0.00013367286461418715
2031-03-07,4.530555555555556,0.7351455047452621,0.7350110619356931,-0.0001344428095689798
2031-03-14,4.55,0.7341794869758791,0.7340446664919434,-0.00013482048393564927
2031-03-21,4.569444444444445,0.7332143484961452,0.7330795416687356,-0.00013480682740962813
2031-03-28,4.588888888888889,0.7322500886099331,0.7321156857954525,-0.00013440281448062752
2031-04-04,4.608333333333333,0.7312867066573452,0.7311530972036738,-0.00013360945367135724
2031-04-11,4.627777777777778,0.7303242020139625,0.730191774227173,-0.00013242778678956846
2031-04-18,4.647222222222222,0.7293625740901042,0.7292317152019139,-0.00013085888819031055
2031-04-25,4.666666666666667,0.7284018223300985,0.7282729184660485,-0.00012890386405006726
2031-05-02,4.686111111111111,0.7274419462115658,0.7273153823599138,-0.00012656385165199513
2031-05-09,4.705555555555556,0.7264829452447117,0.7263591052260288,-0.00012384001868293026
2031-05-16,4.725,0.7255248189716321,0.7254040854090917,-0.00012073356254038714
2031-05-23,4.7444444444444445,0.7245675669656282,0.7244503212559774,-0.00011724570965077064
2031-05-30,4.763888888888889,0.7236111888305323,0.7234978111157341,-0.00011337771479824621
2031-06-06,4.783333333333333,0.7226556842000451,0.7225465533395806,-0.00010913086046449028
2031-06-13,4.802777777777778,0.7217010527370811,0.721596546280904,-0.0001045064561771003
2031-06-20,4.822222222222222,0.7207472941331268,0.7206477882952556,-9.950583787121658e-05
2031-06-27,4.841666666666667,0.7197944081076066,0.7197002777403495,-9.413036725713919e-05
2031-07-04,4.861111111111111,0.7188423944072606,0.7187540129760588,-8.838143120182274e-05
2031-07-11,4.8805555555555555,0.7178912528055299,0.7178089923644131,-8.226044111681041e-05
2031-07-18,4.9,0.7169409831019536,0.7168652142695955,-7.576883235815846e-05
2031-07-25,4.919444444444444,0.7159915851215742,0.71592267705794,-6.890806363424318e-05
2031-08-01,4.938888888888889,0.7150430587143518,0.7149813790979287,-6.167961642311592e-05
2031-08-08,4.958333333333333,0.714095403754589,0.7140413187601884,-5.4084994400627195e-05
2031-08-15,4.977777777777778,0.7131486201403631,0.7131024944174886,-4.612572287443495e-05
2031-08-22,4.997222222222222,0.7122027077929688,0.7121649044447382,-3.780334823055842e-05
2031-08-29,5.016666666666667,0.7112576666563677,0.7112285472189825,-2.9119437385149993e-05
2031-09-05,5.036111111111111,0.7103134966966494,0.7102934211194011,-2.0075577248368504e-05
2031-09-12,5.055555555555555,0.7093701979014978,0.7093595245273044,-1.0673374193359564e-05
2031-09-19,5.075,0.7084277702796681,0.708426855826131,-9.144535371152784e-07
2031-09-26,5.094444444444444,0.707486213860471,0.7074791683071874,-7.045553283568928e-06
2031-10-03,5.113888888888889,0.7065455286932655,0.7065205812656591,-2.4947427606392125e-05
2031-10-10,5.133333333333334,0.7056057148469597,0.7055632930455765,-4.242180138314122e-05
2031-10-17,5.152777777777778,0.7046667724095197,0.7046073018871234,-5.94705223962988e-05
2031-10-24,5.1722222222222225,0.7037287014874851,0.7036526060328677,-7.609545461739753e-05
2031-10-31,5.191666666666666,0.702791502205494,0.7026992037277586,-9.229847773539746e-05
2031-11-07,5.211111111111111,0.7018551747058145,0.7017470932191237,-0.00010808148669083639
2031-11-14,5.230555555555555,0.7009197191478834,0.7007962727566646,-0.00012344639121886214
2031-11-21,5.25,0.6999851357078534,0.6998467405924551,-0.00013839511539825988
2031-11-28,5.269444444444445,0.6990514245781461,0.6988984949809371,-0.0001529295972089173
2031-12-05,5.288888888888889,0.698118585967014,0.6979515341789175,-0.00016705178809650612
2031-12-12,5.308333333333334,0.6971866200981075,0.6970058564455653,-0.00018076365254215965
2031-12-19,5.3277777777777775,0.6962555272100499,0.696061460042408,-0.00019406716764192034
2031-12-26,5.347222222222222,0.6953253075560197,0.6951183432333288,-0.0002069643226909612
2032-01-02,5.366666666666666,0.6943959614033388,0.6941765042845632,-0.00021945711877557894
2032-01-09,5.386111111111111,0.6934674890330673,0.6932359414646956,-0.00023154756837173718
2032-01-16,5.405555555555556,0.6925398907396058,0.6922966530446567,-0.00024323769494905
2032-01-23,5.425,0.6916131668303032,0.6913586372977197,-0.00025452953258342514
2032-01-30,5.444444444444445,0.690687317625071,0.6904218924994977,-0.0002654251255732598
2032-02-06,5.463888888888889,0.6897623434560046,0.6894864169279399,-0.0002759265280647405
2032-02-13,5.483333333333333,0.68883824466701,0.6885522088633289,-0.00028603580368113946
2032-02-20,5.502777777777778,0.6879150216134367,0.6876192665882774,-0.0002957550251592167
2032-02-27,5.522222222222222,0.6869926746617167,0.6866875883877251,-0.0003050862739915061
2032-03-05,5.541666666666667,0.6860712041890099,0.6857571725489354,-0.0003140316400744858
2032-03-12,5.561111111111111,0.6851506105828546,0.6848280173614925,-0.0003225932213621885
2032-03-19,5.580555555555556,0.6842308942408242,0.6839001211172978,-0.00033077312352636223
2032-03-26,5.6,0.6833120555701889,0.6829734821105674,-0.0003385734596215162
2032-04-02,5.6194444444444445,0.6823940949875841,0.6820480986378283,-0.00034599634975573945
2032-04-09,5.638888888888889,0.6814770129186835,0.681123968997916,-0.0003530439207674041
2032-04-16,5.658333333333333,0.6805608097978776,0.6802010914919706,-0.0003597183059069753
2032-04-23,5.677777777777778,0.6796454860679582,0.6792794644234341,-0.0003660216445240394
2032-04-30,5.697222222222222,0.6787310421798072,0.6783590860980474,-0.00037195608175977224
2032-05-07,5.716666666666667,0.6778174785920912,0.6774399548238469,-0.00037752376824429223
2032-05-14,5.736111111111111,0.6769047957709621,0.6765220689111614,-0.000382726859800675
2032-05-21,5.7555555555555555,0.67599299418976,0.6756054266726093,-0.0003875675171507442
2032-05-28,5.775,0.6750820743287245,0.674690026423095,-0.0003920479056295223
2032-06-04,5.794444444444444,0.6741720366747082,0.6737758664798065,-0.0003961701949016794
2032-06-11,5.813888888888889,0.6732628817208967,0.6728629451622115,-0.00039993655868519884
2032-06-18,5.833333333333333,0.6723546099665324,0.6719512607920549,-0.0004033491744774853
2032-06-25,5.852777777777778,0.6714472219166434,0.6710408116933556,-0.00040641022328780085
2032-07-02,5.872222222222222,0.670540718081777,0.6701315961924031,-0.0004091218893738091
2032-07-09,5.891666666666667,0.6696350989777375,0.6692236126177549,-0.00041148635998267125
2032-07-16,5.911111111111111,0.6687303651253292,0.6683168593002331,-0.00041350582509613876
2032-07-23,5.930555555555555,0.667826517050103,0.6674113345729215,-0.00041518247718153045
2032-07-30,5.95,0.6669235552821072,0.6665070367711622,-0.0004165185109450409
2032-08-06,5.969444444444444,0.6660214803556442,0.6656039642325531,-0.00041751612309115504
2032-08-13,5.988888888888889,0.6651202928090293,0.6647021152969443,-0.0004181775120849496
2032-08-20,6.008333333333334,0.6642199931843553,0.6638014883064357,-0.0004185048779196121
2032-08-27,6.027777777777778,0.6633205820272604,0.6629020816053731,-0.0004185004218872912
2032-09-03,6.0472222222222225,0.6624220598867004,0.6620038935403457,-0.0004181663463547203
2032-09-10,6.066666666666666,0.6615244273147249,0.6611069224601831,-0.00041750485454183917
2032-09-17,6.086111111111111,0.6606276848662577,0.6602111667159521,-0.00041651815030552264
2032-09-24,6.105555555555555,0.65973183309888,0.6593166246609536,-0.00041520843792630657
2032-10-01,6.125,0.6588368725726191,0.6584232946507197,-0.000413577921899444
2032-10-08,6.144444444444445,0.6579428038497398,0.6575311750430106,-0.0004116288067291807
2032-10-15,6.163888888888889,0.6570496274945394,0.656640264197812,-0.00040936329672747185
2032-10-22,6.183333333333334,0.6561573440731472,0.6557505604773309,-0.00040678359581625134
2032-10-29,6.2027777777777775,0.6552659541533266,0.6548620622459943,-0.00040389190733225444
2032-11-05,6.222222222222222,0.6543754583042812,0.6539747678704447,-0.0004006904338365036
2032-11-12,6.241666666666666,0.6534858570964658,0.6530886757195379,-0.000397181376927902
2032-11-19,6.261111111111111,0.6525971511013976,0.6522037841643399,-0.0003933669370577153
2032-11-26,6.280555555555556,0.6517093408914739,0.6513200915781234,-0.0003892493133504926
2032-12-03,6.3,0.6508224270397925,0.6504375963363658,-0.00038483070342676395
2032-12-10,6.319444444444445,0.6499364101199732,0.649556296816745,-0.00038011330322818004
2032-12-17,6.338888888888889,0.6490512907059861,0.6486761913991375,-0.00037509930684864745
2032-12-24,6.358333333333333,0.6481670693719802,0.6477972784656147,-0.00036979090636546363
2032-12-31,6.377777777777778,0.6472837466921169,0.6469195564004404,-0.00036419029167644723
2033-01-07,6.397222222222222,0.6464013232404056,0.6460430235900674,-0.00035829965033817857
2033-01-14,6.416666666666667,0.6455197995905428,0.6451676784231348,-0.0003521211674080149
2033-01-21,6.436111111111111,0.6446391763157548,0.6442935192904652,-0.00034565702528965847
2033-01-28,6.455555555555556,0.6437594539886418,0.643420544585061,-0.00033890940358072275
2033-02-04,6.475,0.6428806331810268,0.6425487527021028,-0.0003318804789240737
2033-02-11,6.4944444444444445,0.6420027144638065,0.6416781420389448,-0.00032457242486172433
2033-02-18,6.513888888888889,0.6411256984068048,0.6408087109951132,-0.00031698741169161604
2033-02-25,6.533333333333333,0.6402495855786292,0.6399404579723025,-0.0003091276063267312
2033-03-04,6.552777777777778,0.6393743765465313,0.6390733813743729,-0.00030099517215842475
2033-03-11,6.572222222222222,0.6385000718762678,0.638207479607347,-0.00029259226892075496
2033-03-18,6.591666666666667,0.6376266721319659,0.6373427510794077,-0.0002839210525581448
2033-03-25,6.611111111111111,0.6367541778759912,0.6364791942008943,-0.0002749836750969292
2033-04-01,6.6305555555555555,0.6358825896688172,0.6356168073842998,-0.0002657822845173463
2033-04-08,6.65,0.6350119080688983,0.6347555890442687,-0.0002563190246296365
2033-04-15,6.669444444444444,0.634142133632545,0.633895537597593,-0.0002465960349520291
2033-04-22,6.688888888888889,0.6332732669138024,0.6330366514632103,-0.00023661545059205924
2033-04-29,6.708333333333333,0.6324053084643292,0.6321789290622002,-0.00022637940212899554
2033-05-06,6.727777777777778,0.6315382588332814,0.6313223688177817,-0.000215890015499709
2033-05-13,6.747222222222222,0.6306721185671974,0.6304669691553101,-0.0002051494118873176
2033-05-20,6.766666666666667,0.6298068882098848,0.6296127285022745,-0.00019415970761038626
2033-05-27,6.786111111111111,0.6289425683023111,0.6287596452882942,-0.00018292301401690025
2033-06-03,6.805555555555555,0.628079159382495,0.6279077179451169,-0.00017144143737812811
2033-06-10,6.825,0.6272166619854013,0.6270569449066147,-0.00015971707878659203
2033-06-17,6.844444444444444,0.6263550766428373,0.6262073246087817,-0.00014775203405559267
2033-06-24,6.863888888888889,0.6254944038833519,0.6253588554897314,-0.0001355483936205104
2033-07-01,6.883333333333334,0.624634644232136,0.6245115359896933,-0.00012310824244265994
2033-07-08,6.902777777777778,0.6237757982109265,0.6236653645510105,-0.0001104336599160316
2033-07-15,6.9222222222222225,0.6229178663379106,0.6228203396181364,-9.752671977414362e-05
2033-07-22,6.941666666666666,0.6220608491276335,0.6219764596376323,-8.438949000122431e-05
2033-07-29,6.961111111111111,0.6212047470909081,0.621133723058164,-7.102403274417135e-05
2033-08-05,6.980555555555555,0.6203495607347256,0.6202921283304996,-5.7432404225954414e-05
2033-08-12,7.0,0.6194952905621696,0.619451673907506,-4.3616654663569676e-05
2033-08-19,7.019444444444445,0.6186419370723305,0.6186123582441466,-2.957882818388491e-05
2033-08-26,7.038888888888889,0.617789500760224,0.6177741797974781,-1.5320962745923872e-05
2033-09-02,7.058333333333334,0.6169379821167086,0.6169371370266477,-8.450900609302536e-07
2033-09-09,7.0777777777777775,0.616087381628408,0.6161012283928906,1.3846764482572382e-05
2033-09-16,7.097222222222222,0.6152376997776331,0.6152664523595267,2.875258189360963e-05
2033-09-23,7.116666666666666,0.6143889370423068,0.6144241754742643,3.52384319575183e-05
2033-09-30,7.136111111111111,0.6135410938958908,0.613561501912236,2.040801634517475e-05
2033-10-07,7.155555555555556,0.612694170807313,0.6127000395748052,5.868767492200888e-06
2033-10-14,7.175,0.6118481682408984,0.6118397867613693,-8.381479529084856e-06
2033-10-21,7.194444444444445,0.6110030866562997,0.6109807417737129,-2.2344882586788906e-05
2033-10-28,7.213888888888889,0.6101589265084314,0.6101229029160057,-3.6023592425715734e-05
2033-11-04,7.233333333333333,0.6093156882474042,0.6092662684947977,-4.9419752606527645e-05
2033-11-11,7.252777777777778,0.6084733723184622,0.6084108368190171,-6.25354994451266e-05
2033-11-18,7.272222222222222,0.6076319791619205,0.6075566061999661,-7.537296195436749e-05
2033-11-25,7.291666666666667,0.6067915092131052,0.6067035749513182,-8.793426178699271e-05
2033-12-02,7.311111111111111,0.605951962902295,0.6058517413891141,-0.00010022151318089811
2033-12-09,7.330555555555556,0.6051133406546638,0.6050011038317593,-0.00011223682290451009
2033-12-16,7.35,0.6042756428902251,0.6041516606000201,-0.00012398229020493812
2033-12-23,7.3694444444444445,0.6034388700237776,0.6033034100170206,-0.00013546000675701553
2033-12-30,7.388888888888889,0.6026030224648536,0.602456350408239,-0.00014667205661467175
2034-01-06,7.408333333333333,0.6017681006176668,0.601610480101505,-0.00015762051616186046
2034-01-13,7.427777777777778,0.6009341048810626,0.6007657974269958,-0.00016830745406681835
2034-01-20,7.447222222222222,0.6001010356484703,0.5999223007172333,-0.00017873493123699014
2034-01-27,7.466666666666667,0.5992688933078555,0.5990799883070804,-0.00018890500077506367
2034-02-03,7.486111111111111,0.5984376782416749,0.5982388585337381,-0.0001988197079367815
2034-02-10,7.5055555555555555,0.5976073908268322,0.5973989097367418,-0.0002084810900904177
2034-02-17,7.525,0.596778031434634,0.5965601402579586,-0.00021789117667547764
2034-02-24,7.544444444444444,0.5959496004307497,0.5957225484415833,-0.00022705198916639358
2034-03-03,7.563888888888889,0.59512209817517,0.5948861326341357,-0.0002359655410343331
2034-03-10,7.583333333333333,0.5942955250221681,0.5940508911844571,-0.0002446338377110058
2034-03-17,7.602777777777778,0.5934698813202618,0.5932168224437071,-0.0002530588765546904
2034-03-24,7.622222222222222,0.5926451674121771,0.5923839247653605,-0.00026124264681659515
2034-03-31,7.641666666666667,0.5918213836348122,0.5915521965052034,-0.0002691871296087722
2034-04-07,7.661111111111111,0.5909985303192036,0.5907216360213311,-0.00027689429787247644
2034-04-14,7.680555555555555,0.5901766077904931,0.5898922416741437,-0.00028436611634941045
2034-04-21,7.7,0.5893556163678955,0.5890640118263434,-0.0002916045415520818
2034-04-28,7.719444444444444,0.5885355563646676,0.5882369448429314,-0.00029861152173615846
2034-05-05,7.738888888888889,0.5877164280880794,0.5874110390912045,-0.0003053889968749335
2034-05-12,7.758333333333334,0.5868982318393843,0.5865862929407517,-0.00031193889863256885
2034-05-19,7.777777777777778,0.5860809679137924,0.5857627047634513,-0.00031826315034111374
2034-05-26,7.7972222222222225,0.5852646366004437,0.5849402729334675,-0.0003243636669761907
2034-06-02,7.816666666666666,0.5844492381823824,0.5841189958272472,-0.0003302423551351241
2034-06-09,7.836111111111111,0.5836347729365329,0.5832988718235169,-0.00033590111301595726
2034-06-16,7.855555555555555,0.5828212411336764,0.5824798993032794,-0.0003413418303970239
2034-06-23,7.875,0.582008643038428,0.5816620766498105,-0.00034656638861751965
2034-06-30,7.894444444444445,0.581196978909216,0.580845402248656,-0.0003515766605599602
2034-07-07,7.913888888888889,0.5803862489982605,0.5800298744876288,-0.00035637451063175174
2034-07-14,7.933333333333334,0.5795764535515551,0.5792154917568046,-0.0003609617947504251
2034-07-21,7.9527777777777775,0.578767592808847,0.5784022524485205,-0.00036534036032653816
2034-07-28,7.972222222222222,0.5779596670036203,0.5775901549573699,-0.0003695120462504642
2034-08-04,7.991666666666666,0.5771526763630789,0.5767791976802008,-0.00037347868287807007
2034-08-11,8.011111111111111,0.5763466211081305,0.5759693790161118,-0.00037724209201872583
2034-08-18,8.030555555555555,0.5755415014533717,0.5751606973664493,-0.00038080408692242607
2034-08-25,8.05,0.5747373176070742,0.5743531511348043,-0.00038416647226990897
2034-09-01,8.069444444444445,0.5739340697711711,0.5735467387270095,-0.0003873310441616651
2034-09-08,8.088888888888889,0.5731317581412446,0.5727414585511352,-0.00039029959010938864
2034-09-15,8.108333333333333,0.5723303829065141,0.5719373090174874,-0.00039307388902665163
2034-09-22,8.127777777777778,0.571529944249826,0.5711342885386038,-0.0003956557112221315
2034-09-29,8.147222222222222,0.5707304423476428,0.5703323955292512,-0.0003980468183916175
2034-10-06,8.166666666666666,0.5699318773700351,0.5695316284064219,-0.0004002489636132367
2034-10-13,8.186111111111112,0.5691342494806716,0.5687319855893308,-0.00040226389134079277
2034-10-20,8.205555555555556,0.5683375588368125,0.5679334654994124,-0.0004040933374001021
2034-10-27,8.225,0.5675418055893022,0.5671360665603176,-0.0004057390289846641
2034-11-03,8.244444444444444,0.5667469898825628,0.5663397871979103,-0.00040720268465244125
2034-11-10,8.26388888888889,0.5659531118545887,0.5655446258402647,-0.00040848601432408316
2034-11-17,8.283333333333333,0.5651601716369422,0.5647505809176623,-0.00040959071927992863
2034-11-24,8.302777777777777,0.5643681693547484,0.563957650862588,-0.0004105184921604499
2034-12-01,8.322222222222223,0.5635771051266929,0.563165834109728,-0.0004112710169649203
2034-12-08,8.341666666666667,0.5627869790650181,0.5623751290959661,-0.00041184996905196947
2034-12-15,8.36111111111111,0.5619977912755216,0.5615855342603807,-0.0004122570151409155
2034-12-22,8.380555555555556,0.5612095418575542,0.5607970480442417,-0.0004124938133125422
2034-12-29,8.4,0.5604222309040201,0.5600096688910081,-0.0004125620130119856
2035-01-05,8.419444444444444,0.5596358585013751,0.5592233952463235,-0.0004124632550516205
2035-01-12,8.438888888888888,0.5588504247296284,0.5584382255580145,-0.00041219917161394726
2035-01-19,8.458333333333334,0.558065929662343,0.5576541582760866,-0.00041177138625647647
2035-01-26,8.477777777777778,0.5572823733666377,0.5568711918527218,-0.000411181513915837
2035-02-02,8.497222222222222,0.5564997559031883,0.5560893247422755,-0.000410431160912883
2035-02-09,8.516666666666667,0.5557180773262317,0.5553085554012726,-0.0004095219249591331
2035-02-16,8.536111111111111,0.5549373376835682,0.5545288822884055,-0.00040845539516276563
2035-02-23,8.555555555555555,0.5541575370165659,0.5537503038645308,-0.00040723315203505805
2035-03-02,8.575,0.5533786753601647,0.5529728185926659,-0.0004058567674988245
2035-03-09,8.594444444444445,0.5526007527428819,0.5521964249379859,-0.0004043278048959653
2035-03-16,8.613888888888889,0.5518237691868173,0.5514211213678215,-0.0004026478189957938
2035-03-23,8.633333333333333,0.5510477247076586,0.5506469063516549,-0.000400818356003696
2035-03-30,8.652777777777779,0.5502726193146892,0.5498737783611172,-0.00039884095357201055
2035-04-06,8.672222222222222,0.5494984530107941,0.5491017358699853,-0.00039671714080879994
2035-04-13,8.691666666666666,0.5487252257924679,0.5483307773541797,-0.0003944484382881752
2035-04-20,8.71111111111111,0.5479529376498224,0.5475609012917595,-0.00039203635806295267
2035-04-27,8.730555555555556,0.547181588566596,0.5467921061629217,-0.00038948240367431275
2035-05-04,8.75,0.5464111785201612,0.546024390449997,-0.00038678807016423455
2035-05-11,8.769444444444444,0.5456417074815347,0.5452577526374462,-0.00038395484408848546
2035-05-18,8.78888888888889,0.5448731754153875,0.5444921912118592,-0.00038098420352827844
2035-05-25,8.808333333333334,0.5441055822800545,0.5437277046619498,-0.000377877618104705
2035-06-01,8.827777777777778,0.5433389280275452,0.542964291478554,-0.0003746365489912806
2035-06-08,8.847222222222221,0.5425732126035557,0.5422019501546267,-0.0003712624489290439
2035-06-15,8.866666666666667,0.5418084359474789,0.5414406791852389,-0.0003677567622399902
2035-06-22,8.886111111111111,0.541044597992417,0.5406804770675746,-0.00036412092484239267
2035-06-29,8.905555555555555,0.5402816986651945,0.5399213423009275,-0.00036035636426701156
2035-07-06,8.925,0.5395197378863692,0.5391632733866984,-0.00035646449967075
2035-07-13,8.944444444444445,0.5387587155702468,0.5384062688283926,-0.00035244674185419544
2035-07-20,8.963888888888889,0.537998631624894,0.5376503271316162,-0.000348304493277829
2035-07-27,8.983333333333333,0.5372394859521515,0.5368954468040733,-0.00034403914807823455
2035-08-03,9.002777777777778,0.5364812784476493,0.5361416263555635,-0.00033965209208575153
2035-08-10,9.022222222222222,0.5357240090008202,0.5353888642979788,-0.0003351447028413501
2035-08-17,9.041666666666666,0.5349676774949156,0.5346371591453004,-0.000330518349615172
2035-08-24,9.061111111111112,0.53421228380702,0.5338865094135959,-0.000325774393424072
2035-08-31,9.080555555555556,0.5334578278080666,0.5331369136210163,-0.00032091418705026964
2035-09-07,9.1,0.5327043093628537,0.5323883702877935,-0.0003159390750602231
2035-09-14,9.119444444444444,0.5319517283300605,0.5316408779362368,-0.00031085039382372504
2035-09-21,9.13888888888889,0.5312000845622631,0.5308944350907302,-0.00030564947153288724
2035-09-28,9.158333333333333,0.5304493779059521,0.5301490402777296,-0.00030033762822256893
2035-10-05,9.177777777777777,0.5296996082015498,0.5294046920257598,-0.0002949161757900276
2035-10-12,9.197222222222223,0.5289507752834264,0.5286613888654116,-0.00028938641801479204
2035-10-19,9.216666666666667,0.5282028789799189,0.527919129329339,-0.00028374965057986756
2035-10-26,9.23611111111111,0.5274559191133484,0.527177911952256,-0.0002780071610923862
2035-11-02,9.255555555555556,0.5267098955000385,0.5264377352709342,-0.0002721602291043679
2035-11-09,9.275,0.5259648079503341,0.5256985978241993,-0.00026621012613481376
2035-11-16,9.294444444444444,0.5252206562686194,0.5249604981529288,-0.00026015811569057856
2035-11-23,9.313888888888888,0.5244774402533374,0.5242234348000485,-0.000254005453288908
2035-11-30,9.333333333333334,0.5237351596970095,0.5234874063105305,-0.00024775338647897716
2035-12-07,9.352777777777778,0.5229938143862541,0.5227524112313896,-0.000241403154864539
2035-12-14,9.372222222222222,0.5222534041018074,0.5220184481116804,-0.00023495599012701707
2035-12-21,9.391666666666667,0.5215139286185422,0.521285515502495,-0.00022841311604715475
2035-12-28,9.411111111111111,0.5207753877054894,0.5205536119569596,-0.00022177574852977333
2036-01-04,9.430555555555555,0.5200377811258574,0.519822736030232,-0.0002150450956254213
2036-01-11,9.45,0.519301108637053,0.5190928862794987,-0.00020822235755435514
2036-01-18,9.469444444444445,0.5185653699907025,0.5183640612639715,-0.00020130872673096434
2036-01-25,9.488888888888889,0.517830564932673,0.5176362595448858,-0.00019430538778719697
2036-02-01,9.508333333333333,0.5170966932030928,0.5169094796854965,-0.00018721351759631855
2036-02-08,9.527777777777779,0.5163637545363736,0.516183720251076,-0.00018003428529766996
2036-02-15,9.547222222222222,0.5156317486612318,0.5154589798089112,-0.00017276885232064831
2036-02-22,9.566666666666666,0.5149006753007107,0.5147352569283004,-0.00016541837241035307
2036-02-29,9.58611111111111,0.5141705341722024,0.5140125501805506,-0.0001579839916517889
2036-03-07,9.605555555555556,0.5134413249874692,0.5132908581389748,-0.00015046684849440162
2036-03-14,9.625,0.5127130474526678,0.5125701793788894,-0.0001428680737783905
2036-03-21,9.644444444444444,0.5119857012683698,0.5118505124776108,-0.00013518879075902213
2036-03-28,9.66388888888889,0.511259286129586,0.5111318560144529,-0.0001274301151331647
2036-04-04,9.683333333333334,0.5105338017257884,0.5104142085707244,-0.00011959315506404611
2036-04-11,9.702777777777778,0.5098092477409336,0.5096975687297259,-0.00011167901120767709
2036-04-18,9.722222222222221,0.5090856238534854,0.5089819350767469,-0.00010368877673849752
2036-04-25,9.741666666666667,0.5083629297364395,0.5082673061990636,-9.562353737591067e-05
2036-05-02,9.761111111111111,0.5076411650573451,0.5075536806859353,-8.748437140981835e-05
2036-05-09,9.780555555555555,0.5069203294783303,0.5068410571286024,-7.92723497279324e-05
2036-05-16,9.8,0.5062004226561244,0.5061294341202827,-7.098853584175391e-05
2036-05-23,9.819444444444445,0.505481444242083,0.5054188102561699,-6.263398591310754e-05
2036-05-30,9.838888888888889,0.5047633938822109,0.5047091841334295,-5.4209748781453015e-05
2036-06-06,9.858333333333333,0.5040462712171873,0.5040005543511968,-4.5716865990419464e-05
2036-06-13,9.877777777777778,0.5033300758823888,0.5032929195105743,-3.715637181445075e-05
2036-06-20,9.897222222222222,0.5026148075079151,0.5025862782146282,-2.852929328689413e-05
2036-06-27,9.916666666666666,0.5019004657186127,0.5018806290683862,-1.983665022653458e-05
2036-07-04,9.936111111111112,0.5011870501340995,0.5011759706788342,-1.1079455265239346e-05
2036-07-11,9.955555555555556,0.5004745603687896,0.5004723016549149,-2.2587138747143243e-06
2036-07-18,9.975,0.49976299603191837,0.49976962060752306,6.624575604685656e-06
2036-07-25,9.994444444444444,0.4990523567275668,0.49906792614950435,1.5569421937533523e-05
2036-08-01,10.01388888888889,0.49834264205468704,0.49836721689565194,2.457484096490825e-05
2036-08-08,10.033333333333333,0.4976338516071268,0.4976674914627039,3.363985557708338e-05
2036-08-15,10.052777777777777,0.4969259849736553,0.49696874846934036,4.276349568504978e-05
2036-08-22,10.072222222222223,0.49621904173798803,0.496270986536181,5.1944798192982145e-05
2036-08-29,10.091666666666667,0.49551302147881227,0.49557420428578214,6.118280696987277e-05
2036-09-05,10.11111111111111,0.49480792376981186,0.49487840034263403,7.047657282216457e-05
2036-09-12,10.130555555555556,0.4941037481796938,0.4941835733331582,7.982515346438568e-05
2036-09-19,10.15,0.493400494272213,0.49348972188570484,8.922761349183794e-05
2036-09-26,10.169444444444444,0.49269816160619817,0.49278872121034517,9.055960414700026e-05
2036-10-03,10.188888888888888,0.4919967497355773,0.49208263248142037,8.588274584309108e-05
2036-10-10,10.208333333333334,0.49129625820940354,0.49137755546658646,8.12972571829218e-05
2036-10-17,10.227777777777778,0.4905966865718811,0.49067348871621635,7.68021443352529e-05
2036-10-24,10.247222222222222,0.48989803436239104,0.48997043078276004,7.239642036899196e-05
2036-10-31,10.266666666666667,0.4892003011155168,0.4892683802207414,6.807910522454996e-05
2036-11-07,10.286111111111111,0.48850348636107116,0.48856733558675575,6.384922568458684e-05
2036-11-14,10.305555555555555,0.48780758962412113,0.4878672954394664,5.970581534525676e-05
2036-11-21,10.325,0.48711261042501447,0.4871682583396018,5.5647914587342306e-05
2036-11-28,10.344444444444445,0.48641854827940584,0.48647022284995284,5.167457054700009e-05
2036-12-05,10.363888888888889,0.48572540269828324,0.4857731875353697,4.778483708645087e-05
2036-12-12,10.383333333333333,0.4850331731879932,0.48507715096275866,4.397777476544684e-05
2036-12-19,10.402777777777779,0.48434185925026824,0.48438211170107964,4.0252450811406604e-05
2036-12-26,10.422222222222222,0.48365146038225226,0.48368806832134303,3.6607939090771424e-05
2037-01-02,10.441666666666666,0.482961976076527,0.4829950193966065,3.3043320079473304e-05
2037-01-09,10.46111111111111,0.48227340582113837,0.4823029635019725,2.955768083412469e-05
2037-01-16,10.480555555555556,0.4815857490996228,0.481611899214585,2.615011496220898e-05
2037-01-23,10.5,0.480899005391034,0.48092182511362697,2.2819722592992697e-05
2037-01-30,10.519444444444444,0.4802131741699683,0.4802327397803169,1.9565610348604157e-05
2037-02-06,10.53888888888889,0.4795282549065919,0.4795446417979062,1.6386891314279506e-05
2037-02-13,10.558333333333334,0.4788442470666672,0.47885752975167645,1.3282685009274875e-05
2037-02-20,10.577777777777778,0.4781611501115787,0.4781714022289361,1.0252117357389956e-05
2037-02-27,10.597222222222221,0.47747896349836005,0.4774862578190179,7.294320657824649e-06
2037-03-06,10.616666666666667,0.47679768667972,0.47680209511327565,4.408433555647129e-06
2037-03-13,10.636111111111111,0.4761173191040692,0.47611891270508183,1.5936010126504918e-06
2037-03-20,10.655555555555555,0.4754378602155462,0.4754367091898242,-1.151025721957133e-06
2037-03-27,10.675,0.47475930945404443,0.4747554831649032,-3.826289141251049e-06
2037-04-03,10.694444444444445,0.47408166625523834,0.47407523322972883,-6.433025509511303e-06
2037-04-10,10.713888888888889,0.4734049300506101,0.47339595798571804,-8.972064892032172e-06
2037-04-17,10.733333333333333,0.4727291002674753,0.47271765603629173,-1.1444231183543874e-05
2037-04-24,10.752777777777778,0.4720541763290103,0.47204032598687173,-1.3850342138577165e-05
2037-05-01,10.772222222222222,0.4713801576542786,0.4713639664448784,-1.619120940021812e-05
2037-05-08,10.791666666666666,0.4707070436582565,0.4706885760197271,-1.8467638529418018e-05
2037-05-15,10.811111111111112,0.47003483375186,0.47001415332282576,-2.0680429034247716e-05
2037-05-22,10.830555555555556,0.4693635273419717,0.46934069696757225,-2.2830374399429587e-05
2037-05-29,10.85,0.4686931238314659,0.46866820556935074,-2.4918262115147805e-05
2037-06-05,10.869444444444444,0.46802362261923663,0.4679966777455297,-2.694487370691334e-05
2037-06-12,10.88888888888889,0.46735502310022214,0.4673261121154585,-2.8910984763652614e-05
2037-06-19,10.908333333333333,0.46668732466543317,0.46665650730046493,-3.0817364968238614e-05
2037-06-26,10.927777777777777,0.46602052670197763,0.465987861923852,-3.266477812563506e-05
2037-07-03,10.947222222222223,0.4653546285930879,0.4653201746108955,-3.4453982192428345e-05
2037-07-10,10.966666666666667,0.46468962971814687,0.46465344398884084,-3.618572930602637e-05
2037-07-17,10.98611111111111,0.4640255294527138,0.4639876686869005,-3.786076581330233e-05
2037-07-24,11.005555555555556,0.46336232716855086,0.4633228473362509,-3.9479832299960105e-05
2037-07-31,11.025,0.4627000222336495,0.46265897857003,-4.104366361945555e-05
2037-08-07,11.044444444444444,0.4620386140122561,0.4619960610233341,-4.2552988921973345e-05
2037-08-14,11.063888888888888,0.4613781018648987,0.46133409333321534,-4.4008531683348284e-05
2037-08-21,11.083333333333334,0.4607184851484125,0.4606730741386783,-4.541100973420864e-05
2037-08-28,11.102777777777778,0.4600597632159663,0.4600130020806784,-4.676113528789827e-05
2037-09-04,11.122222222222222,0.4594019354170884,0.4593538758021178,-4.805961497061917e-05
2037-09-11,11.141666666666667,0.4587450010976926,0.4586956939478432,-4.930714984940909e-05
2037-09-18,11.161111111111111,0.45808895960010404,0.4580384551646433,-5.05044354607298e-05
2037-09-25,11.180555555555555,0.4574338102630855,0.4573821581012455,-5.165216183999899e-05
2037-10-02,11.2,0.4567795524218626,0.4567268014083135,-5.2751013549068304e-05
2037-10-09,11.219444444444445,0.45612618540815003,0.4560723837384443,-5.3801669705755284e-05
2037-10-16,11.238888888888889,0.45547370855017766,0.45541890374616556,-5.480480401209853e-05
2037-10-23,11.258333333333333,0.45482212117271553,0.45476636008793275,-5.576108478277941e-05
2037-10-30,11.277777777777779,0.4541714225970999,0.45411475142212643,-5.667117497348828e-05
2037-11-06,11.297222222222222,0.45352161214125936,0.4534640764090496,-5.7535732209734736e-05
2037-11-13,11.316666666666666,0.4528726891197393,0.4528143337109247,-5.8355408814603216e-05
2037-11-20,11.33611111111111,0.45222465284372865,0.45216552199189103,-5.913085183761879e-05
2037-11-27,11.355555555555556,0.4515775026210844,0.4515176399180019,-5.9862703082502744e-05
2037-12-04,11.375,0.450931237756358,0.4508706861572223,-6.055159913570529e-05
2037-12-11,11.394444444444444,0.45028585755081973,0.45022465937942535,-6.119817139438322e-05
2037-12-18,11.41388888888889,0.44964136130248455,0.4495795582563902,-6.180304609437748e-05
2037-12-25,11.433333333333334,0.44899774830613787,0.4489353814617993,-6.236684433857942e-05
2038-01-01,11.452777777777778,0.4483550178533597,0.4482921276712353,-6.289018212440878e-05
2038-01-08,11.472222222222221,0.4477131692325506,0.4476497955621786,-6.337367037201336e-05
2038-01-15,11.491666666666667,0.4470722017289564,0.44700838381400454,-6.381791495185807e-05
2038-01-22,11.511111111111111,0.4464321146246938,0.4463678911079809,-6.422351671286908e-05
2038-01-29,11.530555555555555,0.4457929071987744,0.44572831612726466,-6.45910715097453e-05
2038-02-05,11.55,0.44515457872713066,0.44508965755689983,-6.4921170230825e-05
2038-02-12,11.569444444444445,0.44451712848264013,0.44445191408381457,-6.521439882556379e-05
2038-02-19,11.588888888888889,0.44388055573515045,0.4438150843968183,-6.547133833212371e-05
2038-02-26,11.608333333333333,0.44324485975150385,0.4431791671865995,-6.56925649043516e-05
2038-03-05,11.627777777777778,0.4426100397955624,0.44254416114572215,-6.587864984025638e-05
2038-03-12,11.647222222222222,0.4419760951282321,0.4419100649686242,-6.603015960787717e-05
2038-03-19,11.666666666666666,0.4413430250074877,0.4412768773516138,-6.614765587387161e-05
2038-03-26,11.686111111111112,0.44071082868839656,0.44064459699286723,-6.62316955293285e-05
2038-04-02,11.705555555555556,0.44007950542314445,0.44001322259242626,-6.628283071818952e-05
2038-04-09,11.725,0.43944905446105836,0.4393827528521949,-6.630160886345049e-05
2038-04-16,11.744444444444444,0.4388194750486317,0.4387531864759376,-6.628857269413979e-05
2038-04-23,11.76388888888889,0.4381907664295481,0.43812452216927567,-6.624426027240782e-05
2038-04-30,11.783333333333333,0.43756292784470585,0.43749675863968535,-6.616920502050538e-05
2038-05-07,11.802777777777777,0.43693595853224165,0.4368698945964948,-6.606393574687397e-05
2038-05-14,11.822222222222223,0.4363098577275549,0.4362439287508814,-6.592897667345721e-05
2038-05-21,11.841666666666667,0.4356846246633315,0.4356188598158694,-6.576484746212419e-05
2038-05-28,11.86111111111111,0.4350602585695676,0.4349946865063269,-6.557206324070419e-05
2038-06-04,11.880555555555556,0.4344367586735934,0.43437140753896347,-6.53511346299096e-05
2038-06-11,11.9,0.433814124200097,0.43374902163232754,-6.510256776948165e-05
2038-06-18,11.919444444444444,0.4331923543711481,0.4331275275068035,-6.482686434461371e-05
2038-06-25,11.938888888888888,0.432571448406221,0.4325069238846092,-6.452452161181954e-05
2038-07-02,11.958333333333334,0.4319514055222187,0.4318872094897935,-6.419603242524552e-05
2038-07-09,11.977777777777778,0.43133222493349643,0.4312683830482334,-6.384188526303847e-05
2038-07-16,11.997222222222222,0.43071390585188385,0.4306504432876316,-6.346256425227015e-05
2038-07-23,12.016666666666667,0.4300964474867095,0.4300333889375137,-6.305854919580467e-05
2038-07-30,12.036111111111111,0.42947984904482367,0.4294172187292258,-6.263031559788912e-05
2038-08-06,12.055555555555555,0.42886410973062106,0.42880193139593165,-6.217833468941114e-05
2038-08-13,12.075,0.42824922874606425,0.42818752567261026,-6.170307345398918e-05
2038-08-20,12.094444444444445,0.42763520529070626,0.4275740002960532,-6.12049946530635e-05
2038-08-27,12.113888888888889,0.4270220385617138,0.426961354004862,-6.068455685176444e-05
2038-09-03,12.133333333333333,0.4264097277538899,0.42634958553944574,-6.0142214444169895e-05
2038-09-10,12.152777777777779,0.4257982720596961,0.42573869364201794,-5.95784176781744e-05
2038-09-17,12.172222222222222,0.4251876706692761,0.42512867705659474,-5.899361268135728e-05
2038-09-24,12.191666666666666,0.4245779227704773,0.42451953452899166,-5.83882414856296e-05
2038-10-01,12.21111111111111,0.42396902754887367,0.42391126480682123,-5.7762742052436256e-05
2038-10-08,12.230555555555556,0.42336098418778817,0.4233038666394906,-5.711754829756943e-05
2038-10-15,12.25,0.4227537918683151,0.42269733877819876,-5.645309011631516e-05
2038-10-22,12.269444444444444,0.4221474497693417,0.4220916799759341,-5.576979340760069e-05
2038-10-29,12.28888888888889,0.42154195706757097,0.4214868889874716,-5.506808009936304e-05
2038-11-05,12.308333333333334,0.42093731293754366,0.42088296456937074,-5.434836817291844e-05
2038-11-12,12.327777777777778,0.4203335165516595,0.4202799054799724,-5.361107168710966e-05
2038-11-19,12.347222222222221,0.4197305670802,0.4196777104793966,-5.285660080339705e-05
2038-11-26,12.366666666666667,0.41912846369134943,0.41907637832954003,-5.208536180939527e-05
2038-12-03,12.386111111111111,0.418527205551217,0.41847590779407334,-5.129775714363127e-05
2038-12-10,12.405555555555555,0.41792679182385845,0.4178762976384386,-5.049418541985817e-05
2038-12-17,12.425,0.4173272216712971,0.4172775466298468,-4.967504145031443e-05
2038-12-24,12.444444444444445,0.4167284942535462,0.41667965353727543,-4.8840716270759366e-05
2038-12-31,12.463888888888889,0.41613060872862917,0.4160826171314658,-4.799159716334378e-05
2039-01-07,12.483333333333333,0.41553356425260163,0.4154864361849204,-4.712806768120137e-05
2039-01-14,12.502777777777778,0.4149373599795724,0.4148911094719007,-4.62505076716524e-05
2039-01-21,12.522222222222222,0.4143419950617245,0.4142966357684245,-4.5359293299962467e-05
2039-01-28,12.541666666666666,0.4137474686493362,0.4137030138522632,-4.445479707299027e-05
2039-02-04,12.561111111111112,0.41315377989080165,0.41311024250293965,-4.3537387862002674e-05
2039-02-11,12.580555555555556,0.41256092793265275,0.4125183205017252,-4.260743092754371e-05
2039-02-18,12.6,0.4119689119195783,0.4119272466316377,-4.166528794058433e-05
2039-02-25,12.619444444444444,0.4113777309944459,0.41133701967743863,-4.071131700728037e-05
2039-03-04,12.63888888888889,0.41078738429832196,0.4107476384256307,-3.974587269123253e-05
2039-03-11,12.658333333333333,0.4101978709704924,0.41015910166445546,-3.876930603691209e-05
2039-03-18,12.677777777777777,0.409609190148483,0.40957140818389065,-3.7781964592364936e-05
2039-03-25,12.697222222222223,0.40902134096807946,0.40898455677564766,-3.678419243180464e-05
2039-04-01,12.716666666666667,0.408434322563348,0.40839854623316957,-3.577633017842752e-05
2039-04-08,12.73611111111111,0.4078481340666552,0.40781337535162776,-3.475871502744976e-05
2039-04-15,12.755555555555556,0.40726277460868787,0.40722904292792017,-3.373168076770128e-05
2039-04-22,12.775,0.4066782433184739,0.40664554776066875,-3.269555780516242e-05
2039-04-29,12.794444444444444,0.4060945393234006,0.4060628886502166,-3.165067318400272e-05
2039-05-06,12.813888888888888,0.4055116617492361,0.40548106439862586,-3.059735061022861e-05
2039-05-13,12.833333333333334,0.4049296097201476,0.4049000738096751,-2.953591047250015e-05
2039-05-20,12.852777777777778,0.4043483823587221,0.4043199156888568,-2.8466669865334637e-05
2039-05-27,12.872222222222222,0.40376797878598525,0.4037405888433751,-2.738994261014538e-05
2039-06-03,12.891666666666667,0.40318839812142054,0.4031620920821432,-2.6306039277335103e-05
2039-06-10,12.911111111111111,0.4026096394829897,0.40258442421578094,-2.521526720877798e-05
2039-06-17,12.930555555555555,0.40203170198715055,0.4020075840566124,-2.411793053813671e-05
2039-06-24,12.95,0.4014545847488772,0.4014315704186633,-2.3014330213899648e-05
2039-07-01,12.969444444444445,0.4008782868816785,0.4008563821176586,-2.190476401986441e-05
2039-07-08,12.988888888888889,0.4003028074976173,0.4002820179710206,-2.0789526596731722e-05
2039-07-15,13.008333333333333,0.3997281457073292,0.39970847679786536,-1.966890946381028e-05
2039-07-22,13.027777777777779,0.3991543006200412,0.39913575741900154,-1.854320103966689e-05
2039-07-29,13.047222222222222,0.39858127134359106,0.3985638586569271,-1.7412686663942356e-05
2039-08-05,13.066666666666666,0.3980090569844447,0.39799277933582733,-1.6277648617391005e-05
2039-08-12,13.08611111111111,0.39743765664771574,0.3974225182815721,-1.5138366143641058e-05
2039-08-19,13.105555555555556,0.3968670694371836,0.3968530743217138,-1.3995115469789265e-05
2039-08-26,13.125,0.3962972944553116,0.3962844462854846,-1.2848169826995548e-05
2039-09-02,13.144444444444444,0.3957283308032655,0.39571663300379434,-1.1697799471188652e-05
2039-09-09,13.16388888888889,0.3951601775809318,0.39514963330922787,-1.0544271703938346e-05
2039-09-16,13.183333333333334,0.39459283388693517,0.39458344603604284,-9.387850892328409e-06
2039-09-23,13.202777777777778,0.3940262988186569,0.3940180700201672,-8.228798489717803e-06
2039-09-30,13.222222222222221,0.3934605714722528,0.3934535040991968,-7.067373055946735e-06
2039-10-07,13.241666666666667,0.39289565094267054,0.392889747112393,-5.90383027754271e-06
2039-10-14,13.261111111111111,0.39233153632366835,0.3923267979006805,-4.738422987871083e-06
2039-10-21,13.280555555555555,0.39176822670783124,0.3917646553066445,-3.571401186730494e-06
2039-10-28,13.3,0.39120572118658964,0.3912033181745289,-2.4030120607254624e-06
2039-11-04,13.319444444444445,0.3906440188502363,0.39064278535023333,-1.2335000029728427e-06
2039-11-11,13.338888888888889,0.3900831187879439,0.3900830556813113,-6.310663258624061e-08
2039-11-18,13.358333333333333,0.38952302008778195,0.38952412801696734,1.1079291853954842e-06
2039-11-25,13.377777777777778,0.38896372183673444,0.38896600120805513,2.2793713206903377e-06
2039-12-02,13.397222222222222,0.3884052231207164,0.38840867410707486,3.45098635845531e-06
2039-12-09,13.416666666666666,0.3878475230245914,0.38785214556817066,4.622543579246852e-06
2039-12-16,13.436111111111112,0.38729062063218783,0.3872964144471288,5.793814940979747e-06
2039-12-23,13.455555555555556,0.3867345150263164,0.38674147960137495,6.964575058554523e-06
2039-12-30,13.475,0.38617920528878646,0.3861873398899718,8.134601185316725e-06
2040-01-06,13.494444444444444,0.38562469050042236,0.3856339941736169,9.303673194516193e-06
2040-01-13,13.51388888888889,0.38507096974108074,0.38508144131464006,1.0471573559323044e-05
2040-01-20,13.533333333333333,0.38451804208966633,0.3845296801770017,1.1638087335341663e-05
2040-01-27,13.552777777777777,0.38396590662414876,0.38397870962628944,1.2803002140682196e-05
2040-02-03,13.572222222222223,0.3834145624215781,0.38342852852971665,1.3966108138530053e-05
2040-02-10,13.591666666666667,0.3828640085581024,0.38287913575611965,1.5127198017272914e-05
2040-02-17,13.61111111111111,0.3823142441089821,0.38233053017595564,1.6286066973514313e-05
2040-02-24,13.630555555555556,0.3817652681486075,0.38178271066130026,1.7442512692755763e-05
2040-03-02,13.65,0.3812170797505137,0.38123567608584524,1.8596335331522162e-05
2040-03-09,13.669444444444444,0.3806696779873972,0.38068942532489625,1.9747337499043116e-05
2040-03-16,13.688888888888888,0.38012306193113093,0.3801439572553703,2.0895324239378343e-05
2040-03-23,13.708333333333334,0.3795772306527803,0.37959927075579364,2.2040103013321044e-05
2040-03-30,13.727777777777778,0.37903218322261895,0.3790553647062996,2.318148368063433e-05
2040-04-06,13.747222222222222,0.37848791871014364,0.37851223798862593,2.4319278482287654e-05
2040-04-13,13.766666666666667,0.37794443618409035,0.37796988948611254,2.5453302022193647e-05
2040-04-20,13.786111111111111,0.3774017347124492,0.3774283180836997,2.6583371250499255e-05
2040-04-27,13.805555555555555,0.37685981336247965,0.3768875226679252,2.770930544554462e-05
2040-05-04,13.825,0.3763186712007257,0.37634750212692214,2.883092619643257e-05
2040-05-11,13.844444444444445,0.37577830729303086,0.37580825535041684,2.9948057385986715e-05
2040-05-18,13.863888888888889,0.37523872070455355,0.3752697812297266,3.106052517304336e-05
2040-05-25,13.883333333333333,0.3746999104997816,0.374732078657757,3.216815797540962e-05
2040-06-01,13.902777777777779,0.37416187574254683,0.37419514652900016,3.3270786453321044e-05
2040-06-08,13.922222222222222,0.3736246154960401,0.3736589837395322,3.43682434921222e-05
2040-06-15,13.941666666666666,0.37308812882282627,0.3731235891870109,3.546036418461407e-05
2040-06-22,13.96111111111111,0.37255241478485784,0.3725889617706734,3.654698581556648e-05
2040-06-29,13.980555555555556,0.37201747244349004,0.3720551003913343,3.762794784428758e-05
2040-07-06,14.0,0.3714833008594953,0.3715220039513832,3.8703091887859475e-05
2040-07-13,14.019444444444444,0.3709498990930771,0.3709896713547821,3.977226170504e-05
2040-07-20,14.03888888888889,0.3704172662038842,0.37045810150706365,4.083530317944284e-05
2040-07-27,14.058333333333334,0.3698854012510254,0.36992729331532875,4.189206430332826e-05
2040-08-03,14.077777777777778,0.36935430329308266,0.3693972456882441,4.2942395161449376e-05
2040-08-10,14.097222222222221,0.3688239713881256,0.36886795753604024,4.3986147914620854e-05
2040-08-17,14.116666666666667,0.36829440459372537,0.36833942777050904,4.502317678367618e-05
2040-08-24,14.136111111111111,0.36776560196696834,0.3678116553050017,4.605333803336942e-05
2040-08-31,14.155555555555555,0.3672375625644695,0.3672846390544265,4.7076489956998646e-05
2040-09-07,14.175,0.36671028544238665,0.36675837793524624,4.8092492859586056e-05
2040-09-14,14.194444444444445,0.36618376965643346,0.3662328708654765,4.910120904305648e-05
2040-09-21,14.213888888888889,0.3656580142618931,0.36570811676468307,5.0102502789972636e-05
2040-09-28,14.233333333333333,0.36513301831363176,0.36518411455397976,5.1096240347991984e-05
2040-10-05,14.252777777777778,0.36460878086611165,0.3646608631560264,5.208228991476771e-05
2040-10-12,14.272222222222222,0.36408530097340425,0.3641383614950263,5.306052162207253e-05
2040-10-19,14.291666666666666,0.3635625776892035,0.36361660849672467,5.403080752114375e-05
2040-10-26,14.311111111111112,0.3630406100668394,0.36309560308840516,5.4993021565752365e-05
2040-11-02,14.330555555555556,0.3625193971592896,0.3625753441988892,5.594703959960201e-05
2040-11-09,14.35,0.36199893801919375,0.3620558307585327,5.6892739338954e-05
2040-11-16,14.369444444444444,0.36147923169886503,0.3615370616992243,5.783000035924912e-05
2040-11-23,14.38888888888889,0.3609602772503043,0.36101903595438284,5.8758704078565316e-05
2040-11-30,14.408333333333333,0.36044207372521114,0.3605017524589558,5.9678733744683576e-05
2040-12-07,14.427777777777777,0.35992462017499777,0.35998521014941653,6.058997441876768e-05
2040-12-14,14.447222222222223,0.3594079156508007,0.35946940796376203,6.149231296131985e-05
2040-12-21,14.466666666666667,0.3588919592034934,0.3589543448415115,6.238563801808095e-05
2040-12-28,14.48611111111111,0.3583767498836986,0.35844001972370304,6.326984000443181e-05
2041-01-04,14.505555555555556,0.3578622867418007,0.3579264315528925,6.414481109179304e-05
2041-01-11,14.525,0.3573485688279574,0.3574135792731506,6.50104451931921e-05
2041-01-18,14.544444444444444,0.3568355951921126,0.35690146183006144,6.586663794883041e-05
2041-01-25,14.563888888888888,0.3563233648840077,0.3563900781707194,6.671328671170595e-05
2041-02-01,14.583333333333334,0.3558118769531936,0.35587942724372795,6.755029053434614e-05
2041-02-08,14.602777777777778,0.3553011304490433,0.3553695079991969,6.83775501535977e-05
2041-02-15,14.622222222222222,0.35479112442076255,0.3548603193887403,6.919496797774816e-05
2041-02-22,14.641666666666667,0.3542818579174023,0.3543518603654744,7.000244807209288e-05
2041-03-01,14.661111111111111,0.35377332998787026,0.3538441298840156,7.079989614533488e-05
2041-03-08,14.680555555555555,0.3532655396809421,0.353337126900478,7.158721953592906e-05
2041-03-15,14.7,0.35275848604527327,0.3528308503724716,7.236432719831543e-05
2041-03-22,14.719444444444445,0.35225216812941,0.3523252992590998,7.313112968976299e-05
2041-03-29,14.738888888888889,0.35174658498180106,0.3518204725209575,7.388753915643642e-05
2041-04-05,14.758333333333333,0.35124173565080874,0.35131636912012904,7.463346932029546e-05
2041-04-12,14.777777777777779,0.35073761918472,0.3508129880201856,7.536883546560569e-05
2041-04-19,14.797222222222222,0.3502342346317576,0.35031032818618396,7.609355442633747e-05
2041-04-26,14.816666666666666,0.3497315810400914,0.34980838858466323,7.680754457184413e-05
2041-05-03,14.83611111111111,0.3492296574578485,0.3493071681836437,7.751072579520457e-05
2041-05-10,14.855555555555556,0.34872846293312504,0.348806665952624,7.820301949895692e-05
2041-05-17,14.875,0.34822799651399633,0.34830688086257955,7.888434858321913e-05
2041-05-24,14.894444444444444,0.34772825724852796,0.34780781188596016,7.955463743219982e-05
2041-05-31,14.91388888888889,0.3472292441847864,0.3473094579966879,8.021381190148613e-05
2041-06-07,14.933333333333334,0.3467309563708491,0.34681181817015505,8.08617993059424e-05
2041-06-14,14.952777777777778,0.3462333928548157,0.3463148913832221,8.149852840638738e-05
2041-06-21,14.972222222222221,0.34573655268481773,0.34581867661421534,8.212392939760393e-05
2041-06-28,14.991666666666667,0.3452404349090298,0.34532317284292513,8.273793389534934e-05
2041-07-05,15.011111111111111,0.34474503857567906,0.3448283790506036,8.334047492453145e-05
2041-07-12,15.030555555555555,0.3442503627330556,0.34433429421996253,8.393148690694074e-05
2041-07-19,15.05,0.3437564064295232,0.34384091733517125,8.451090564803865e-05
2041-07-26,15.069444444444445,0.3432631687135287,0.3433482473818549,8.507866832618838e-05
2041-08-02,15.088888888888889,0.3427706486336121,0.3428562833470918,8.563471347966534e-05
2041-08-09,15.108333333333333,0.34227884523841684,0.3423650242194115,8.61789809946667e-05
2041-08-16,15.127777777777778,0.34178775757669905,0.3418744689887933,8.67114120942647e-05
2041-08-23,15.147222222222222,0.3412973846973383,0.3413846166466633,8.723194932502842e-05
2041-08-30,15.166666666666666,0.340807725649346,0.34089546618589284,8.77405365468098e-05
2041-09-06,15.186111111111112,0.34031877948187633,0.3404070166007963,8.823711891997599e-05
2041-09-13,15.205555555555556,0.33983054524423495,0.33991926688712915,8.872164289419615e-05
2041-09-20,15.225,0.33934302198588867,0.33943221604208573,8.919405619706167e-05
2041-09-27,15.244444444444444,0.3388562087564753,0.3389471757412821,9.09669848067618e-05
2041-10-04,15.26388888888889,0.3383701046058126,0.3384628285511564,9.272394534376449e-05
2041-10-11,15.283333333333333,0.3378847085839076,0.3379791734812706,9.446489736297803e-05
2041-10-18,15.302777777777777,0.33740001974096606,0.3374962095426019,9.618980163583757e-05
2041-10-25,15.322222222222223,0.3369160371274012,0.3370139357475407,9.789862013948047e-05
2041-11-01,15.341666666666667,0.3364327597938435,0.3365323511098888,9.959131604531102e-05
2041-11-08,15.36111111111111,0.3359501867911492,0.3360514546448572,0.00010126785370800917
2041-11-15,15.380555555555556,0.335468317170409,0.33557124536906396,0.00010292819865498348
2041-11-22,15.4,0.33498714998295787,0.33509172230053264,0.00010457231757476926
2041-11-29,15.419444444444444,0.33450668428038305,0.33461288445869,0.00010620017830692552
2041-12-06,15.438888888888888,0.33402691911453325,0.33413473086436385,0.00010781174983059971
2041-12-13,15.458333333333334,0.3335478535375268,0.33365726053978123,0.00010940700225442468
2041-12-20,15.477777777777778,0.33306948660176133,0.3331804725085666,0.00011098590680524989
2041-12-27,15.497222222222222,0.3325918173599211,0.33270436579573925,0.00011254843581814944
2042-01-03,15.516666666666667,0.33211484486498655,0.3322289394277122,0.00011409456272565288
2042-01-10,15.536111111111111,0.33163856817024184,0.3317541924322894,0.00011562426204753118
2042-01-17,15.555555555555555,0.331162986329284,0.331280123838664,0.00011713750938002754
2042-01-24,15.575,0.3306880983960307,0.33080673267741645,0.00011863428138575438
2042-01-31,15.594444444444445,0.33021390342472867,0.33033401798051254,0.00012011455578386787
2042-02-07,15.613888888888889,0.32974040046996206,0.32986197878130147,0.00012157831133940977
2042-02-14,15.633333333333333,0.32926758858666033,0.3293906141145136,0.00012302552785325993
2042-02-21,15.652777777777779,0.3287954668301063,0.32891992301625844,0.00012445618615214427
2042-02-28,15.672222222222222,0.3283240342559445,0.32844990452402334,0.0001258702680788648
2042-03-07,15.691666666666666,0.32785328992018814,0.3279805576766707,0.00012726775648258526
2042-03-14,15.71111111111111,0.32738323287922855,0.32751188151443655,0.0001286486352080063
2042-03-21,15.730555555555556,0.3269138621898414,0.32704387507892824,0.00013001288908681685
2042-03-28,15.75,0.3264451769091955,0.3265765374131228,0.00013136050392731358
2042-04-04,15.769444444444444,0.32597717609486,0.3261098675613647,0.00013269146650468633
2042-04-11,15.78888888888889,0.32550985880481204,0.325643864569364,0.00013400576455196989
2042-04-18,15.808333333333334,0.32504322409744457,0.32517852748419473,0.00013530338675016296
2042-04-25,15.827777777777778,0.3245772710315737,0.3247138553542922,0.00013658432271851373
2042-05-02,15.847222222222221,0.3241119986664461,0.32424984722945166,0.00013784856300558257
2042-05-09,15.866666666666667,0.32364740606174613,0.32378650216082616,0.00013909609908002718
2042-05-16,15.886111111111111,0.32318349227760396,0.3233238192009247,0.0001403269233207216
2042-05-23,15.905555555555555,0.322720256374602,0.3228617974036102,0.00014154102900820753
2042-05-30,15.925,0.32225769741378246,0.3224004358240975,0.0001427384103150353
2042-06-06,15.944444444444445,0.3217958144566546,0.3219397335189517,0.00014391906229710427
2042-06-13,15.963888888888889,0.3213346065652015,0.32147968954608575,0.00014508298088422578
2042-06-20,15.983333333333333,0.3208740728018874,0.32102030296475914,0.00014623016287174107
2042-06-27,16.002777777777776,0.32041421222966443,0.3205615728355754,0.00014736060591097333
2042-07-04,16.022222222222222,0.3199550239119798,0.32010349822048056,0.00014847430850079002
2042-07-11,16.041666666666668,0.3194965069127825,0.31964607818276103,0.00014957126997855452
2042-07-18,16.06111111111111,0.31903866029653,0.319189311787042,0.00015065149051202154
2042-07-25,16.080555555555556,0.3185814831281949,0.3187331980992849,0.0001517149710900112
2042-08-01,16.1,0.3181249744732723,0.31827773618678623,0.00015276171351391588
2042-08-08,16.119444444444444,0.3176691333977857,0.31782292511817517,0.00015379172038948452
2042-08-15,16.13888888888889,0.31721395896829363,0.3173687639634116,0.0001548049951179964
2042-08-22,16.158333333333335,0.31675945025189667,0.3169152517937847,0.0001558015418880454
2042-08-29,16.177777777777777,0.31630560631624355,0.3164623876819107,0.00015678136566715795
2042-09-05,16.197222222222223,0.3158524262295373,0.31601017070173093,0.00015774447219363275
2042-09-12,16.216666666666665,0.31539990906054244,0.31555859992851015,0.0001586908679677146
2042-09-19,16.23611111111111,0.3149480538785902,0.31510767443883436,0.00015962056024415583
2042-09-26,16.255555555555556,0.3144968597535861,0.3146573933106093,0.00016053355702322358
2042-10-03,16.275,0.31404632575601443,0.3142077556230583,0.00016142986704387186
2042-10-10,16.294444444444444,0.31359645095694616,0.3137587604567204,0.00016230949977424913
2042-10-17,16.31388888888889,0.3131472344280438,0.3133104068934486,0.0001631724654047595
2042-10-24,16.333333333333332,0.31269867524156786,0.31286269401640787,0.00016401877484001348
2042-10-31,16.352777777777778,0.31225077247038274,0.3124156209100733,0.00016484843969055696
2042-11-07,16.372222222222224,0.311803525187963,0.3119691866602282,0.00016566147226521055
2042-11-14,16.391666666666666,0.31135693246839896,0.31152339035396254,0.00016645788556357566
2042-11-21,16.41111111111111,0.31091099338640193,0.31107823107967036,0.0001672376932684294
2042-11-28,16.430555555555557,0.31046570701731124,0.31063370792704875,0.00016800090973750903
2042-12-05,16.45,0.3100210724370992,0.31018981998709555,0.0001687475499963509
2042-12-12,16.469444444444445,0.3095770887223764,0.30974656635210723,0.000169477629730852
2042-12-19,16.488888888888887,0.30913375495039846,0.30930394611567785,0.0001701911652793875
2042-12-26,16.508333333333333,0.30869107019907044,0.30886195837269614,0.00017088817362570508
2043-01-02,16.52777777777778,0.308249033546953,0.30842060221934464,0.0001715686723916532
2043-01-09,16.54722222222222,0.30780764407326794,0.3079798767530973,0.00017223267982935386
2043-01-16,16.566666666666666,0.30736690085790286,0.3075397810727177,0.00017288021481481897
2043-01-23,16.586111111111112,0.30692680298141767,0.30710031427825724,0.000173511296839568
2043-01-30,16.605555555555554,0.3064873495250489,0.3066614754710536,0.00017412594600468845
2043-02-06,16.625,0.3060485395707156,0.30622326375372816,0.00017472418301256454
2043-02-13,16.644444444444446,0.30561037220102405,0.305785678230185,0.00017530602916093763
2043-02-20,16.663888888888888,0.30517284649927373,0.3053487180056086,0.00017587150633485704
2043-02-27,16.683333333333334,0.3047359615494613,0.304912382186462,0.0001764206370006849
2043-03-06,16.70277777777778,0.30429971643628667,0.3044766698804852,0.00017695344419854653
2043-03-13,16.72222222222222,0.30386411024515786,0.30404158019669336,0.0001774699515355027
2043-03-20,16.741666666666667,0.3034291420621953,0.30360711224537457,0.00017797018317927682
2043-03-27,16.761111111111113,0.30299481097423747,0.30317326513808823,0.00017845416385076085
2043-04-03,16.780555555555555,0.3025611160688459,0.3027400379876637,0.00017892191881779818
2043-04-10,16.8,0.30212805643430907,0.3023074299081977,0.00017937347388863323
2043-04-17,16.819444444444443,0.30169563115964815,0.3018754400150531,0.0001798088554049726
2043-04-24,16.83888888888889,0.30126383933462153,0.3014440674248568,0.0001802280902352682
2043-05-01,16.858333333333334,0.30083268004972913,0.3010133112554981,0.0001806312057689441
2043-05-08,16.877777777777776,0.3004021523962176,0.3005831706261267,0.00018101822990912453
2043-05-15,16.897222222222222,0.2999722554660843,0.30015364465715105,0.00018138919106674978
2043-05-22,16.916666666666668,0.29954298835208254,0.2997247324702366,0.0001817441181540813
2043-05-29,16.93611111111111,0.2991143501477258,0.2992964331883039,0.000182083040578096
2043-06-05,16.955555555555556,0.2986863399472919,0.29886874593552665,0.0001824059882347684
2043-06-12,16.975,0.2982589568458278,0.2984416698373304,0.00018271299150257603
2043-06-19,16.994444444444444,0.2978321999391545,0.2980152040203901,0.00018300408123561596
2043-06-26,17.01388888888889,0.2974060683238699,0.29758934761262884,0.00018327928875894184
2043-07-03,17.033333333333335,0.2969805610973545,0.2971640997432159,0.000183538645861403
2043-07-10,17.052777777777777,0.296555677357775,0.296739459542565,0.00018378218478998232
2043-07-17,17.072222222222223,0.2961314162040889,0.29631542614233225,0.00018400993824335687
2043-07-24,17.091666666666665,0.2957077767360481,0.295891998675415,0.000184221939366902
2043-07-31,17.11111111111111,0.29528475805420357,0.29546917627594915,0.00018441822174558586
2043-08-07,17.130555555555556,0.29486235925990906,0.29504695807930825,0.00018459881939919542
2043-08-14,17.15,0.2944405794553258,0.29462534322210143,0.00018476376677561968
2043-08-21,17.169444444444444,0.2940194177434253,0.29420433084217124,0.0001849130987459091
2043-08-28,17.18888888888889,0.2935988732279945,0.2937839200785926,0.000185046850598114
2043-09-04,17.208333333333332,0.2931789450136392,0.29336411007167057,0.00018516505803134464
2043-09-11,17.227777777777778,0.2927596322057877,0.2929448999629386,0.0001852677571508865
2043-09-18,17.247222222222224,0.29234093391069504,0.29252628889515675,0.00018535498446170529
2043-09-25,17.266666666666666,0.29192284923544665,0.2921082760123104,0.00018542677686372855
2043-10-02,17.28611111111111,0.2915053772879621,0.2916908604596078,0.00018548317164568395
2043-10-09,17.305555555555557,0.29108851717699874,0.291274041383479,0.0001855242064802698
2043-10-16,17.325,0.2906722680121555,0.2908578179315736,0.00018554991941810428
2043-10-23,17.344444444444445,0.29025662890387655,0.2904421892527591,0.000185560348882563
2043-10-30,17.363888888888887,0.28984159896345474,0.29002715449711963,0.00018555553366489397
2043-11-06,17.383333333333333,0.2894271773030351,0.2896127128159532,0.00018553551291811132
2043-11-13,17.40277777777778,0.2890133630356186,0.28919886336177114,0.00018550032615255452
2043-11-20,17.42222222222222,0.28860015527506566,0.28878560528829567,0.0001854500132300041
2043-11-27,17.441666666666666,0.28818755313609934,0.2883729377504582,0.00018538461435885223
2043-12-04,17.461111111111112,0.2877755557343085,0.2879608599043978,0.00018530417008927325
2043-12-11,17.480555555555554,0.2873641621861524,0.2875493709074595,0.0001852087213071174
2043-12-18,17.5,0.28695337160896217,0.28713846991819225,0.00018509830923008064
2043-12-25,17.519444444444446,0.28654318312094557,0.2867281560963476,0.00018497297540204238
2044-01-01,17.538888888888888,0.28613359584118986,0.28631842860287776,0.00018483276168790308
2044-01-08,17.558333333333334,0.2857246088896643,0.2859092865999337,0.00018467771026942081
2044-01-15,17.57777777777778,0.28531622138722446,0.28550072925086406,0.0001845078636396047
2044-01-22,17.59722222222222,0.28490843245561476,0.28509275572021275,0.00018432326459799642
2044-01-29,17.616666666666667,0.28450124121747145,0.2846853651737175,0.00018412395624606281
2044-02-05,17.636111111111113,0.28409464679632573,0.28427855677830827,0.00018390998198253294
2044-02-12,17.655555555555555,0.28368864831660734,0.2838723297021056,0.00018368138549823554
2044-02-19,17.675,0.28328324490364676,0.28346668311441847,0.00018343821077171363
2044-02-26,17.694444444444443,0.28287843568367865,0.2830616161857431,0.00018318050206445058
2044-03-04,17.71388888888889,0.2824742197838447,0.28265712808776106,0.0001829083039163737
2044-03-11,17.733333333333334,0.28207059633219617,0.28225321799333736,0.00018262166114119127
2044-03-18,17.752777777777776,0.2816675644576976,0.2818498850765193,0.00018232061882172967
2044-03-25,17.772222222222222,0.28126512329022846,0.28144712851253406,0.00018200522230560345
2044-04-01,17.791666666666668,0.2808632719605871,0.2810449474777877,0.00018167551720060793
2044-04-08,17.81111111111111,0.2804620096004926,0.2806433411498631,0.00018133154937050033
2044-04-15,17.830555555555556,0.2800613353425877,0.28024230870751826,0.00018097336493055893
2044-04-22,17.85,0.27966124832044204,0.27984184933068484,0.00018060101024280906
2044-04-29,17.869444444444444,0.27926174766855416,0.27944196220046624,0.0001802145319120818
2044-05-06,17.88888888888889,0.2788628325223543,0.2790426464991361,0.00017981397678185074
2044-05-13,17.908333333333335,0.27846450201820694,0.2786439014101366,0.0001793993919296799
2044-05-20,17.927777777777777,0.2780667552934137,0.2782457261180768,0.0001789708246631161
2044-05-27,17.947222222222223,0.27766959148621523,0.2778481198087307,0.0001785283225154699
2044-06-03,17.966666666666665,0.27727300973579455,0.2774510816690362,0.0001780719332416525
2044-06-10,17.98611111111111,0.27687700918227826,0.27705461088709255,0.00017760170481428972
2044-06-17,18.005555555555556,0.2764815889667402,0.27665870665215964,0.00017711768541944783
2044-06-24,18.025,0.2760867482312035,0.27626336815465574,0.00017661992345224808
2044-07-01,18.044444444444444,0.27569248611864217,0.27586859458615576,0.00017610846751359155
2044-07-08,18.06388888888889,0.27529880177298444,0.2754743851393902,0.00017558336640577377
2044-07-15,18.083333333333332,0.27490569433911455,0.2750807390082429,0.0001750446691283769
2044-07-22,18.102777777777778,0.274513162962875,0.27468765538774975,0.00017449242487477257
2044-07-29,18.122222222222224,0.2741212067910687,0.27429513347409673,0.00017392668302801395
2044-08-05,18.141666666666666,0.273729824971462,0.2739031724646186,0.00017334749315661702
2044-08-12,18.16111111111111,0.27333901665278526,0.27351177155779705,0.00017275490501178492
2044-08-19,18.180555555555557,0.27294878098473646,0.2731209299532591,0.00017214896852263406
2044-08-26,18.2,0.27255911711798314,0.27273064685177567,0.00017152973379253034
2044-09-02,18.219444444444445,0.2721700242041631,0.2723409214552595,0.00017089725109642462
2044-09-09,18.238888888888887,0.27178150139588814,0.271951752966764,0.00017025157087585674
2044-09-16,18.258333333333333,0.27139354784674535,0.27156314059048103,0.00016959274373568034
2044-09-23,18.27777777777778,0.2710061627112989,0.27117508353174014,0.0001689208204412318
2044-09-30,18.29722222222222,0.27061934514509256,0.2707875809970061,0.00016823585191355628
2044-10-07,18.316666666666666,0.2702330943046508,0.2704006321938778,0.00016753788922696522
2044-10-14,18.336111111111112,0.2698474093474817,0.2700142363310863,0.00016682698360459547
2044-10-21,18.355555555555554,0.26946228943207806,0.2696283926184934,0.00016610318641535615
2044-10-28,18.375,0.26907773371791943,0.2692431002670901,0.00016536654917065352
2044-11-04,18.394444444444446,0.2686937413654743,0.26885835848899475,0.00016461712352044966
2044-11-11,18.413888888888888,0.26831031153620144,0.26847416649745176,0.0001638549612503204
2044-11-18,18.433333333333334,0.2679274433925516,0.26809052350682944,0.00016308011427784708
2044-11-25,18.45277777777778,0.2675451360979697,0.26770742873261905,0.0001622926346493414
2044-12-02,18.47222222222222,0.2671633888168963,0.26732488139143284,0.0001614925745365703
2044-12-09,18.491666666666667,0.26678220071476905,0.26694288070100247,0.00016067998623342516
2044-12-16,18.511111111111113,0.26640157095802464,0.2665614258801773,0.00015985492215264685
2044-12-23,18.530555555555555,0.2660214987141006,0.2661805161489232,0.00015901743482260589
2044-12-30,18.55,0.2656419831514361,0.2658001507283205,0.00015816757688436045
2045-01-06,18.569444444444443,0.26526302343947467,0.2654203288405627,0.00015730540108804814
2045-01-13,18.58888888888889,0.2648846187486645,0.2650410497089547,0.0001564309602902214
2045-01-20,18.608333333333334,0.26450676825046104,0.2646623125579112,0.00015554430745012837
2045-01-27,18.627777777777776,0.26412947111732804,0.2642841166129554,0.00015464549562738128
2045-02-03,18.647222222222222,0.26375272652273857,0.26390646110071697,0.00015373457797840384
2045-02-10,18.666666666666668,0.2633765336411775,0.26352934524893096,0.0001528116077534336
2045-02-17,18.68611111111111,0.26300089164814205,0.26315276828643586,0.00015187663829380194
2045-02-24,18.705555555555556,0.26262579972014316,0.2627767294431719,0.00015092972302871432
2045-03-03,18.725,0.2622512570347075,0.2624012279501801,0.0001499709154726414
2045-03-10,18.744444444444444,0.2618772627703785,0.2620262630396001,0.0001490002692215997
2045-03-17,18.76388888888889,0.2615038161067173,0.2616518339446687,0.00014801783795137524
2045-03-24,18.783333333333335,0.2611309162243046,0.26127793989971854,0.00014702367541391537
2045-03-31,18.802777777777777,0.2607585623047418,0.2609045801401764,0.00014601783543460867
2045-04-07,18.822222222222223,0.2603867535306517,0.26053175390256156,0.0001450003719098425
2045-04-14,18.841666666666665,0.2600154890856807,0.2601594604244843,0.0001439713388036168
2045-04-21,18.86111111111111,0.25964476815449866,0.25978769894464415,0.00014293079014549015
2045-04-28,18.880555555555556,0.25927458992280167,0.25941646870282886,0.00014187878002719367
2045-05-05,18.9,0.25890495357731197,0.2590457689399123,0.000140815362600355
2045-05-12,18.919444444444444,0.25853585830577935,0.25867559889785313,0.0001397405920737782
2045-05-19,18.93888888888889,0.2581673032969827,0.25830595781969323,0.00013865452271055734
2045-05-26,18.958333333333332,0.2577992877407307,0.2579368449495563,0.00013755720882563383
2045-06-02,18.977777777777778,0.2574318108278626,0.25756825953264595,0.00013644870478335402
2045-06-09,18.997222222222224,0.2570648717502499,0.2572002008152445,0.00013532906499458264
2045-06-16,19.016666666666666,0.256698469700797,0.2568326680447112,0.0001341983439142047
2045-06-23,19.03611111111111,0.2563326038734423,0.256465660469481,0.00013305659603868314
2045-06-30,19.055555555555557,0.2559672734631588,0.2560991773390627,0.00013190387590389374
2045-07-07,19.075,0.2556024776659557,0.2557332179040376,0.0001307402380819056
2045-07-14,19.094444444444445,0.25523821567887867,0.25536778141605754,0.00012956573717887165
2045-07-21,19.113888888888887,0.25487448670001117,0.2550028671278445,0.00012838042783330783
2045-07-28,19.133333333333333,0.25451128992847516,0.2546384742931874,0.0001271843647122628
2045-08-04,19.15277777777778,0.2541486245644319,0.2542746021669422,0.00012597760251031875
2045-08-11,19.17222222222222,0.2537864898090831,0.2539112500050293,0.00012476019594620524
2045-08-18,19.191666666666666,0.2534248848646712,0.2535484170644324,0.00012353219976118934
2045-08-25,19.211111111111112,0.25306380893448077,0.25318610260319696,0.00012229366871618907
2045-09-01,19.230555555555554,0.25270326122283876,0.25282430588042887,0.00012104465759010807
2045-09-08,19.25,0.2523432409351153,0.25246302615629235,0.00011978522117706003
2045-09-15,19.269444444444446,0.2519837472777251,0.25210226269200914,0.00011851541428403722
2045-09-22,19.288888888888888,0.25162477945812717,0.2517420147498567,0.00011723529172952274
2045-09-29,19.308333333333334,0.2512663366848261,0.2513822815931664,0.00011594490834027082
2045-10-06,19.32777777777778,0.2509084181673728,0.25102306248632256,0.00011464431894975258
2045-10-13,19.34722222222222,0.2505510231163649,0.25066435669476056,0.00011333357839565794
2045-10-20,19.366666666666667,0.25019415074344714,0.2503061634849655,0.0001120127415183414
2045-10-27,19.386111111111113,0.24983780026131278,0.24994848212447046,0.00011068186315768558
2045-11-03,19.405555555555555,0.2494819708837033,0.24959131188185557,0.00010934099815226861
2045-11-10,19.425,0.2491266618254094,0.24923465202674577,0.0001079902013363665
2045-11-17,19.444444444444443,0.24877187230227193,0.24887850182980997,0.000106629527538038
2045-11-24,19.46388888888889,0.2484176015311814,0.24852286056275913,0.00010525903157773686
2045-12-01,19.483333333333334,0.2480638487300795,0.2481677274983448,0.00010387876826528641
2045-12-08,19.502777777777776,0.24771061311795908,0.24781310191035813,0.00010248879239904696
2045-12-15,19.522222222222222,0.24735789391486473,0.24745898307362757,0.00010108915876283486
2045-12-22,19.541666666666668,0.24700569034189318,0.2471053702640181,9.967992212492338e-05
2045-12-29,19.56111111111111,0.24665400162119405,0.24675226275842943,9.82611372353781e-05
2046-01-05,19.580555555555556,0.24630282697596986,0.24639965983479445,9.683285882458592e-05
2046-01-12,19.6,0.24595216563047637,0.246047560772078,9.53951416016452e-05
2046-01-19,19.619444444444444,0.24560201681002372,0.2456959648502752,9.394804025147918e-05
2046-01-26,19.63888888888889,0.24525237974097586,0.24534487135040994,9.249160943408663e-05
2046-02-02,19.658333333333335,0.24490325365075138,0.2449942795545337,9.102590378232134e-05
2046-02-09,19.677777777777777,0.24455463776782407,0.24464418874572383,8.955097789975497e-05
2046-02-16,19.697222222222223,0.2442065313217224,0.24429459820808208,8.806688635967785e-05
2046-02-23,19.716666666666665,0.24385893354303093,0.24394550722673322,8.657368370229568e-05
2046-03-02,19.73611111111111,0.24351184366338965,0.24359691508782352,8.507142443386906e-05
2046-03-09,19.755555555555556,0.24316526091549465,0.24324882107851944,8.35601630247984e-05
2046-03-16,19.775,0.24281918453309867,0.2429012244870061,8.203995390743124e-05
2046-03-23,19.794444444444444,0.2424736137510104,0.24255412460248554,8.051085147514625e-05
2046-03-30,19.81388888888889,0.24212854780509582,0.24220752071517573,7.897291007991081e-05
2046-04-06,19.833333333333332,0.24178398593227762,0.2418614121163089,7.742618403128176e-05
2046-04-13,19.852777777777778,0.24143992737053552,0.24151579809812995,7.58707275944348e-05
2046-04-20,19.872222222222224,0.24109637135890688,0.2411706779538952,7.430659498833259e-05
2046-04-27,19.891666666666666,0.24075331713748616,0.24082605097787102,7.27338403848643e-05
2046-05-04,19.91111111111111,0.24041076394742564,0.240481916465332,7.115251790637545e-05
2046-05-11,19.930555555555557,0.24006871103093513,0.24013827371256005,6.956268162491841e-05
2046-05-18,19.95,0.23972715763128238,0.23979512201684255,6.796438556017081e-05
2046-05-25,19.969444444444445,0.23938610299279284,0.23945246067647089,6.635768367804773e-05
2046-06-01,19.988888888888887,0.23904554636085007,0.2391102889907394,6.474262988934165e-05
2046-06-08,20.008333333333333,0.23870548698189578,0.23876860625994362,6.311927804783513e-05
2046-06-15,20.02777777777778,0.23836592410342916,0.23842741178537893,6.148768194977339e-05
2046-06-22,20.04722222222222,0.23802685697400833,0.23808670486933925,5.9847895330922274e-05
2046-06-29,20.066666666666666,0.23768828484324864,0.23774648481511532,5.8199971866679245e-05
2046-07-06,20.086111111111112,0.23735020696182416,0.23740675092699368,5.654396516951987e-05
2046-07-13,20.105555555555554,0.23701262258146674,0.2370675025102548,5.4879928788054144e-05
2046-07-20,20.125,0.23667553095496627,0.236728738871172,5.320791620572196e-05
2046-07-27,20.144444444444446,0.23633893133617062,0.23639045931700994,5.1527980839322085e-05
2046-08-03,20.163888888888888,0.2360028229799857,0.23605266315602322,4.984017603751334e-05
2046-08-10,20.183333333333334,0.23566720514237519,0.23571534969745475,4.814455507956561e-05
2046-08-17,20.20277777777778,0.23533207708036044,0.2353785182515347,4.644117117424962e-05
2046-08-24,20.22222222222222,0.23499743805202056,0.23504216812947892,4.473007745836588e-05
2046-08-31,20.241666666666667,0.23466328731649208,0.23470629864348722,4.301132699513488e-05
2046-09-07,20.261111111111113,0.23432962413396913,0.23437090910674258,4.128497277344767e-05
2046-09-14,20.280555555555555,0.23399644776570297,0.23403599883340936,3.955106770639483e-05
2046-09-21,20.3,0.2336637574740019,0.23370212637624946,3.8368902247565284e-05
2046-09-28,20.319444444444443,0.23333155252223114,0.23337208088379657,4.0528361565428384e-05
2046-10-05,20.33888888888889,0.23299983217481277,0.23304250149761652,4.266932280375113e-05
2046-10-12,20.358333333333334,0.23266859569722534,0.2327133875594514,4.47918622260568e-05
2046-10-19,20.377777777777776,0.23233784235600374,0.23238473841197307,4.6896055969330996e-05
2046-10-26,20.397222222222222,0.23200757141873896,0.2320565533987813,4.898198004235632e-05
2046-11-02,20.416666666666668,0.23167778215407772,0.2317288318644033,5.1049710325573594e-05
2046-11-09,20.43611111111111,0.23134847383172266,0.23140157315429172,5.3099322569055696e-05
2046-11-16,20.455555555555556,0.23101964572243144,0.23107477661482367,5.513089239223001e-05
2046-11-23,20.475,0.23069129709801717,0.23074844159329927,5.714449528210208e-05
2046-11-30,20.494444444444444,0.23036342723134734,0.23042256743794054,5.914020659320007e-05
2046-12-07,20.51388888888889,0.23003603539634412,0.2300971534978898,6.111810154568742e-05
2046-12-14,20.533333333333335,0.22970912086798392,0.2297721991232088,6.307825522486321e-05
2046-12-21,20.552777777777777,0.22938268292229705,0.22944770366487688,6.502074257982993e-05
2046-12-28,20.572222222222223,0.22905672083636694,0.22912366647479007,6.694563842313261e-05
2047-01-04,20.591666666666665,0.22873123388833072,0.22880008690575987,6.885301742914907e-05
2047-01-11,20.61111111111111,0.22840622135737812,0.22847696431151135,7.07429541332294e-05
2047-01-18,20.630555555555556,0.22808168252375113,0.22815429804668266,7.261552293152951e-05
2047-01-25,20.65,0.22775761666874406,0.22783208746682326,7.447079807920698e-05
2047-02-01,20.669444444444444,0.22743402307470273,0.22751033192839265,7.630885368992146e-05
2047-02-08,20.68888888888889,0.22711090102502424,0.2271890307887593,7.812976373505753e-05
2047-02-15,20.708333333333332,0.22678824980415663,0.2268681834061991,7.993360204247568e-05
2047-02-22,20.727777777777778,0.2264660686975982,0.22654778913989423,8.172044229604047e-05
2047-03-01,20.747222222222224,0.2261443569918975,0.22622784734993198,8.349035803448257e-05
2047-03-08,20.766666666666666,0.22582311397465218,0.2259083573973034,8.524342265120444e-05
2047-03-15,20.78611111111111,0.2255023389345093,0.22558931864390158,8.697970939228195e-05
2047-03-22,20.805555555555557,0.22518203116116442,0.22527073045252122,8.869929135679744e-05
2047-03-29,20.825,0.22486218994536114,0.22495259218685681,9.0402241495674e-05
2047-04-05,20.844444444444445,0.22454281457889083,0.22463490321150134,9.20886326105097e-05
2047-04-12,20.863888888888887,0.22422390435459183,0.2243176628919452,9.375853735338335e-05
2047-04-19,20.883333333333333,0.22390545856634922,0.22400087059457488,9.541202822566097e-05
2047-04-26,20.90277777777778,0.22358747650909402,0.2236845256866717,9.704917757766274e-05
2047-05-03,20.92222222222222,0.2232699574788029,0.2233686275364106,9.867005760769154e-05
2047-05-10,20.941666666666666,0.22295290077249746,0.2230531755128586,0.00010027474036114481
2047-05-17,20.961111111111112,0.2226363056882439,0.22273816898597398,0.00010186329773007041
2047-05-24,20.980555555555554,0.22232017152515224,0.22242360732660474,0.00010343580145250053
2047-05-31,21.0,0.22200449758337554,0.22210948990648735,0.00010499232311181328
2047-06-07,21.019444444444446,0.22168928316411018,0.22179581609824547,0.00010653293413528941
2047-06-14,21.038888888888888,0.22137452756959405,0.22148258527538903,0.00010805770579497276
2047-06-21,21.058333333333334,0.22106023010310713,0.22116979681231239,0.00010956670920525546
2047-06-28,21.07777777777778,0.2207463900689699,0.22085745008429372,0.0001110600153238217
2047-07-05,21.09722222222222,0.22043300677254338,0.22054554446749328,0.00011253769494989907
2047-07-12,21.116666666666667,0.22012007952022822,0.2202340793389523,0.00011399981872409204
2047-07-19,21.136111111111113,0.21980760761946413,0.21992305407659196,0.00011544645712782686
2047-07-26,21.155555555555555,0.2194955903787292,0.21961246805921195,0.00011687768048274094
2047-08-02,21.175,0.21918402710753912,0.21930232066648897,0.00011829355894985016
2047-08-09,21.194444444444443,0.2188729171164469,0.21899261127897612,0.00011969416252921583
2047-08-16,21.21388888888889,0.21856225971704174,0.21868333927810113,0.00012107956105938955
2047-08-23,21.233333333333334,0.21825205422194874,0.2183745040461654,0.00012244982421666384
2047-08-30,21.252777777777776,0.21794229994482794,0.21806610496634257,0.00012380502151462802
2047-09-06,21.272222222222222,0.21763299620037355,0.2177581414226774,0.00012514522230386294
2047-09-13,21.291666666666668,0.21732414230431346,0.21745061280008465,0.00012647049577119152
2047-09-20,21.31111111111111,0.21701573757340875,0.21714351848434774,0.00012778091093898492
2047-09-27,21.330555555555556,0.21670778132545218,0.21683685786211723,0.00012907653666505148
2047-10-04,21.35,0.21640027287926844,0.21653063032091022,0.00013035744164177632
2047-10-11,21.369444444444444,0.21609321155471253,0.21622483524910865,0.00013162369439612132
2047-10-18,21.38888888888889,0.21578659667266958,0.21591947203595824,0.00013287536328865368
2047-10-25,21.408333333333335,0.21548042755505392,0.21561454007156713,0.00013411251651321288
2047-11-01,21.427777777777777,0.21517470352480805,0.21531003874690502,0.00013533522209696613
2047-11-08,21.447222222222223,0.21486942390590252,0.21500596745380143,0.00013654354789890966
2047-11-15,21.466666666666665,0.21456458802333458,0.21470232558494506,0.00013773756161047923
2047-11-22,21.48611111111111,0.21426019520312722,0.21439911253388197,0.00013891733075474533
2047-11-29,21.505555555555556,0.2139562447723294,0.2140963276950149,0.00014008292268549716
2047-12-06,21.525,0.21365273605901383,0.21379397046360196,0.00014123440458813086
2047-12-13,21.544444444444444,0.21334966839227743,0.21349204023575485,0.00014237184347742904
2047-12-20,21.56388888888889,0.2130470411022397,0.21319053640843857,0.0001434953061988653
2047-12-27,21.583333333333332,0.21274485352004224,0.2128894583794696,0.00014460485942735524
2048-01-03,21.602777777777778,0.21244310497784777,0.21258880554751475,0.00014570056966697886
2048-01-10,21.622222222222224,0.21214179480883957,0.2122885773120902,0.0001467825032506198
2048-01-17,21.641666666666666,0.21184092234722007,0.21198877307356012,0.0001478507263400486
2048-01-24,21.66111111111111,0.21154048692821067,0.21168939223313543,0.00014890530492475684
2048-01-31,21.680555555555557,0.2112404878880504,0.21139043419287282,0.0001499463048224292
2048-02-07,21.7,0.21094092456399524,0.21109189835567344,0.00015097379167819391
2048-02-14,21.719444444444445,0.21064179629431712,0.21079378412528146,0.0001519878309643452
2048-02-21,21.738888888888887,0.21034310241830342,0.2104960909062834,0.00015298848797998255
2048-02-28,21.758333333333333,0.21004484227625544,0.21019881810410643,0.00015397582785098285
2048-03-06,21.77777777777778,0.20974701520948813,0.2099019651250176,0.00015494991552947313
2048-03-13,21.79722222222222,0.2094496205603287,0.20960553137612228,0.00015591081579358068
2048-03-20,21.816666666666666,0.2091526576721161,0.20930951626536323,0.0001568585932471278
2048-03-27,21.836111111111112,0.20885612588920002,0.20901391920151935,0.00015779331231932647
2048-04-03,21.855555555555554,0.2085600245569395,0.2087187395942046,0.00015871503726508362
2048-04-10,21.875,0.2082643530217029,0.2084239768538664,0.0001596238321635024
2048-04-17,21.894444444444446,0.2079691106308661,0.20812963039178506,0.00016051976091896458
2048-04-24,21.913888888888888,0.20767429673281199,0.2078356996200723,0.0001614028872603257
2048-05-01,21.933333333333334,0.2073799106769295,0.20754218395166982,0.0001622732747403044
2048-05-08,21.95277777777778,0.2070859518136127,0.20724908280034862,0.00016313098673592652
2048-05-15,21.97222222222222,0.20679241949425975,0.20695639558070764,0.00016397608644788675
2048-05-22,21.991666666666667,0.20649931307127165,0.20666412170817233,0.00016480863690068737
2048-05-29,22.011111111111113,0.20620663189805186,0.20637226059899394,0.00016562870094208315
2048-06-05,22.030555555555555,0.2059143753290051,0.20608081167024797,0.00016643634124285933
2048-06-12,22.05,0.20562254271953592,0.20578977433983317,0.00016723162029724792
2048-06-19,22.069444444444443,0.20533113342604858,0.20549914802647043,0.00016801460042184524
2048-06-26,22.08888888888889,0.20504014680594515,0.2052089321497015,0.00016878534375636134
2048-07-03,22.108333333333334,0.20474958221762526,0.20491912612988783,0.00016954391226256527
2048-07-10,22.127777777777776,0.2044594390204845,0.20462972938820964,0.0001702903677251455
2048-07-17,22.147222222222222,0.20416971657491406,0.20434074134666433,0.00017102477175026665
2048-07-24,22.166666666666668,0.20388041424229902,0.20405216142806584,0.00017174718576681847
2048-07-31,22.18611111111111,0.20359153138501793,0.20376398905604312,0.0001724576710251946
2048-08-07,22.205555555555556,0.20330306736644133,0.20347622365503898,0.00017315628859765342
2048-08-14,22.225,0.20301502155093099,0.20318886465030928,0.00017384309937829023
2048-08-21,22.244444444444444,0.202727393303839,0.20290191146792155,0.00017451816408256549
2048-08-28,22.26388888888889,0.20244018199150615,0.2026153635347536,0.0001751815432474435
2048-09-04,22.283333333333335,0.2021533869812618,0.20232922027849284,0.0001758332972310317
2048-09-11,22.302777777777777,0.20186700764142196,0.20204348112763504,0.00017647348621308012
2048-09-18,22.322222222222223,0.2015810433412887,0.2017581455114827,0.00017710217019398233
2048-09-25,22.341666666666665,0.20129549345114905,0.20147321286014466,0.000177719408995608
2048-10-02,22.36111111111111,0.2010103573422737,0.20118868260453437,0.00017832526226066459
2048-10-09,22.380555555555556,0.2007256343869164,0.20090455417636907,0.0001789197894526695
2048-10-16,22.4,0.20044132395831268,0.2006208270081686,0.00017950304985592247
2048-10-23,22.419444444444444,0.20015742543067824,0.20033750053325403,0.00018007510257578296
2048-10-30,22.43888888888889,0.19987393817920876,0.20005457418574685,0.00018063600653808742
2048-11-06,22.458333333333332,0.19959086158007838,0.1997720474005678,0.00018118582048942677
2048-11-13,22.477777777777778,0.19930819501043842,0.1994899196134355,0.00018172460299709092
2048-11-20,22.497222222222224,0.1990259378484168,0.1992081902608655,0.00018225241244870793
2048-11-27,22.516666666666666,0.19874408947311645,0.19892685878016925,0.00018276930705279915
2048-12-04,22.53611111111111,0.1984626492646144,0.19864592460945263,0.00018327534483822405
2048-12-11,22.555555555555557,0.19818161660396094,0.19836538718761534,0.00018377058365440235
2048-12-18,22.575,0.19790099087317814,0.19808524595434926,0.00018425508117111966
2048-12-25,22.594444444444445,0.19762077145525864,0.19780550035013764,0.00018472889487899935
2049-01-01,22.613888888888887,0.19734095773416524,0.19752614981625402,0.0001851920820887809
2049-01-08,22.633333333333333,0.19706154909482881,0.19724719379476074,0.00018564469993193056
2049-01-15,22.65277777777778,0.1967825449231481,0.19696863172850831,0.00018608680536022493
2049-01-22,22.67222222222222,0.19650394460598794,0.19669046306113408,0.00018651845514613963
2049-01-29,22.691666666666666,0.19622574753117844,0.19641268723706096,0.00018693970588251618
2049-02-05,22.711111111111112,0.19594795308751373,0.19613530370149657,0.0001873506139828396
2049-02-12,22.730555555555554,0.1956705606647509,0.19585831190043207,0.0001877512356811828
2049-02-19,22.75,0.1953935696536087,0.19558171128064092,0.00018814162703220672
2049-02-26,22.769444444444446,0.1951169794457668,0.19530550128967797,0.00018852184391116023
2049-03-05,22.788888888888888,0.19484078943386426,0.19502968137587828,0.00018889194201401893
2049-03-12,22.808333333333334,0.1945649990114982,0.19475425098835578,0.00018925197685756845
2049-03-19,22.82777777777778,0.19428960757322347,0.19447920957700263,0.0001896020037791546
2049-03-26,22.84722222222222,0.19401461451455035,0.19420455659248786,0.00018994207793751605
2049-04-02,22.866666666666667,0.1937400192319446,0.1939302914862561,0.00019027225431150763
2049-04-09,22.886111111111113,0.19346582112282515,0.19365641371052683,0.0001905925877016823
2049-04-16,22.905555555555555,0.193192019585564,0.19338292271829322,0.00019090313272920878
2049-04-23,22.925,0.192918614019484,0.19310981796332066,0.00019120394383664863
2049-04-30,22.944444444444443,0.1926456038248587,0.1928370989001463,0.00019149507528759546
2049-05-07,22.96388888888889,0.19237298840291026,0.19256476498407732,0.00019177658116706353
2049-05-14,22.983333333333334,0.19210076715580898,0.1922928156711903,0.00019204851538132117
2049-05-21,23.002777777777776,0.19182893948667187,0.19202125041833007,0.00019231093165819613
2049-05-28,23.022222222222222,0.1915575047995611,0.1917500686831082,0.0001925638835471033
2049-06-04,23.041666666666668,0.19128646249948345,0.1914792699239026,0.00019280742441915577
2049-06-11,23.06111111111111,0.19101581199238876,0.19120885359985593,0.0001930416074671648
2049-06-18,23.080555555555556,0.19074555268516868,0.19093881917087466,0.00019326648570597293
2049-06-25,23.1,0.19047568398565579,0.190669166097628,0.0001934821119722041
2049-07-02,23.119444444444444,0.1902062053026218,0.19039989384154693,0.00019368853892512417
2049-07-09,23.13888888888889,0.18993711604577732,0.1901310018648229,0.0001938858190455861
2049-07-16,23.158333333333335,0.1896684156257695,0.18986248963040694,0.00019407400463744562
2049-07-23,23.177777777777777,0.18940010345418193,0.18959435660200863,0.00019425314782670067
2049-07-30,23.197222222222223,0.18913217894353243,0.18932660224409462,0.00019442330056218537
2049-08-06,23.216666666666665,0.1888646415072728,0.1890592260218882,0.0001945845146154035
2049-08-13,23.23611111111111,0.18859749055978675,0.18879222740136775,0.00019473684158100024
2049-08-20,23.255555555555556,0.18833072551638924,0.18852560584926575,0.00019488033287651252
2049-08-27,23.275,0.18806434579332515,0.18825936083306796,0.00019501503974281298
2049-09-03,23.294444444444444,0.1877983508077678,0.18799349182101202,0.00019514101324422106
2049-09-10,23.31388888888889,0.18753273997781816,0.18772799828208667,0.000195258304268503
2049-09-17,23.333333333333332,0.18726751272250322,0.18746287968603056,0.00019536696352734362
2049-09-24,23.352777777777778,0.18700266846177493,0.18719813550333103,0.00019546704155609662
2049-10-01,23.372222222222224,0.18673820661650906,0.18693376520522342,0.00019555858871436738
2049-10-08,23.391666666666666,0.18647412660850402,0.18666976826368986,0.00019564165518584642
2049-10-15,23.41111111111111,0.18621042786047926,0.18640614415145787,0.00019571629097861476
2049-10-22,23.430555555555557,0.18594710979607432,0.1861428923419999,0.00019578254592558797
2049-10-29,23.45,0.18568417183984767,0.18588001230953194,0.00019584046968426638
2049-11-05,23.469444444444445,0.1854216134172752,0.1856175035290124,0.00019589011173720694
2049-11-12,23.488888888888887,0.18515943395474935,0.1853553654761413,0.00019593152139193992
2049-11-19,23.508333333333333,0.18489763287957736,0.18509359762735894,0.00019596474778157957
2049-11-26,23.52777777777778,0.18463620961998056,0.18483219945984525,0.00019598983986468532
2049-12-03,23.54722222222222,0.18437516360509273,0.18457117045151836,0.0001960068464256226
2049-12-10,23.566666666666666,0.18411449426495907,0.18431051008103375,0.0001960158160746739
2049-12-17,23.586111111111112,0.1838542010305348,0.18405021782778305,0.0001960167972482607
2049-12-24,23.605555555555554,0.18359428333368424,0.18379029317189338,0.00019600983820913798
2049-12-31,23.625,0.18333474060717905,0.1835307355942258,0.00019599498704675478
2050-01-07,23.644444444444446,0.1830755722846972,0.18327154457637462,0.00019597229167742092
2050-01-14,23.663888888888888,0.18281677780082212,0.1830127196006663,0.0001959417998441959
2050-01-21,23.683333333333334,0.1825583565910406,0.18275426015015833,0.00019590355911772162
2050-01-28,23.70277777777778,0.18230030809174236,0.18249616570863825,0.0001958576168958892
2050-02-04,23.72222222222222,0.18204263174021834,0.18223843576062274,0.00019580402040439426
2050-02-11,23.741666666666667,0.1817853269746596,0.18198106979135623,0.00019574281669662574
2050-02-18,23.761111111111113,0.18152839323415573,0.18172406728681031,0.00019567405265458193
2050-02-25,23.780555555555555,0.18127182995869415,0.18146742773368255,0.0001955977749883986
2050-03-04,23.8,0.1810156365891585,0.18121115061939516,0.00019551403023665426
2050-03-11,23.819444444444443,0.18075981256732732,0.18095523543209452,0.00019542286476720294
2050-03-18,23.83888888888889,0.18050435733587292,0.1806996816606497,0.00019532432477678552
2050-03-25,23.858333333333334,0.18024927033836,0.18044448879465178,0.00019521845629177914
2050-04-01,23.877777777777776,0.17999455101924472,0.18018965632441244,0.0001951053051677254
2050-04-08,23.897222222222222,0.17974019882387293,0.17993518374096332,0.000194984917090385
2050-04-15,23.916666666666668,0.17948621319847907,0.17968107053605484,0.00019485733757576562
2050-04-22,23.93611111111111,0.17923259359018537,0.17942731620215518,0.00019472261196981644
2050-04-29,23.955555555555556,0.17897933944699954,0.1791739202324493,0.00019458078544976054
2050-05-06,23.975,0.1787264502178147,0.17892088212083776,0.0001944319030230679
2050-05-13,23.994444444444444,0.17847392535240725,0.17866820136193612,0.00019427600952887092
2050-05-20,24.01388888888889,0.1782217643014358,0.17841587745107343,0.00019411314963763138
2050-05-27,24.033333333333335,0.17796996651644015,0.17816390988429165,0.00019394336785150124
2050-06-03,24.052777777777777,0.17771853144983976,0.17791229815834428,0.00019376670850451694
2050-06-10,24.072222222222223,0.17746745855493243,0.17766104177069564,0.00019358321576321003
2050-06-17,24.091666666666665,0.17721674728589326,0.17741014021951979,0.00019339293362652388
2050-06-24,24.11111111111111,0.1769663970977731,0.1771595930036993,0.00019319590592620228
2050-07-01,24.130555555555556,0.1767164074464975,0.17690939962282465,0.00019299217632715027
2050-07-08,24.15,0.17646677778886535,0.17665955957719298,0.00019278178832762838
2050-07-15,24.169444444444444,0.1762175075825473,0.17641007236780706,0.0001925647852597523
2050-07-22,24.18888888888889,0.1759685962860852,0.17616093749637438,0.0001923412102891875
2050-07-29,24.208333333333332,0.17572004335888994,0.17591215446530623,0.00019211110641628726
2050-08-05,24.227777777777778,0.17547184826124076,0.1756637227777165,0.00019187451647573184
2050-08-12,24.247222222222224,0.1752240104542839,0.17541564193742093,0.00019163148313702805
2050-08-19,24.266666666666666,0.17497652940003092,0.1751679114489359,0.00019138204890498112
2050-08-26,24.28611111111111,0.17472940456135802,0.17492053081747755,0.00019112625611952816
2050-09-02,24.305555555555557,0.17448263540200407,0.1746734995489608,0.00019086414695673737
2050-09-09,24.325,0.17423622138657002,0.17442681714999841,0.00019059576342839168
2050-09-16,24.344444444444445,0.17399016198051703,0.17418048312789977,0.0001903211473827382
2050-09-23,24.363888888888887,0.17374445665016555,0.1739344969906702,0.00019004034050465468
2050-09-30,24.383333333333333,0.1734991048626938,0.17368885824700975,0.0001897533843159549
2050-10-07,24.40277777777778,0.1732541060861366,0.17344356640631237,0.00018946032017577719
2050-10-14,24.42222222222222,0.17300945978938406,0.17319862097866492,0.000189161189280862
2050-10-21,24.441666666666666,0.17276516544218043,0.17295402147484593,0.00018885603266549644
2050-10-28,24.461111111111112,0.17252122251512236,0.17270976740632502,0.00018854489120265217
2050-11-04,24.480555555555554,0.1722776304796583,0.1724658582852618,0.0001882278056035136
2050-11-11,24.5,0.1720343888080864,0.17222229362450456,0.00018790481641814405
2050-11-18,24.519444444444446,0.17179149697355398,0.1719790729375898,0.00018757596403581878
2050-11-25,24.538888888888888,0.1715489544500557,0.17173619573874094,0.00018724128868524703
2050-12-02,24.558333333333334,0.1713067607124325,0.1714936615428675,0.0001869008304349884
2050-12-09,24.57777777777778,0.1710649152363703,0.17125146986556394,0.00018655462919364707
2050-12-16,24.59722222222222,0.17082341749839877,0.17100962022310898,0.00018620272471020494
2050-12-23,24.616666666666667,0.17058226697588966,0.1707681121324643,0.0001858451565746322
2050-12-30,24.636111111111113,0.17034146314705598,0.17052694511127395,0.00018548196421797059
2051-01-06,24.655555555555555,0.17010100549095072,0.17028611867786303,0.00018511318691230572
2051-01-13,24.675,0.16986089348746497,0.17004563235123693,0.00018473886377196047
2051-01-20,24.694444444444443,0.16962112661732712,0.1698054856510804,0.000184359033753273
2051-01-27,24.71388888888889,0.16938170436210154,0.1695656780977563,0.00018397373565476327
2051-02-03,24.733333333333334,0.16914262620418727,0.16932620921230515,0.00018358300811788242
2051-02-10,24.752777777777776,0.16890389162681652,0.16908707851644367,0.00018318688962715157
2051-02-17,24.772222222222222,0.16866550011405348,0.1688482855325641,0.00018278541851060592
2051-02-24,24.791666666666668,0.16842745115079308,0.16860982978373315,0.00018237863294007228
2051-03-03,24.81111111111111,0.1681897442227599,0.16837171079369123,0.00018196657093133561
2051-03-10,24.830555555555556,0.16795237881650635,0.16813392808685107,0.0001815492703447219
2051-03-17,24.85,0.1677153544194118,0.16789648118829725,0.00018112676888545898
2051-03-24,24.869444444444444,0.16747867051968132,0.16765936962378508,0.00018069910410375978
2051-03-31,24.88888888888889,0.16724232660634386,0.1674225929197394,0.000180266313395544
2051-04-07,24.908333333333335,0.1670063221692518,0.1671861506032541,0.0001798284340022993
2051-04-14,24.927777777777777,0.16677065669907884,0.16695004220209084,0.0001793855030119973
2051-04-21,24.947222222222223,0.16653532968731907,0.1667142672446781,0.00017893755735903794
2051-04-28,24.966666666666665,0.16630034062628588,0.1664788252601105,0.0001784846338246382
2051-05-05,24.98611111111111,0.16606568900911042,0.16624371577814756,0.00017802676903713732
2051-05-12,25.005555555555556,0.16583137432973996,0.16600893832921296,0.00017756399947299606
2051-05-19,25.025,0.16559739608293766,0.1657744924443936,0.0001770963614559362
2051-05-26,25.044444444444444,0.16536375376427986,0.16554037765543847,0.000176623891158606
2051-06-02,25.06388888888889,0.16513044687015613,0.1653065934947579,0.0001761466246017751
2051-06-09,25.083333333333332,0.16489747489776702,0.16507313949542268,0.000175664597655667
2051-06-16,25.102777777777778,0.1646648373451232,0.16484001519116276,0.00017517784603957032
2051-06-23,25.122222222222224,0.16443253371104427,0.16460722011636691,0.0001746864053226438
2051-06-30,25.141666666666666,0.16420056349515708,0.16437475380608121,0.00017419031092413828
2051-07-07,25.16111111111111,0.1639689261978946,0.16414261579600845,0.00017368959811384088
2051-07-14,25.180555555555557,0.1637376213204951,0.1639108056225071,0.00017318430201199164
2051-07-21,25.2,0.16350664836500015,0.16367932282259057,0.00017267445759042155
2051-07-28,25.219444444444445,0.16327600683425353,0.1634481669339258,0.00017216009967227497
2051-08-04,25.238888888888887,0.1630456962319004,0.16321733749483297,0.00017164126293256476
2051-08-11,25.258333333333333,0.16281571606238535,0.16298683404428413,0.0001711179818987829
2051-08-18,25.27777777777778,0.16258606583095156,0.16275665612190232,0.00017059029095076172
2051-08-25,25.29722222222222,0.16235674504363937,0.16252680326796098,0.00017005822432161755
2051-09-01,25.316666666666666,0.16212775320728495,0.1622972750233826,0.00016952181609763972
2051-09-08,25.336111111111112,0.16189908982951934,0.16206807092973813,0.0001689811002187902
2051-09-15,25.355555555555554,0.1616707544187665,0.16183919052924584,0.00016843611047934193
2051-09-22,25.375,0.16144274648424276,0.1616106333647705,0.00016788688052774003
2051-09-29,25.394444444444446,0.16121506553595502,0.16138239897982257,0.00016733344386754556
2051-10-06,25.413888888888888,0.16098771108469975,0.1611544869185572,0.00016677583385743544
2051-10-13,25.433333333333334,0.16076068264206148,0.160926896725773,0.00016621408371153557
2051-10-20,25.45277777777778,0.1605339797204119,0.1606996279469119,0.00016564822650000366
2051-10-27,25.47222222222222,0.16030760183290815,0.16047268012805743,0.00016507829514927908
2051-11-03,25.491666666666667,0.16008154849349163,0.16024605281593435,0.00016450432244272117
2051-11-10,25.511111111111113,0.15985581921688713,0.1600197455579074,0.00016392634102027626
2051-11-17,25.530555555555555,0.15963041351860102,0.15979375790198075,0.00016334438337972657
2051-11-24,25.55,0.15940533091492023,0.15956808939679668,0.00016275848187644049
2051-12-01,25.569444444444443,0.159180570922911,0.15934273959163514,0.0001621686687241497
2051-12-08,25.58888888888889,0.1589561330604173,0.15911770803641234,0.00016157497599503245
2051-12-15,25.608333333333334,0.1587320168460602,0.15889299428168033,0.0001609774356201299
2051-12-22,25.627777777777776,0.15850822179923596,0.15866859787862586,0.00016037607938990117
2051-12-29,25.647222222222222,0.15828474744011503,0.15844451837906945,0.00015977093895441774
2052-01-05,25.666666666666668,0.1580615932896407,0.15822075533546454,0.0001591620458238352
2052-01-12,25.68611111111111,0.1578387588695279,0.15799730830089673,0.00015854943136883737
2052-01-19,25.705555555555556,0.15761624370226196,0.15777417682908265,0.00015793312682069183
2052-01-26,25.725,0.1573940473110972,0.15755136047436935,0.00015731316327213807
2052-02-02,25.744444444444444,0.15717216922005584,0.15732885879173308,0.00015668957167724873
2052-02-09,25.76388888888889,0.15695060895392646,0.15710667133677866,0.00015606238285220675
2052-02-16,25.783333333333335,0.15672936603826312,0.1568847976657385,0.00015543162747538863
2052-02-23,25.802777777777777,0.15650843999938382,0.1566632373354718,0.00015479733608797508
2052-03-01,25.822222222222223,0.15628783036436925,0.15644198990346336,0.0001541595390941175
2052-03-08,25.841666666666665,0.15606753666106152,0.15622105492782315,0.00015351826676163194
2052-03-15,25.86111111111111,0.1558475584180631,0.15600043196728508,0.00015287354922197127
2052-03-22,25.880555555555556,0.1556278951647353,0.1557801205812063,0.0001522254164710024
2052-03-29,25.9,0.15540854643119728,0.15556012032956623,0.00015157389836895074
2052-04-05,25.919444444444444,0.1551895117483244,0.15534043077296567,0.0001509190246412606
2052-04-12,25.93888888888889,0.15497079064774738,0.15512105147262598,0.00015026082487859527
2052-04-19,25.958333333333332,0.15475238266185085,0.15490198199038832,0.00014959932853747526
2052-04-26,25.977777777777778,0.15453428732377186,0.15468322188871236,0.0001489345649405005
2052-05-03,25.997222222222224,0.15431650416739928,0.15446477073067594,0.00014826656327665555
2052-05-10,26.016666666666666,0.15409903272737172,0.15424662807997386,0.0001475953526021423
2052-05-17,26.03611111111111,0.15388187253907687,0.15402879350091703,0.0001469209618401579
2052-05-24,26.055555555555557,0.15366502313865016,0.15381126655843172,0.00014624341978156097
2052-05-31,26.075,0.15344848406297326,0.15359404681805866,0.00014556275508539884
2052-06-07,26.094444444444445,0.1532322548496731,0.15337713384595206,0.00014487899627896317
2052-06-14,26.113888888888887,0.15301633503712034,0.1531605272088789,0.00014419217175856702
2052-06-21,26.133333333333333,0.15280072416442836,0.152944226474218,0.0001435023097896282
2052-06-28,26.15277777777778,0.15258542177145207,0.15272823120995904,0.00014280943850697447
2052-07-05,26.17222222222222,0.15237042739878637,0.15251254098470202,0.0001421135859156486
2052-07-12,26.191666666666666,0.15215574058776515,0.15229715536765584,0.00014141477989068618
2052-07-19,26.211111111111112,0.15194136088045992,0.15208207392863815,0.00014071304817822594
2052-07-26,26.230555555555554,0.15172728781967876,0.15186729623807393,0.00014000841839517664
2052-08-02,26.25,0.1515135209489646,0.15165282186699486,0.00013930091803027178
2052-08-09,26.269444444444446,0.15130005981259464,0.15143865038703844,0.00013859057444379208
2052-08-16,26.288888888888888,0.15108690395557875,0.1512247813704471,0.0001378774148683426
2052-08-23,26.308333333333334,0.15087405292365802,0.15101121439006737,0.00013716146640935234
2052-08-30,26.32777777777778,0.15066150626330407,0.15079794901934906,0.000136442756044991
2052-09-06,26.34722222222222,0.15044926352171742,0.15058498483234445,0.0001357213106270294
2052-09-13,26.366666666666667,0.1502373242468263,0.1503723214037071,0.0001349971568808117
2052-09-20,26.386111111111113,0.15002568798728536,0.15015995830869153,0.00013427032140617134
2052-09-27,26.405555555555555,0.1498143542924749,0.14994789512315207,0.00013354083067718125
2052-10-04,26.425,0.14960332271249893,0.1497361314235419,0.00013280871104295877
2052-10-11,26.444444444444443,0.14939259279818462,0.14952466678691248,0.00013207398872785991
2052-10-18,26.46388888888889,0.1491821641010804,0.14931350079091252,0.00013133668983211777
2052-10-25,26.483333333333334,0.14897203617345536,0.14910263301378726,0.000130596840331898
2052-11-01,26.502777777777776,0.14876220856829778,0.14889206303437752,0.00012985446607974294
2052-11-08,26.522222222222222,0.14855268083931367,0.1486817904321189,0.0001291095928052377
2052-11-15,26.541666666666668,0.14834345254092582,0.14847181478704088,0.00012836224611506575
2052-11-22,26.56111111111111,0.1481345232282728,0.14826213567976626,0.0001276124514934529
2052-11-29,26.580555555555556,0.14792589245720691,0.14805275269150978,0.0001268602343028613
2052-12-06,26.6,0.14771755978429418,0.14784366540407784,0.0001261056197836563
2052-12-13,26.619444444444444,0.1475095247668119,0.14763487339986744,0.00012534863305554977
2052-12-20,26.63888888888889,0.14730178696274832,0.1474263762618652,0.00012458929911687844
2052-12-27,26.658333333333335,0.14709434593080106,0.14721817357364678,0.00012382764284571413
2053-01-03,26.677777777777777,0.14688720123037588,0.1470102649193759,0.00012306368900003029
2053-01-10,26.697222222222223,0.14668035242158559,0.14680264988380348,0.00012229746221789628
2053-01-17,26.716666666666665,0.14647379906524874,0.14659532805226702,0.0001215289870182823
2053-01-24,26.73611111111111,0.1462675407228884,0.1463882990106895,0.00012075828780111486
2053-01-31,26.755555555555556,0.1460615769567312,0.1461815623455787,0.00011998538884749888
2053-02-07,26.775,0.14585590732970588,0.1459751176440264,0.00011921031432052254
2053-02-14,26.794444444444444,0.14565053140544185,0.14576896449370746,0.00011843308826561816
2053-02-21,26.81388888888889,0.1454454487482687,0.14556310248287913,0.00011765373461042339
2053-02-28,26.833333333333332,0.14524065892321447,0.14535753120038003,0.00011687227716555837
2053-03-07,26.852777777777778,0.14503616149600437,0.14515225023562947,0.00011608873962509758
2053-03-14,26.872222222222224,0.14483195603305976,0.14494725917862666,0.00011530314556690291
2053-03-21,26.891666666666666,0.14462804210149738,0.14474255761994984,0.00011451551845245711
2053-03-28,26.91111111111111,0.14442441926912708,0.14453814515075536,0.00011372588162827935
2053-04-04,26.930555555555557,0.14422108710445197,0.144334021362777,0.00011293425832503701
2053-04-11,26.95,0.1440180451766661,0.14413018584832524,0.00011214067165912778
2053-04-18,26.969444444444445,0.14381529305565374,0.14392663820028603,0.00011134514463229106
2053-04-25,26.988888888888887,0.14361283031198846,0.14372337801212057,0.00011054770013210757
2053-05-02,27.008333333333333,0.14341065651693127,0.14352040487786402,0.00010974836093274876
2053-05-09,27.02777777777778,0.14320877124243,0.1433177183921249,0.0001089471496948935
2053-05-16,27.04722222222222,0.143007174061118,0.14311531815008433,0.00010814408896633876
2053-05-23,27.066666666666666,0.14280586454631267,0.14291320374749494,0.00010733920118227713
2053-05-30,27.086111111111112,0.14260484227201467,0.14271137478068044,0.00010653250866576869
2053-06-06,27.105555555555554,0.14240410681290652,0.1425098308465346,0.00010572403362807403
2053-06-13,27.125,0.14220365774435131,0.1423085715425204,0.0001049137981690984
2053-06-20,27.144444444444446,0.1420034946423919,0.14210759646666932,0.00010410182427741943
2053-06-27,27.163888888888888,0.14180361708374942,0.1419069052175806,0.0001032881338311753
2053-07-04,27.183333333333334,0.14160402464582209,0.14170649739442026,0.00010247274859817579
2053-07-11,27.20277777777778,0.14140471690668419,0.14150637259692048,0.00010165569023629084
2053-07-18,27.22222222222222,0.14120569344508513,0.14130653042537863,0.00010083698029350607
2053-07-25,27.241666666666667,0.1410069538404476,0.14110697048065662,0.000100016640209033
2053-08-01,27.261111111111113,0.140808497672867,0.14090769236418005,9.919469131305925e-05
2053-08-08,27.280555555555555,0.1406103245231101,0.14070869567793737,9.837115482727588e-05
2053-08-15,27.3,0.1404124339726138,0.14050998002447918,9.754605186537701e-05
2053-08-22,27.319444444444443,0.14021482560348397,0.14031154500691725,9.671940343328189e-05
2053-08-29,27.33888888888889,0.1400174989984944,0.14011339022892402,9.589123042963443e-05
2053-09-05,27.358333333333334,0.1398204537410856,0.13991551529473145,9.506155364585878e-05
2053-09-12,27.377777777777776,0.13962368941536354,0.1397179198091307,9.423039376715847e-05
2053-09-19,27.397222222222222,0.13942720560609864,0.13952060337747074,9.339777137210015e-05
2053-09-26,27.416666666666668,0.13923100189872453,0.13932356560565815,9.256370693361271e-05
2053-10-03,27.43611111111111,0.1390350778793369,0.1391268061001559,9.17282208190151e-05
2053-10-10,27.455555555555556,0.1388394331346924,0.1389303244679828,9.089133329040489e-05
2053-10-17,27.475,0.13864406725220738,0.13873412031671264,9.005306450526884e-05
2053-10-24,27.494444444444444,0.1384489798199569,0.13853819325447347,8.921343451656627e-05
2053-10-31,27.51388888888889,0.13825417042667337,0.13834254288994666,8.837246327328407e-05
2053-11-07,27.533333333333335,0.13805963866174564,0.1381471688323662,8.75301706205478e-05
2053-11-14,27.552777777777777,0.13786538411521776,0.13795207069151816,8.668657630039878e-05
2053-11-21,27.572222222222223,0.13767140637778777,0.1377572480777393,8.584169995154434e-05
2053-11-28,27.591666666666665,0.13747770504080659,0.13756270060191714,8.499556111055129e-05
2053-12-05,27.61111111111111,0.13728427969627688,0.1373684278754884,8.414817921151285e-05
2053-12-12,27.630555555555556,0.13709112993685213,0.1371744295104386,8.3299573586465e-05
2053-12-19,27.65,0.13689825535583516,0.13698070511930138,8.244976346621913e-05
2053-12-26,27.669444444444444,0.13670565554717706,0.13678725431515734,8.159876798027876e-05
2054-01-02,27.68888888888889,0.1365133301054763,0.1365940767116338,8.074660615747797e-05
2054-01-09,27.708333333333332,0.13632127862597743,0.13640117192290346,7.989329692603686e-05
2054-01-16,27.727777777777778,0.1361295007045699,0.13620853956368406,7.903885911417219e-05
2054-01-23,27.747222222222224,0.13593799593778713,0.13601617924923734,7.81833114502084e-05
2054-01-30,27.766666666666666,0.13574676392280507,0.13582409059536865,7.732667256357684e-05
2054-02-06,27.78611111111111,0.1355558042574414,0.13563227321842553,7.646896098412181e-05
2054-02-13,27.805555555555557,0.13536511654015415,0.13544072673529764,7.561019514348843e-05
2054-02-20,27.825,0.13517470037004084,0.13524945076341555,7.475039337470624e-05
2054-02-27,27.844444444444445,0.13498455534683715,0.13505844492075011,7.388957391296636e-05
2054-03-06,27.863888888888887,0.13479468107091586,0.13486770882581178,7.302775489592683e-05
2054-03-13,27.883333333333333,0.1346050771432857,0.13467724209764964,7.216495436393466e-05
2054-03-20,27.90277777777778,0.13441574316559035,0.13448704435585093,7.13011902605809e-05
2054-03-27,27.92222222222222,0.13422667874010732,0.13429711522054003,7.043648043270068e-05
2054-04-03,27.941666666666666,0.13403788346974665,0.13410745431237778,6.957084263112256e-05
2054-04-10,27.961111111111112,0.13384935695804995,0.13391806125256075,6.87042945108074e-05
2054-04-17,27.980555555555554,0.1336610988091895,0.1337289356628206,6.783685363109804e-05
2054-04-24,28.0,0.13347310862796644,0.13354007716542302,6.696853745657982e-05
2054-05-01,28.019444444444446,0.13328538601981071,0.13335148538316724,6.609936335652544e-05
2054-05-08,28.038888888888888,0.13309793059077893,0.1331631599393852,6.522934860628271e-05
2054-05-15,28.058333333333334,0.132910741947554,0.13297510045794073,6.435851038671947e-05
2054-05-22,28.07777777777778,0.13272381969744365,0.13278730656322896,6.348686578530605e-05
2054-05-29,28.09722222222222,0.13253716344837965,0.1325997778801754,6.261443179575443e-05
2054-06-05,28.116666666666667,0.1323507728089162,0.13241251403423526,6.1741225319073e-05
2054-06-12,28.136111111111113,0.1321646473882292,0.13222551465139265,6.0867263163455476e-05
2054-06-19,28.155555555555555,0.13197878679611544,0.13203877935816002,5.999256204458625e-05
2054-06-26,28.175,0.13179319064299086,0.13185230778157717,5.911713858630652e-05
2054-07-03,28.194444444444443,0.13160785853988985,0.13166609954921063,5.82410093207808e-05
2054-07-10,28.21388888888889,0.13142279009846405,0.13148015428915294,5.736419068888554e-05
2054-07-17,28.233333333333334,0.13123798493098152,0.13129447163002178,5.64866990402646e-05
2054-07-24,28.252777777777776,0.13105344265032523,0.13110905120095942,5.560855063418968e-05
2054-07-31,28.272222222222222,0.13086916286999217,0.1309238926316317,5.472976163953258e-05
2054-08-07,28.291666666666668,0.13068514520409252,0.1307389955522278,5.385034813526479e-05
2054-08-14,28.31111111111111,0.13050138926734822,0.1305543595934588,5.297032611056851e-05
2054-08-21,28.330555555555556,0.13031789467509194,0.1303699843865575,5.20897114655583e-05
2054-08-28,28.35,0.13013466104326615,0.13018586956327738,5.1208520011225556e-05
2054-09-04,28.369444444444444,0.12995168798842208,0.13000201475589215,5.0326767470076916e-05
2054-09-11,28.38888888888889,0.1297689751277184,0.12981841959719473,4.944446947632852e-05
2054-09-18,28.408333333333335,0.12958652207892052,0.12963508372049656,4.856164157604481e-05
2054-09-25,28.427777777777777,0.12940432846039907,0.12945200675962706,4.767829922799893e-05
2054-10-02,28.447222222222223,0.1292223938911292,0.12926918834893267,4.679445780347846e-05
2054-10-09,28.466666666666665,0.12904071799068925,0.1290866281232764,4.5910132587145824e-05
2054-10-16,28.48611111111111,0.1288593003792602,0.12890432571803662,4.502533877642767e-05
2054-10-23,28.505555555555556,0.12867814067762368,0.12872228076910694,4.414009148326348e-05
2054-10-30,28.525,0.128497238507162,0.12854049291289504,4.325440573305084e-05
2054-11-06,28.544444444444444,0.12831659348985608,0.12835896178632206,4.236829646597773e-05
2054-11-13,28.56388888888889,0.1281362052482854,0.12817768702682197,4.148177853657842e-05
2054-11-20,28.583333333333332,0.12795607340562595,0.12799666827234077,4.0594866714815936e-05
2054-11-27,28.602777777777778,0.12777619758564995,0.12781590516133567,3.970757568572125e-05
2054-12-04,28.622222222222224,0.12759657741272437,0.1276353973327746,3.881992005022594e-05
2054-12-11,28.641666666666666,0.12741721251181004,0.12745514442613526,3.79319143252177e-05
2054-12-18,28.66111111111111,0.12723810250846046,0.12727514608140444,3.7043572943984415e-05
2054-12-25,28.680555555555557,0.12705924702882115,0.12709540193907765,3.615491025649176e-05
2055-01-01,28.7,0.12688064569962818,0.12691591164015778,3.526594052960519e-05
2055-01-08,28.719444444444445,0.1267022981482072,0.12673667482615486,3.437667794767285e-05
2055-01-15,28.738888888888887,0.12652420400247255,0.12655769113908522,3.3487136612664337e-05
2055-01-22,28.758333333333333,0.12634636289092613,0.1263789602214706,3.2597330544476e-05
2055-01-29,28.77777777777778,0.12616877444265642,0.12620048171633783,3.17072736814028e-05
2055-02-05,28.79722222222222,0.1259914382873375,0.12602225526721772,3.0816979880221584e-05
2055-02-12,28.816666666666666,0.12581435405522765,0.12584428051814447,2.9926462916829433e-05
2055-02-19,28.836111111111112,0.1256375213771689,0.12566655711365507,2.9035736486160424e-05
2055-02-26,28.855555555555554,0.12546093988458568,0.12548908469878858,2.8144814202907265e-05
2055-03-05,28.875,0.12528460920948353,0.1253118629190851,2.7253709601576803e-05
2055-03-12,28.894444444444446,0.1251085289844486,0.12513489142058562,2.6362436137017387e-05
2055-03-19,28.913888888888888,0.12493269884264635,0.12495816984983084,2.5471007184488248e-05
2055-03-26,28.933333333333334,0.1247571184178205,0.12478169785386056,2.4579436040061964e-05
2055-04-02,28.95277777777778,0.12458178734429216,0.1246054750802133,2.368773592113793e-05
2055-04-09,28.97222222222222,0.12440670525695875,0.12442950117692513,2.279591996637298e-05
2055-04-16,28.991666666666667,0.12423187179129278,0.12425377579252922,2.1904001236444648e-05
2055-04-23,29.011111111111113,0.12405728658334116,0.12407829857605515,2.1011992713995675e-05
2055-04-30,29.030555555555555,0.12388294926972404,0.1239030691770281,2.011990730406421e-05
2055-05-07,29.05,0.12370885948763378,0.12372808724546822,1.922775783443076e-05
2055-05-14,29.069444444444443,0.12353501687483394,0.12355335243189002,1.8335557056076146e-05
2055-05-21,29.08888888888889,0.12336142106965828,0.12337886438730142,1.744331764313989e-05
2055-05-28,29.108333333333334,0.12318807171100978,0.12320462276320328,1.6551052193503057e-05
2055-06-04,29.127777777777776,0.1230149684383598,0.12303062721158861,1.5658773228816036e-05
2055-06-11,29.147222222222222,0.12284211089174649,0.12285687738494187,1.4766493195386698e-05
2055-06-18,29.166666666666668,0.12266949871177461,0.1226833729362384,1.3874224463791829e-05
2055-06-25,29.18611111111111,0.122497131539614,0.12251011351894353,1.298197932952938e-05
2055-07-02,29.205555555555556,0.12232500901699858,0.12233709878701197,1.2089770013393175e-05
2055-07-09,29.225,0.12215313078622562,0.12216432839488715,1.1197608661528413e-05
2055-07-16,29.244444444444444,0.12198149649015456,0.12199180199750068,1.0305507346111686e-05
2055-07-23,29.26388888888889,0.1218101057722061,0.1218195192502711,9.413478064990155e-06
2055-07-30,29.283333333333335,0.121638958276361,0.12164747980910401,8.521532743013815e-06
2055-08-06,29.302777777777777,0.1214680536471596,0.12147568333039072,7.629683231119566e-06
2055-08-13,29.322222222222223,0.1212973915297002,0.12130412947100778,6.737941307580209e-06
2055-08-20,29.341666666666665,0.12112697156963857,0.12113281788831652,5.846318677948936e-06
2055-08-27,29.36111111111111,0.1209567934131865,0.12096174824016197,4.95482697546179e-06
2055-09-03,29.380555555555556,0.12078685670711152,0.12079092018487242,4.0634777608988815e-06
2055-09-10,29.4,0.12061716109873512,0.1206203333812587,3.1722825235835916e-06
2055-09-17,29.419444444444444,0.12044770623593232,0.12044998748861348,2.2812526811605283e-06
2055-09-24,29.43888888888889,0.1202784917671304,0.12027988216671053,1.3903995801228808e-06
2055-10-01,29.458333333333332,0.12010951734130827,0.12011001707580425,4.99734495978954e-07
2055-10-08,29.477777777777778,0.119940782607995,0.11994039187662876,-3.9073136623435367e-07
2055-10-15,29.497222222222224,0.11977228721726935,0.11977100623039721,-1.2809868721319617e-06
2055-10-22,29.516666666666666,0.11960403081975843,0.11960185979880147,-2.171020956953651e-06
2055-10-29,29.53611111111111,0.11943601306663688,0.11943295224401082,-3.060822626063664e-06
2055-11-05,29.555555555555557,0.11926823360962596,0.11926428322867197,-3.950380953993138e-06
2055-11-12,29.575,0.11910069210099265,0.11909585241590788,-4.839685084773171e-06
2055-11-19,29.594444444444445,0.1189333881935481,0.1189276594693173,-5.7287242307968445e-06
2055-11-26,29.613888888888887,0.11876632154064781,0.11875970405297408,-6.617487673735156e-06
2055-12-03,29.633333333333333,0.11859949179618942,0.11859198583142644,-7.505964762982709e-06
2055-12-10,29.65277777777778,0.1184328986146126,0.11842450446969635,-8.394144916254453e-06
2055-12-17,29.67222222222222,0.11826654165089781,0.11825725963327896,-9.282017618850169e-06
2055-12-24,29.691666666666666,0.11810042056056534,0.1180902509881417,-1.0169572423640583e-05
2055-12-31,29.711111111111112,0.11793453499967431,0.11792347820072371,-1.1056798950595526e-05
2056-01-07,29.730555555555554,0.11776888462482195,0.11775694093793537,-1.1943686886575766e-05
2056-01-14,29.75,0.11760346909314234,0.1175906388671573,-1.2830225985041577e-05
2056-01-21,29.769444444444446,0.11743828806230555,0.11742457165623994,-1.3716406065608644e-05
2056-01-28,29.788888888888888,0.11727334119051717,0.11725873897350277,-1.4602217014408891e-05
2056-02-04,29.808333333333334,0.11710862813651644,0.11709314048773371,-1.5487648782730457e-05
2056-02-11,29.82777777777778,0.11694414855957608,0.1169277758681884,-1.6372691387683824e-05
2056-02-18,29.84722222222222,0.11677990211950126,0.11676264478458966,-1.7257334911605082e-05
2056-02-25,29.866666666666667,0.11661588847662814,0.11659774690712667,-1.8141569501473054e-05
2056-03-03,29.886111111111113,0.11645210729182348,0.11643308190645432,-1.9025385369159098e-05
2056-03-10,29.905555555555555,0.11628855822648364,0.11626864945369288,-1.9908772790760976e-05
2056-03-17,29.925,0.11612524094253336,0.11610444922042668,-2.0791722106686117e-05
2056-03-24,29.944444444444443,0.11596215510242511,0.1159404808787042,-2.167422372090222e-05
2056-03-31,29.96388888888889,0.11579930036913783,0.11577674410103693,-2.2556268100895616e-05
2056-04-07,29.983333333333334,0.11563667640617654,0.11561323856039885,-2.343784577769903e-05
2056-04-14,30.002777777777776,0.11547428287757085,0.11544996393022579,-2.4318947345058906e-05
2056-04-21,30.022222222222222,0.11531211944787445,0.11528691988441478,-2.5199563459671337e-05
2056-04-28,30.041666666666668,0.11515018578216386,0.11512410609732332,-2.6079684840543682e-05
2056-05-05,30.06111111111111,0.1149884815460379,0.114961522243769,-2.6959302268897423e-05
2056-05-12,30.080555555555556,0.11482700640561629,0.11479916799902844,-2.7838406587848974e-05
2056-05-19,30.1,0.11466576002753906,0.11463704303883687,-2.871698870218764e-05
2056-05-26,30.119444444444444,0.11450474207896578,0.11447514703938763,-2.959503957815357e-05
2056-06-02,30.13888888888889,0.11434395222757412,0.11431347967733119,-3.0472550242938157e-05
2056-06-09,30.158333333333335,0.11418339014155932,0.11415204062977469,-3.1349511784628525e-05
2056-06-16,30.177777777777777,0.11402305548963337,0.11399082957428133,-3.2225915352041e-05
2056-06-23,30.197222222222223,0.11386294794102386,0.11382984618886965,-3.310175215420763e-05
2056-06-30,30.216666666666665,0.11370306716547306,0.11366909015201289,-3.3977013460168015e-05
2056-07-07,30.23611111111111,0.11354341283323713,0.11350856114263834,-3.48516905987889e-05
2056-07-14,30.255555555555556,0.11338398461508527,0.11334825884012686,-3.5725774958403345e-05
2056-07-21,30.275,0.1132247821822988,0.11318818292431197,-3.659925798682462e-05
2056-07-28,30.294444444444444,0.11306580520666994,0.11302833307547935,-3.74721311905829e-05
2056-08-04,30.31388888888889,0.11290705336050141,0.11286870897436622,-3.834438613518898e-05
2056-08-11,30.333333333333332,0.1127485263166053,0.11270931030216076,-3.9216014444537484e-05
2056-08-18,30.352777777777778,0.11259022374830208,0.11255013674050128,-4.008700780079588e-05
2056-08-25,30.372222222222224,0.1124321453294197,0.11239118797147572,-4.095735794397426e-05
2056-09-01,30.391666666666666,0.11227429073429303,0.11223246367762102,-4.182705667200859e-05
2056-09-08,30.41111111111111,0.11211665963776266,0.11207396354192245,-4.269609584020562e-05
2056-09-15,30.430555555555557,0.11195925171517403,0.1119156872478129,-4.356446736113184e-05
2056-09-20,30.444444444444443,0.11184695394228229,0.11180276962276346,-4.418431951883073e-05
