date,act360_years,true_discount_factor,log_linear_discount_factor,linear_continuous_zero_discount_factor,cubic_continuous_zero_discount_factor,log_linear_error,linear_continuous_zero_error,cubic_continuous_zero_error
2026-09-18,0.0,1.0,1.0,1.0,1.0,0.0,0.0,0.0
2026-09-25,0.019444444444444445,0.9984871102511284,0.9984958852851135,0.9984958852851135,0.9984955711283325,8.775033985108927e-06,8.775033985108927e-06,8.46087720418609e-06
2026-10-02,0.03888888888888889,0.9969816957123913,0.9969940329313024,0.9969940329313024,0.9969924094696597,1.2337218911140369e-05,1.2337218911140369e-05,1.0713757268465685e-05
2026-10-09,0.058333333333333334,0.9954836399562846,0.9954944395357164,0.9954944395357164,0.9954916920302854,1.07995794317306e-05,1.07995794317306e-05,8.052074000786114e-06
2026-10-16,0.07777777777777778,0.9939928285408851,0.9939971017006229,0.9939971017006229,0.9939953714925858,4.273159737833154e-06,4.273159737833154e-06,2.5429517006569924e-06
2026-10-23,0.09722222222222222,0.9925091489746158,0.9925085092544355,0.992505742976351,0.9925061609330007,-6.397201803842734e-07,-3.4059982648715348e-06,-2.988041615137327e-06
2026-10-30,0.11666666666666667,0.9910324906817061,0.9910383550257478,0.991029274533426,0.9910265437500788,5.864344041706104e-06,-3.2161482800274754e-06,-5.946931627254237e-06
2026-11-06,0.1361111111111111,0.989562744968327,0.9895703784644916,0.9895602047412777,0.9895570794335561,7.633496164616282e-06,-2.5402270492635992e-06,-5.6655347708822745e-06
2026-11-13,0.15555555555555556,0.9880998049893909,0.9881045763449949,0.9880985071976165,0.9880970490278228,4.771355604060723e-06,-1.2977917743794976e-06,-2.7559615680683436e-06
2026-11-20,0.175,0.9866435657159973,0.9866409454463636,0.9866441556554064,0.9866445819510343,-2.6202696337129794e-06,5.899394091013477e-07,1.0162350370102047e-06
2026-11-27,0.19444444444444445,0.9851939239035119,0.9851984209408023,0.9851940083672786,0.9851972736246225,4.4970372904407085e-06,8.446376664750233e-08,3.3497211106015e-06
2026-12-04,0.21388888888888888,0.9837507780602653,0.9837580054871294,0.9837505419480729,0.9837545010066286,7.227426864098163e-06,-2.361121924643328e-07,3.7229463633048354e-06
2026-12-11,0.23333333333333334,0.982314028416857,0.9823196960017925,0.9823137332679941,0.9823164376436636,5.667584935475922e-06,-2.9514886290549214e-07,2.409226806610043e-06
2026-12-18,0.25277777777777777,0.9808835768960504,0.9808834894057475,0.9808835593233836,0.9808835626104336,-8.749030289134652e-08,-1.757266687718584e-08,-1.4285616800613354e-08
2026-12-25,0.2722222222222222,0.9794593270832491,0.9794638537150655,0.9794587679762287,0.9794566432504135,4.526631816381688e-06,-5.591070204591375e-07,-2.683832835637112e-06
2027-01-01,0.2916666666666667,0.9780411841975374,0.9780655398616704,0.9780386403974457,0.9780362123124111,2.4355664133057786e-05,-2.543800091681092e-06,-4.971885126270337e-06
2027-01-08,0.3111111111111111,0.9766290550632762,0.9766692222857543,0.9766246798317649,0.9766222766077937,4.016722247801585e-05,-4.3752315113110285e-06,-6.778455482581158e-06
2027-01-15,0.33055555555555555,0.975222848082241,0.9752748981373676,0.975216865476997,0.9752147886782178,5.205005512654015e-05,-5.982605243981531e-06,-8.059404023263994e-06
2027-01-22,0.35,0.9738224732062891,0.9738825645706296,0.9738151766384852,0.9738136800940066,6.0091364340486564e-05,-7.296567803960485e-06,-8.793112282523552e-06
2027-01-29,0.36944444444444446,0.9724278419105472,0.9724922187437226,0.9724195927286022,0.9724188616040059,6.437683317539467e-05,-8.249181944974815e-06,-8.980306541284122e-06
2027-02-05,0.3888888888888889,0.9710388671671055,0.9711038578188855,0.9710300932662512,0.9710302232834179,6.499065178000585e-05,-8.773900854297523e-06,-8.643883687597942e-06
2027-02-12,0.4083333333333333,0.9696554634192092,0.969717478962409,0.9696466578763674,0.9696476346796822,6.201554319984481e-05,-8.805542841772152e-06,-7.828739526982709e-06
2027-02-19,0.42777777777777776,0.9682775465559357,0.968333079344629,0.9682692662894248,0.9682709449564847,5.553278869330214e-05,-8.280266510896084e-06,-6.601599450983819e-06
2027-02-26,0.44722222222222224,0.9669050338873483,0.966950656139921,0.9668978983409451,0.9668999830359941,4.562225257276342e-05,-7.135546403191917e-06,-5.0508513541602795e-06
2027-03-05,0.4666666666666667,0.9655378441201149,0.9655702065266949,0.9655325339710089,0.9655345577394376,3.236240657999989e-05,-5.3101491059859285e-06,-3.2863806772587267e-06
2027-03-12,0.4861111111111111,0.9641758973335827,0.9641917276873884,0.964173153223771,0.9641744579261438,1.5830353805701414e-05,-2.744109811714246e-06,-1.4394074389079137e-06
2027-03-19,0.5055555555555555,0.9628191149562991,0.9628152168084617,0.9628197362469774,0.9628194526311947,-3.898147837411159e-06,6.212906782376848e-07,3.3767489560077024e-07
2027-03-26,0.525,0.9614674197429695,0.961464602458886,0.9614677369601947,0.9614692971421996,-2.817284083467264e-06,3.1721722526523166e-07,1.877399230187926e-06
2027-04-02,0.5444444444444444,0.9601207357518422,0.9601338064655439,0.9601178243519158,0.9601238313699868,1.3070713701712755e-05,-2.9113999263641333e-06,3.0956181445995767e-06
2027-04-09,0.5638888888888889,0.9587789883225128,0.9588048524723872,0.9587732548061182,0.958782979488684,2.586414987437724e-05,-5.733516394657023e-06,3.991166171113392e-06
2027-04-16,0.5833333333333334,0.9574421040541372,0.9574777379298405,0.9574340111767995,0.9574466757801581,3.563387570326704e-05,-8.092877337717574e-06,4.571726020863309e-06
2027-04-23,0.6027777777777777,0.9561100107840469,0.9561524602918572,0.9561000763993545,0.9561148621635203,4.2449507810293774e-05,-9.934384692433795e-06,4.851379473369555e-06
2027-04-30,0.6222222222222222,0.9547826375667573,0.9548290170159152,0.9547714334902161,0.9547874881418487,4.637944915786285e-05,-1.12040765412047e-05,4.850575091364107e-06
2027-05-07,0.6416666666666667,0.95345991465336,0.9535074055630112,0.9534480655464987,0.9534645107494555,4.749090965117109e-05,-1.1849106861250291e-05,4.596096095488278e-06
2027-05-14,0.6611111111111111,0.952141773471293,0.9521876233976564,0.9521299557456425,0.9521458944996839,4.5849926363361604e-05,-1.1817725650509203e-05,4.121028390868808e-06
2027-05-21,0.6805555555555556,0.9508281466044796,0.9508696679878713,0.950817087345061,0.9508316113332237,4.15213833917516e-05,-1.105925941857766e-05,3.464728744129175e-06
2027-05-28,0.7,0.9495189677738285,0.9495535368051814,0.9495094436817891,0.9495216405669366,3.456903135290457e-05,-9.524092039359111e-06,2.672793108060567e-06
2027-06-04,0.7194444444444444,0.9482141718180888,0.9482392273246115,0.9482070081721344,0.9482159688431819,2.5055506522764226e-05,-7.163645954322284e-06,1.797025093175364e-06
2027-06-11,0.7388888888888889,0.9469136946750512,0.9469267370246816,0.9469097643113294,0.9469145900796397,1.3042349630398853e-05,-3.930363721704744e-06,8.954045885856132e-07
2027-06-18,0.7583333333333333,0.9456174733630901,0.9456160633874015,0.9456176956731862,0.9456175054196249,-1.4099756886487569e-06,2.223100961096236e-07,3.2056534760016575e-08
2027-06-25,0.7777777777777778,0.9443254459630374,0.9443208331563149,0.9443264944241186,0.9443247221371963,-4.612806722481544e-06,1.0484610812877548e-06,-7.238258410424692e-07
2027-07-02,0.7972222222222223,0.9430375516003832,0.9430455247879463,0.9430343761573942,0.9430362191733719,7.97318756318166e-06,-3.175442989000743e-06,-1.3324270112802239e-06
2027-07-09,0.8166666666666667,0.9417537304277964,0.941771938727693,0.9417469131295958,0.9417519356011862,1.820829989662709e-05,-6.817298200623156e-06,-1.7948266102241206e-06
2027-07-16,0.8361111111111111,0.9404739236079583,0.9405000726495725,0.9404640910963028,0.9404718076341227,2.6149041614131896e-05,-9.832511655538667e-06,-2.1159738355924773e-06
2027-07-23,0.8555555555555555,0.9391980732967027,0.9392299242307429,0.9391858958751762,0.9391957710488944,3.185093404023398e-05,-1.217742152648249e-05,-2.302247808283475e-06
2027-07-30,0.875,0.937926122626457,0.9379614911515001,0.9379123133457007,0.9379237611881872,3.536852504304466e-05,-1.380928075633836e-05,-2.3614382698156078e-06
2027-08-06,0.8944444444444445,0.936658015689979,0.9366947710952721,0.9366433294489268,0.9366557129633977,3.6755405293131815e-05,-1.4686241052164206e-05,-2.3027265813047038e-06
2027-08-13,0.9138888888888889,0.9353936975243812,0.9354297617486159,0.9353789301872162,0.9353915608573652,3.60642242347442e-05,-1.4767337164989236e-05,-2.1366670159839174e-06
2027-08-20,0.9333333333333333,0.9341331140954389,0.9341664608012126,0.9341191016239858,0.9341312389271003,3.334670577370691e-05,-1.4012471453050956e-05,-1.8751683386053486e-06
2027-08-27,0.9527777777777777,0.9328762122821763,0.9329048659458634,0.9328638298834562,0.9328746808065113,2.8653663687094877e-05,-1.238239872014546e-05,-1.5314756650619543e-06
2027-09-03,0.9722222222222222,0.9316229398617245,0.9316449748784855,0.9316131011503982,0.9316218197091305,2.2035016761012827e-05,-9.838711326315419e-06,-1.120152594014101e-06
2027-09-10,0.9916666666666667,0.9303732454944451,0.9303867852981076,0.9303669016698831,0.9303725884308407,1.3539803662476757e-05,-6.343824561994005e-06,-6.570636044145317e-07
2027-09-17,1.011111111111111,0.9291270787093173,0.9291302949068659,0.9291252177470329,0.9291269193526043,3.216197548616684e-06,-1.8609622843834828e-06,-1.5935671304756482e-07
2027-09-24,1.0305555555555554,0.9278843898895798,0.9278880084716957,0.9278811455698921,0.9278847445120528,3.6185821159495646e-06,-3.2443196876785763e-06,3.5462247305328987e-07
2027-10-01,1.05,0.9266451302586246,0.9266786096105893,0.9266237936707208,0.9266460016463552,3.347935196473806e-05,-2.1336587903819648e-05,8.71387730638773e-07
2027-10-08,1.0694444444444444,0.9254092518661376,0.9254707870664436,0.9253700750571945,0.9254106394488658,6.153520030593995e-05,-3.917680894316433e-05,1.3875827281628617e-06
2027-10-15,1.0888888888888888,0.9241767075744806,0.9242645387847045,0.9241199795887981,0.9241786084984632,8.783121022393203e-05,-5.672798568245874e-05,1.9009239826672797e-06
2027-10-22,1.1083333333333334,0.9229474510453097,0.923059862713496,0.9228734971613743,0.9229498601971153,0.00011241166818631854,-7.395388393538482e-05,2.409151805604637e-06
2027-10-29,1.1277777777777778,0.9217214367264276,0.9218567568036165,0.9216306177069906,0.9217243467644973,0.00013532007718886074,-9.081901943697179e-05,2.9100380697366646e-06
2027-11-05,1.1472222222222221,0.9204986198388624,0.9206552190085352,0.9203913311938061,0.9205020212326667,0.00015659916967281085,-0.00010728864505626934,3.40139380428095e-06
2027-11-12,1.1666666666666667,0.9192789563641706,0.9194552472843889,0.9191556276259396,0.919282837440792,0.00017629092021831383,-0.00012332873823095447,3.881076621414792e-06
2027-11-19,1.1861111111111111,0.9180624030319599,0.9182568395899781,0.917923497043338,0.9180667500299347,0.00019443655801820725,-0.00013890598862187353,4.3469979748023135e-06
2027-11-26,1.2055555555555555,0.9168489173076254,0.9170599938867641,0.9166949295216449,0.9168537144378829,0.00021107657913865818,-0.00015398778598052498,4.797130257472304e-06
2027-12-03,1.225,0.9156384573802993,0.9158647081388648,0.9154699151720701,0.9156436868940355,0.00022625075856552712,-0.0001685422082291499,5.22951373627123e-06
2027-12-10,1.2444444444444445,0.9144309821510047,0.914670980313052,0.9142484441412598,0.9144366244143367,0.00023999816204733904,-0.00018253800974488144,5.642263331995245e-06
2027-12-17,1.2638888888888888,0.9132264512210153,0.9134788083787476,0.913030506611167,0.9132324847962577,0.00025235715773230805,-0.00019594460984828643,6.033575242425648e-06
2027-12-24,1.2833333333333334,0.9120248248804118,0.9122881903080199,0.9118160927989223,0.9120312266138266,0.00026336542760807546,-0.0002087320814895266,6.401733414818089e-06
2027-12-31,1.3027777777777778,0.9108260640968354,0.9110991240755804,0.910605192956706,0.9108328092127047,0.00027305997874493837,-0.00022087114012936393,6.745115869288831e-06
2028-01-07,1.3222222222222222,0.9096301305044324,0.9099116076587803,0.9093977973716199,0.9096371927053069,0.0002814771543478978,-0.00023233313281256773,7.062200874430324e-06
2028-01-14,1.3416666666666666,0.9084369863929868,0.9087256390376076,0.9081938963655597,0.9084443379659672,0.00028865264462085705,-0.00024309002742706198,7.351572980485166e-06
2028-01-21,1.3611111111111112,0.9072465946972379,0.9075412161946824,0.9069934802950891,0.9072542066261474,0.0002946214974445249,-0.000253114402148813,7.6119289095233356e-06
2028-01-28,1.3805555555555555,0.9060589189863791,0.9063583371152549,0.9057965395513125,0.906066761069687,0.00029941812887579466,-0.00026237943506668415,7.842083307840753e-06
2028-02-04,1.4,0.9048739234537339,0.9051769997872008,0.9046030645597497,0.9048819644280954,0.00030307633346693397,-0.0002708588939841494,8.040974361578357e-06
2028-02-11,1.4194444444444445,0.903691572906607,0.9039972022010186,0.9034130457802112,0.9036997805758835,0.0003056292944116912,-0.0002785271263957556,8.207669276560914e-06
2028-02-18,1.4388888888888889,0.9025118327563063,0.9028189423498261,0.9022264737066725,0.9025201741259351,0.00030710959351976097,-0.0002853590496337821,8.341369628794837e-06
2028-02-25,1.4583333333333333,0.9013346690083331,0.9016422182293565,0.9010433388671506,0.9013431104249164,0.00030754922102338433,-0.0002913301411825442,8.44141658329356e-06
2028-03-03,1.4777777777777779,0.9001600482527374,0.9004670278379557,0.8998636318235801,0.9001685555487237,0.00030697958521830326,-0.00029641642915734234,8.50729598622646e-06
2028-03-10,1.4972222222222222,0.8989879376546345,0.8992933691765784,0.8986873431716903,0.898996476297966,0.0003054315219439552,-0.000300594482944172,8.538643331501561e-06
2028-03-17,1.5166666666666666,0.8978183049448812,0.8981212402487846,0.8975144635408822,0.8978268401934862,0.0003029353039033511,-0.0003038414039990833,8.535248605001655e-06
2028-03-24,1.5361111111111112,0.8966511184109079,0.8969506390607368,0.8963449835941065,0.896659615471915,0.00029952064982885496,-0.00030613481680141774,8.497061007028961e-06
2028-03-31,1.5555555555555556,0.8954863468877039,0.8957815636211961,0.8951788940277425,0.8954947710812594,0.00029521673349219846,-0.00030745285996136573,8.424193555511827e-06
2028-04-07,1.575,0.8943239597489521,0.8946140119415189,0.894016185571476,0.8943322766765258,0.00029005219256683645,-0.0003077741774760723,8.316927573748245e-06
2028-04-14,1.5944444444444446,0.8931639268983131,0.8934479820356536,0.8928568489881796,0.8931721026153745,0.0002840551373404221,-0.00030707791013351304,8.175717061353893e-06
2028-04-21,1.613888888888889,0.8920062187608528,0.8922834719201371,0.8917008750737924,0.8920142199538068,0.0002772531592842853,-0.00030534368706047754,8.001192953965841e-06
2028-04-28,1.6333333333333333,0.890850806274613,0.8911204796140919,0.8905482546571997,0.8908586004418827,0.00026967333947891525,-0.0003025516174133269,7.7941672697035e-06
2028-05-05,1.6527777777777777,0.8896976608823209,0.889959003139222,0.889398978600115,0.8897052165194701,0.00026134225690110924,-0.00029868228220597537,7.555637149159189e-06
2028-05-12,1.6722222222222223,0.8885467545232376,0.88879904051981,0.8882530377969606,0.8885540413120226,0.0002522859965723434,-0.0002937167262769824,7.2867887850325275e-06
2028-05-19,1.6916666666666667,0.8873980596251388,0.8876405897827134,0.8871104231747501,0.8874050486263874,0.00024253015757458307,-0.00028763645038876184,6.989001248514093e-06
2028-05-26,1.711111111111111,0.8862515490964304,0.886483648957362,0.8859711256929701,0.8862582129466408,0.0002320998609315339,-0.00028042340346035033,6.663850210308908e-06
2028-06-02,1.7305555555555556,0.885107196318392,0.8853282160757535,0.8848351363434636,0.8851135094299529,0.00022101975736155133,-0.00027205997492840694,6.313111560962703e-06
2028-06-09,1.75,0.8839649751375491,0.884174289172451,0.883702446150313,0.883970913902478,0.00020931403490187517,-0.0002625289872361103,5.938764928825613e-06
2028-06-16,1.7694444444444444,0.8828248598581705,0.8830218662845791,0.8825730461697245,0.8828304028552726,0.0001970064264086302,-0.00025181368844595653,5.542997102092606e-06
2028-06-23,1.788888888888889,0.8816868252348883,0.881870945451821,0.8814469274899117,0.8816919534402392,0.00018412021693270386,-0.00023989774497656935,5.128205350923842e-06
2028-06-30,1.8083333333333333,0.8805508464654394,0.8807215247164147,0.8803240812309812,0.8805555434660961,0.0001706782509753868,-0.00022676523445819274,4.697000656750383e-06
2028-07-07,1.8277777777777777,0.8794168991835255,0.8795736021231503,0.8792044985448169,0.8794211513943707,0.00015670293962477544,-0.000212400638708643,4.252210845212545e-06
2028-07-14,1.8472222222222223,0.8782849594517899,0.8784271757193658,0.8780881706149667,0.8782887563354191,0.0001422162675759342,-0.0001967888368231696,3.7968836292812114e-06
2028-07-21,1.8666666666666667,0.8771550037549083,0.8772822435549448,0.8769750886565284,0.8771583380444691,0.00012723980003648272,-0.00017991509837989028,3.3342895607857415e-06
2028-07-28,1.886111111111111,0.8760270089927932,0.8761388036823122,0.8758652439160365,0.876029876917685,0.00011179468951905136,-0.0001617650767566925,2.8679248917917732e-06
2028-08-04,1.9055555555555554,0.8749009524739079,0.8749968541564317,0.874758627671349,0.8749033539882579,9.590168252382458e-05,-0.00014232480255882418,2.401514350047762e-06
2028-08-11,1.925,0.8737768119086897,0.873856393034802,0.8736552312315355,0.8737787509225171,7.958112611228252e-05,-0.00012158067715417609,1.939013827390035e-06
2028-08-18,1.9444444444444444,0.8726545654030798,0.8727174183774536,0.8725550459367653,0.8726560500160633,6.285297437380599e-05,-9.951946631459041e-05,1.4846129834378274e-06
2028-08-25,1.9638888888888888,0.8715341914521578,0.8715799282469455,0.8714580631581956,0.8715352341899243,4.573679478769854e-05,-7.612829396219656e-05,1.0427377664656845e-06
2028-09-01,1.9833333333333334,0.8704156689338797,0.8704439207083621,0.8703642742978612,0.8704162869867312,2.8251774482401792e-05,-5.139463601844252e-05,6.180528515642436e-07
2028-09-08,2.0027777777777778,0.8692989771029163,0.8693093938293096,0.8692736707885633,0.8692991925669161,1.0416726393347453e-05,-2.530631435293529e-05,2.1546399986416276e-07
2028-09-15,2.022222222222222,0.8681840955845921,0.8681763456799131,0.8681862440937601,0.8681839357049297,-7.74990467899972e-06,2.1485091680206736e-06,-1.5987966239805473e-07
2028-09-22,2.0416666666666665,0.8670710043689215,0.8670509747511573,0.867088015506992,0.8670705017562831,-2.002961776415013e-05,1.701113807051069e-05,-5.026126383977925e-07
2028-09-29,2.061111111111111,0.8659596838047408,0.8659425437274383,0.8659575034655214,0.8659588741174327,-1.7140077302468804e-05,-2.1803392193930904e-06,-8.096873080898348e-07
2028-10-06,2.0805555555555557,0.864850114593935,0.8648355297130649,0.8648293397198527,0.8648490321479635,-1.4584880870138761e-05,-2.0774874082363226e-05,-1.0824459715230716e-06
2028-10-13,2.1,0.8637422777857571,0.8637299308965437,0.8637035189310092,0.8637409551085207,-1.2346889213366019e-05,-3.875885474791119e-05,-1.3226772364038908e-06
2028-10-20,2.1194444444444445,0.8626361547712386,0.8626257454686972,0.8625800357740677,0.8626346226112115,-1.0409302541369847e-05,-5.611899717083979e-05,-1.5321600270734592e-06
2028-10-27,2.138888888888889,0.86153172727769,0.8615229716226604,0.8614588849381204,0.861530014617602,-8.755655029557552e-06,-7.284233956961206e-05,-1.7126600879713294e-06
2028-11-03,2.158333333333333,0.8604289773632889,0.8604216075538788,0.8603400611262336,0.8604271114367263,-7.3698094101848355e-06,-8.891623705531426e-05,-1.8659265625942112e-06
2028-11-10,2.1777777777777776,0.8593278874117546,0.859321651460104,0.8592235590554093,0.859325893723108,-6.235951650612748e-06,-0.000104328356345329,-1.9936886466176418e-06
2028-11-17,2.1972222222222224,0.8582284401271079,0.8582231015413921,0.8581093734565453,0.8582263424747929,-5.338585715719546e-06,-0.00011906667056260645,-2.097652314958509e-06
2028-11-24,2.216666666666667,0.8571306185285151,0.8571259560001006,0.8569974990743957,0.8571284390313946,-4.662528414578482e-06,-0.0001331194541194236,-2.1794971205579827e-06
2028-12-01,2.236111111111111,0.8560344059452135,0.8560302130408841,0.8558879306675323,0.85603216507215,-4.192904329403113e-06,-0.00014647527768119062,-2.240873063552584e-06
2028-12-08,2.2555555555555555,0.8549397860115174,0.8549358708706932,0.8547806630083047,0.8549375026139873,-3.915140824206631e-06,-0.00015912300321274664,-2.2833975301672638e-06
2028-12-15,2.275,0.8538467426619044,0.8538429276987705,0.8536756908828019,0.8538444340096051,-3.814963133952354e-06,-0.00017105177910248237,-2.3086522993320813e-06
2028-12-22,2.2944444444444443,0.8527552601261797,0.8527513817366476,0.8525730090908135,0.8527529419455604,-3.878389532196991e-06,-0.00018225103536628762,-2.31818061935396e-06
2028-12-29,2.313888888888889,0.8516653229247161,0.8516612311981426,0.8514726124457903,0.8516630094403701,-4.091726573451915e-06,-0.00019271047892577275,-2.313484345983774e-06
2029-01-05,2.3333333333333335,0.8505769158637706,0.8505724742993575,0.8503744957748068,0.8505746198426203,-4.441564413149024e-06,-0.00020242008896376174,-2.296021150316463e-06
2029-01-12,2.352777777777778,0.8494900240308751,0.8494851092586742,0.8492786539185216,0.8494877568290873,-4.9147722009923456e-06,-0.0002113701123535039,-2.267201787864437e-06
2029-01-19,2.3722222222222222,0.8484046327902992,0.8483991342967524,0.8481850817311397,0.8484024044028681,-5.498493546807204e-06,-0.00021955105915949513,-2.2283874311357366e-06
2029-01-26,2.3916666666666666,0.8473207277785855,0.8473145476365266,0.8470937740803739,0.8473185468915204,-6.1801420588869505e-06,-0.00022695369821157385,-2.1808870650508183e-06
2029-02-02,2.411111111111111,0.8462382949001549,0.8462313475032031,0.8460047258474072,0.8462361689452131,-6.947396951839657e-06,-0.00023356905274773965,-2.1259549417562695e-06
2029-02-09,2.4305555555555554,0.8451573203229823,0.8451495321242569,0.8449179319268539,0.8451552555348851,-7.78819872537806e-06,-0.00023938839612835938,-2.0647880971669252e-06
2029-02-16,2.45,0.8440777904743384,0.8440690997294291,0.8438333872267227,0.8440757919504145,-8.690744909278791e-06,-0.00024440324761565435,-1.998523923907314e-06
2029-02-23,2.4694444444444446,0.842999692036601,0.8429900485507241,0.8427510866683781,0.8429977637987955,-9.643485876842384e-06,-0.00024860536822290946,-1.9282378054263916e-06
2029-03-02,2.488888888888889,0.8419230119431301,0.8419123768224059,0.8416710251865029,0.8419211570023258,-1.0635120724189484e-05,-0.00025198675662718717,-1.8549408042911608e-06
2029-03-09,2.5083333333333333,0.8408477373742095,0.8408360827809964,0.8405931977290615,0.8408459577968014,-1.1654593213061837e-05,-0.00025453964514798866,-1.779577408100863e-06
2029-03-16,2.5277777777777777,0.8397738557530506,0.8397611646652717,0.8395175992572609,0.8397721527297205,-1.2691087778904375e-05,-0.00025625649578975285,-1.7030233301351672e-06
2029-03-23,2.547222222222222,0.8387013547418605,0.8386876207162594,0.8384442247455148,0.8386997286584963,-1.3734025601119804e-05,-0.0002571299963456397,-1.6260833641812411e-06
2029-03-30,2.566666666666667,0.8376302222379701,0.8376154491772356,0.8373730691814057,0.8376286727486769,-1.4773060734496468e-05,-0.00025715305656437426,-1.5494892932066406e-06
2029-04-06,2.5861111111111112,0.8365604463700245,0.8365446482937227,0.836304127565648,0.8365589724721745,-1.5798076301809516e-05,-0.00025631880437648746,-1.4738978499906352e-06
2029-04-13,2.6055555555555556,0.835492015494231,0.8354752163134853,0.8352373949120505,0.8354906156055014,-1.6799180745707964e-05,-0.0002546205821805092,-1.3998887296029494e-06
2029-04-20,2.625,0.8344249181906686,0.8344071514865287,0.8341728662474808,0.8344235902280154,-1.776670413988768e-05,-0.000252051943187781,-1.3279626531748079e-06
2029-04-27,2.6444444444444444,0.8333591432596515,0.8333404520650949,0.8331105366118269,0.8333578847201708,-1.869119455666368e-05,-0.00024860664782466735,-1.2585394807418382e-06
2029-05-04,2.6638888888888888,0.8322946797181533,0.8322751163036605,0.832050401057962,0.832293487761779,-1.9563414492829168e-05,-0.0002442786601912772,-1.1919563742690542e-06
2029-05-11,2.683333333333333,0.8312315167962837,0.8312111424589335,0.8309924546517072,0.8312303883302751,-2.0374337350248517e-05,-0.000239062144576474,-1.1284660086374743e-06
2029-05-18,2.702777777777778,0.8301696439338218,0.8301485287898503,0.829936692471795,0.8301685756989922,-2.1115143971406347e-05,-0.00023295146202673145,-1.0682348295931732e-06
2029-05-25,2.7222222222222223,0.8291090507768034,0.8290872735575736,0.8288831096098336,0.8291080394354431,-2.177721922980158e-05,-0.00022594116696983413,-1.0113413603241028e-06
2029-06-01,2.7416666666666667,0.8280497271741606,0.8280273750254884,0.8278317011702699,0.828048769399609,-2.2352148672188932e-05,-0.00021802600389064786,-9.577745515576552e-07
2029-06-08,2.761111111111111,0.8269916631744144,0.8269688314592001,0.8267824622703546,0.8269907557422347,-2.2831715214333137e-05,-0.00020920090405984748,-9.074321797308826e-07
2029-06-15,2.7805555555555554,0.8259348490224182,0.8259116411265313,0.8257353880401046,0.8259339889031305,-2.3207895886945273e-05,-0.00019946098231360399,-8.601192876822594e-07
2029-06-22,2.8,0.8248792751561519,0.8248558022975189,0.8246904736222687,0.8248784596094823,-2.3472858633022398e-05,-0.00018880153388323162,-8.155466696413427e-07
2029-06-29,2.8194444444444446,0.8238249322035665,0.8238013132444114,0.8236477141722907,0.8238241588741656,-2.36189591550362e-05,-0.00017721803127579427,-7.733294008493985e-07
2029-07-06,2.838888888888889,0.8227718109794763,0.8227481722416663,0.8226071048582747,0.8227710779940692,-2.3638737809972277e-05,-0.00016470612120156325,-7.329854070370345e-07
2029-07-13,2.8583333333333334,0.8217199024825004,0.8216963775659467,0.8215686408609487,0.8217192085484224,-2.352491655366329e-05,-0.00015126162155165712,-6.93934077977687e-07
2029-07-20,2.8777777777777778,0.8206691978920512,0.820645927496119,0.8205323173736297,0.8206685423971298,-2.3270395932195598e-05,-0.0001368805184214228,-6.554949213422034e-07
2029-07-27,2.897222222222222,0.8196196885653692,0.8195968203132495,0.8194981296021885,0.8196190716791132,-2.2868252119612187e-05,-0.00012155896318066794,-6.168862559663424e-07
2029-08-03,2.9166666666666665,0.8185713660346039,0.8185490543006027,0.8184660727650137,0.8185707888106571,-2.2311734001245753e-05,-0.00010529326959018981,-5.772239467516371e-07
2029-08-10,2.936111111111111,0.8175242220039398,0.8175026277436369,0.8174361420929777,0.8175236864837633,-2.159426030290401e-05,-8.807991096215773e-05,-5.355201765366857e-07
2029-08-17,2.9555555555555557,0.8164782483467673,0.816457538930003,0.8164083328294005,0.8164777576645084,-2.0709416764352895e-05,-6.991551736679202e-05,-4.906822589356707e-07
2029-08-24,2.975,0.8154334371028957,0.8154137861495404,0.8153826402300163,0.8154329955914096,-1.96509533553213e-05,-5.0796872879455e-05,-4.4151148614890445e-07
2029-08-31,2.9944444444444445,0.8143897804758115,0.8143713676942752,0.8143590595629371,0.8143893937737953,-1.8412781536247813e-05,-3.072091287437129e-05,-3.867020161862911e-07
2029-09-07,3.013888888888889,0.8133472708299766,0.8133302818584166,0.8133375861086192,0.8133469459901803,-1.698897155999468e-05,-9.684721357428039e-06,-3.248397962840599e-07
2029-09-14,3.033333333333333,0.81230590068817,0.8122905269383548,0.812318215159828,0.8123056462866493,-1.5373749815195126e-05,1.2314471658059212e-05,-2.5440152073841205e-07
2029-09-21,3.0527777777777776,0.8112656627288694,0.8112507713580422,0.8112953442496953,0.8112654889736033,-1.4891370827108119e-05,2.9681520825941554e-05,-1.7375526606411285e-07
2029-09-28,3.0722222222222224,0.8102265497836733,0.8102043777069178,0.8102407520868509,0.8102264677885876,-2.2172076755477832e-05,1.420230317761284e-05,-8.199508561013147e-08
2029-10-05,3.091666666666667,0.809188554834763,0.8091593337490223,0.8091878509867871,0.8091885745071594,-2.9221085740771535e-05,-7.038479759025051e-07,1.9672396378567214e-08
2029-10-12,3.111111111111111,0.8081516710124038,0.8081156377434509,0.808136637919214,0.808151800745539,-3.603326895296188e-05,-1.5033093189842361e-05,1.2973313523456653e-07
2029-10-19,3.1305555555555555,0.8071158915924832,0.8070732879515442,0.8070871098597812,0.8071161383118797,-4.260364093899849e-05,-2.8781732702043428e-05,2.467193964683645e-07
2029-10-26,3.15,0.8060812099940892,0.8060322826368855,0.8060392637900661,0.806081579205182,-4.892735720363195e-05,-4.194620402309113e-05,3.6921109280996234e-07
2029-11-02,3.1694444444444443,0.8050476197771236,0.8049926200652978,0.8049930966975606,0.8050481156142136,-5.499971182576502e-05,-5.4523079562995846e-05,4.958370900531861e-07
2029-11-09,3.188888888888889,0.8040151146399535,0.8039542985048409,0.8039486055756593,0.8040157399164312,-6.081613511255135e-05,-6.650906429417347e-05,6.252764777059383e-07
2029-11-16,3.2083333333333335,0.802983688417098,0.8029173162258084,0.802905787423647,0.8029844446769067,-6.63721912895765e-05,-7.790099345095225e-05,7.562598086652272e-07
2029-11-23,3.227777777777778,0.8019533350769505,0.8018816715007253,0.8018646392466862,0.8019542226472585,-7.166357622523378e-05,-8.869583026438477e-05,8.875703079169739e-07
2029-11-30,3.2472222222222222,0.8009240487195359,0.8008473626043444,0.8008251580558042,0.8009250667645849,-7.668611519151547e-05,-9.889066373169886e-05,1.0180450489283288e-06
2029-12-07,3.2666666666666666,0.7998958235743026,0.7998143878136442,0.7997873408678821,0.7998969701504018,-8.143576065833269e-05,-0.00010848270642049851,1.1465760992868113e-06
2029-12-14,3.286111111111111,0.7988686539979472,0.7987827454078253,0.7987511847056408,0.7988699261095847,-8.590859012180818e-05,-0.00011746929230638248,1.272111637584672e-06
2029-12-21,3.3055555555555554,0.7978425344722739,0.7977524336683082,0.7977166865976303,0.7978439281293129,-9.01008039657647e-05,-0.00012584787464364755,1.3936570389949665e-06
2029-12-28,3.325,0.7968174596020859,0.7967234508787298,0.7966838435782164,0.7968189698780185,-9.400872335618704e-05,-0.00013361602386952054,1.510275932536942e-06
2030-01-04,3.3444444444444446,0.7957934241131089,0.7956957953249411,0.7956526526875689,0.7957950452043381,-9.762878816788056e-05,-0.00014077142554003164,1.6210912291425572e-06
2030-01-11,3.363888888888889,0.7947704228499466,0.7946694652950038,0.7946231109716495,0.7947721481360687,-0.00010095755494277103,-0.00014731187829708503,1.725286122078451e-06
2030-01-18,3.3833333333333333,0.7937484507740673,0.7936444590791882,0.7935952154821991,0.793750272879126,-0.00010399169487906867,-0.0001532352918681701,1.822105058724155e-06
2030-01-25,3.4027777777777777,0.7927275029618219,0.7926207749699696,0.7925689632767264,0.7927294138165072,-0.00010672799185229565,-0.00015853968509549343,1.9108546852608654e-06
2030-02-01,3.422222222222222,0.7917075746024911,0.7915984112620257,0.7915443514184951,0.7917095655072559,-0.00010916334046540133,-0.00016322318399597524,1.990904764825885e-06
2030-02-08,3.441666666666667,0.7906886609963631,0.790577366252234,0.7905213769765121,0.7906907226854313,-0.00011129474412918672,-0.0001672840198509995,2.061689068133532e-06
2030-02-15,3.4611111111111112,0.7896707575528411,0.7895576382396686,0.789500037025516,0.78967288025908,-0.0001131193131724828,-0.0001707205273251411,2.12270623889399e-06
2030-02-22,3.4805555555555556,0.788653859788578,0.7885392255255977,0.7884803286459636,0.788656033309212,-0.00011463426298030654,-0.00017353114261442482,2.1735206339190682e-06
2030-03-01,3.5,0.787637963325642,0.7875221264134806,0.7874622489240197,0.7876401770887775,-0.00011583691216132674,-0.00017571440162222896,2.213763135583413e-06
2030-03-08,3.5194444444444444,0.7866230638897072,0.7865063392089647,0.7864457949515438,0.7866253070216506,-0.00011672468074241937,-0.0001772689381633885,2.2431319434135233e-06
2030-03-15,3.5388888888888888,0.7856091573082751,0.7854918622198831,0.7854309638260782,0.7856114187016116,-0.00011729508839197766,-0.00017819348219683118,2.2613933364779015e-06
2030-03-22,3.558333333333333,0.7845962395089207,0.7844786937562515,0.7844177526508375,0.7845985078913366,-0.00011754575266920142,-0.0001784868580831933,2.268382415904213e-06
2030-03-29,3.577777777777778,0.7835843065175662,0.7834668321302651,0.7834061585346945,0.7835865705213875,-0.00011747438730103088,-0.0001781479828716348,2.264003821306204e-06
2030-04-05,3.5972222222222223,0.782573354456781,0.7824562756562968,0.7823961785921703,0.7825756026892052,-0.00011707880048417163,-0.00017717586461074575,2.248232424229002e-06
2030-04-12,3.6166666666666667,0.781563379544108,0.7814470226508929,0.7813878099434212,0.7815656006581077,-0.00011635689321509712,-0.00017556960068687566,2.221113999612001e-06
2030-04-19,3.636111111111111,0.7805543780904146,0.7804390714327719,0.7803810497142274,0.7805565608562878,-0.00011530665764269976,-0.00017332837618722063,2.1827658731599087e-06
2030-04-26,3.6555555555555554,0.7795463464982695,0.7794324203228201,0.7793758950359811,0.7795484798758177,-0.00011392617544936368,-0.00017045146228833463,2.133377548174664e-06
2030-05-03,3.675,0.7785392812603433,0.7784270676440904,0.778372343045675,0.7785413544716531,-0.00011221361625290971,-0.0001669382146682885,2.0732113097388094e-06
2030-05-10,3.6944444444444446,0.7775331789578354,0.7774230117217981,0.77737039088589,0.7775351815606419,-0.00011016723603729517,-0.00016278807194536338,2.0026028065833756e-06
2030-05-17,3.713888888888889,0.7765280362589221,0.7764202508833191,0.7763700357047837,0.7765299582205359,-0.00010778537560296453,-0.0001580005541383933,1.921961613859935e-06
2030-05-24,3.7333333333333334,0.7755238499172308,0.7754187834581865,0.7753712746560791,0.775525681689004,-0.00010506645904428957,-0.000152575261151644,1.8317717732641015e-06
2030-05-31,3.7527777777777778,0.7745206167703359,0.7744186077780881,0.7743741048990526,0.7745223493626497,-0.00010200899224777071,-0.0001465118712833391,1.7325923138411525e-06
2030-06-07,3.772222222222222,0.7735183337382786,0.7734197221768638,0.773378523598522,0.7735199587960304,-9.861156141477423e-05,-0.00013981013975661316,1.6250577518084341e-06
2030-06-14,3.7916666666666665,0.7725169978221084,0.7724221249905024,0.7723845279248358,0.7725185077006796,-9.487283160591886e-05,-0.00013246989727255798,1.5098785712819307e-06
2030-06-21,3.811111111111111,0.7715166061024468,0.771425814557139,0.7713921150538608,0.7715179939441328,-9.079154530777789e-05,-0.00012449104858591742,1.387841686018021e-06
2030-06-28,3.8305555555555557,0.7705171557380742,0.7704307892170522,0.770401282166971,0.7705184155489546,-8.63665210220077e-05,-0.00011587357110320884,1.2598108803940633e-06
2030-07-05,3.85,0.7695186439645367,0.7694370473126618,0.7694120264510356,0.7695197706917696,-8.15966518749045e-05,-0.00010661751350116155,1.1267272328474576e-06
2030-07-12,3.8694444444444445,0.7685210680927747,0.7684445871885252,0.7684243450984081,0.7685220577022958,-7.64809042494985e-05,-9.67229943665826e-05,9.896095211070488e-07
2030-07-19,3.888888888888889,0.7675244255077726,0.7674534071913351,0.7674382353069144,0.7675252750623808,-7.101831643741008e-05,-8.619020085820495e-05,8.49554608217673e-07
2030-07-26,3.908333333333333,0.7665287136672287,0.7664635056699172,0.7664536942798414,0.7665294214050399,-6.520799731157823e-05,-7.501938738729841e-05,7.077378111342014e-07
2030-08-02,3.9277777777777776,0.7655339301002463,0.7654748809752263,0.7654707192259258,0.7655344955134983,-5.904912501997206e-05,-6.321087432048511e-05,5.654132519961053e-07
2030-08-09,3.9472222222222224,0.7645400724060425,0.7644875314603445,0.7644893073593423,0.7645404963202345,-5.25409456979542e-05,-5.076504670020743e-05,4.2391419197151947e-07
2030-08-16,3.966666666666667,0.7635471382526795,0.7635014554804785,0.7635094558996925,0.7635474229060273,-4.5682772200961175e-05,-3.7682352986956325e-05,2.8465334778182694e-07
2030-08-23,3.986111111111111,0.7625551253758133,0.7625166513929561,0.7625311620719936,0.7625552744990053,-3.8473982857167854e-05,-2.396330381970735e-05,1.4912319201698665e-07
2030-08-30,4.0055555555555555,0.7615640315774618,0.7615331175572242,0.7615544231066665,0.7615640504736987,-3.0914020237582385e-05,-9.608470795230417e-06,1.889623690853881e-08
2030-09-06,4.025,0.7605738547247924,0.7605508523348454,0.7605792362395257,0.7605737503500939,-2.3002389947013313e-05,5.381514733282522e-06,-1.0437469855073545e-07
2030-09-13,4.044444444444444,0.759584592748927,0.7595698540894962,0.7596055987117667,0.7595843737926914,-1.4738659430801881e-05,2.100596283971523e-05,-2.1895623558698674e-07
2030-09-20,4.063888888888889,0.7585962436437659,0.7585901211869631,0.7586335077699553,0.7585959206095648,-6.122456802759579e-06,3.726412618942909e-05,-3.2303420105517233e-07
2030-09-27,4.083333333333333,0.7576088054648298,0.7575927239030953,0.7576351332828973,0.7576083902501549,-1.6081561734493377e-05,2.63278180675508e-05,-4.1521467486482777e-07
2030-10-04,4.102777777777778,0.7566222763281188,0.7565966380011109,0.756638107421746,0.7566217802866778,-2.563832700797075e-05,1.5831093627127757e-05,-4.960414410337677e-07
2030-10-11,4.122222222222222,0.7556366544089894,0.7556018617567998,0.7556424283202334,0.7556360878929161,-3.479265218964134e-05,5.773911244011387e-06,-5.665160732748475e-07
2030-10-18,4.141666666666667,0.7546519379410478,0.754608393448219,0.7546480941147325,0.7546513103414162,-4.3544492828839765e-05,-3.843826315241827e-06,-6.275996315974197e-07
2030-10-25,4.161111111111111,0.7536681252150612,0.7536162313556893,0.7536551029442542,0.7536674450028955,-5.1893859371876516e-05,-1.3022270807017122e-05,-6.802121657045745e-07
2030-11-01,4.180555555555555,0.7526852145778852,0.752625373761793,0.7526634529504426,0.7526844893456519,-5.984081609222702e-05,-2.17616274426069e-05,-7.2523223326737e-07
2030-11-08,4.2,0.7517032044314066,0.7516358189513698,0.751673142277572,0.7517024409349748,-6.738548003681899e-05,-3.0062153834609084e-05,-7.63496431743782e-07
2030-11-15,4.219444444444444,0.7507220932315047,0.750647565211515,0.7506841690725428,0.7507212974325584,-7.452801998975023e-05,-3.7924158961977206e-05,-7.957989462958892e-07
2030-11-22,4.238888888888889,0.7497418794870258,0.749660610831576,0.7496965314848776,0.7497410565959152,-8.126865544977324e-05,-4.534800214817114e-05,-8.22891110585644e-07
2030-11-29,4.258333333333334,0.7487625617587751,0.748674954103149,0.7487102276667176,0.748761716277793,-8.760765562609851e-05,-5.233409205751549e-05,-8.454809821145659e-07
2030-12-06,4.277777777777778,0.7477841386585236,0.7476905933200769,0.7477252557728188,0.7477832744255919,-9.354533844663226e-05,-5.888288570476963e-05,-8.642329316632669e-07
2030-12-13,4.2972222222222225,0.7468066088480295,0.7467075267784455,0.7467416139605477,0.7468057290807836,-9.90820695839778e-05,-6.499488748179516e-05,-8.797672459426309e-07
2030-12-20,4.316666666666666,0.7458299710380762,0.7457257527765812,0.7457593003898789,0.7458290783783322,-0.00010421826149509261,-7.067064819732405e-05,-8.92659744011759e-07
2030-12-27,4.336111111111111,0.7448542239875228,0.7447452696150474,0.7447783132233894,0.744853320546117,-0.00010895437247537831,-7.591076413338005e-05,-9.03441405797345e-07
2031-01-03,4.355555555555555,0.743879366502371,0.7437660755966423,0.7437986506262565,0.7438784539043559,-0.00011329090572864686,-8.071587611446773e-05,-9.125980150459512e-07
2031-01-10,4.375,0.7429053974348452,0.7427881690263953,0.742820310766253,0.7429044768650314,-0.00011722840844985427,-8.50866685921936e-05,-9.205698138226026e-07
2031-01-17,4.394444444444445,0.7419323156824879,0.7418115482115647,0.7418432918137442,0.7419313879313174,-0.00012076747092315543,-8.902386874365398e-05,-9.277511704430808e-07
2031-01-24,4.413888888888889,0.7409601201872666,0.740836211461634,0.7408675919416835,0.7409591856970084,-0.00012390872563261546,-9.252824558314554e-05,-9.344902582864023e-07
2031-01-31,4.433333333333334,0.739988809934698,0.7398621570883096,0.7398932093256093,0.739987868845949,-0.00012665284638835317,-9.560060908864187e-05,-9.410887489291753e-07
2031-02-07,4.4527777777777775,0.7390183839529814,0.7388893834055179,0.7389201421436404,0.7390174361514664,-0.00012900054746345369,-9.824180934092652e-05,-9.478015149388952e-07
2031-02-14,4.472222222222222,0.7380488413121493,0.7379178887294017,0.7379483885764733,0.7380478864758032,-0.00013095258274764543,-0.00010045273567604873,-9.548363461009401e-07
2031-02-21,4.491666666666666,0.7370801811232286,0.7369476713783182,0.7369779468073777,0.7370792187695526,-0.000132509744910414,-0.00010223431585087983,-9.623536759706397e-07
2031-02-28,4.511111111111111,0.7361124025374151,0.7359787296728351,0.7360088150221931,0.7361114320710946,-0.00013367286457999228,-0.00010358751522199228,-9.704663204157526e-07
2031-03-07,4.530555555555556,0.7351455047452621,0.7350110619357287,0.735040991409325,0.7351445255060339,-0.00013444280953334165,-0.00010451333593708423,-9.792392281493534e-07
2031-03-14,4.55,0.7341794869758791,0.7340446664919805,0.7340744741597415,0.7341784982866396,-0.00013482048389856782,-0.00010501281613761737,-9.886892394783686e-07
2031-03-21,4.569444444444445,0.7332143484961452,0.733079541668774,0.7331092614669689,0.7332133497112859,-0.0001348068273712144,-0.00010508702917633173,-9.987848592629689e-07
2031-03-28,4.588888888888889,0.7322500886099331,0.7321156857954922,0.7321453515270887,0.7322490791638948,-0.00013440281444088154,-0.0001047370828444194,-1.009446038313655e-06
2031-04-04,4.608333333333333,0.7312867066573452,0.731153097203715,0.7311827425387336,0.73128568611338,-0.00013360945363016796,-0.00010396411861157695,-1.0205439652244408e-06
2031-04-11,4.627777777777778,0.7303242020139625,0.7301917742272156,0.7302214327030839,0.7303231701130919,-0.0001324277867469359,-0.00010276931087860319,-1.0319008706405342e-06
2031-04-18,4.647222222222222,0.7293625740901042,0.7292317152019578,0.7292614202238639,0.7293615308002659,-0.00013085888814634572,-0.00010115386624032219,-1.043289838298378e-06
2031-04-25,4.666666666666667,0.7284018223300985,0.7282729184660939,0.7283027033073375,0.7284007678954695,-0.00012890386400465914,-9.911902276105167e-05,-1.0544346290553008e-06
2031-05-02,4.686111111111111,0.7274419462115658,0.7273153823599605,0.7273452801623059,0.7274408812020533,-0.00012656385160525474,-9.666604925984146e-05,-1.0650095124686842e-06
2031-05-09,4.705555555555556,0.7264829452447117,0.7263591052260768,0.7263891490001029,0.7264818706056021,-0.0001238400186348576,-9.379624460881253e-05,-1.0746391095883823e-06
2031-05-16,4.725,0.7255248189716321,0.7254040854091411,0.7254343080345913,0.725523736073388,-0.00012073356249098222,-9.051093704082191e-05,-1.082898244075814e-06
2031-05-23,4.7444444444444445,0.7245675669656282,0.7244503212560283,0.7244807554821597,0.7245664776538253,-0.00011724570959992242,-8.681148346845191e-05,-1.0893118028709736e-06
2031-05-30,4.763888888888889,0.7236111888305323,0.7234978111157863,0.7235284895617184,0.7236100954759257,-0.00011337771474606573,-8.269926881387946e-05,-1.0933546066294042e-06
2031-06-06,4.783333333333333,0.7226556842000451,0.7225465533396342,0.7225775084946964,0.7226545897487571,-0.0001091308604108665,-7.817570534873752e-05,-1.0944512880417534e-06
2031-06-13,4.802777777777778,0.7217010527370811,0.7215965462809588,0.7216278105050369,0.7216999607609011,-0.00010450645612225529,-7.324223204419056e-05,-1.091976179923293e-06
2031-06-20,4.822222222222222,0.7207472941331268,0.7206477882953118,0.7206793938191942,0.7207462088799154,-9.950583781492828e-05,-6.790031393255624e-05,-1.085253211408066e-06
2031-06-27,4.841666666666667,0.7197944081076066,0.7197002777404071,0.71973225666613,0.7197933345517942,-9.413036719951862e-05,-6.21514414765878e-05,-1.0735558124697064e-06
2031-07-04,4.861111111111111,0.7188423944072606,0.7187540129761177,0.7187863972773101,0.7188413383004327,-8.838143114286989e-05,-5.599712995052464e-05,-1.0561068278791552e-06
2031-07-11,4.8805555555555555,0.7178912528055299,0.7178089923644734,0.7178418138866998,0.717890220727092,-8.22604410565253e-05,-4.943891883013585e-05,-1.0320784379347359e-06
2031-07-18,4.9,0.7169409831019536,0.7168652142696571,0.7168985047307614,0.7169399825098657,-7.576883229654108e-05,-4.247837119220055e-05,-1.0005920879629926e-06
2031-07-25,4.919444444444444,0.7159915851215742,0.715922677058003,0.71595646804845,0.7159906244031479,-6.890806357118251e-05,-3.5117073124202314e-05,-9.607184263682456e-07
2031-08-01,4.938888888888889,0.7150430587143518,0.714981379097993,0.71501570208121,0.7150421472371028,-6.167961635883401e-05,-2.735663314179515e-05,-9.114772490104173e-07
2031-08-08,4.958333333333333,0.714095403754589,0.7140413187602541,0.7140762050729718,0.7140945519171361,-5.408499433490199e-05,-1.9198681617260682e-05,-8.518374529087325e-07
2031-08-15,4.977777777777778,0.7131486201403631,0.7131024944175556,0.7131379752701473,0.7131478394233678,-4.61257228074885e-05,-1.0644870215736901e-05,-7.807169952744886e-07
2031-08-22,4.997222222222222,0.7122027077929688,0.7121649044448064,0.7122010109216278,0.7122020108101058,-3.7803348162390726e-05,-1.6968713409948322e-06,-6.969828629799224e-07
2031-08-29,5.016666666666667,0.7112576666563677,0.7112285472190522,0.7112653102787789,0.7112570672053218,-2.911943731553901e-05,7.643622411235285e-06,-5.994510459128577e-07
2031-09-05,5.036111111111111,0.7103134966966494,0.710293421119472,0.710330871595438,0.7103130098101291,-2.0075577177425252e-05,1.7374898788502513e-05,-4.868865203233597e-07
2031-09-12,5.055555555555555,0.7093701979014978,0.7093595245273766,0.7093976931279101,0.709369839898261,-1.0673374121195067e-05,2.7495226412321827e-05,-3.5800323683332635e-07
2031-09-19,5.075,0.7084277702796681,0.7084268558262045,0.7084657731349648,0.7084275588155508,-9.144534636185142e-07,3.8002855296759286e-05,-2.114641173278642e-07
2031-09-26,5.094444444444444,0.707486213860471,0.7074791683072609,0.7075223620190046,0.707486167892978,-7.045553210072164e-06,3.614815853369979e-05,-4.596749292318236e-08
2031-10-03,5.113888888888889,0.7065455286932655,0.7065205812657317,0.7065705579875744,0.706545667076268,-2.494742753378354e-05,2.5029294308920313e-05,1.3838300250146318e-07
2031-10-10,5.133333333333334,0.7056057148469597,0.7055632930456482,0.7056198969522623,0.7056060551558064,-4.2421801311420815e-05,1.4182105302684711e-05,3.4030884676905515e-07
2031-10-17,5.152777777777778,0.7046667724095197,0.7046073018871941,0.7046703777452797,0.7046673309283253,-5.947052232557759e-05,3.6053357600485114e-06,5.585188056489443e-07
2031-10-24,5.1722222222222225,0.7037287014874851,0.7036526060329376,0.7037219991997428,0.7037294932330104,-7.60954545475645e-05,-6.70228774235504e-06,7.917455252526295e-07
2031-10-31,5.191666666666666,0.702791502205494,0.7026992037278276,0.7027747601496716,0.7027925409512368,-9.22984776664526e-05,-1.674205582247179e-05,1.038745742754088e-06
2031-11-07,5.211111111111111,0.7018551747058145,0.7017470932191916,0.7018286594299903,0.7018564730063032,-0.00010808148662289074,-2.6515275824201545e-05,1.2983004886724103e-06
2031-11-14,5.230555555555555,0.7009197191478834,0.7007962727567317,0.7008836958765272,0.700921288363169,-0.00012344639115169365,-3.602327135621142e-05,1.5692152856017216e-06
2031-11-21,5.25,0.6999851357078534,0.6998467405925213,0.6999398683260133,0.6999869860281905,-0.0001383951153320906,-4.526738184007506e-05,1.8503203371711407e-06
2031-11-28,5.269444444444445,0.6990514245781461,0.6988984949810024,0.6989971756160831,0.6990535650488586,-0.0001529295971436362,-5.424896206296381e-05,2.1404707125638467e-06
2031-12-05,5.288888888888889,0.698118585967014,0.6979515341789819,0.6980556165852737,0.6981210245135367,-0.00016705178803211318,-6.296938174032984e-05,2.4385465227094727e-06
2031-12-12,5.308333333333334,0.6971866200981075,0.6970058564456287,0.6971151900730246,0.6971893635512006,-0.0001807636524787659,-7.143002508291918e-05,2.743453093145831e-06
2031-12-19,5.3277777777777775,0.6962555272100499,0.6960614600424706,0.6961758949196776,0.6962585813311775,-0.00019406716757930376,-7.963229037233344e-05,3.0541211275547653e-06
2031-12-26,5.347222222222222,0.6953253075560197,0.6951183432333905,0.6952377299664758,0.6953286770628863,-0.0002069643226292328,-8.757758954391903e-05,3.3695068665240413e-06
2032-01-02,5.366666666666666,0.6943959614033388,0.694176504284624,0.6943006940555646,0.6943996499955798,-0.00021945711871484974,-9.526734777420831e-05,3.688592240980171e-06
2032-01-09,5.386111111111111,0.6934674890330673,0.6932359414647555,0.6933647860299899,0.6934714994180855,-0.00023154756831178513,-0.0001027030030774645,4.010385018182738e-06
2032-01-16,5.405555555555556,0.6925398907396058,0.6922966530447157,0.6924300047336988,0.692544224658549,-0.00024323769489009717,-0.0001098860059070006,4.333918943277837e-06
2032-01-23,5.425,0.6916131668303032,0.6913586372977779,0.6914963490115388,0.6916178250841772,-0.00025452953252524946,-0.00011681781876438091,4.6582538740791435e-06
2032-01-30,5.444444444444445,0.690687317625071,0.6904218924995549,0.6905638177092577,0.6906923001009818,-0.0002654251255160833,-0.00012349991581328545,4.98247591085299e-06
2032-02-06,5.463888888888889,0.6897623434560046,0.6894864169279963,0.6896324096735033,0.6897676491535251,-0.00027592652800834117,-0.000129933782501368,5.305697520441299e-06
2032-02-13,5.483333333333333,0.68883824466701,0.6885522088633843,0.6887021237518228,0.6888438717246648,-0.0002860358036257393,-0.00013612091518722114,5.627057654722378e-06
2032-02-20,5.502777777777778,0.6879150216134367,0.687619266588332,0.687772958792663,0.6879209673353002,-0.00029575502510470475,-0.0001420628207736696,5.945721863520603e-06
2032-02-27,5.522222222222222,0.6869926746617167,0.6866875883877789,0.6868449136453694,0.6869989355441202,-0.0003050862739377713,-0.0001477610163472809,6.260882403519297e-06
2032-03-05,5.541666666666667,0.6860712041890099,0.6857571725489883,0.685917987160186,0.6860777759473491,-0.0003140316400216392,-0.000153217028823871,6.5717583391800005e-06
2032-03-12,5.561111111111111,0.6851506105828546,0.6848280173615444,0.684992178188256,0.685157488178497,-0.00032259322131023005,-0.0001584323945986732,6.8775956423294815e-06
2032-03-19,5.580555555555556,0.6842308942408242,0.6839001211173489,0.6840674855816194,0.6842380719081075,-0.000330773123475292,-0.00016340865920472236,7.177667283309042e-06
2032-03-26,5.6,0.6833120555701889,0.6829734821106176,0.6831439081932149,0.683319526843508,-0.0003385734595713341,-0.00016814737697401494,7.471273319126226e-06
2032-04-02,5.6194444444444445,0.6823940949875841,0.6820480986378777,0.6822214448768781,0.6824018527285607,-0.00034599634970633453,-0.00017265011070599634,7.757740976610528e-06
2032-04-09,5.638888888888889,0.6814770129186835,0.6811239689979645,0.6813000944873417,0.6814850493434126,-0.00035304392071899837,-0.00017691843134171048,8.036424729129799e-06
2032-04-16,5.658333333333333,0.6805608097978776,0.6802010914920182,0.6803798558802353,0.6805691165042488,-0.0003597183058593467,-0.0001809539176422792,8.306706371197237e-06
2032-04-23,5.677777777777778,0.6796454860679582,0.6792794644234809,0.6794607279120847,0.6796540540630444,-0.000366021644477299,-0.00018475815587348787,8.56799508619499e-06
2032-04-30,5.697222222222222,0.6787310421798072,0.6783590860980934,0.6785427094403123,0.6787398619073179,-0.000371956081713809,-0.00018833273949492302,8.819727510767095e-06
2032-05-07,5.716666666666667,0.6778174785920912,0.677439954823892,0.6776257993232354,0.677826539959886,-0.0003775237681992172,-0.00019167926885577113,9.061367794771513e-06
2032-05-14,5.736111111111111,0.6769047957709621,0.6765220689112056,0.6767099964200677,0.6769140881786168,-0.0003827268597564881,-0.00019479935089439238,9.292407654681867e-06
2032-05-21,5.7555555555555555,0.67599299418976,0.6756054266726526,0.6757952995909174,0.6760025065561873,-0.0003875675171074455,-0.00019769459884255713,9.512366427322227e-06
2032-05-28,5.775,0.6750820743287245,0.6746900264231375,0.674881707696788,0.6750917951198383,-0.00039204790558700076,-0.00020036663193645499,9.72079111383195e-06
2032-06-04,5.794444444444444,0.6741720366747082,0.6737758664798481,0.6739692195995772,0.6741819539311317,-0.000396170194860046,-0.00020281707513092329,9.917256423519483e-06
2032-06-11,5.813888888888889,0.6732628817208967,0.6728629451622522,0.6730578341620767,0.673272983085708,-0.00039993655864445365,-0.00020504755882000403,1.0101364811387903e-05
2032-06-18,5.833333333333333,0.6723546099665324,0.6719512607920949,0.6721475502479725,0.6723648827130447,-0.0004033491744375173,-0.0002070597185599432,1.0272746512329789e-05
2032-06-25,5.852777777777778,0.6714472219166434,0.6710408116933947,0.6712383667218437,0.6714576529762158,-0.000406410223248721,-0.00020885519479973969,1.0431059572435508e-05
2032-07-02,5.872222222222222,0.670540718081777,0.6701315961924414,0.6703302824491629,0.6705512940716507,-0.0004091218893355064,-0.00021043563261402554,1.057598987375119e-05
2032-07-09,5.891666666666667,0.6696350989777375,0.6692236126177924,0.6694232962962955,0.6696458062288957,-0.0004114863599451457,-0.0002118026814420526,1.0707251158148523e-05
2032-07-16,5.911111111111111,0.6687303651253292,0.6683168593002697,0.6685174071304993,0.6687411897103738,-0.0004135058250595014,-0.00021295799482989874,1.0824585044533208e-05
2032-07-23,5.930555555555555,0.667826517050103,0.6674113345729573,0.6676126138199248,0.6678374448111484,-0.00041518247714567025,-0.0002139032301782251,1.0927761045387285e-05
2032-07-30,5.95,0.6669235552821072,0.6665070367711972,0.6667089152336134,0.6669345718586841,-0.00041651851091006886,-0.00021464004849380824,1.1016576576872161e-05
2032-08-06,5.969444444444444,0.6660214803556442,0.6656039642325873,0.6658063102414994,0.6660325712126117,-0.0004175161230569602,-0.000215170114144847,1.109085696748835e-05
2032-08-13,5.988888888888889,0.6651202928090293,0.6647021152969778,0.6649047977144072,0.6651314432644905,-0.00041817751205153186,-0.00021549509462204242,1.1150455461184094e-05
2032-08-20,6.008333333333334,0.6642199931843553,0.6638014883064682,0.6640043765240529,0.6642311884375747,-0.00041850487788708257,-0.0002156166603024534,1.1195253219353773e-05
2032-08-27,6.027777777777778,0.6633205820272604,0.6629020816054048,0.6631050455430424,0.6633318071865776,-0.00041850042185564984,-0.0002155364842180152,1.122515931717416e-05
2032-09-03,6.0472222222222225,0.6624220598867004,0.6620038935403766,0.6622068036448729,0.6624332999974387,-0.0004181663463238561,-0.00021525624182749947,1.1240110738275355e-05
2032-09-10,6.066666666666666,0.6615244273147249,0.6611069224602132,0.6613096497039307,0.66153566738709,-0.0004175048545117521,-0.00021477761079424784,1.1240072365081843e-05
2032-09-17,6.086111111111111,0.6606276848662577,0.6602111667159813,0.6604135825954918,0.6606389099032237,-0.0004165181502763238,-0.0002141022707659035,1.1225036966044932e-05
2032-09-24,6.105555555555555,0.65973183309888,0.6593166246609821,0.6595186011957217,0.6597430281240607,-0.00041520843789788486,-0.0002132319031582508,1.119502518076576e-05
2032-10-01,6.125,0.6588368725726191,0.6584232946507473,0.658624704381675,0.6588480226581197,-0.0004135779218717994,-0.00021216819094416195,1.1150085500566398e-05
2032-10-08,6.144444444444445,0.6579428038497398,0.6575311750430375,0.6577318910312945,0.6579538941439865,-0.0004116288067023133,-0.00021091281844531906,1.109029424672947e-05
2032-10-15,6.163888888888889,0.6570496274945394,0.6566402641978379,0.6568401600234116,0.6570606432500854,-0.00040936329670149263,-0.00020946747112782216,1.1015755545962236e-05
2032-10-22,6.183333333333334,0.6561573440731472,0.6557505604773561,0.6559495102377454,0.6561682706744488,-0.0004067835957910493,-0.0002078338354017939,1.0926601301641803e-05
2032-10-29,6.2027777777777775,0.6552659541533266,0.6548620622460187,0.6550599405549028,0.6552767771444916,-0.00040389190730782953,-0.00020601359842375988,1.0822991165060358e-05
2032-11-05,6.222222222222222,0.6543754583042812,0.6539747678704684,0.654171449856378,0.6543861634167808,-0.00040069043381285585,-0.0002040084479032478,1.0705112499564962e-05
2032-11-12,6.241666666666666,0.6534858570964658,0.6530886757195608,0.653284037024552,0.6534964302768119,-0.0003971813769050314,-0.00020182007191382745,1.0573180346140632e-05
2032-11-19,6.261111111111111,0.6525971511013976,0.6522037841643619,0.6523977009426924,0.6526075785387804,-0.0003933669370357329,-0.00019945015870515004,1.0427437382776183e-05
2032-11-26,6.280555555555556,0.6517093408914739,0.6513200915781446,0.6515124404949534,0.6517196090453586,-0.00038924931332928736,-0.00019690039652053848,1.0268153884718245e-05
2032-12-03,6.3,0.6508224270397925,0.6504375963363862,0.6506282545663749,0.65083252266747,-0.00038483070340633585,-0.0001941724734176864,1.0095627677508823e-05
2032-12-10,6.319444444444445,0.6499364101199732,0.6495562968167646,0.6497451420428824,0.6499463203040661,-0.0003801133032085291,-0.0001912680770908004,9.910184092909446e-06
2032-12-17,6.338888888888889,0.6490512907059861,0.6486761913991563,0.6488631018112867,0.649061002881903,-0.00037509930682977366,-0.0001881888946994037,9.712175916942734e-06
2032-12-24,6.358333333333333,0.6481670693719802,0.6477972784656328,0.6479821327592837,0.6481765713553196,-0.000369790906347367,-0.00018493661269647355,9.50198333937724e-06
2032-12-31,6.377777777777778,0.6472837466921169,0.6469195564004577,0.647102233775454,0.6472930267060159,-0.00036419029165912775,-0.00018151291666290703,9.280013898993467e-06
2033-01-07,6.397222222222222,0.6464013232404056,0.6460430235900839,0.6462234037492619,0.6464103699428322,-0.00035829965032163624,-0.00017791949114365213,9.046702426629416e-06
2033-01-14,6.416666666666667,0.6455197995905428,0.6451676784231506,0.6453456415710564,0.6455286021015291,-0.00035212116739224975,-0.0001741580194863923,8.802510986227752e-06
2033-01-21,6.436111111111111,0.6446391763157548,0.6442935192904802,0.6444689461320696,0.6446477242445677,-0.00034565702527467046,-0.00017023018368522713,8.547928812885353e-06
2033-01-28,6.455555555555556,0.6437594539886418,0.6434205445850752,0.6435933163244171,0.6437677374608923,-0.0003389094035665119,-0.0001661376642246859,8.283472250569801e-06
2033-02-04,6.475,0.6428806331810268,0.6425487527021163,0.6427187510410971,0.6428886428657112,-0.00033188047891052896,-0.00016188213992973655,8.00968468439578e-06
2033-02-11,6.4944444444444445,0.6420027144638065,0.6416781420389575,0.641845249175991,0.6420104416002802,-0.0003245724248490678,-0.00015746528781557245,7.72713647367862e-06
2033-02-18,6.513888888888889,0.6411256984068048,0.640808710995125,0.6409728096238618,0.6411331348316863,-0.00031698741167973665,-0.00015288878294295039,7.4364248815461664e-06
2033-02-25,6.533333333333333,0.6402495855786292,0.6399404579723136,0.6401014312803551,0.6402567237526324,-0.00030912760631562897,-0.00014815429827408355,7.138174003218367e-06
2033-03-04,6.552777777777778,0.6393743765465313,0.6390733813743832,0.6392311130419974,0.6393812095812216,-0.0003009951721480997,-0.00014326350453386372,6.833034690290063e-06
2033-03-11,6.572222222222222,0.6385000718762678,0.6382074796073567,0.6383618538061968,0.638506593560744,-0.000292592268911096,-0.0001382180700709723,6.5216844762350235e-06
2033-03-18,6.591666666666667,0.6376266721319659,0.6373427510794166,0.6374936524712422,0.6376328769594626,-0.00028392105254926303,-0.00013301966072365445,6.204827496691934e-06
2033-03-25,6.611111111111111,0.6367541778759912,0.6364791942009024,0.6366265079363033,0.6367600610704016,-0.0002749836750888246,-0.0001276699396879355,5.883194410416515e-06
2033-04-01,6.6305555555555555,0.6358825896688172,0.6356168073843071,0.6357604191014297,0.635888147211134,-0.00026578228451001884,-0.00012217056738750287,5.5575423167919524e-06
2033-04-08,6.65,0.6350119080688983,0.6347555890442752,0.6348953848675508,0.6350171367235701,-0.0002563190246230862,-0.00011652320134747374,5.228654671785016e-06
2033-04-15,6.669444444444444,0.634142133632545,0.6338955375975989,0.6340314041364762,0.6341470309737482,-0.0002465960349461449,-0.00011072949606882876,4.897341203236039e-06
2033-04-22,6.688888888888889,0.6332732669138024,0.6330366514632154,0.6331684758108937,0.6332778313516247,-0.00023661545058695221,-0.00010479110290861904,4.5644378223741455e-06
2033-04-29,6.708333333333333,0.6324053084643292,0.6321789290622046,0.632306598794371,0.6324095392708649,-0.00022637940212455465,-9.870966995817465e-05,4.230806535665543e-06
2033-05-06,6.727777777777778,0.6315382588332814,0.6313223688177853,0.6314457719913534,0.6315421561686348,-0.00021589001549615627,-9.248684192797452e-05,3.897335353442166e-06
2033-05-13,6.747222222222222,0.6306721185671974,0.630466969155313,0.630585994307165,0.6306756835053956,-0.00020514941188443103,-8.612426003240525e-05,3.564938198197254e-06
2033-05-20,6.766666666666667,0.6298068882098848,0.6296127285022766,0.6297272646480073,0.6298101227646946,-0.00019415970760827683,-7.962356187751762e-05,3.2345548097723054e-06
2033-05-27,6.786111111111111,0.6289425683023111,0.6287596452882956,0.6288695819209595,0.6289454754529618,-0.00018292301401545696,-7.298638135155855e-05,2.907150650655055e-06
2033-06-03,6.805555555555555,0.628079159382495,0.6279077179451176,0.6280129450339782,0.6280817430993034,-0.00017144143737746198,-6.621434851683539e-05,2.583716808390868e-06
2033-06-10,6.825,0.6272166619854013,0.6270569449066146,0.6271573528958961,0.6272189272552988,-0.00015971707878670305,-5.930908950513292e-05,2.2652698975500485e-06
2033-06-17,6.844444444444444,0.6263550766428373,0.6262073246087809,0.626302804416423,0.6263570294947962,-0.00014775203405636983,-5.2272226414240563e-05,1.952851958919588e-06
2033-06-24,6.863888888888889,0.6254944038833519,0.6253588554897298,0.6254492985061445,0.6254960514137109,-0.00013554839362206472,-4.510537720736618e-05,1.6475303590279822e-06
2033-07-01,6.883333333333334,0.624634644232136,0.6245115359896911,0.6245968340765218,0.6246359946298229,-0.0001231082424448804,-3.781015561421519e-05,1.350397686894489e-06
2033-07-08,6.902777777777778,0.6237757982109265,0.6236653645510075,0.623745410039892,0.6237768607825762,-0.0001104336599190292,-3.038817103451219e-05,1.0625716496681648e-06
2033-07-15,6.9222222222222225,0.6229178663379106,0.6228203396181327,0.6228950253094668,0.6229186515328783,-9.752671977791838e-05,-2.2841028443743028e-05,7.851949677117886e-07
2033-07-22,6.941666666666666,0.6220608491276335,0.6219764596376278,0.6220456787993329,0.6220613685629012,-8.43894900056652e-05,-1.5170328300562197e-05,5.194352676873848e-07
2033-07-29,6.961111111111111,0.6212047470909081,0.6211337230581588,0.6211973694244513,0.6212050135758821,-7.102403274927838e-05,-7.377666456864773e-06,2.664849739764108e-07
2033-08-05,6.980555555555555,0.6203495607347256,0.6202921283304937,0.6203500961006568,0.6203495882959262,-5.7432404231838596e-05,5.353659312534731e-07,2.7561200655057405e-08
2033-08-12,7.0,0.6194952905621696,0.6194516739074994,0.6195038577446581,0.6194950944678091,-4.361665467011999e-05,8.56718248853916e-06,-1.960943604162324e-07
2033-08-19,7.019444444444445,0.6186419370723305,0.6186123582441393,0.6186586532740374,0.6186415338567814,-2.957882819121238e-05,1.6716201706845624e-05,-4.0321554906075363e-07
2033-08-26,7.038888888888889,0.617789500760224,0.6177741797974701,0.6178144816072494,0.6177889082483718,-1.5320962753917478e-05,2.4980847025402042e-05,-5.925118521377115e-07
2033-09-02,7.058333333333334,0.6169379821167086,0.616937137026639,0.6169713416636219,0.616937219448194,-8.450900695899932e-07,3.3359546913303006e-05,-7.62668514564524e-07
2033-09-09,7.0777777777777775,0.616087381628408,0.6161012283928812,0.6161292323633547,0.616086469281752,1.3846764473135487e-05,4.185073494666902e-05,-9.123466560012616e-07
2033-09-16,7.097222222222222,0.6152376997776331,0.6152664523595166,0.6152881526275196,0.615236659594247,2.87525818835066e-05,5.045284988647314e-05,-1.0401833860917975e-06
2033-09-23,7.116666666666666,0.6143889370423068,0.6144241754742537,0.6144451080462271,0.6143877922414889,3.523843194686016e-05,5.6171003920302276e-05,-1.144800817920455e-06
2033-09-30,7.136111111111111,0.6135410938958908,0.6135615019122255,0.6135955893000974,0.6135398683223556,2.0408016334627632e-05,5.449540420654486e-05,-1.2255735352129093e-06
2033-10-07,7.155555555555556,0.612694170807313,0.6127000395747947,0.6127470686467329,0.6126928875812735,5.868767481653769e-06,5.2897839419863146e-05,-1.2832260395390094e-06
2033-10-14,7.175,0.6118481682408984,0.6118397867613588,0.6118995451942112,0.6118468496305637,-8.381479539631975e-06,5.137695331280945e-05,-1.3186103346995992e-06
2033-10-21,7.194444444444445,0.6110030866562997,0.6109807417737024,0.6110530180509827,0.611001754089217,-2.2344882597225002e-05,4.9931394683011554e-05,-1.332567082679148e-06
2033-10-28,7.213888888888889,0.6101589265084314,0.6101229029159952,0.6102074863258709,0.6101576005828421,-3.602359243615183e-05,4.8559817439453035e-05,-1.325925589323873e-06
2033-11-04,7.233333333333333,0.6093156882474042,0.6092662684947874,0.609362949128073,0.6093143887436133,-4.941975261685272e-05,4.726088066875356e-05,-1.299503790908041e-06
2033-11-11,7.252777777777778,0.6084733723184622,0.6084108368190068,0.6085194055671606,0.6084721182102184,-6.253549945545167e-05,4.603324869834058e-05,-1.2541082438088935e-06
2033-11-18,7.272222222222222,0.6076319791619205,0.6075566061999559,0.6076768547530802,0.6076307886278076,-7.537296196458154e-05,4.487559115973205e-05,-1.1905341128493063e-06
2033-11-25,7.291666666666667,0.6067915092131052,0.606703574951308,0.6068352957961534,0.606790399647941,-8.793426179720676e-05,4.3786583048155414e-05,-1.109565164192361e-06
2033-12-02,7.311111111111111,0.605951962902295,0.6058517413891039,0.6059947278070775,0.6059509509285388,-0.00010022151319111217,4.276490478249961e-05,-1.0119737562375164e-06
2033-12-09,7.330555555555556,0.6051133406546638,0.6050011038317492,0.6051551498969263,0.6051124421338284,-0.00011223682291461312,4.180924226249161e-05,-8.985208354017615e-07
2033-12-16,7.35,0.6042756428902251,0.60415166060001,0.6043165611771503,0.6042748729342949,-0.00012398229021504115,4.0918286925206715e-05,-7.699559301244108e-07
2033-12-23,7.3694444444444445,0.6034388700237776,0.6033034100170105,0.6034789607595771,0.6034382430066295,-0.00013546000676711856,4.0090735799469535e-05,-6.270171480915465e-07
2033-12-30,7.388888888888889,0.6026030224648536,0.602456350408229,0.6026423477564123,0.6026025520336794,-0.00014667205662466376,3.932529155870057e-05,-4.704311742376177e-07
2034-01-06,7.408333333333333,0.6017681006176668,0.601610480101495,0.6018067212802398,0.6017677997043971,-0.00015762051617185246,3.862066257298569e-05,-3.009132697462391e-07
2034-01-13,7.427777777777778,0.6009341048810626,0.6007657974269859,0.6009720804440223,0.6009339857137899,-0.00016830745407669934,3.797556295970228e-05,-1.191672727163251e-07
2034-01-20,7.447222222222222,0.6001010356484703,0.5999223007172234,0.6001384243611014,0.6001011097628711,-0.00017873493124687112,3.738871263114785e-05,7.411440083870957e-08
2034-01-27,7.466666666666667,0.5992688933078555,0.5990799883070707,0.5993057521451989,0.5992691715586086,-0.00018890500078483363,3.6858837343389794e-05,2.782507531051692e-07
2034-02-03,7.486111111111111,0.5984376782416749,0.5982388585337284,0.5984740629104167,0.5984381708138766,-0.00019881970794655146,3.638466874178459e-05,4.925722016935197e-07
2034-02-10,7.5055555555555555,0.5976073908268322,0.5973989097367322,0.5976433557712376,0.597608107247405,-0.00020848109010007665,3.596494440538667e-05,7.164205727550055e-07
2034-02-17,7.525,0.596778031434634,0.5965601402579489,0.5968136298425253,0.5967789805837309,-0.00021789117668513658,3.559840789124635e-05,9.491490968738248e-07
2034-02-24,7.544444444444444,0.5959496004307497,0.5957225484415737,0.5959848842395257,0.5959507905531494,-0.00022705198917605252,3.528380877593218e-05,1.1901223996302335e-06
2034-03-03,7.563888888888889,0.59512209817517,0.594886132634126,0.5951571180778663,0.5951235368916642,-0.00023596554104399203,3.5019902696276084e-05,1.4387164941620512e-06
2034-03-10,7.583333333333333,0.5942955250221681,0.5940508911844475,0.5943303304735581,0.5942972193409395,-0.0002446338377205537,3.480545139000757e-05,1.6943187713946983e-06
2034-03-17,7.602777777777778,0.5934698813202618,0.5932168224436977,0.5935045205429946,0.593471837648251,-0.0002530588765641273,3.463922273283515e-05,1.956327989161011e-06
2034-03-24,7.622222222222222,0.5926451674121771,0.5923839247653511,0.5926796874029535,0.5926473915664378,-0.00026124264682603204,3.451999077641599e-05,2.2241542606549203e-06
2034-03-31,7.641666666666667,0.5918213836348122,0.5915521965051941,0.5918558301705961,0.5918238808538541,-0.0002691871296180981,3.4446535783883014e-05,2.497219041885934e-06
2034-04-07,7.661111111111111,0.5909985303192036,0.5907216360213217,0.5910329479634691,0.5910013052743212,-0.00027689429788191333,3.4417644265483105e-05,2.774955117579303e-06
2034-04-14,7.680555555555555,0.5901766077904931,0.5898922416741343,0.5902110398995035,0.5901796645970798,-0.0002843661163587363,3.443210901044047e-05,3.0568065867431216e-06
2034-04-21,7.7,0.5893556163678955,0.589064011826334,0.5893901050970165,0.5893589585967424,-0.0002916045415614077,3.448872912104051e-05,3.3422288469031614e-06
2034-04-28,7.719444444444444,0.5885355563646676,0.5882369448429221,0.5885701426747113,0.5885391870532454,-0.00029861152174548433,3.458631004371604e-05,3.6306885777825926e-06
2034-05-05,7.738888888888889,0.5877164280880794,0.5874110390911953,0.5877511517516772,0.5877203497518024,-0.00030538899688414833,3.47236635978021e-05,3.921663722983304e-06
2034-05-12,7.758333333333334,0.5868982318393843,0.5865862929407425,0.5869331314473915,0.586902446482857,-0.0003119388986417837,3.4899608007177285e-05,4.214643472777446e-06
2034-05-19,7.777777777777778,0.5860809679137924,0.5857627047634422,0.5861160808817178,0.5860854770420361,-0.00031826315035021757,3.511296792546581e-05,4.509128243679328e-06
2034-05-26,7.7972222222222225,0.5852646366004437,0.5849402729334584,0.5852999991749087,0.5852694412301017,-0.0003243636669852945,3.536257446501434e-05,4.804629658017312e-06
2034-06-02,7.816666666666666,0.5844492381823824,0.5841189958272383,0.5844848854476049,0.584454338852907,-0.00033024235514411693,3.564726522253814e-05,5.100670524615936e-06
2034-06-09,7.836111111111111,0.5836347729365329,0.5832988718235079,0.5836707388208356,0.5836401697213479,-0.00033590111302495007,3.5965884302768814e-05,5.396784815037137e-06
2034-06-16,7.855555555555555,0.5828212411336764,0.5824798993032704,0.5828575584160202,0.5828269336513174,-0.00034134183040601673,3.631728234376741e-05,5.692517641042727e-06
2034-06-23,7.875,0.582008643038428,0.5816620766498015,0.5820453433549674,0.5820146304636603,-0.00034656638862651246,3.670031653935091e-05,5.987425232278909e-06
2034-06-30,7.894444444444445,0.581196978909216,0.5808454022486471,0.5812340927598764,0.5812032599841264,-0.00035157666056884196,3.711385066040851e-05,6.28107491040808e-06
2034-07-07,7.913888888888889,0.5803862489982605,0.5800298744876199,0.5804238057533372,0.5803928220433253,-0.0003563745106406335,3.755675507666201e-05,6.573045064794947e-06
2034-07-14,7.933333333333334,0.5795764535515551,0.5792154917567959,0.5796144814583312,0.5795833164766814,-0.0003609617947591959,3.802790677609469e-05,6.862925126305264e-06
2034-07-21,7.9527777777777775,0.578767592808847,0.5784022524485117,0.5788061189982314,0.5787747431243879,-0.0003653403603353089,3.852618938438024e-05,7.150315540882524e-06
2034-07-28,7.972222222222222,0.5779596670036203,0.5775901549573612,0.577998717496803,0.577967101831362,-0.00036951204625912393,3.9050493182646306e-05,7.43482774168136e-06
2034-08-04,7.991666666666666,0.5771526763630789,0.576779197680192,0.5771922760782038,0.5771603924472003,-0.00037347868288684083,3.959971512490501e-05,7.716084121422995e-06
2034-08-11,8.011111111111111,0.5763466211081305,0.5759693790161031,0.5763867938669849,0.5763546148261336,-0.00037724209202738557,4.0172758854373214e-05,7.993718003085348e-06
2034-08-18,8.030555555555555,0.5755415014533717,0.5751606973664407,0.5755822699880907,0.5755497688269824,-0.0003808040869309748,4.076853471901565e-05,8.267373610704176e-06
2034-08-25,8.05,0.5747373176070742,0.5743531511347958,0.57477870356686,0.5747458543131131,-0.0003841664722784577,4.1385959785755766e-05,8.536706038841935e-06
2034-09-01,8.069444444444445,0.5739340697711711,0.5735467387270009,0.5739760937290258,0.5739428711523934,-0.0003873310441702138,4.20239578546866e-05,8.801381222278692e-06
2034-09-08,8.088888888888889,0.5731317581412446,0.5727414585511267,0.5731744396007161,0.5731408192171481,-0.00039029959011793736,4.2681459471505256e-05,9.061075903482596e-06
2034-09-15,8.108333333333333,0.5723303829065141,0.571937309017479,0.5723737403084544,0.5723396983841157,-0.00039307388903508933,4.3357401940391505e-05,9.315477601634647e-06
2034-09-22,8.127777777777778,0.571529944249826,0.5711342885385955,0.5715739949791602,0.5715395085344044,-0.0003956557112304582,4.405072933422183e-05,9.564284578433835e-06
2034-09-29,8.147222222222222,0.5707304423476428,0.5703323955292429,0.5707752027401488,0.570740249553449,-0.00039804681839994416,4.476039250600472e-05,9.807205806233732e-06
2034-10-06,8.166666666666666,0.5699318773700351,0.5695316284064136,0.5699773627191329,0.5699419213309675,-0.00040024896362156337,4.548534909776247e-05,1.0043960932404339e-05
2034-10-13,8.186111111111112,0.5691342494806716,0.5687319855893226,0.5691804740442217,0.5691445237609178,-0.0004022638913490084,4.622456355007909e-05,1.0274280246247436e-05
2034-10-20,8.205555555555556,0.5683375588368125,0.5679334654994042,0.5683845358439226,0.568348056741455,-0.00040409333740831777,4.6977007110093894e-05,1.0497904642581268e-05
2034-10-27,8.225,0.5675418055893022,0.5671360665603093,0.567589547247141,0.5675525201748888,-0.0004057390289928797,4.774165783871798e-05,1.0714585586546477e-05
2034-11-03,8.244444444444444,0.5667469898825628,0.5663397871979021,0.5667955073831806,0.56675791396764,-0.0004072026846606569,4.851750061785065e-05,1.0924085077190782e-05
2034-11-10,8.26388888888889,0.5659531118545887,0.5655446258402566,0.5660024153817445,0.5659642380301996,-0.0004084860143321878,4.9303527155708515e-05,1.1126175610831623e-05
2034-11-17,8.283333333333333,0.5651601716369422,0.5647505809176542,0.5652102703729349,0.565171492277086,-0.00040959071928803326,5.009873599270964e-05,1.132064014375267e-05
2034-11-24,8.302777777777777,0.5643681693547484,0.56395765086258,0.5644190714872541,0.5643796766268017,-0.0004105184921684435,5.090213250569242e-05,1.1507272053234985e-05
2034-12-01,8.322222222222223,0.5635771051266929,0.56316583410972,0.5636288178556043,0.5635887910017938,-0.0004112710169729139,5.171272891135725e-05,1.1685875100919674e-05
2034-12-08,8.341666666666667,0.5627869790650181,0.5623751290959581,0.5628395086092891,0.5627988353284106,-0.00041184996905996307,5.252954427104051e-05,1.1856263392506783e-05
2034-12-15,8.36111111111111,0.5619977912755216,0.5615855342603728,0.5620511428800129,0.5620098095368603,-0.0004122570151487981,5.335160449126963e-05,1.2018261338675451e-05
2034-12-22,8.380555555555556,0.5612095418575542,0.5607970480442339,0.5612637197998817,0.5612217135611707,-0.00041249381332031376,5.41779423274269e-05,1.2171703616448148e-05
2034-12-29,8.4,0.5604222309040201,0.5600096688910002,0.5604772385014037,0.5604345473391468,-0.00041256201301986817,5.500759738363836e-05,1.2316435126669134e-05
2035-01-05,8.419444444444444,0.5596358585013751,0.5592233952463157,0.5596916981174898,0.5596483108123309,-0.0004124632550593921,5.583961611466126e-05,1.2452310955812784e-05
2035-01-12,8.438888888888888,0.5588504247296284,0.5584382255580067,0.5589070977814533,0.558863003925961,-0.0004121991716217188,5.66730518248848e-05,1.2579196332573872e-05
2035-01-19,8.458333333333334,0.558065929662343,0.5576541582760789,0.5581234366270112,0.5580786266289305,-0.000411771386264137,5.750696466821914e-05,1.269696658745545e-05
2035-01-26,8.477777777777778,0.5572823733666377,0.5568711918527143,0.5573407137882848,0.5572951788737484,-0.00041118151392338653,5.8340421647096186e-05,1.2805507110691394e-05
2035-02-02,8.497222222222222,0.5564997559031883,0.5560893247422679,0.5565589283997986,0.5565126606164978,-0.0004104311609204325,5.917249661024915e-05,1.2904713309502824e-05
2035-02-09,8.516666666666667,0.5557180773262317,0.5553085554012649,0.5557780795964824,0.5557310718167969,-0.0004095219249667936,6.000227025071414e-05,1.2994490565243488e-05
2035-02-16,8.536111111111111,0.5549373376835682,0.5545288822883979,0.5549981665136713,0.554950412437759,-0.00040845539517031515,6.082883010305462e-05,1.3074754190767202e-05
2035-02-23,8.555555555555555,0.5541575370165659,0.5537503038645233,0.5542191882871054,0.554170682445952,-0.00040723315204260757,6.165127053947561e-05,1.3145429386129948e-05
2035-03-02,8.575,0.5533786753601647,0.5529728185926583,0.5534411440529309,0.5533918818113597,-0.000405856767506374,6.246869276615996e-05,1.3206451194958113e-05
2035-03-09,8.594444444444445,0.5526007527428819,0.5521964249379785,0.5526640329477006,0.552614010507342,-0.0004043278049034038,6.328020481871643e-05,1.325776446015059e-05
2035-03-16,8.613888888888889,0.5518237691868173,0.5514211213678142,0.5518878541083738,0.5518370685105963,-0.0004026478190031213,6.408492155651757e-05,1.3299323779025762e-05
2035-03-23,8.633333333333333,0.5510477247076586,0.5506469063516476,0.5511126066723173,0.5510610558011175,-0.00040081835601102345,6.488196465870288e-05,1.333109345891259e-05
2035-03-30,8.652777777777779,0.5502726193146892,0.5498737783611098,0.5503382897773054,0.55028597236216,-0.000398840953579338,6.567046261618525e-05,1.3353047470854307e-05
2035-04-06,8.672222222222222,0.5494984530107941,0.5491017358699781,0.5495649025615202,0.5495118181801992,-0.0003967171408160164,6.644955072609982e-05,1.3365169405088473e-05
2035-04-13,8.691666666666666,0.5487252257924679,0.5483307773541723,0.5487924441635527,0.548738593244892,-0.0003944484382955027,6.721837108480955e-05,1.336745242419557e-05
2035-04-20,8.71111111111111,0.5479529376498224,0.5475609012917524,0.5480209137224027,0.5479662975490396,-0.0003920363580700581,6.797607258024474e-05,1.3359899217135762e-05
2035-04-27,8.730555555555556,0.547181588566596,0.5467921061629146,0.5472503103774788,0.5471949310885483,-0.0003894824036814182,6.872181088279916e-05,1.3342521952286468e-05
2035-05-04,8.75,0.5464111785201612,0.5460243904499898,0.5464806332686003,0.5464244938623933,-0.00038678807017134,6.945474843911281e-05,1.3315342232145255e-05
2035-05-11,8.769444444444444,0.5456417074815347,0.5452577526374393,0.5457118815359957,0.5456549858725789,-0.00038395484409547986,7.017405446096969e-05,1.3278391044146964e-05
2035-05-18,8.78888888888889,0.5448731754153875,0.5444921912118521,0.5449440543203046,0.5448864071241019,-0.00038098420353538387,7.087890491708215e-05,1.3231708714367407e-05
2035-05-25,8.808333333333334,0.5441055822800545,0.5437277046619426,0.5441771507625773,0.5441187576249146,-0.0003778776181118104,7.156848252287684e-05,1.3175344860116844e-05
2035-06-01,8.827777777777778,0.5433389280275452,0.542964291478547,0.5434111700042756,0.5433520373858867,-0.00037463654899827503,7.224197673039168e-05,1.3109358341423238e-05
2035-06-08,8.847222222222221,0.5425732126035557,0.5422019501546198,0.5426461111872731,0.5425862464207686,-0.0003712624489359273,7.289858371739566e-05,1.3033817212848575e-05
2035-06-15,8.866666666666667,0.5418084359474789,0.5414406791852321,0.5418819734538555,0.541821384746155,-0.00036775676224676257,7.353750637661971e-05,1.2948798676193363e-05
2035-06-22,8.886111111111111,0.541044597992417,0.5406804770675677,0.5411187559467211,0.5410574523814472,-0.00036412092484927605,7.415795430409933e-05,1.2854389030203528e-05
2035-06-29,8.905555555555555,0.5402816986651945,0.5399213423009207,0.5403564578089813,0.5402944493488174,-0.0003603563642737839,7.475914378685111e-05,1.275068362294185e-05
2035-07-06,8.925,0.5395197378863692,0.5391632733866917,0.5395950781841606,0.5395323756731718,-0.00035646449967752236,7.534029779143747e-05,1.2637786802605078e-05
2035-07-13,8.944444444444445,0.5387587155702468,0.5384062688283858,0.538834616216198,0.5387712313821149,-0.0003524467418609678,7.590064595119905e-05,1.2515811868119009e-05
2035-07-20,8.963888888888889,0.537998631624894,0.5376503271316094,0.538075071049446,0.5380110165059133,-0.00034830449328460134,7.643942455193287e-05,1.2384881019289473e-05
2035-07-27,8.983333333333333,0.5372394859521515,0.5368954468040665,0.5373164418286719,0.5372517310774594,-0.0003440391480850069,7.695587652034597e-05,1.2245125307841498e-05
2035-08-03,9.002777777777778,0.5364812784476493,0.5361416263555568,0.5365587276990581,0.5364933751322365,-0.00033965209209241287,7.74492514088454e-05,1.2096684587237228e-05
2035-08-10,9.022222222222222,0.5357240090008202,0.5353888642979723,0.5358019278062026,0.5357359487082829,-0.00033514470284790043,7.791880538243756e-05,1.1939707462715887e-05
2035-08-17,9.041666666666666,0.5349676774949156,0.534637159145294,0.5350460412961189,0.5349794518461565,-0.0003305183496216113,7.836380120329611e-05,1.1774351240889658e-05
2035-08-24,9.061111111111112,0.53421228380702,0.5338865094135894,0.5342910673152369,0.5342238845889,-0.0003257743934306223,7.878350821688418e-05,1.1600781880005684e-05
2035-08-31,9.080555555555556,0.5334578278080666,0.5331369136210099,0.5335370050104028,0.5334692469820058,-0.00032091418705670893,7.917720233618919e-05,1.1419173939208882e-05
2035-09-07,9.1,0.5327043093628537,0.5323883702877872,0.5327838535288801,0.5327155390733811,-0.0003159390750665514,7.95441660264018e-05,1.1229710527360659e-05
2035-09-14,9.119444444444444,0.5319517283300605,0.5316408779362304,0.5320316120183498,0.5319627609133132,-0.00031085039383016433,7.988368828926173e-05,1.1032583252634787e-05
2035-09-21,9.13888888888889,0.5312000845622631,0.5308944350907238,0.5312802796269103,0.5312109125544352,-0.00030564947153932653,8.019506464718162e-05,1.0827992172113277e-05
2035-09-28,9.158333333333333,0.5304493779059521,0.5301490402777232,0.5305298555030784,0.5304599940516923,-0.0003003376282288972,8.047759712626057e-05,1.061614574016101e-05
2035-10-05,9.177777777777777,0.5296996082015498,0.5294046920257535,0.5297803387957893,0.5297100054623065,-0.00029491617579635587,8.073059423951978e-05,1.0397260756689342e-05
2035-10-12,9.197222222222223,0.5289507752834264,0.5286613888654054,0.5290317286543975,0.5289609468457438,-0.0002893864180210093,8.095337097113742e-05,1.0171562317418115e-05
2035-10-19,9.216666666666667,0.5282028789799189,0.5279191293293327,0.5282840242286764,0.5282128182636798,-0.00028374965058619583,8.114524875746376e-05,9.939283760918016e-06
2035-10-26,9.23611111111111,0.5274559191133484,0.52717791195225,0.5275372246688195,0.5274656197799664,-0.00027800716109849244,8.130555547103402e-05,9.70066661798441e-06
2035-11-02,9.255555555555556,0.5267098955000385,0.526437735270928,0.52679132912544,0.5267193514605982,-0.00027216022911058513,8.143362540147248e-05,9.4559605596789e-06
2035-11-09,9.275,0.5259648079503341,0.5256985978241931,0.5260463367495719,0.5259740133736797,-0.00026621012614092,8.152879923783996e-05,9.205423345592934e-06
2035-11-16,9.294444444444444,0.5252206562686194,0.5249604981529227,0.5253022466926701,0.5252296055893916,-0.0002601581156966848,8.159042405075922e-05,8.949320772222435e-06
2035-11-23,9.313888888888888,0.5244774402533374,0.5242234348000425,0.5245590581066105,0.5244861281799587,-0.0002540054532949032,8.161785327309712e-05,8.687926621231412e-06
2035-11-30,9.333333333333334,0.5237351596970095,0.5234874063105245,0.5238167701436909,0.5237435812196163,-0.00024775338648497236,8.161044668142381e-05,8.42152260682738e-06
2035-12-07,9.352777777777778,0.5229938143862541,0.5227524112313836,0.5230753819566308,0.5230019647845787,-0.0002414031548705342,8.156757037669493e-05,8.150398324580088e-06
2035-12-14,9.372222222222222,0.5222534041018074,0.5220184481116745,0.5223348926985726,0.5222612789530059,-0.00023495599013290125,8.148859676515574e-05,7.874851198463872e-06
2035-12-21,9.391666666666667,0.5215139286185422,0.521285515502489,0.5215953015230806,0.5215215238049719,-0.00022841311605314996,8.137290453846813e-05,7.595186429676382e-06
2035-12-28,9.411111111111111,0.5207753877054894,0.5205536119569537,0.5208566075841435,0.5207826994224326,-0.0002217757485356575,8.121987865417069e-05,7.311716943236846e-06
2036-01-04,9.430555555555555,0.5200377811258574,0.5198227360302262,0.5201188100361724,0.5200448058891941,-0.00021504509563119445,8.102891031502857e-05,7.024763336693773e-06
2036-01-11,9.45,0.519301108637053,0.5190928862794928,0.5193819080340029,0.5193078432908808,-0.00020822235756023932,8.079939694982663e-05,6.7346538277224255e-06
2036-01-18,9.469444444444445,0.5185653699907025,0.5183640612639657,0.5186459007328942,0.5185718117149035,-0.0002013087267367375,8.053074219172007e-05,6.441724201056154e-06
2036-01-25,9.488888888888889,0.517830564932673,0.51763625954488,0.5179107872885312,0.5178367112504295,-0.00019430538779297013,8.022235585825044e-05,6.146317756527964e-06
2036-02-01,9.508333333333333,0.5170966932030928,0.5169094796854908,0.5171765668570228,0.5171025419883498,-0.00018721351760198068,7.987365393002932e-05,5.8487852570010546e-06
2036-02-08,9.527777777777779,0.5163637545363736,0.5161837202510703,0.5164432385949039,0.5163693040212489,-0.0001800342853033321,7.948405853031026e-05,5.549484875300159e-06
2036-02-15,9.547222222222222,0.5156317486612318,0.5154589798089055,0.515710801659135,0.5156369974433743,-0.00017276885232631045,7.905299790311737e-05,5.24878214247515e-06
2036-02-22,9.566666666666666,0.5149006753007107,0.5147352569282947,0.5149792552071024,0.514905622350605,-0.0001654183724160152,7.857990639170698e-05,4.947049894288291e-06
2036-02-29,9.58611111111111,0.5141705341722024,0.5140125501805449,0.5142485983966192,0.5141751788404217,-0.00015798399165745103,7.806422441680727e-05,4.644668219366821e-06
2036-03-07,9.605555555555556,0.5134413249874692,0.5132908581389692,0.5135188303859253,0.5134456670118764,-0.00015046684849995273,7.750539845607918e-05,4.342024407244516e-06
2036-03-14,9.625,0.5127130474526678,0.5125701793788839,0.5127899503336876,0.5127170869655623,-0.0001428680737838306,7.690288101980247e-05,4.039512894515873e-06
2036-03-21,9.644444444444444,0.5119857012683698,0.5118505124776054,0.512061957399001,0.511989438803583,-0.00013518879076446222,7.62561306311138e-05,3.737535213210741e-06
2036-03-28,9.66388888888889,0.511259286129586,0.5111318560144474,0.5113348507413877,0.5112627226295242,-0.0001274301151386048,7.556461180169283e-05,3.436499938169746e-06
2036-04-04,9.683333333333334,0.5105338017257884,0.510414208570719,0.5106086295207988,0.5105369385484233,-0.0001195931550694862,7.482779501033487e-05,3.1368226348638117e-06
2036-04-11,9.702777777777778,0.5098092477409336,0.5096975687297205,0.5098832928976137,0.5098120866667397,-0.00011167901121311719,7.404515668008038e-05,2.838925806103454e-06
2036-04-18,9.722222222222221,0.5090856238534854,0.5089819350767416,0.5091588400326408,0.5090881670923258,-0.0001036887767438266,7.321617915534429e-05,2.5432388404134088e-06
2036-04-25,9.741666666666667,0.5083629297364395,0.5082673061990584,0.5084352700871179,0.5083651799343981,-9.562353738112872e-05,7.23403506783793e-05,2.2501979586309062e-06
2036-05-02,9.761111111111111,0.5076411650573451,0.5075536806859301,0.5077125822227126,0.5076431253035079,-8.74843714150364e-05,7.141716536751552e-05,1.9602461627243883e-06
2036-05-09,9.780555555555555,0.5069203294783303,0.5068410571285971,0.5069907756015226,0.5069220033115128,-7.927234973326147e-05,7.044612319229149e-05,1.6738331825028041e-06
2036-05-16,9.8,0.5062004226561244,0.5061294341202776,0.5062698493860757,0.5062018140715481,-7.098853584686093e-05,6.942672995124965e-05,1.3914154236571719e-06
2036-05-23,9.819444444444445,0.505481444242083,0.5054188102561646,0.5055498027393309,0.5054825576979981,-6.263398591832559e-05,6.835849724795562e-05,1.113455915136008e-06
2036-05-30,9.838888888888889,0.5047633938822109,0.5047091841334244,0.504830634824678,0.5047642343064684,-5.420974878656004e-05,6.72409424671283e-05,8.404242575199561e-07
2036-06-06,9.858333333333333,0.5040462712171873,0.5040005543511918,0.5041123448059385,0.5040468440137572,-4.571686599541547e-05,6.607358875121427e-05,5.727965699531268e-07
2036-06-13,9.877777777777778,0.5033300758823888,0.5032929195105693,0.5033949318473655,0.5033303869378277,-3.7156371819446754e-05,6.485596497673995e-05,3.1105543896181587e-07
2036-06-20,9.897222222222222,0.5026148075079151,0.5025862782146232,0.5026783951136444,0.50261486319778,-2.8529293291890134e-05,6.358760572933164e-05,5.568986494175476e-08
2036-06-27,9.916666666666666,0.5019004657186127,0.5018806290683812,0.5019627337698932,0.5019002729138247,-1.9836650231530584e-05,6.226805128051183e-05,-1.9280478802397027e-07
2036-07-04,9.936111111111112,0.5011870501340995,0.5011759706788292,0.5012479469816625,0.5011866162072535,-1.107945527023535e-05,6.089684756305225e-05,-4.3392684601073483e-07
2036-07-11,9.955555555555556,0.5004745603687896,0.5004723016549099,0.5005340339149364,0.500473893200414,-2.258713879710328e-06,5.947354614688205e-05,-6.671683755454794e-07
2036-07-18,9.975,0.49976299603191837,0.4997696206075181,0.49982099373613237,0.4997621040166814,6.624575599745164e-06,5.799770421399675e-05,-8.920152369529255e-07
2036-07-25,9.994444444444444,0.4990523567275668,0.49906792614949946,0.4991088256121018,0.4990512487804318,1.556942193264854e-05,5.6468884534977004e-05,-1.1079471350372572e-06
2036-08-01,10.01388888888889,0.49834264205468704,0.49836721689564706,0.49839752871013027,0.4983413276170155,2.457484096002327e-05,5.488665544323146e-05,-1.3144376715401584e-06
2036-08-08,10.033333333333333,0.4976338516071268,0.49766749146269906,0.49768710219793805,0.49763234065273104,3.363985557225391e-05,5.325059081123795e-05,-1.5109543957669835e-06
2036-08-15,10.052777777777777,0.4969259849736553,0.49696874846933564,0.49697754524368026,0.49692428801479765,4.276349568033133e-05,5.156027002495289e-05,-1.6969588576554173e-06
2036-08-22,10.072222222222223,0.49621904173798803,0.4962709865361763,0.49626885701594714,0.49621716983133,5.19447981882637e-05,4.9815277959108784e-05,-1.8719066580130672e-06
2036-08-29,10.091666666666667,0.49551302147881227,0.4955742042857774,0.49556103668376467,0.49551098623131185,6.118280696515432e-05,4.801520495240075e-05,-2.0352475004203896e-06
2036-09-05,10.11111111111111,0.49480792376981186,0.49487840034262937,0.49485408341659476,0.49480573734456984,7.047657281750164e-05,4.615964678289508e-05,-2.186425242023393e-06
2036-09-12,10.130555555555556,0.4941037481796938,0.49418357333315355,0.49414799638433543,0.49410142330174817,7.982515345972274e-05,4.424820464160595e-05,-2.32487794565861e-06
2036-09-19,10.15,0.493400494272213,0.4934897218857002,0.49344277475732157,0.493398044234283,8.922761348723052e-05,4.2280485108570076e-05,-2.450037929979665e-06
2036-09-26,10.169444444444444,0.49269816160619817,0.49278872121034056,0.4927441469062385,0.4926956002458215,9.055960414239284e-05,4.598530004035206e-05,-2.5613603766849735e-06
2036-10-03,10.188888888888888,0.4919967497355773,0.49208263248141576,0.4920506874508324,0.4919940909608249,8.588274583848365e-05,5.39377152551368e-05,-2.658774752362092e-06
2036-10-10,10.208333333333334,0.49129625820940354,0.4913775554665819,0.49135810068186747,0.4912935156051177,8.129725717836989e-05,6.184247246393548e-05,-2.7426042858436084e-06
2036-10-17,10.227777777777778,0.4905966865718811,0.49067348871621186,0.49066638566185145,0.49059387339142857,7.68021443307565e-05,6.969908997034313e-05,-2.8131804525322046e-06
2036-10-24,10.247222222222222,0.48989803436239104,0.4899704307827555,0.4899755414540624,0.4898951635314388,7.239642036444005e-05,7.750709167136938e-05,-2.8708309522396114e-06
2036-10-31,10.266666666666667,0.4892003011155168,0.48926838022073693,0.48928556712254834,0.4891973852357902,6.807910522010907e-05,8.526600703151477e-05,-2.91587972661711e-06
2036-11-07,10.286111111111111,0.48850348636107116,0.48856733558675125,0.48859646173212773,0.48850053771409213,6.384922568009044e-05,9.29753710565695e-05,-2.948646979028524e-06
2036-11-14,10.305555555555555,0.48780758962412113,0.4878672954394619,0.4879082243483881,0.4878046201749291,5.970581534076036e-05,0.00010063472426696807,-2.969449192036233e-06
2036-11-21,10.325,0.48711261042501447,0.48716825833959737,0.48722085403768667,0.4871096318258685,5.5647914582901414e-05,0.00010824361267219862,-2.978599145941896e-06
2036-11-28,10.344444444444445,0.48641854827940584,0.48647022284994845,0.48653434986714944,0.48641557187346746,5.1674570542614706e-05,0.0001158015877436025,-2.9764059383818875e-06
2036-12-05,10.363888888888889,0.48572540269828324,0.48577318753536525,0.4858487109046714,0.4857224395232811,4.778483708200998e-05,0.00012330820638817297,-2.9631750021463787e-06
2036-12-12,10.383333333333333,0.4850331731879932,0.48507715096275433,0.48516393621891585,0.4850302339798692,4.397777476111697e-05,0.00013076303092263153,-2.9392081239976164e-06
2036-12-19,10.402777777777779,0.48434185925026824,0.48438211170107526,0.48448002487931396,0.4843389544468038,4.025245080702122e-05,0.00013816562904572782,-2.904803464431893e-06
2036-12-26,10.422222222222222,0.48365146038225226,0.4836880683213387,0.4837969759560653,0.48364860012667665,3.6607939086441554e-05,0.0001455155738130376,-2.8602555756096493e-06
2037-01-02,10.441666666666666,0.482961976076527,0.48299501939660217,0.4831147885201364,0.4829591702211068,3.3043320075143434e-05,0.00015281244360937363,-2.805855420229264e-06
2037-01-09,10.46111111111111,0.48227340582113837,0.48230296350196816,0.48243346164326123,0.4822706639307472,2.955768082979482e-05,0.00016005582212286207,-2.7418903911780035e-06
2037-01-16,10.480555555555556,0.4815857490996228,0.48161189921458075,0.48175299439794056,0.4815830804552925,2.6150114957934623e-05,0.00016724529831774193,-2.6686443302947893e-06
2037-01-23,10.5,0.480899005391034,0.48092182511362275,0.48107338585744225,0.48089641899348656,2.281972258877385e-05,0.00017438046640827487,-2.586397547410524e-06
2037-01-30,10.519444444444444,0.4802131741699683,0.4802327397803126,0.4803946350957997,0.48021067874312895,1.9565610344329798e-05,0.0001814609258314337,-2.4954268393329038e-06
2037-02-06,10.53888888888889,0.4795282549065919,0.47954464179790196,0.479716741187813,0.47952585890108274,1.638689131006066e-05,0.00018848628122108968,-2.3960055091643007e-06
2037-02-13,10.558333333333334,0.4788442470666672,0.47885752975167223,0.47903970320904754,0.4788419586632819,1.3282685005056027e-05,0.00019545614238036801,-2.288403385286575e-06
2037-02-20,10.577777777777778,0.4781611501115787,0.4781714022289319,0.47836352023583434,0.4781589772247377,1.0252117353171109e-05,0.00020237012425561307,-2.1728868410120228e-06
2037-02-27,10.597222222222221,0.47747896349836005,0.47748625781901366,0.47768819134526935,0.4774769137795467,7.294320653605801e-06,0.00020922784690929896,-2.0497188133461464e-06
2037-03-06,10.616666666666667,0.47679768667972,0.4768020951132715,0.4770137156152134,0.4767957675208975,4.4084335514837925e-06,0.0002160289354933842,-1.919158822527578e-06
2037-03-13,10.636111111111111,0.4761173191040692,0.4761189127050777,0.4763400921242917,0.4761155376410778,1.5936010085426666e-06,0.00022277302022249978,-1.7814629914014724e-06
2037-03-20,10.655555555555555,0.4754378602155462,0.4754367091898201,0.47566731995189393,0.4754362233314817,-1.1510257260649581e-06,0.00022945973634774797,-1.6368840644598315e-06
2037-03-27,10.675,0.47475930945404443,0.474755483164899,0.4749953981781732,0.4747578237826168,-3.8262891454143855e-06,0.00023608872412878013,-1.4856714276589855e-06
2037-04-03,10.694444444444445,0.47408166625523834,0.4740752332297247,0.47432432588404666,0.47408033818411116,-6.433025513619128e-06,0.00024265962880831715,-1.328071127182362e-06
2037-04-10,10.713888888888889,0.4734049300506101,0.473395957985714,0.4736541021511943,0.47340376572472037,-8.972064896084486e-06,0.00024917210058422734,-1.1643258897020559e-06
2037-04-17,10.733333333333333,0.4727291002674753,0.4727176560362876,0.4729847260620594,0.4727281055923346,-1.1444231187651699e-05,0.0002556257945841023,-9.946751406975096e-07
2037-04-24,10.752777777777778,0.4720541763290103,0.47204032598686774,0.4723161966998476,0.47205335697398554,-1.3850342142573968e-05,0.00026202037083727925,-8.193550247725945e-07
2037-05-01,10.772222222222222,0.4713801576542786,0.4713639664448744,0.4716485131485271,0.4713795190558537,-1.6191209404214923e-05,0.0002683554942485289,-6.385984249179799e-07
2037-05-08,10.791666666666666,0.4707070436582565,0.4706885760197231,0.4709816744928282,0.4707065910232749,-1.846763853341482e-05,0.00027463083457168747,-4.526349816069697e-07
2037-05-15,10.811111111111112,0.47003483375186,0.4700141533228218,0.47031567981824257,0.4700345720607474,-2.0680429038189008e-05,0.00028084606638256737,-2.6169111261298283e-07
2037-05-22,10.830555555555556,0.4693635273419717,0.46934069696756825,0.46965052821102354,0.469363461351939,-2.283037440342639e-05,0.0002870008690518677,-6.599003266050119e-08
2037-05-29,10.85,0.4686931238314659,0.46866820556934674,0.46898621875818575,0.4686932580796939,-2.4918262119144607e-05,0.00029309492671986126,1.342482280342061e-07
2037-06-05,10.869444444444444,0.46802362261923663,0.4679966777455258,0.468322750547504,0.46802396142603925,-2.6944873710854633e-05,0.000299127928267362,3.3880680261333396e-07
2037-06-12,10.88888888888889,0.46735502310022214,0.46732611211545455,0.4676601226675142,0.46735557057219235,-2.8910984767593906e-05,0.00030509956729207754,5.47471970202551e-07
2037-06-19,10.908333333333333,0.46668732466543317,0.466656507300461,0.46699833420751224,0.46668808469856765,-3.0817364972179906e-05,0.00031100954207907705,7.600331344836952e-07
2037-06-26,10.927777777777777,0.46602052670197763,0.4659878619238481,0.46633738425755383,0.466021502984783,-3.2664778129520844e-05,0.0003168575555761999,9.762828053760941e-07
2037-07-03,10.947222222222223,0.4653546285930879,0.4653201746108916,0.4656772719084541,0.465355824609667,-3.4453982196314126e-05,0.00032264331536618895,1.1960165791080613e-06
2037-07-10,10.966666666666667,0.46468962971814687,0.46465344398883696,0.4650179962517877,0.4646910487512657,-3.618572930991215e-05,0.0003283665336408226,1.4190331188435046e-06
2037-07-17,10.98611111111111,0.4640255294527138,0.46398766868689667,0.46435955637988807,0.4640271745868488,-3.78607658171326e-05,0.00033402692717426907,1.6451341349754678e-06
2037-07-24,11.005555555555556,0.46336232716855086,0.46332284733624707,0.46370195138584713,0.4633642012929173,-3.9479832303790374e-05,0.0003396242172962749,1.8741243664188723e-06
2037-07-31,11.025,0.4627000222336495,0.46265897857002625,0.4630451803635155,0.4627021280452095,-4.104366362323031e-05,0.0003451581298660189,2.10581156001588e-06
2037-08-07,11.044444444444444,0.4620386140122561,0.46199606102333035,0.4623892424075014,0.46204095401870804,-4.25529889257481e-05,0.00035062839524530043,2.340006451939658e-06
2037-08-14,11.063888888888888,0.4613781018648987,0.4613340933332115,0.46173413661317086,0.4613806783876467,-4.4008531687178554e-05,0.0003560347482721715,2.5765227479879194e-06
2037-08-21,11.083333333333334,0.4607184851484125,0.4606730741386746,0.4610798620766473,0.46072130032551634,-4.541100973792789e-05,0.00036137692823479117,2.815177103820954e-06
2037-08-28,11.102777777777778,0.4600597632159663,0.46001300208067464,0.46042641789481126,0.4600628190050728,-4.676113529167303e-05,0.0003666546788449465,3.0557891064764142e-06
2037-09-04,11.122222222222222,0.4594019354170884,0.45935387580211406,0.45977380316529987,0.45940523359834234,-4.8059614974338416e-05,0.00037186774821146296,3.2981812539412125e-06
2037-09-11,11.141666666666667,0.4587450010976926,0.4586956939478395,0.4591220169865068,0.45874854327662873,-4.930714985312834e-05,0.0003770158888141695,3.5421789361111955e-06
2037-09-18,11.161111111111111,0.45808895960010404,0.4580384551646396,0.4584710584575818,0.4580927472105202,-5.050443546444905e-05,0.00038209885747775285,3.7876104161393975e-06
2037-09-25,11.180555555555555,0.4574338102630855,0.4573821581012419,0.4578209266784304,0.45743784456989506,-5.1652161843607214e-05,0.0003871164153448903,4.034306809563848e-06
2037-10-02,11.2,0.4567795524218626,0.45672680140830985,0.4571716207497135,0.4567838345239291,-5.275101355273204e-05,0.00039206832785093626,4.282102066544002e-06
2037-10-09,11.219444444444445,0.45612618540815003,0.4560723837384406,0.4565231397728474,0.4561307162411019,-5.380166970941902e-05,0.0003969543646973883,4.530832951876729e-06
2037-10-16,11.238888888888889,0.45547370855017766,0.45541890374616195,0.4558754828500032,0.4554784888892032,-5.4804804015706754e-05,0.00040177429982551915,4.780339025567404e-06
2037-10-23,11.258333333333333,0.45482212117271553,0.45476636008792914,0.4552286490841061,0.45482715163533954,-5.576108478638764e-05,0.000406527911390564,5.0304626240116335e-06
2037-10-30,11.277777777777779,0.4541714225970999,0.4541147514221228,0.45458263757883616,0.45417670364594037,-5.6671174977096506e-05,0.00041121498173624094,5.281048840455327e-06
2037-11-06,11.297222222222222,0.45352161214125936,0.453464076409046,0.453937447438627,0.45352714408676487,-5.753573221334296e-05,0.00041583529736766156,5.531945505510283e-06
2037-11-13,11.316666666666666,0.4528726891197393,0.4528143337109211,0.45329307776866584,0.45287847212290855,-5.835540881821144e-05,0.0004203886489265174,5.783003169224088e-06
2037-11-20,11.33611111111111,0.45222465284372865,0.4521655219918875,0.45264952767489325,0.45223068691880897,-5.9130851841171506e-05,0.0004248748311646011,6.034075080318946e-06
2037-11-27,11.355555555555556,0.4515775026210844,0.4515176399179984,0.45200679626400236,0.45158378763825274,-5.9862703085999946e-05,0.00042929364291793837,6.285017168317086e-06
2037-12-04,11.375,0.450931237756358,0.45087068615721876,0.4513648826434396,0.45093777344438185,-6.0551599139258006e-05,0.00043364488708158566,6.535688023834307e-06
2037-12-11,11.394444444444444,0.45028585755081973,0.4502246593794218,0.450723785921403,0.4502926434996994,-6.119817139793593e-05,0.0004379283705832626,6.785948879650672e-06
2037-12-18,11.41388888888889,0.44964136130248455,0.4495795582563867,0.45008350520684315,0.4496483969660767,-6.180304609787468e-05,0.00044214390435859396,7.035663592169783e-06
2037-12-25,11.433333333333334,0.44899774830613787,0.4489353814617958,0.44944403960946194,0.44900503300475947,-6.236684434207662e-05,0.00044629130332407563,7.284698621601304e-06
2038-01-01,11.452777777777778,0.4483550178533597,0.4482921276712318,0.44880538823971294,0.4483625507763735,-6.289018212790598e-05,0.00045037038635326043,7.532923013808812e-06
2038-01-08,11.472222222222221,0.4477131692325506,0.44764979556217516,0.44816755020880017,0.4477209494409315,-6.337367037545505e-05,0.00045438097624955764,7.780208380880893e-06
2038-01-15,11.491666666666667,0.4470722017289564,0.44700838381400115,0.447530524628679,0.44708022815783915,-6.381791495524425e-05,0.0004583228997225852,8.026428882756953e-06
2038-01-22,11.511111111111111,0.4464321146246938,0.4463678911079775,0.4468943106120547,0.44644038608590164,-6.422351671631077e-05,0.00046219598736091383,8.271461207853825e-06
2038-01-29,11.530555555555555,0.4457929071987744,0.44572831612726127,0.446258907272383,0.44580142238332937,-6.459107151313148e-05,0.00046600007360858564,8.515184554969135e-06
2038-02-05,11.55,0.44515457872713066,0.4450896575568964,0.4456243137238689,0.44516333620774423,-6.492117023426669e-05,0.0004697349967382469,8.757480613574842e-06
2038-02-12,11.569444444444445,0.44451712848264013,0.4444519140838112,0.44499052908146747,0.44452612671618646,-6.521439882894997e-05,0.00047340059882733376,8.998233546331225e-06
2038-02-19,11.588888888888889,0.44388055573515045,0.443815084396815,0.4443575524608821,0.44388979306511994,-6.547133833545438e-05,0.00047699672573164875,9.237329969491448e-06
2038-02-26,11.608333333333333,0.44324485975150385,0.44317916718659617,0.4437253829785655,0.4432543344104386,-6.569256490768227e-05,0.00048052322706165773,9.474658934749414e-06
2038-03-05,11.627777777777778,0.4426100397955624,0.4425441611457189,0.4430940197517186,0.4426197499074728,-6.587864984353153e-05,0.0004839799561561775,9.710111910421482e-06
2038-03-12,11.647222222222222,0.4419760951282321,0.4419100649686209,0.4424634618982908,0.4419860387109953,-6.603015961120784e-05,0.00048736677005867257,9.9435827631833e-06
2038-03-19,11.666666666666666,0.4413430250074877,0.44127687735161053,0.4418337085369786,0.441353199975227,-6.614765587714677e-05,0.0004906835294909428,1.017496773930704e-05
2038-03-26,11.686111111111112,0.44071082868839656,0.44064459699286396,0.44120475878722665,0.4407212328538434,-6.623169553260366e-05,0.0004939300988300865,1.0404165446842306e-05
2038-04-02,11.705555555555556,0.44007950542314445,0.440013222592423,0.44057661176922663,0.4400901364999808,-6.628283072146468e-05,0.0004971063460821878,1.0631076836353781e-05
2038-04-09,11.725,0.43944905446105836,0.4393827528521917,0.43994926660391676,0.4394599100662416,-6.630160886667014e-05,0.0005002121428583917,1.0855605183213157e-05
2038-04-16,11.744444444444444,0.4388194750486317,0.43875318647593436,0.43932272241298204,0.43883055270470084,-6.628857269735944e-05,0.0005032473643503121,1.1077656069113928e-05
2038-04-23,11.76388888888889,0.4381907664295481,0.4381245221692724,0.4386969783188534,0.4382020635669123,-6.624426027568298e-05,0.0005062118893053302,1.1297137364252308e-05
2038-04-30,11.783333333333333,0.43756292784470585,0.4374967586396822,0.43807203344470785,0.4375744418039142,-6.616920502366952e-05,0.0005091056000020022,1.1513959208342417e-05
2038-05-07,11.802777777777777,0.43693595853224165,0.4368698945964916,0.43744788691446795,0.43694768656623484,-6.60639357500381e-05,0.000511928382226301,1.1728033993185782e-05
2038-05-14,11.822222222222223,0.4363098577275549,0.4362439287508782,0.43682453785280106,0.4363217970038992,-6.592897667667685e-05,0.0005146801252461919,1.1939276344352656e-05
2038-05-21,11.841666666666667,0.4356846246633315,0.43561885981586623,0.4362019853851201,0.4356967722664347,-6.576484746528832e-05,0.0005173607217885956,1.2147603103196403e-05
2038-05-28,11.86111111111111,0.4350602585695676,0.4349946865063238,0.43558022863758195,0.43507261150287646,-6.557206324381282e-05,0.0005199700680143526,1.2352933308867886e-05
2038-06-04,11.880555555555556,0.4344367586735934,0.43437140753896036,0.4349592667370879,0.43444931386177393,-6.535113463301823e-05,0.0005225080634945201,1.2555188180551902e-05
2038-06-11,11.9,0.433814124200097,0.4337490216323244,0.4343390988112832,0.43382687849119633,-6.510256777259027e-05,0.0005249746111861686,1.275429109931503e-05
2038-06-18,11.919444444444444,0.4331923543711481,0.4331275275068004,0.4337197239885566,0.43320530453873857,-6.482686434772233e-05,0.000527369617408513,1.2950167590453088e-05
2038-06-25,11.938888888888888,0.432571448406221,0.4325069238846061,0.4331011413980402,0.4325845911515271,-6.452452161492817e-05,0.0005296929918191529,1.3142745306060633e-05
2038-07-02,11.958333333333334,0.4319514055222187,0.4318872094897904,0.4324833501696087,0.4319647374762257,-6.419603242829863e-05,0.0005319446473899814,1.3331954006989832e-05
2038-07-09,11.977777777777778,0.43133222493349643,0.43126838304823034,0.4318663494338798,0.4313457426590413,-6.384188526609158e-05,0.0005341245003833706,1.3517725544864856e-05
2038-07-16,11.997222222222222,0.43071390585188385,0.4306504432876286,0.4312501383222132,0.4307276058457296,-6.346256425526775e-05,0.0005362324703293564,1.3699993845761593e-05
2038-07-23,12.016666666666667,0.4300964474867095,0.43003338893751064,0.43063471596671044,0.4301103261816007,-6.305854919885778e-05,0.0005382684800009363,1.3878694891222843e-05
2038-07-30,12.036111111111111,0.42947984904482367,0.4294172187292227,0.4300200815002149,0.4294939028115256,-6.263031560094223e-05,0.0005402324553912541,1.405376670193803e-05
2038-08-06,12.055555555555555,0.42886410973062106,0.42880193139592865,0.42940623405631123,0.4288783348799407,-6.217833469240874e-05,0.0005421243256901742,1.422514931964658e-05
2038-08-13,12.075,0.42824922874606425,0.42818752567260726,0.42879317276932455,0.4282636215308543,-6.170307345698678e-05,0.000543944023260301,1.439278479004047e-05
2038-08-20,12.094444444444445,0.42763520529070626,0.4275740002960502,0.42818089677432125,0.427649761907852,-6.120499465606111e-05,0.0005456914836149962,1.4556617145722317e-05
2038-08-27,12.113888888888889,0.4270220385617138,0.4269613540048591,0.4275694052071075,0.4270367551541025,-6.068455685470653e-05,0.000547366645393732,1.4716592388719363e-05
2038-09-03,12.133333333333333,0.4264097277538899,0.4263495855394428,0.4269586972042295,0.4264246004123632,-6.0142214447111986e-05,0.0005489694503396092,1.4872658473275013e-05
2038-09-10,12.152777777777779,0.4257982720596961,0.42573869364201505,0.4263487719029732,0.42581329682498537,-5.957841768106098e-05,0.0005504998432770969,1.5024765289251008e-05
2038-09-17,12.172222222222222,0.4251876706692761,0.42512867705659185,0.4257396284413639,0.42520284353392074,-5.899361268424386e-05,0.0005519577720878299,1.5172864644641404e-05
2038-09-24,12.191666666666666,0.4245779227704773,0.4245195345289888,0.4251312659581655,0.4245932396807258,-5.838824148851618e-05,0.0005533431876882378,1.5316910248530657e-05
2038-10-01,12.21111111111111,0.42396902754887367,0.4239112648068184,0.42452368359288095,0.4239844844065683,-5.7762742055267324e-05,0.0005546560440072845,1.5456857694606807e-05
2038-10-08,12.230555555555556,0.42336098418778817,0.4233038666394877,0.4239168804857508,0.42337657685223234,-5.711754830045601e-05,0.0005558962979626547,1.5592664444175064e-05
2038-10-15,12.25,0.4227537918683151,0.42269733877819593,0.42331085577775435,0.4227695161581244,-5.645309011914623e-05,0.0005570639094392704,1.5724289809337932e-05
2038-10-22,12.269444444444444,0.4221474497693417,0.4220916799759313,0.4227056086106082,0.4221633014642779,-5.5769793410431756e-05,0.0005581588412664762,1.585169493617533e-05
2038-10-29,12.28888888888889,0.42154195706757097,0.4214868889874688,0.4221011381267659,0.42155793191035956,-5.5068080102194106e-05,0.0005591810591949464,1.597484278859085e-05
2038-11-05,12.308333333333334,0.42093731293754366,0.4208829645693679,0.4214974434694185,0.4209534066356749,-5.4348368175749506e-05,0.000560130531874814,1.6093698131214307e-05
2038-11-12,12.327777777777778,0.4203335165516595,0.4202799054799696,0.42089452378249315,0.42034972477917243,-5.3611071689940726e-05,0.0005610072308336322,1.6208227512914952e-05
2038-11-19,12.347222222222221,0.4197305670802,0.41967771047939384,0.4202923782106537,0.4197468854794509,-5.2856600806172604e-05,0.000561811130453671,1.6318399250869753e-05
2038-11-26,12.366666666666667,0.41912846369134943,0.41907637832953726,0.4196910058992997,0.4191448878747631,-5.208536181217083e-05,0.0005625422079502673,1.642418341368801e-05
2038-12-03,12.386111111111111,0.418527205551217,0.41847590779407057,0.41909040599456626,0.4185437311030225,-5.129775714640683e-05,0.0005632004433492876,1.6525551805535166e-05
2038-12-10,12.405555555555555,0.41792679182385845,0.41787629763843587,0.418490577643324,0.41794341430180765,-5.049418542257822e-05,0.0005637858194655343,1.6622477949201908e-05
2038-12-17,12.425,0.4173272216712971,0.4172775466298441,0.4178915199931782,0.417343936608368,-4.967504145297896e-05,0.000564298321881096,1.671493707089411e-05
2038-12-24,12.444444444444445,0.4167284942535462,0.41667965353727277,0.417293232192469,0.4167452971596295,-4.88407162734239e-05,0.0005647379389228102,1.6802906083301927e-05
2038-12-31,12.463888888888889,0.41613060872862917,0.4160826171314631,0.41669571339027073,0.4161474950921993,-4.7991597166063826e-05,0.0005651046616415578,1.6886363570112195e-05
2039-01-07,12.483333333333333,0.41553356425260163,0.4154864361849177,0.41609896273639146,0.41555052954237137,-4.7128067683921415e-05,0.0005653984837898363,1.6965289769743652e-05
2039-01-14,12.502777777777778,0.4149373599795724,0.41489110947189806,0.41550297938137304,0.41495439964613173,-4.625050767431693e-05,0.0005656194018006655,1.7039666559359734e-05
2039-01-21,12.522222222222222,0.4143419950617245,0.41429663576842185,0.41490776247649064,0.4143591045391639,-4.5359293302627e-05,0.0005657674147661607,1.710947743943647e-05
2039-01-28,12.541666666666666,0.4137474686493362,0.41370301385226055,0.4143133111737521,0.41376464335685403,-4.4454797075654806e-05,0.0005658425244158827,1.717470751783079e-05
2039-02-04,12.561111111111112,0.41315377989080165,0.413110242502937,0.41371962462589795,0.4131710152342958,-4.353738786466721e-05,0.0005658447350962992,1.7235343494126365e-05
2039-02-11,12.580555555555556,0.41256092793265275,0.41251832050172255,0.4131267019864011,0.41257821930629623,-4.2607430930208245e-05,0.000565774053748358,1.729137364347988e-05
2039-02-18,12.6,0.4119689119195783,0.4119272466316351,0.41253454240946613,0.41198625470738043,-4.166528794319335e-05,0.0005656304898878362,1.734278780213261e-05
2039-02-25,12.619444444444444,0.4113777309944459,0.411337019677436,0.41194314505002944,0.4113951205717968,-4.071131700988939e-05,0.0005654140555835241,1.7389577350868102e-05
2039-03-04,12.63888888888889,0.41078738429832196,0.4107476384256281,0.4113525090637583,0.4108048160335224,-3.9745872693841555e-05,0.0005651247654363534,1.7431735200468257e-05
2039-03-11,12.658333333333333,0.4101978709704924,0.4101591016644529,0.4107626336070513,0.41021534022626827,-3.87693060394656e-05,0.0005647626365589131,1.7469255775892645e-05
2039-03-18,12.677777777777777,0.409609190148483,0.4095714081838881,0.4101735178370372,0.40962669228348386,-3.778196459491845e-05,0.0005643276885541892,1.7502135000846408e-05
2039-03-25,12.697222222222223,0.40902134096807946,0.40898455677564516,0.40958516091157515,0.40903887133836264,-3.678419243430264e-05,0.0005638199434956914,1.753037028318083e-05
2039-04-01,12.716666666666667,0.408434322563348,0.408398546233167,0.4089975619892542,0.4084518765238473,-3.577633018098103e-05,0.0005632394259061924,1.7553960499294696e-05
2039-04-08,12.73611111111111,0.4078481340666552,0.4078133753516252,0.40841072022939284,0.40786570697263425,-3.475871503000327e-05,0.0005625861627376327,1.757290597903527e-05
2039-04-15,12.755555555555556,0.40726277460868787,0.4072290429279176,0.4078246347920386,0.4072803618171794,-3.373168077025479e-05,0.0005618601833507486,1.7587208491542938e-05
2039-04-22,12.775,0.4066782433184739,0.40664554776066625,0.40723930483796833,0.40669584018970284,-3.2695557807660425e-05,0.0005610615194944213,1.7596871228930944e-05
2039-04-29,12.794444444444444,0.4060945393234006,0.4060628886502141,0.4066547295286869,0.4061121412221935,-3.165067318650072e-05,0.0005601902052863039,1.760189879290719e-05
2039-05-06,12.813888888888888,0.4055116617492361,0.4054810643986234,0.4060709080264276,0.4055292640464148,-3.0597350612671104e-05,0.0005592462771915052,1.760229717873152e-05
2039-05-13,12.833333333333334,0.4049296097201476,0.4049000738096726,0.40548783949415124,0.40494720779390925,-2.953591047499815e-05,0.0005582297740036601,1.7598073761670996e-05
2039-05-20,12.852777777777778,0.4043483823587221,0.40431991568885434,0.4049055230955466,0.40436597159600346,-2.8466669867777128e-05,0.0005571407368245018,1.758923728134576e-05
2039-05-27,12.872222222222222,0.40376797878598525,0.40374058884337266,0.40432395799502924,0.4037855545838131,-2.738994261258787e-05,0.0005559792090439886,1.7575797827851236e-05
2039-06-03,12.891666666666667,0.40318839812142054,0.40316209208214077,0.4037431433577416,0.403205955888248,-2.6306039279777593e-05,0.0005547452363210414,1.755776682743626e-05
2039-06-10,12.911111111111111,0.4026096394829897,0.40258442421577856,0.4031630783495525,0.4026271746400169,-2.521526721116496e-05,0.0005534388665627832,1.7535157027182002e-05
2039-06-17,12.930555555555555,0.40203170198715055,0.40200758405661,0.402583762137057,0.4020492099696323,-2.411793054052369e-05,0.0005520601499064415,1.7507982481734796e-05
2039-06-24,12.95,0.4014545847488772,0.4014315704186609,0.40200519388757594,0.4014720610074153,-2.3014330216286627e-05,0.0005506091386987544,1.747625853809609e-05
2039-07-01,12.969444444444445,0.4008782868816785,0.4008563821176563,0.40142737276915536,0.40089572688350067,-2.1904764022195877e-05,0.0005490858874768745,1.7440001822188744e-05
2039-07-08,12.988888888888889,0.4003028074976173,0.4002820179710182,0.4008502979505667,0.40032020672784197,-2.0789526599118702e-05,0.000547490452949384,1.7399230224646178e-05
2039-07-15,13.008333333333333,0.3997281457073292,0.39970847679786303,0.4002739686013059,0.3997454996702153,-1.966890946614175e-05,0.0005458228939766996,1.7353962886101915e-05
2039-07-22,13.027777777777779,0.3991543006200412,0.39913575741899926,0.39969838389159323,0.39917160484022524,-1.8543201041942847e-05,0.0005440832715520316,1.7304220184033436e-05
2039-07-29,13.047222222222222,0.39858127134359106,0.39856385865692484,0.3991235429923734,0.39859852136730933,-1.7412686666218313e-05,0.0005422716487823442,1.7250023718273777e-05
2039-08-05,13.066666666666666,0.3980090569844447,0.39799277933582505,0.3985494450753143,0.3980262483807425,-1.6277648619666962e-05,0.0005403880908695924,1.7191396297799866e-05
2039-08-12,13.08611111111111,0.39743765664771574,0.3974225182815699,0.39797608931280765,0.397454785009642,-1.5138366145861504e-05,0.0005384326650919036,1.7128361926244118e-05
2039-08-19,13.105555555555556,0.3968670694371836,0.3968530743217115,0.3974034748779677,0.3968841303829724,-1.3995115472065223e-05,0.0005364054407840935,1.7060945788793802e-05
2039-08-26,13.125,0.3962972944553116,0.3962844462854823,0.3968316009446317,0.3963142836295502,-1.2848169829271505e-05,0.0005343064893201244,1.698917423859081e-05
2039-09-02,13.144444444444444,0.3957283308032655,0.39571663300379206,0.3962604666873593,0.39574524387804816,-1.169779947346461e-05,0.0005321358840937873,1.691307478263182e-05
2039-09-09,13.16388888888889,0.3951601775809318,0.39514963330922565,0.3956900712814319,0.39517701025700064,-1.0544271706158792e-05,0.0005298937005001059,1.6832676068834207e-05
2039-09-16,13.183333333333334,0.39459283388693517,0.3945834460360406,0.39512041390285246,0.39460958189480755,-9.387850894548855e-06,0.000527580015917295,1.674800787238029e-05
2039-09-23,13.202777777777778,0.3940262988186569,0.394018070020165,0.39455149372834564,0.3940429579197399,-8.22879849193825e-06,0.0005251949096887198,1.665910108300528e-05
2039-09-30,13.222222222222221,0.3934605714722528,0.3934535040991946,0.39398330993535646,0.3934771374599434,-7.067373058167181e-06,0.0005227384631036891,1.65659876906199e-05
2039-10-07,13.241666666666667,0.39289565094267054,0.3928897471123908,0.39341586170205084,0.3929121196434439,-5.903830279763156e-06,0.0005202107593803018,1.6468700773375478e-05
2039-10-14,13.261111111111111,0.39233153632366835,0.3923267979006783,0.392849148207315,0.39234790359815186,-4.7384229900360175e-06,0.0005176118836466292,1.636727448350861e-05
2039-10-21,13.280555555555555,0.39176822670783124,0.3917646553066424,0.39228316863075496,0.39178448845186653,-3.5714011888399178e-06,0.0005149419229237284,1.6261744035295234e-05
2039-10-28,13.3,0.39120572118658964,0.39120331817452675,0.39171792215269624,0.39122187333228076,-2.4030120628903973e-06,0.0005122009661066018,1.6152145691117337e-05
2039-11-04,13.319444444444445,0.3906440188502363,0.3906427853502312,0.3911534079541836,0.39066005736698595,-1.2335000050822664e-06,0.0005093891039472664,1.6038516749639076e-05
2039-11-11,13.338888888888889,0.3900831187879439,0.39008305568130913,0.39058962521698065,0.3900990396834759,-6.31066347511755e-08,0.0005065064290367682,1.5920895532040014e-05
2039-11-18,13.358333333333333,0.38952302008778195,0.3895241280169653,0.39002657312356953,0.38953881940915186,1.1079291833415716e-06,0.000503553035787585,1.5799321369913688e-05
2039-11-25,13.377777777777778,0.38896372183673444,0.388966001208053,0.38946425085715036,0.3889793956713267,2.279371318580914e-06,0.0005005290204159185,1.5673834592278002e-05
2039-12-02,13.397222222222222,0.3884052231207164,0.38840867410707275,0.38890265760164133,0.38842076759722993,3.4509863563458865e-06,0.0004974344809249298,1.5544476513529304e-05
2039-12-09,13.416666666666666,0.3878475230245914,0.3878521455681686,0.3883417925416779,0.38786293431401125,4.622543577192939e-06,0.0004942695170864764,1.5411289419842156e-05
2039-12-16,13.436111111111112,0.38729062063218783,0.38729641444712676,0.3877816548626125,0.38730589494874584,5.793814938925834e-06,0.0004910342304246806,1.527431655801159e-05
2039-12-23,13.455555555555556,0.3867345150263164,0.3867414796013729,0.38722224375051484,0.38674964862843875,6.96457505650061e-06,0.00048772872419844404,1.5133602122352485e-05
2039-12-30,13.475,0.38617920528878646,0.3861873398899697,0.3866635583921703,0.3861941944800287,8.134601183262813e-06,0.00048435310338384996,1.4989191242209543e-05
2040-01-06,13.494444444444444,0.38562469050042236,0.3856339941736148,0.38610559797508087,0.3856395316303932,9.30367319246228e-06,0.0004809074746585096,1.4841129970855071e-05
2040-01-13,13.51388888888889,0.38507096974108074,0.38508144131463806,0.3855483616874639,0.38508565920635235,1.0471573557324643e-05,0.0004773919463831877,1.468946527161119e-05
2040-01-20,13.533333333333333,0.38451804208966633,0.38452968017699973,0.3849918487182525,0.38453257633467397,1.1638087333398772e-05,0.00047380662858614864,1.4534245007635782e-05
2040-01-27,13.552777777777777,0.38396590662414876,0.3839787096262875,0.3844360582570941,0.3839802821420771,1.2803002138739306e-05,0.000470151632945337,1.4375517928322257e-05
2040-02-03,13.572222222222223,0.3834145624215781,0.38342852852971465,0.38388098949435157,0.38342877575523676,1.3966108136531652e-05,0.0004664270727734454,1.4213333658641414e-05
2040-02-10,13.591666666666667,0.3828640085581024,0.3828791357561177,0.38332664162110147,0.3828780563007886,1.5127198015330023e-05,0.000462633062999096,1.4047742686207343e-05
2040-02-17,13.61111111111111,0.3823142441089821,0.3823305301759537,0.38277301382913453,0.38232812290533247,1.6286066971571422e-05,0.0004587697201524077,1.3878796350341727e-05
2040-02-24,13.630555555555556,0.3817652681486075,0.3817827106612983,0.3822201053109551,0.3817789746954375,1.7442512690812872e-05,0.00045483716234762106,1.370654682997241e-05
2040-03-02,13.65,0.3812170797505137,0.38123567608584336,0.3816679152597808,0.38123061079764564,1.8596335329634783e-05,0.00045083550926705573,1.3531047131920548e-05
2040-03-09,13.669444444444444,0.3806696779873972,0.3806894253248943,0.38111644286954194,0.38068303033847684,1.9747337497100226e-05,0.00044676488214473453,1.3352351079631841e-05
2040-03-16,13.688888888888888,0.38012306193113093,0.38014395725536837,0.3805656873348815,0.3801362324444322,2.0895324237435453e-05,0.0004426254037505628,1.3170513301241638e-05
2040-03-23,13.708333333333334,0.3795772306527803,0.37959927075579175,0.3800156478511546,0.37959021624199896,2.2040103011433665e-05,0.0004384171983742857,1.2985589218639237e-05
2040-03-30,13.727777777777778,0.37903218322261895,0.3790553647062977,0.3794663236144282,0.3790449808576548,2.318148367874695e-05,0.000434140391809279,1.2797635035866062e-05
2040-04-06,13.747222222222222,0.37848791871014364,0.37851223798862405,0.3789177138214808,0.3785005254178712,2.4319278480400275e-05,0.0004297951113371723,1.2606707727569333e-05
2040-04-13,13.766666666666667,0.37794443618409035,0.3779698894861107,0.3783698176698019,0.37795684904911886,2.545330202036178e-05,0.000425381485711529,1.2412865028510467e-05
2040-04-20,13.786111111111111,0.3774017347124492,0.37742831808369787,0.37782263435759184,0.37741395087787066,2.6583371248667387e-05,0.0004208996451426361,1.2216165421463643e-05
2040-04-27,13.805555555555555,0.37685981336247965,0.37688752266792336,0.37727616308376133,0.37687183003060665,2.770930544371275e-05,0.00041634972128168357,1.201666812700175e-05
2040-05-04,13.825,0.3763186712007257,0.37634750212692036,0.37673040304793115,0.3763304856338179,2.8830926194656215e-05,0.0004117318472054432,1.1814433092172116e-05
2040-05-11,13.844444444444445,0.37577830729303086,0.375808255350415,0.3761853534504318,0.3757899168140103,2.9948057384154847e-05,0.00040704615740094763,1.1609520979449783e-05
2040-05-18,13.863888888888889,0.37523872070455355,0.37526978122972476,0.375641013492303,0.37525012269770935,3.1060525171211495e-05,0.00040229278774944754,1.1401993155801815e-05
2040-05-25,13.883333333333333,0.3746999104997816,0.37473207865775526,0.3750973823752937,0.3747111024114639,3.216815797368877e-05,0.00039747187551214536,1.119191168230671e-05
2040-06-01,13.902777777777779,0.37416187574254683,0.3741951465289984,0.3745544593018611,0.3741728550818499,3.327078645154469e-05,0.0003925835593142635,1.0979339303052171e-05
2040-06-08,13.922222222222222,0.3736246154960401,0.37365898373953044,0.37401224347517137,0.373635379835475,3.436824349034584e-05,0.00038762797913127756,1.0764339434921055e-05
2040-06-15,13.941666666666666,0.37308812882282627,0.3731235891870091,0.37347073409909776,0.37309867579898254,3.546036418283771e-05,0.000382605276271486,1.0546976156267096e-05
2040-06-22,13.96111111111111,0.37255241478485784,0.3725889617706717,0.37292993037822164,0.37256274209905493,3.6546985813845634e-05,0.0003775155933637975,1.0327314197089432e-05
2040-06-29,13.980555555555556,0.37201747244349004,0.3720551003913326,0.3723898315178313,0.37202757786241863,3.7627947842566734e-05,0.00037235907434124416,1.010541892859651e-05
2040-07-06,14.0,0.3714833008594953,0.3715220039513815,0.3718504367239222,0.3714931822158473,3.870309188619414e-05,0.00036713586442688184,9.881356351992832e-06
2040-07-13,14.019444444444444,0.3709498990930771,0.3709896713547804,0.371311745203196,0.3709595542861665,3.9772261703319156e-05,0.000361846110118913,9.655193089430636e-06
2040-07-20,14.03888888888889,0.3704172662038842,0.370458101507062,0.37077375616306063,0.370426693200257,4.0835303177777504e-05,0.00035648995917642035,9.426996372796648e-06
2040-07-27,14.058333333333334,0.3698854012510254,0.3699272933153271,0.37023646881162986,0.3698945980850593,4.1892064301662923e-05,0.00035106756060443445,9.196834033886603e-06
2040-08-03,14.077777777777778,0.36935430329308266,0.36939724568824245,0.3696998823577227,0.3693632680675772,4.294239515978404e-05,0.00034557906464005583,8.964774494524264e-06
2040-08-10,14.097222222222221,0.3688239713881256,0.36886795753603857,0.3691639960108634,0.3688327022748816,4.398614791295552e-05,0.0003400246227378001,8.730886755958789e-06
2040-08-17,14.116666666666667,0.36829440459372537,0.3683394277705074,0.36862880898128086,0.368302899834115,4.502317678201084e-05,0.00033440438755549806,8.495240389649883e-06
2040-08-24,14.136111111111111,0.36776560196696834,0.3678116553050001,0.36809432047990825,0.36777385987249506,4.6053338031759594e-05,0.0003287185129399184,8.257905526720677e-06
2040-08-31,14.155555555555555,0.3672375625644695,0.3672846390544248,0.36756052971838293,0.36724558151731795,4.707648995533331e-05,0.0003229671539134449,8.018952848465322e-06
2040-09-07,14.175,0.36671028544238665,0.36675837793524463,0.3670274359090457,0.36671806389596323,4.809249285797623e-05,0.000317150466659033,7.778453576579025e-06
2040-09-14,14.194444444444445,0.36618376965643346,0.3662328708654749,0.3664950382649407,0.366191306135897,4.910120904144666e-05,0.00031126860850722027,7.536479463554624e-06
2040-09-21,14.213888888888889,0.3656580142618931,0.3657081167646814,0.36596333599981506,0.36566530736467584,5.01025027883073e-05,0.0003053217379219708,7.293102782746086e-06
2040-09-28,14.233333333333333,0.36513301831363176,0.3651841145539782,0.36543232832811834,0.36514006670995075,5.109624034643767e-05,0.0002993100144865757,7.048396318987127e-06
2040-10-05,14.252777777777778,0.36460878086611165,0.3646608631560248,0.3649020144650023,0.36461558329947075,5.2082289913157886e-05,0.00029323359889066314,6.802433359098803e-06
2040-10-12,14.272222222222222,0.36408530097340425,0.3641383614950248,0.36437239362632073,0.3640918562610871,5.306052162057373e-05,0.00028709265291648745,6.555287682841193e-06
2040-10-19,14.291666666666666,0.3635625776892035,0.36361660849672306,0.3638434650286287,0.3635688847227568,5.403080751953393e-05,0.0002808873394251621,6.30703355325446e-06
2040-10-26,14.311111111111112,0.3630406100668394,0.3630956030884036,0.3633152278891824,0.3630466678125457,5.499302156419805e-05,0.000274617822343004,6.057745706278261e-06
2040-11-02,14.330555555555556,0.3625193971592896,0.36257534419888765,0.36278768142593903,0.36252520465863364,5.59470395980477e-05,0.0002682842666494323,5.807499344034905e-06
2040-11-09,14.35,0.36199893801919375,0.36205583075853126,0.36226082485755595,0.362004494389317,5.689273933751071e-05,0.00026188683836220195,5.5563701232275164e-06
2040-11-16,14.369444444444444,0.36147923169886503,0.3615370616992228,0.36173465740339045,0.3614845361330127,5.783000035775032e-05,0.0002554257045254138,5.304434147646031e-06
2040-11-23,14.38888888888889,0.3609602772503043,0.36101903595438134,0.3612091782834997,0.3609653290182625,5.8758704077066515e-05,0.00024890103319541446,5.051767958230702e-06
2040-11-30,14.408333333333333,0.36044207372521114,0.3605017524589543,0.3606843867186401,0.36044687217373583,5.9678733743184775e-05,0.0002423129934289725,4.798448524689913e-06
2040-12-07,14.427777777777777,0.35992462017499777,0.3599852101494151,0.3601602819302672,0.3599291647282337,6.058997441732439e-05,0.0002356617552694562,4.5445532359522645e-06
2040-12-14,14.447222222222223,0.3594079156508007,0.3594694079637606,0.3596368631405348,0.3594122058106929,6.149231295987656e-05,0.00022894748973406598,4.290159892172962e-06
2040-12-21,14.466666666666667,0.3588919592034934,0.35895434484151006,0.3591141295722952,0.3588959945501889,6.238563801663766e-05,0.00022217036880178842,4.03534669546346e-06
2040-12-28,14.48611111111111,0.3583767498836986,0.3584400197237016,0.35859208044909857,0.3583805300759398,6.326984000298852e-05,0.00021533056539996265,3.7801922411762057e-06
2041-01-04,14.505555555555556,0.3578622867418007,0.35792643155289106,0.3580707149951922,0.35786581151731,6.414481109034975e-05,0.00020842825339151272,3.524775509300415e-06
2041-01-11,14.525,0.3573485688279574,0.35741357927314915,0.357550032435521,0.35735183800381376,6.501044519174881e-05,0.00020146360756362336,3.2691758563574425e-06
2041-01-18,14.544444444444444,0.3568355951921126,0.35690146183006005,0.3570300319957266,0.35683860866511863,6.586663794744263e-05,0.0001944368036139732,3.013473006019396e-06
2041-01-25,14.563888888888888,0.3563233648840077,0.35639007817071805,0.35651071290214664,0.35632612263104907,6.671328671037369e-05,0.0001873480181389664,2.7577470413930882e-06
2041-02-01,14.583333333333334,0.3558118769531936,0.3558794272437266,0.3559920743818153,0.35581437903159024,6.755029053301387e-05,0.00018019742862168675,2.5020783966378524e-06
2041-02-08,14.602777777777778,0.3553011304490433,0.35536950799919553,0.35547411566246206,0.35530337699689124,6.837755015220992e-05,0.0001729852134187415,2.246547847917224e-06
2041-02-15,14.622222222222222,0.35479112442076255,0.3548603193887389,0.35495683597251215,0.3547931156572688,6.919496797636038e-05,0.00016571155174960328,1.9912365062380033e-06
2041-02-22,14.641666666666667,0.3542818579174023,0.354351860365473,0.35444023454108525,0.35428359414321065,7.00024480707051e-05,0.00015837662368295424,1.7362258083464255e-06
2041-03-01,14.661111111111111,0.35377332998787026,0.35384412988401426,0.3539243105979962,0.35377481158537905,7.079989614400262e-05,0.00015098061012591701,1.4815975087900668e-06
2041-03-08,14.680555555555555,0.3532655396809421,0.3533371269004767,0.3534090633737535,0.3532667671146144,7.158721953459679e-05,0.0001435236928113981,1.2274336723128165e-06
2041-03-15,14.7,0.35275848604527327,0.35283085037247025,0.35289449209956014,0.35275945986193863,7.236432719698316e-05,0.00013600605428687462,9.738166653616709e-07
2041-03-22,14.719444444444445,0.35225216812941,0.35232529925909845,0.35238059600731186,0.35225288895855833,7.313112968843072e-05,0.00012842787790184884,7.208291483151719e-07
2041-03-29,14.738888888888889,0.35174658498180106,0.35182047252095616,0.35186737432959836,0.351747053535869,7.388753915510415e-05,0.000120789347797301,4.6855406793389065e-07
2041-04-05,14.758333333333333,0.35124173565080874,0.3513163691201277,0.3513548262997016,0.3512419527254577,7.46334693189632e-05,0.00011309064889286624,2.170746489782438e-07
2041-04-12,14.777777777777779,0.35073761918472,0.3508129880201844,0.350842951151596,0.3507375856591065,7.536883546438444e-05,0.00010533196687600999,-3.3525613507556784e-08
2041-04-19,14.797222222222222,0.3502342346317576,0.35031032818618274,0.3503317481199482,0.3502339514687965,7.609355442511623e-05,9.751348819059258e-05,-2.8316296113439776e-07
2041-04-26,14.816666666666666,0.3497315810400914,0.349808388584662,0.34982121644011643,0.34973104928671045,7.680754457062289e-05,8.963540002504544e-05,-5.317533809390262e-07
2041-05-03,14.83611111111111,0.3492296574578485,0.3493071681836425,0.3493113553481503,0.34922887824523674,7.751072579398333e-05,8.169789030176844e-05,-7.792126117678322e-07
2041-05-10,14.855555555555556,0.34872846293312504,0.3488066659526227,0.34880216408079,0.3487274374769721,7.820301949768016e-05,7.370114766497293e-05,-1.025456152936588e-06
2041-05-17,14.875,0.34822799651399633,0.3483068808625783,0.348293641875467,0.3482267261147257,7.888434858199789e-05,6.564536147068978e-05,-1.2703992706142309e-06
2041-05-24,14.894444444444444,0.34772825724852796,0.3478078118859589,0.3477857879703024,0.3477267432915219,7.955463743092306e-05,5.753072177444585e-05,-1.5139570060385132e-06
2041-05-31,14.91388888888889,0.3472292441847864,0.34730945799668667,0.3472786016041074,0.3472274881406038,8.021381190026489e-05,4.935741932099447e-05,-1.7560441826214301e-06
2041-06-07,14.933333333333334,0.3467309563708491,0.34681181817015383,0.3467720820163827,0.34672895979543633,8.086179930472115e-05,4.112564553360176e-05,-1.9965754127770907e-06
2041-06-14,14.952777777777778,0.3462333928548157,0.3463148913832209,0.3462662284473181,0.3462311573897098,8.149852840522165e-05,3.283559250238932e-05,-2.235465105915324e-06
2041-06-21,14.972222222222221,0.34573655268481773,0.34581867661421417,0.34576104013779174,0.3457340800573433,8.21239293964382e-05,2.4487452974009116e-05,-2.4726274744368837e-06
2041-06-28,14.991666666666667,0.3452404349090298,0.3453231728429239,0.34525651632937093,0.345237726932487,8.273793389412809e-05,1.6081420341151897e-05,-2.707976542781765e-06
2041-07-05,15.011111111111111,0.34474503857567906,0.3448283790506024,0.3447526562643104,0.34474209714952675,8.33404749233102e-05,7.617688631333941e-06,-2.941426152314186e-06
2041-07-12,15.030555555555555,0.3442503627330556,0.34433429421996137,0.34424945918555283,0.34424718984308644,8.393148690577501e-05,-9.035475027618922e-07,-3.1728899691496615e-06
2041-07-19,15.05,0.3437564064295232,0.34384091733517014,0.343746924336728,0.34375300414803117,8.451090564692842e-05,-9.482092795221053e-06,-3.4022814920375843e-06
2041-07-26,15.069444444444445,0.3432631687135287,0.3433482473818538,0.3432450509621526,0.3432595391994711,8.507866832513367e-05,-1.8117751376112157e-05,-3.629514057579275e-06
2041-08-02,15.088888888888889,0.3427706486336121,0.3428562833470907,0.3427438383068299,0.34276679413276406,8.563471347855511e-05,-2.6810326782200633e-05,-3.8545008480550536e-06
2041-08-09,15.108333333333333,0.34227884523841684,0.34236502421941045,0.34224328561644973,0.34227476808351887,8.617898099361199e-05,-3.555962196710727e-05,-4.077154897974555e-06
2041-08-16,15.127777777777778,0.34178775757669905,0.34187446898879215,0.3417433921373869,0.3417834601875983,8.671141209309896e-05,-4.436543931213288e-05,-4.297389100738069e-06
2041-08-23,15.147222222222222,0.3412973846973383,0.34138461664666225,0.34124415711670253,0.34129286958112276,8.723194932397371e-05,-5.3227580635750726e-05,-4.515116215519921e-06
2041-08-30,15.166666666666666,0.340807725649346,0.3408954661858918,0.34074557980214226,0.34080299540047315,8.774053654575509e-05,-6.214584720376504e-05,-4.730248872875098e-06
2041-09-06,15.186111111111112,0.34031877948187633,0.34040701660079525,0.34024765944213664,0.34031383678229354,8.823711891892128e-05,-7.112003973969161e-05,-4.942699582788368e-06
2041-09-13,15.205555555555556,0.33983054524423495,0.3399192668871281,0.3397503952858004,0.33982539286349506,8.872164289314144e-05,-8.014995843452777e-05,-5.152380739892326e-06
2041-09-20,15.225,0.33934302198588867,0.3394322160420846,0.3392537865829326,0.3393376627812583,8.919405619595144e-05,-8.923540295607824e-05,-5.359204630350778e-06
2041-09-27,15.244444444444444,0.3388562087564753,0.3389471757412809,0.3387729713763586,0.3388506456559497,9.096698480559606e-05,-8.323738011672965e-05,-5.563100525629583e-06
2041-10-04,15.26388888888889,0.3383701046058126,0.3384628285511552,0.33829280509688614,0.33836434053988396,9.272394534259876e-05,-7.729950892648718e-05,-5.764065928670625e-06
2041-10-11,15.283333333333333,0.3378847085839076,0.33797917348126943,0.3378132869169954,0.33787874646862937,9.44648973618123e-05,-7.142166691220808e-05,-5.962115278257407e-06
2041-10-18,15.302777777777777,0.33740001974096606,0.33749620954260073,0.3373344160101525,0.3373938624781043,9.618980163467183e-05,-6.560373081354598e-05,-6.15726286173901e-06
2041-10-25,15.322222222222223,0.3369160371274012,0.3370139357475395,0.3368561915508084,0.3369096876045823,9.789862013831474e-05,-5.984557659277634e-05,-6.349522818915876e-06
2041-11-01,15.341666666666667,0.3364327597938435,0.33653235110988755,0.33637861271439856,0.3364262208846965,9.959131604403426e-05,-5.4147079444955004e-05,-6.53890914703581e-06
2041-11-08,15.36111111111111,0.3359501867911492,0.33605145464485586,0.33590167867734094,0.3359434613554443,0.0001012678537066769,-4.850811380824327e-05,-6.725435704901805e-06
2041-11-15,15.380555555555556,0.335468317170409,0.33557124536906263,0.33542538861703547,0.33546140805419145,0.00010292819865365122,-4.2928553373511313e-05,-6.909116217534983e-06
2041-11-22,15.4,0.33498714998295787,0.3350917223005313,0.3349497417118632,0.3349800600186775,0.00010457231757343699,-3.740827109466327e-05,-7.089964280393435e-06
2041-11-29,15.419444444444444,0.33450668428038305,0.3346128844586886,0.3344747371411843,0.3344994162870192,0.00010620017830553774,-3.194713919874026e-05,-7.26799336386863e-06
2041-12-06,15.438888888888888,0.33402691911453325,0.33413473086436235,0.33400037408533817,0.33401947589771547,0.00010781174982910091,-2.6545029195079728e-05,-7.443216817781817e-06
2041-12-13,15.458333333333334,0.3335478535375268,0.33365726053977973,0.3335266517256412,0.33354023788965226,0.00010940700225292588,-2.120181188558501e-05,-7.615647874548159e-06
2041-12-20,15.477777777777778,0.33306948660176133,0.33318047250856503,0.33305356924438667,0.33306170130210616,0.00011098590680369558,-1.5917357374661822e-05,-7.78529965517194e-06
2041-12-27,15.497222222222222,0.3325918173599211,0.33270436579573776,0.3325811258248434,0.3325838651747491,0.00011254843581665064,-1.0691535077711478e-05,-7.95218517202212e-06
2042-01-03,15.516666666666667,0.33211484486498655,0.33222893942771065,0.332109320651254,0.33210672854765305,0.00011409456272409857,-5.5242137325661744e-06,-8.116317333495271e-06
2042-01-10,15.536111111111111,0.33163856817024184,0.33175419243228776,0.33163815290883475,0.3316302904612938,0.00011562426204592136,-4.1526140709402526e-07,-8.277708948067897e-06
2042-01-17,15.555555555555555,0.331162986329284,0.3312801238386623,0.33116762178377407,0.3311545499565559,0.00011713750937830669,4.635454490087287e-06,-8.436372728071184e-06
2042-01-24,15.575,0.3306880983960307,0.3308067326774147,0.33069772646323164,0.33067950607473623,0.00011863428138403354,9.628067200950774e-06,-8.592321294464966e-06
2042-01-31,15.594444444444445,0.33021390342472867,0.3303340179805109,0.330228466135337,0.3302051578575489,0.00012011455578220254,1.4562710608345686e-05,-8.745567179779812e-06
2042-02-07,15.613888888888889,0.32974040046996206,0.32986197878129975,0.32975983998918884,0.3297315043471292,0.00012157831133768893,1.9439519226782664e-05,-8.896122832835474e-06
2042-02-14,15.633333333333333,0.32926758858666033,0.32939061411451176,0.3292918472148538,0.329258544586038,0.00012302552785142806,2.4258628193440934e-05,-9.044000622349113e-06
2042-02-21,15.652777777777779,0.3287954668301063,0.3289199230162566,0.3288244870033652,0.32878627761726553,0.0001244561861503124,2.902017325889794e-05,-9.18921284076557e-06
2042-02-28,15.672222222222222,0.3283240342559445,0.32844990452402145,0.32835775854672256,0.32831470248423644,0.00012587026807697743,3.3724290778081034e-05,-9.331771708032122e-06
2042-03-07,15.691666666666666,0.32785328992018814,0.3279805576766688,0.32789166103788986,0.32784381823081277,0.00012726775648064237,3.837111770171875e-05,-9.471689375373238e-06
2042-03-14,15.71111111111111,0.32738323287922855,0.3275118815144346,0.32742619367079506,0.3273736239012991,0.0001286486352060634,4.296079156651533e-05,-9.608977929453921e-06
2042-03-21,15.730555555555556,0.3269138621898414,0.32704387507892624,0.3269613556403284,0.32690411854044615,0.00013001288908481845,4.749345048699061e-05,-9.743649395266285e-06
2042-03-28,15.75,0.3264451769091955,0.32657653741312076,0.32649714614234204,0.3264353011934551,0.00013136050392525966,5.196923314654267e-05,-9.875715740403912e-06
2042-04-04,15.769444444444444,0.32597717609486,0.3261098675613627,0.32603356437364855,0.32596717090598126,0.00013269146650268793,5.6388278788566115e-05,-1.000518887872559e-05
2042-04-11,15.78888888888889,0.32550985880481204,0.325643864569362,0.32557060953201994,0.3254997267241389,0.00013400576454997148,6.075072720790331e-05,-1.0132080673130872e-05
2042-04-18,15.808333333333334,0.32504322409744457,0.3251785274841926,0.3251082808161868,0.32503296769450435,0.00013530338674805353,6.505671874224017e-05,-1.0256402940223008e-05
2042-04-25,15.827777777777778,0.3245772710315737,0.32471385535429004,0.32464657742583686,0.32456689286412066,0.0001365843227163488,6.930639426316887e-05,-1.0378167453028997e-05
2042-05-02,15.847222222222221,0.3241119986664461,0.32424984722944944,0.3241854985616144,0.32410150128050125,0.00013784856300336212,7.349989516830524e-05,-1.0497385944829851e-05
2042-05-09,15.866666666666667,0.32364740606174613,0.32378650216082394,0.32372504342511893,0.3236367919916341,0.00013909609907780673,7.763736337279559e-05,-1.061407011204718e-05
2042-05-16,15.886111111111111,0.32318349227760396,0.32332381920092246,0.32326521121890384,0.3231727640459854,0.00014032692331850116,8.171894129987978e-05,-1.0728231618573059e-05
2042-05-23,15.905555555555555,0.322720256374602,0.32286179740360793,0.32280600114647634,0.32270941649250395,0.00014154102900593157,8.574477187434093e-05,-1.0839882098045983e-05
2042-05-30,15.925,0.32225769741378246,0.3224004358240952,0.32234741241229514,0.32224674838062417,0.00014273841031275936,8.971499851267994e-05,-1.0949033158291765e-05
2042-06-06,15.944444444444445,0.3217958144566546,0.32193973351894933,0.32188944422177046,0.3217847587602712,0.0001439190622947173,9.362976511584353e-05,-1.1055696383432956e-05
2042-06-13,15.963888888888889,0.3213346065652015,0.32147968954608336,0.32143209578126225,0.3213234466818635,0.0001450829808818388,9.748921606073102e-05,-1.1159883337996668e-05
2042-06-20,15.983333333333333,0.3208740728018874,0.3210203029647567,0.3209753662980796,0.3208628111963178,0.00014623016286929857,0.00010129349619220074,-1.1261605569579114e-05
2042-06-27,16.002777777777776,0.32041421222966443,0.3205615728355729,0.32051925498047956,0.32040285135505175,0.00014736060590847533,0.00010504275081513192,-1.1360874612675875e-05
2042-07-04,16.022222222222222,0.3199550239119798,0.32010349822047807,0.320063761037666,0.31994356620998876,0.00014847430849829202,0.00010873712568620908,-1.145770199101337e-05
2042-07-11,16.041666666666668,0.3194965069127825,0.3196460781827586,0.31960888367978874,0.31948495481356104,0.00014957126997611203,0.00011237676700626142,-1.155209922143463e-05
2042-07-18,16.06111111111111,0.31903866029653,0.31918931178703946,0.3191546221179424,0.3190270162187142,0.00015065149050946802,0.00011596182141238032,-1.1644077815786691e-05
2042-07-25,16.080555555555556,0.3185814831281949,0.3187331980992824,0.3187009755641652,0.3185697494789096,0.0001517149710875132,0.00011949243597031423,-1.1733649285305958e-05
2042-08-01,16.1,0.3181249744732723,0.3182777361867836,0.31824794323143824,0.3181131536481293,0.00015276171351130685,0.00012296875816592,-1.1820825143005198e-05
2042-08-08,16.119444444444444,0.3176691333977857,0.3178229251181725,0.31779552433368463,0.3176572277808791,0.00015379172038681999,0.00012639093589894568,-1.1905616906560113e-05
2042-08-15,16.13888888888889,0.31721395896829363,0.3173687639634089,0.31734371808576745,0.3172019709321928,0.00015480499511527634,0.00012975911747381552,-1.1988036100807342e-05
2042-08-22,16.158333333333335,0.31675945025189667,0.31691525179378194,0.3168925237034901,0.31674738215763476,0.00015580154188526985,0.00013307345159341288,-1.2068094261907802e-05
2042-08-29,16.177777777777777,0.31630560631624355,0.316462387681908,0.31644194040359414,0.3162934605133046,0.0001567813656644379,0.00013633408735058694,-1.2145802938956507e-05
2042-09-05,16.197222222222223,0.3158524262295373,0.31601017070172815,0.31599196740375884,0.31584020505584026,0.0001577444721908572,0.00013954117422154688,-1.2221173697035681e-05
2042-09-12,16.216666666666665,0.31539990906054244,0.3155585999285074,0.3155426039225999,0.3153876148424218,0.00015869086796493903,0.00014269486205747972,-1.2294218120656453e-05
2042-09-19,16.23611111111111,0.3149480538785902,0.31510767443883153,0.31509384917966876,0.3149356889307744,0.00015962056024132476,0.0001457953010785551,-1.2364947815812766e-05
2042-09-26,16.255555555555556,0.3144968597535861,0.31465739331060644,0.31464570239545103,0.31448442637917295,0.000160533557020337,0.00014884264186493246,-1.2433374413145515e-05
2042-10-03,16.275,0.31404632575601443,0.3142077556230554,0.3141981627913661,0.31403382624644455,0.00016142986704098528,0.00015183703535165405,-1.2499509569885436e-05
2042-10-10,16.294444444444444,0.31359645095694616,0.31375876045671747,0.3137512295897653,0.31358388759197225,0.00016230949977130704,0.0001547786328191525,-1.2563364973905422e-05
2042-10-17,16.31388888888889,0.3131472344280438,0.31331040689344564,0.3133049020139319,0.31313460947569904,0.0001631724654018174,0.00015766758588808827,-1.2624952344775231e-05
2042-10-24,16.333333333333332,0.31269867524156786,0.3128626940164049,0.31285917928807916,0.3126859909581308,0.00016401877483701588,0.00016050404651130057,-1.2684283437036648e-05
2042-10-31,16.352777777777778,0.31225077247038274,0.31241562091007025,0.3124140606373495,0.3122380311003396,0.00016484843968750384,0.0001632881669667574,-1.2741370043145572e-05
2042-11-07,16.372222222222224,0.311803525187963,0.3119691866602252,0.3119695452878141,0.3117907289639677,0.00016566147226221295,0.00016602009985111632,-1.279622399530389e-05
2042-11-14,16.391666666666666,0.31135693246839896,0.31152339035395943,0.31152563246647125,0.3113440836112305,0.00016645788556046703,0.00016869999807228586,-1.2848857168457073e-05
2042-11-21,16.41111111111111,0.31091099338640193,0.31107823107966726,0.3110823214012455,0.31089809410491986,0.00016723769326532079,0.00017132801484354143,-1.2899281482070535e-05
2042-11-28,16.430555555555557,0.31046570701731124,0.31063370792704564,0.31063961132098644,0.31045275950840767,0.0001680009097344004,0.0001739043036751986,-1.2947508903571325e-05
2042-12-05,16.45,0.3100210724370992,0.3101898199870924,0.3101975014554681,0.3100080788856493,0.00016874754999318675,0.00017642901836889546,-1.299355144990244e-05
2042-12-12,16.469444444444445,0.3095770887223764,0.30974656635210407,0.30975599103538765,0.30956405130118647,0.00016947762972768787,0.00017890231301126436,-1.3037421189909804e-05
2042-12-19,16.488888888888887,0.30913375495039846,0.30930394611567463,0.30931507929236457,0.30912067582015107,0.00017019116527616784,0.0001813243419661048,-1.3079130247395376e-05
2042-12-26,16.508333333333333,0.30869107019907044,0.30886195837269287,0.30887476545893916,0.3086779515082677,0.00017088817362242992,0.00018369525986872137,-1.3118690802726984e-05
2043-01-02,16.52777777777778,0.308249033546953,0.30842060221934137,0.30843504876857225,0.30823587743185804,0.00017156867238837803,0.00018601522161926232,-1.315611509494774e-05
2043-01-09,16.54722222222222,0.30780764407326794,0.30797987675309396,0.30799592845564366,0.30779445265784294,0.0001722326798260232,0.0001882843823757252,-1.319141542499569e-05
2043-01-16,16.566666666666666,0.30736690085790286,0.30753978107271435,0.3075574037554511,0.30735367625374604,0.0001728802148114883,0.00019050289754823924,-1.3224604156814035e-05
2043-01-23,16.586111111111112,0.30692680298141767,0.3071003142782539,0.30711947390420974,0.3069135472876974,0.00017351129683623734,0.00019267092279207088,-1.3255693720293227e-05
2043-01-30,16.605555555555554,0.3064873495250489,0.30666147547105016,0.3066821381390507,0.30647406482843625,0.00017412594600124676,0.00019478861400179515,-1.3284696612658742e-05
2043-02-06,16.625,0.3060485395707156,0.30622326375372466,0.3062453956980201,0.30603522794531385,0.00017472418300906734,0.0001968561273045233,-1.3311625401746241e-05
2043-02-13,16.644444444444446,0.30561037220102405,0.3057856782301815,0.3058092458200783,0.3055970357082975,0.00017530602915744042,0.0001988736190542406,-1.3336492726556681e-05
2043-02-20,16.663888888888888,0.30517284649927373,0.30534871800560504,0.3053736877450986,0.30515948718797276,0.00017587150633130433,0.00020084124582486762,-1.3359311300975563e-05
2043-02-27,16.683333333333334,0.3047359615494613,0.30491238218645844,0.30493872071386613,0.304722581455547,0.00017642063699713217,0.0002027591644048199,-1.338009391432804e-05
2043-03-06,16.70277777777778,0.30429971643628667,0.3044766698804817,0.30450434396807763,0.3042863175828526,0.00017695344419504933,0.00020462753179095738,-1.3398853434098967e-05
2043-03-13,16.72222222222222,0.30386411024515786,0.3040415801966898,0.3040705567503395,0.3038506946423497,0.00017746995153195,0.00020644650518164553,-1.3415602808153348e-05
2043-03-20,16.741666666666667,0.3034291420621953,0.3036071122453709,0.3036373583041671,0.30341571170712894,0.00017797018317561308,0.00020821624197181476,-1.3430355066346156e-05
2043-03-27,16.761111111111113,0.30299481097423747,0.3031732651380845,0.30320474787398405,0.3029813678509159,0.0001784541638470416,0.0002099368997465767,-1.3443123321577044e-05
2043-04-03,16.780555555555555,0.3025611160688459,0.30274003798766,0.3027727247051209,0.302547662148072,0.00017892191881413444,0.00021160863627500692,-1.3453920773898176e-05
2043-04-10,16.8,0.30212805643430907,0.302307429908194,0.3023412880438141,0.3021145936735994,0.00017937347388491398,0.00021323160950503794,-1.3462760709681554e-05
2043-04-17,16.819444444444443,0.30169563115964815,0.3018754400150494,0.30191043713720545,0.30168216150314275,0.00017980885540125335,0.00021480597755729747,-1.3469656505393779e-05
2043-04-24,16.83888888888889,0.30126383933462153,0.301444067424853,0.3014801712333404,0.30125036471299255,0.00018022809023149344,0.00021633189871889114,-1.347462162898383e-05
2043-05-01,16.858333333333334,0.30083268004972913,0.3010133112554943,0.3010504895811676,0.3008192023800883,0.00018063120576516933,0.00021780953143846205,-1.347766964082675e-05
2043-05-08,16.877777777777776,0.3004021523962176,0.30058317062612283,0.3006213914305378,0.3003886735820211,0.00018101822990523875,0.00021923903432019554,-1.3478814196499211e-05
2043-05-15,16.897222222222222,0.2999722554660843,0.3001536446571472,0.30019287603220257,0.29995877739703636,0.0001813891910629195,0.00022062056611826808,-1.347806904794524e-05
2043-05-22,16.916666666666668,0.29954298835208254,0.29972473247023274,0.2997649426378138,0.2995295129040373,0.00018174411815019553,0.00022195428573124065,-1.347544804525258e-05
2043-05-29,16.93611111111111,0.2991143501477258,0.29929643318829996,0.2993375904999222,0.29910087918258726,0.0001820830405741547,0.0002232403521963966,-1.347096513854007e-05
2043-06-05,16.955555555555556,0.2986863399472919,0.29886874593552276,0.29891081887197635,0.2986728753129128,0.0001824059882308826,0.00022447892468446806,-1.3464634379067864e-05
2043-06-12,16.975,0.2982589568458278,0.2984416698373264,0.2984846270083224,0.2982455003759064,0.00018271299149857922,0.0002256701624945845,-1.345646992140237e-05
2043-06-19,16.994444444444444,0.2978321999391545,0.29801520402038606,0.2980590141642023,0.29781875345312947,0.00018300408123156364,0.00022681422504777782,-1.3446486025026072e-05
2043-06-26,17.01388888888889,0.2974060683238699,0.2975893476126248,0.29763397959575255,0.2973926336268146,0.00018327928875488952,0.0002279112718826526,-1.343469705528122e-05
2043-07-03,17.033333333333335,0.2969805610973545,0.2971640997432118,0.2972095225600046,0.29696713997986907,0.00018353864585729518,0.0002289614626501124,-1.342111748542374e-05
2043-07-10,17.052777777777777,0.296555677357775,0.2967394595425609,0.2967856423148824,0.2965422715958771,0.00018378218478593,0.00022996495710742026,-1.3405761897899993e-05
2043-07-17,17.072222222222223,0.2961314162040889,0.2963154261423282,0.29636233811920226,0.2961180275591027,0.00018400993823930456,0.00023092191511336901,-1.3388644986178644e-05
2043-07-24,17.091666666666665,0.2957077767360481,0.2958919986754109,0.29593960923267143,0.29569440695449234,0.00018422193936279418,0.00023183249662334093,-1.336978155574986e-05
2043-07-31,17.11111111111111,0.29528475805420357,0.29546917627594493,0.2955174549158873,0.2952714088676778,0.00018441822174136702,0.00023269686168375658,-1.3349186525790646e-05
2043-08-07,17.130555555555556,0.29486235925990906,0.29504695807930403,0.2950958744303367,0.29484903238497856,0.00018459881939497658,0.00023351517042763392,-1.3326874930497112e-05
2043-08-14,17.15,0.2944405794553258,0.2946253432220972,0.2946748670383942,0.29442727659340506,0.00018476376677140083,0.00023428758306837105,-1.3302861920749809e-05
2043-08-21,17.169444444444444,0.2940194177434253,0.294204330842167,0.2942544320033216,0.29400614058066044,0.00018491309874169026,0.00023501425989624902,-1.3277162764890882e-05
2043-08-28,17.18888888888889,0.2935988732279945,0.2937839200785884,0.293834568589267,0.29358562343514394,0.00018504685059389514,0.00023569536127249213,-1.3249792850555941e-05
2043-09-04,17.208333333333332,0.2931789450136392,0.2933641100716663,0.29341527606126394,0.2931657242459534,0.00018516505802707028,0.00023633104762471602,-1.3220767685839796e-05
2043-09-11,17.227777777777778,0.2927596322057877,0.2929448999629342,0.2929965536852297,0.29274644210288703,0.00018526775714650112,0.00023692147944198716,-1.319010290068423e-05
2043-09-18,17.247222222222224,0.29234093391069504,0.29252628889515236,0.29257840072796504,0.29232777609644744,0.0001853549844573199,0.0002374668172699934,-1.3157814247599653e-05
2043-09-25,17.266666666666666,0.29192284923544665,0.292108276012306,0.29216081645715314,0.29190972531784276,0.00018542677685934317,0.0002379672217064921,-1.3123917603885538e-05
2043-10-02,17.28611111111111,0.2915053772879621,0.2916908604596034,0.29174380014135803,0.29149228885899026,0.00018548317164129857,0.0002384228533959254,-1.3088428971852473e-05
2043-10-09,17.305555555555557,0.29108851717699874,0.29127404138347457,0.29132735105002455,0.2910754658125181,0.0001855242064758289,0.00023883387302581216,-1.3051364480654026e-05
2043-10-16,17.325,0.2906722680121555,0.2908578179315692,0.29091146845347665,0.2906592552717684,0.0001855499194136634,0.00023920044132114127,-1.3012740387119415e-05
2043-10-23,17.344444444444445,0.29025662890387655,0.29044218925275467,0.29049615162291653,0.2902436563307992,0.00018556034887812212,0.00023952271903998623,-1.2972573077363325e-05
2043-10-30,17.363888888888887,0.28984159896345474,0.29002715449711514,0.29008139983042386,0.28982866808438756,0.00018555553366039756,0.00023980086696911984,-1.2930879067174494e-05
2043-11-06,17.383333333333333,0.2894271773030351,0.28961271281594864,0.2896672123489548,0.2894142896280316,0.0001855355129135594,0.0002400350459197398,-1.2887675003458998e-05
2043-11-13,17.40277777777778,0.2890133630356186,0.2891988633617666,0.28925358845234095,0.28900052005795274,0.0001855003261480026,0.00024022541672236164,-1.2842977665850075e-05
2043-11-20,17.42222222222222,0.28860015527506566,0.2887856052882911,0.2888405274152882,0.2885873584710989,0.00018545001322545218,0.0002403721402225445,-1.2796803966763637e-05
2043-11-27,17.441666666666666,0.28818755313609934,0.2883729377504536,0.2884280285133762,0.28817480396514605,0.0001853846143542448,0.00024047537727683865,-1.2749170953285649e-05
2043-12-04,17.461111111111112,0.2877755557343085,0.2879608599043932,0.2880160910230568,0.28776285563850096,0.00018530417008466582,0.00024053528874828922,-1.2700095807560707e-05
2043-12-11,17.480555555555554,0.2873641621861524,0.2875493709074548,0.28760471422165385,0.28735151259030406,0.00018520872130239896,0.0002405520355014401,-1.2649595848346351e-05
2043-12-18,17.5,0.28695337160896217,0.28713846991818753,0.2871938973873613,0.28694077392043044,0.0001850983092253622,0.00024052577839911438,-1.2597688531734708e-05
2043-12-25,17.519444444444446,0.28654318312094557,0.2867281560963429,0.28678363979924315,0.2865306387294938,0.00018497297539732394,0.00024045667829758477,-1.2544391451763115e-05
2044-01-01,17.538888888888888,0.28613359584118986,0.286318428602873,0.2863739407372318,0.28612110611884795,0.00018483276168312912,0.0002403448960419663,-1.2489722341912923e-05
2044-01-08,17.558333333333334,0.2857246088896643,0.285909286599929,0.28596479948212755,0.285712175190589,0.00018467771026470237,0.00024019059246327412,-1.2433699075276028e-05
2044-01-15,17.57777777777778,0.28531622138722446,0.2855007292508593,0.28555621531559716,0.28530384504755774,0.00018450786363483074,0.00023999392837270594,-1.2376339666719804e-05
2044-01-22,17.59722222222222,0.28490843245561476,0.28509275572020787,0.28514818752017357,0.2848961147933429,0.00018432326459311144,0.0002397550645588109,-1.2317662271832397e-05
2044-01-29,17.616666666666667,0.28450124121747145,0.2846853651737126,0.28474071537925394,0.28448898353228114,0.00018412395624117783,0.0002394741617824936,-1.2257685190308898e-05
2044-02-05,17.636111111111113,0.28409464679632573,0.28427855677830344,0.28433379817710003,0.2840824503694621,0.00018390998197770347,0.000239151380774294,-1.219642686361988e-05
2044-02-12,17.655555555555555,0.28368864831660734,0.2838723297021007,0.28392743519883584,0.2836765144107283,0.00018368138549335056,0.0002387868822285033,-1.2133905879063711e-05
2044-02-19,17.675,0.28328324490364676,0.28346668311441353,0.28352162573044754,0.2832711747626788,0.00018343821076677314,0.000238380826800777,-1.2070140967934684e-05
2044-02-26,17.694444444444443,0.28287843568367865,0.2830616161857382,0.28311636905878257,0.28286643053267074,0.0001831805020595656,0.00023793337510391588,-1.2005151007909998e-05
2044-03-04,17.71388888888889,0.2824742197838447,0.28265712808775606,0.2827116644715479,0.28246228082882163,0.0001829083039113777,0.00023744468770320326,-1.1938955023049758e-05
2044-03-11,17.733333333333334,0.28207059633219617,0.28225321799333236,0.28230751125730974,0.28205872476001165,0.00018262166113619527,0.00023691492511357382,-1.187157218451862e-05
2044-03-18,17.752777777777776,0.2816675644576976,0.2818498850765143,0.2819039087054926,0.2816557614358859,0.00018232061881673367,0.00023634424779500618,-1.1803021811696013e-05
2044-03-25,17.772222222222222,0.28126512329022846,0.281447128512529,0.2815008561063779,0.2812533899668558,0.00018200522230055194,0.00023573281614941433,-1.1733323372675741e-05
2044-04-01,17.791666666666668,0.2808632719605871,0.28104494747778264,0.28109835275110345,0.28085160946410237,0.0001816755171955564,0.0002350807905163732,-1.1662496484710072e-05
2044-04-08,17.81111111111111,0.2804620096004926,0.28064334114985806,0.2806963979316623,0.28045041903957735,0.00018133154936544882,0.00023438833116967706,-1.1590560915264447e-05
2044-04-15,17.830555555555556,0.2800613353425877,0.28024230870751315,0.28029499094090143,0.2800498178060058,0.0001809733649254519,0.00023365559831373117,-1.1517536581906462e-05
2044-04-22,17.85,0.27966124832044204,0.2798418493306797,0.2798941310725217,0.2796498048768882,0.00018060101023764652,0.00023288275207966613,-1.1443443553860178e-05
2044-04-29,17.869444444444444,0.27926174766855416,0.279441962200461,0.2794938176210762,0.27925037936650215,0.00018021453190686376,0.00023206995252206264,-1.1368302052006118e-05
2044-05-06,17.88888888888889,0.2788628325223543,0.2790426464991309,0.2790940498819693,0.27885154038990456,0.0001798139767766327,0.00023121735961501022,-1.1292132449713943e-05
2044-05-13,17.908333333333335,0.27846450201820694,0.2786439014101314,0.2786948271514559,0.2784532870629342,0.00017939939192446186,0.0002303251332489431,-1.121495527273142e-05
2044-05-20,17.927777777777777,0.2780667552934137,0.2782457261180715,0.27829614872664077,0.27805561850221266,0.00017897082465784253,0.0002293934332270875,-1.1136791201016294e-05
2044-05-27,17.947222222222223,0.27766959148621523,0.2778481198087254,0.27789801390547686,0.2776585338251474,0.00017852832251019635,0.00022842241926163132,-1.1057661067848112e-05
2044-06-03,17.966666666666665,0.27727300973579455,0.2774510816690309,0.2775004219867653,0.27726203214993295,0.00017807193323632342,0.0002274122509707266,-1.0977585861604577e-05
2044-06-10,17.98611111111111,0.27687700918227826,0.2770546108870872,0.2771033722701533,0.27686611259555355,0.00017760170480896065,0.00022636308787504777,-1.0896586724706836e-05
2044-06-17,18.005555555555556,0.2764815889667402,0.2766587066521543,0.2767068640561344,0.27647077428178446,0.00017711768541411876,0.00022527508939423901,-1.0814684955728904e-05
2044-06-24,18.025,0.2760867482312035,0.27626336815465036,0.2763108966460469,0.27607601632919454,0.0001766199234468635,0.00022414841484341697,-1.0731902008953575e-05
2044-07-01,18.044444444444444,0.27569248611864217,0.2758685945861504,0.27591546934207284,0.2756818378591475,0.00017610846750820697,0.00022298322343067278,-1.0648259494649981e-05
2044-07-08,18.06388888888889,0.27529880177298444,0.2754743851393848,0.2755205814472371,0.2752882379938045,0.00017558336640038918,0.00022177967425268674,-1.0563779179961763e-05
2044-07-15,18.083333333333332,0.27490569433911455,0.27508073900823754,0.2751262322654071,0.2748952158561255,0.00017504466912299232,0.0002205379262925633,-1.0478482989073612e-05
2044-07-22,18.102777777777778,0.274513162962875,0.27468765538774426,0.2747324211012907,0.2745027705698713,0.00017449242486927696,0.00021925813841572328,-1.0392393003655354e-05
2044-07-29,18.122222222222224,0.2741212067910687,0.27429513347409124,0.2743391472604365,0.27411090125960574,0.00017392668302251835,0.00021794046936779443,-1.0305531462972972e-05
2044-08-05,18.141666666666666,0.273729824971462,0.27390317246461304,0.2739464100492319,0.2737196070506972,0.0001733474931510659,0.0002165850777699485,-1.0217920764776789e-05
2044-08-12,18.16111111111111,0.27333901665278526,0.2735117715577915,0.27355420877490283,0.27332888706932,0.0001727549050062338,0.000215192122117569,-1.012958346524595e-05
2044-08-19,18.180555555555557,0.27294878098473646,0.2731209299532536,0.2731625427455123,0.27293874044245764,0.00017214896851713846,0.00021376176077586573,-1.0040542278821896e-05
2044-08-26,18.2,0.27255911711798314,0.2727306468517701,0.2727714112699602,0.27254916629790293,0.00017152973378697922,0.00021229415197704382,-9.950820080206757e-06
2044-09-02,18.219444444444445,0.2721700242041631,0.2723409214552539,0.27238081365798134,0.27216016376426105,0.000170897251090818,0.00021078945381824976,-9.860439902031892e-06
2044-09-09,18.238888888888887,0.27178150139588814,0.2719517529667584,0.2719907492201455,0.2717717319709508,0.0001702515708702501,0.00020924782425735255,-9.769424937355886e-06
2044-09-16,18.258333333333333,0.27139354784674535,0.27156314059047537,0.2716012172678557,0.27138387004820613,0.0001695927437300182,0.0002076694211103347,-9.677798539220461e-06
2044-09-23,18.27777777777778,0.2710061627112989,0.2711750835317345,0.2712122171133482,0.27099657712707836,0.00016892082043556966,0.00020605440204929382,-9.585584220539456e-06
2044-09-30,18.29722222222222,0.27061934514509256,0.2707875809970005,0.2708237480696906,0.27060985233943813,0.00016823585190794965,0.0002044029245980572,-9.49280565443189e-06
2044-10-07,18.316666666666666,0.2702330943046508,0.27040063219387206,0.2704358094507814,0.2702236948179762,0.00016753788922124757,0.00020271514613057207,-9.399486674610547e-06
2044-10-14,18.336111111111112,0.2698474093474817,0.2700142363310805,0.27004840057134893,0.2698381036962059,0.0001668269835988223,0.00020099122386724178,-9.305651275770543e-06
2044-10-21,18.355555555555554,0.26946228943207806,0.2696283926184877,0.26966152074695093,0.2694530781084648,0.0001661031864096385,0.00019923131487287193,-9.211323613256273e-06
2044-10-28,18.375,0.26907773371791943,0.2692431002670843,0.26927516929397266,0.26906861718991615,0.00016536654916488036,0.0001974355760532287,-9.116528003283442e-06
2044-11-04,18.394444444444446,0.2686937413654743,0.268858358488989,0.26888934552962684,0.2686847200765506,0.0001646171235146765,0.00019560416415254078,-9.02128892371623e-06
2044-11-11,18.413888888888888,0.26831031153620144,0.268474166497446,0.26850404877195233,0.26830138590518793,0.00016385496124454724,0.0001937372357508904,-8.92563101351218e-06
2044-11-18,18.433333333333334,0.2679274433925516,0.2680905235068236,0.26811927833981314,0.2679186138134787,0.0001630801142720184,0.00019183494726154882,-8.829579072888727e-06
2044-11-25,18.45277777777778,0.2675451360979697,0.2677074287326132,0.26773503355289796,0.2675364029399061,0.00016229263464351273,0.00018989745492825616,-8.733158063600754e-06
2044-12-02,18.47222222222222,0.2671633888168963,0.26732488139142696,0.2673513137317187,0.26715475242378683,0.0001614925745306861,0.000187924914822446,-8.636393109440199e-06
2044-12-09,18.491666666666667,0.26678220071476905,0.26694288070099653,0.26696811819760985,0.2667736614052736,0.00016067998622748547,0.00018591748284080278,-8.539309495458891e-06
2044-12-16,18.511111111111113,0.26640157095802464,0.26656142588017134,0.2665854462727274,0.26639312902535606,0.00015985492214670716,0.00018387531470276386,-8.441932668579177e-06
2044-12-23,18.530555555555555,0.2660214987141006,0.26618051614891725,0.2662032972800485,0.26601315442586315,0.0001590174348166662,0.00018179856594791044,-8.344288237427389e-06
2044-12-30,18.55,0.2656419831514361,0.26580015072831453,0.26582167054336925,0.2656337367494635,0.00015816757687842076,0.00017968739193313654,-8.246401972611395e-06
2045-01-06,18.569444444444443,0.26526302343947467,0.2654203288405568,0.2654405653873055,0.26525487513966833,0.00015730540108210844,0.00017754194783081712,-8.148299806332027e-06
2045-01-13,18.58888888888889,0.2648846187486645,0.26504104970894865,0.26505998113729035,0.2648765687408316,0.0001564309602841707,0.00017536238862586595,-8.050007832882677e-06
2045-01-20,18.608333333333334,0.26450676825046104,0.2646623125579051,0.26467991711957445,0.2644988166981528,0.00015554430744407766,0.0001731488691134042,-7.951552308260723e-06
2045-01-27,18.627777777777776,0.26412947111732804,0.26428411661294937,0.26430037266122447,0.26412161815767776,0.00015464549562133056,0.00017090154389642898,-7.852959650278546e-06
2045-02-03,18.647222222222222,0.26375272652273857,0.2639064611007109,0.2639213470901218,0.2637449722663003,0.00015373457797235313,0.0001686205673832597,-7.754256438285978e-06
2045-02-10,18.666666666666668,0.2633765336411775,0.26352934524892485,0.2635428397349628,0.2633688781717637,0.00015281160774732738,0.0001663060937852623,-7.655469413836435e-06
2045-02-17,18.68611111111111,0.26300089164814205,0.26315276828642975,0.2631648499252569,0.26299333502266226,0.0001518766382876957,0.00016395827711485067,-7.55662547979874e-06
2045-02-24,18.705555555555556,0.26262579972014316,0.26277672944316577,0.26278737699132604,0.26261834196844264,0.0001509297230226081,0.0001615772711828778,-7.4577517005236516e-06
2045-03-03,18.725,0.2622512570347075,0.2624012279501739,0.26241042026430367,0.2622438981594054,0.00014997091546642416,0.0001591632295961931,-7.358875302065915e-06
2045-03-10,18.744444444444444,0.2618772627703785,0.2620262630395939,0.2620339790761342,0.26187000274670647,0.00014900026921543796,0.00015671630575569973,-7.260023672017724e-06
2045-03-17,18.76388888888889,0.2615038161067173,0.26165183394466246,0.2616580527595714,0.26149665488235874,0.000148017837945158,0.0001542366528540784,-7.161224358565033e-06
2045-03-24,18.783333333333335,0.2611309162243046,0.2612779398997123,0.26128264064817813,0.26112385371923263,0.00014702367540769812,0.0001517244238735116,-7.062505071986358e-06
2045-03-31,18.802777777777777,0.2607585623047418,0.2609045801401702,0.26090774207632533,0.2607515984110589,0.00014601783542839142,0.00014917977158351858,-6.963893682931932e-06
2045-04-07,18.822222222222223,0.2603867535306517,0.2605317539025553,0.2605333563791905,0.2603798881124285,0.00014500037190356974,0.00014660284853879046,-6.865418223200859e-06
2045-04-14,18.841666666666665,0.2600154890856807,0.260159460424478,0.2601594828927578,0.2600087219787955,0.00014397133879734403,0.00014399380707713627,-6.767106885186003e-06
2045-04-21,18.86111111111111,0.25964476815449866,0.2597876989446378,0.2597861209538165,0.2596380991664769,0.00014293079013916188,0.00014135279931781763,-6.668988021762967e-06
2045-04-28,18.880555555555556,0.25927458992280167,0.25941646870282253,0.25941326989996,0.2592680188326553,0.0001418787800208654,0.00013867997715832914,-6.571090146345604e-06
2045-05-05,18.9,0.25890495357731197,0.259045768939906,0.2590409290695854,0.2588984801353794,0.00014081536259402672,0.00013597549227345462,-6.473441932552948e-06
2045-05-12,18.919444444444444,0.25853585830577935,0.25867559889784675,0.2586690978018923,0.25852948223356575,0.00013974059206739442,0.00013323949611293573,-6.376072213598594e-06
2045-05-19,18.93888888888889,0.2581673032969827,0.2583059578196869,0.2582977754368817,0.2581610242869998,0.00013865452270422907,0.0001304721398990294,-6.279009982901318e-06
2045-05-26,18.958333333333332,0.2577992877407307,0.25793684494954994,0.25792696131535586,0.2577931054563375,0.00013755720881925004,0.0001276735746251756,-6.182284393196902e-06
2045-06-02,18.977777777777778,0.2574318108278626,0.2575682595326395,0.2575566547789162,0.2574257249031062,0.00013644870477691473,0.00012484395105361035,-6.085924756371597e-06
2045-06-09,18.997222222222224,0.2570648717502499,0.25720020081523803,0.2571868551699637,0.25705888178970654,0.00013532906498814334,0.00012198341971381144,-5.989960543351103e-06
2045-06-16,19.016666666666666,0.256698469700797,0.2568326680447048,0.2568175618316973,0.2566925752794126,0.00013419834390776542,0.00011909213090027793,-5.894421384433635e-06
2045-06-23,19.03611111111111,0.2563326038734423,0.2564656604694745,0.2564487741081127,0.25632680453637485,0.00013305659603218833,0.00011617023467036525,-5.799337067458055e-06
2045-06-30,19.055555555555557,0.2559672734631588,0.2560991773390562,0.25608049134400235,0.2559615687256196,0.00013190387589739894,0.00011321788084356355,-5.704737539191651e-06
2045-07-07,19.075,0.2556024776659557,0.255733217904031,0.2557127128849539,0.2555968670130516,0.00013074023807529978,0.00011023521899822253,-5.6106529040533815e-06
2045-07-14,19.094444444444445,0.25523821567887867,0.25536778141605104,0.25534543807734955,0.2552326985654544,0.00012956573717237685,0.00010722239847088533,-5.5171134242804065e-06
2045-07-21,19.113888888888887,0.25487448670001117,0.25500286712783793,0.25497866626836496,0.2548690625504921,0.00012838042782675751,0.0001041795683537905,-5.4241495190954225e-06
2045-07-28,19.133333333333333,0.25451128992847516,0.25463847429318087,0.25461239680596864,0.25450595813671006,0.00012718436470571248,0.00010110687749348424,-5.3317917650952396e-06
2045-08-04,19.15277777777778,0.2541486245644319,0.2542746021669356,0.2542466290389208,0.25414338449353674,0.00012597760250371293,9.800447448893301e-05,-5.240070895140558e-06
2045-08-11,19.17222222222222,0.2537864898090831,0.25391125000502274,0.253881362316773,0.2537813407912842,0.00012476019593965493,9.487250768991373e-05,-5.149017798855571e-06
2045-08-18,19.191666666666666,0.2534248848646712,0.2535484170644257,0.2535165959898662,0.2534198262011496,0.000123532199754528,9.171112519501534e-05,-5.058663521573248e-06
2045-08-25,19.211111111111112,0.25306380893448077,0.2531861026031903,0.2531523294093311,0.25305883989521655,0.00012229366870952774,8.852047485030656e-05,-4.9690392642243175e-06
2045-09-01,19.230555555555554,0.25270326122283876,0.2528243058804222,0.25278856192708643,0.2526983810464556,0.00012104465758344674,8.530070424767056e-05,-4.880176383170731e-06
2045-09-08,19.25,0.2523432409351153,0.25246302615628563,0.25242529289583815,0.2523384488287259,0.00011978522117034318,8.205196072286203e-05,-4.7921063893729965e-06
2045-09-15,19.269444444444446,0.2519837472777251,0.2521022626920024,0.25206252166907916,0.2519790424167765,0.00011851541427732037,7.877439135406394e-05,-4.704860948612222e-06
2045-09-22,19.288888888888888,0.25162477945812717,0.25174201474985,0.2517002476010878,0.251620160986247,0.00011723529172280589,7.546814296061077e-05,-4.618471880157848e-06
2045-09-29,19.308333333333334,0.2512663366848261,0.2513822815931597,0.25133847004692694,0.25126180371366835,0.00011594490833355398,7.213336210082355e-05,-4.532971157766852e-06
2045-10-06,19.32777777777778,0.2509084181673728,0.2510230624863158,0.25097718836244365,0.2509039697764651,0.00011464431894298022,6.877019507084414e-05,-4.44839090768534e-06
2045-10-13,19.34722222222222,0.2505510231163649,0.2506643566947538,0.25061640190426804,0.25054665835295536,0.00011333357838888558,6.537878790313645e-05,-4.364763409536732e-06
2045-10-20,19.366666666666667,0.25019415074344714,0.25030616348495865,0.25025611002981196,0.25018986862235226,0.00011201274151151352,6.195928636482106e-05,-4.282121094878466e-06
2045-10-27,19.386111111111113,0.24983780026131278,0.24994848212446363,0.24989631209726876,0.24983359976476502,0.0001106818631508577,5.8511835955982194e-05,-4.2004965477571155e-06
2045-11-03,19.405555555555555,0.2494819708837033,0.24959131188184874,0.24953700746561217,0.24947785096120015,0.00010934099814544074,5.5036581908862736e-05,-4.119922503154072e-06
2045-11-10,19.425,0.2491266618254094,0.24923465202673892,0.24917819549459527,0.24912262139356203,0.00010799020132951087,5.153366918586588e-05,-4.040431847374126e-06
2045-11-17,19.444444444444443,0.24877187230227193,0.24887850182980312,0.24881987554475002,0.24876791024465447,0.00010662952753118238,4.8003242478084074e-05,-3.9620576174626e-06
2045-11-24,19.46388888888889,0.2484176015311814,0.24852286056275216,0.2484620469773857,0.24841371669818105,0.00010525903157077021,4.44454462042998e-05,-3.884833000344923e-06
2045-12-01,19.483333333333334,0.2480638487300795,0.24816772749833788,0.2481047091545888,0.2480600399387471,0.00010387876825837528,4.08604245092925e-05,-3.8087913324102995e-06
2045-12-08,19.502777777777776,0.24771061311795908,0.2478131019103512,0.24774786143922176,0.24770687915185957,0.00010248879239210806,3.7248321262672857e-05,-3.7339660995117097e-06
2045-12-15,19.522222222222222,0.24735789391486473,0.2474589830736206,0.24739150319492204,0.24735423352392885,0.00010108915875586821,3.360928005730068e-05,-3.6603909358834397e-06
2045-12-22,19.541666666666668,0.24700569034189318,0.24710537026401114,0.24703563378610136,0.24700210224226926,9.967992211795673e-05,2.994344420817474e-05,-3.588099623919039e-06
2045-12-29,19.56111111111111,0.24665400162119405,0.2467522627584225,0.24668025257794488,0.2466504844951005,9.826113722843921e-05,2.6250956750822896e-05,-3.5171260935606963e-06
2046-01-05,19.580555555555556,0.24630282697596986,0.24639965983478745,0.24632535893641033,0.24629937947154767,9.683285881759152e-05,2.2531960440469456e-05,-3.447504422188219e-06
2046-01-12,19.6,0.24595216563047637,0.24604756077207096,0.24597095222822699,0.24594878636164333,9.539514159459528e-05,1.8786597750619638e-05,-3.3792688330369636e-06
2046-01-19,19.619444444444444,0.24560201681002372,0.2456959648502681,0.24561703182089492,0.2455987043563277,9.394804024437375e-05,1.501501087119994e-05,-3.312453696030504e-06
2046-01-26,19.63888888888889,0.24525237974097586,0.24534487135040287,0.24526359708268416,0.24524913264744974,9.249160942700896e-05,1.1217341708308348e-05,-3.2470935261152967e-06
2046-02-02,19.658333333333335,0.24490325365075138,0.24499427955452663,0.24491064738263374,0.24490007042776823,9.102590377524367e-05,7.393731882354704e-06,-3.1832229831496583e-06
2046-02-09,19.677777777777777,0.24455463776782407,0.24464418874571678,0.24455818209055089,0.24455151689095242,8.955097789270505e-05,3.5443227268117106e-06,-3.120876871653966e-06
2046-02-16,19.697222222222223,0.2442065313217224,0.24429459820807492,0.2442062005770102,0.2442034712315828,8.806688635251692e-05,-3.307447122014029e-07,-3.060090139589411e-06
2046-02-23,19.716666666666665,0.24385893354303093,0.24394550722672606,0.24385470221335268,0.24385593264515282,8.657368369513474e-05,-4.231329678250351e-06,-3.0008978781081996e-06
2046-03-02,19.73611111111111,0.24351184366338965,0.24359691508781633,0.24350368637168485,0.24350890032806816,8.507142442668036e-05,-8.157291704807834e-06,-2.9433353214980418e-06
2046-03-09,19.755555555555556,0.24316526091549465,0.24324882107851226,0.24315315242487828,0.24316237347764946,8.356016301760971e-05,-1.2108490616363765e-05,-2.887437845183749e-06
2046-03-16,19.775,0.24281918453309867,0.2429012244869989,0.24280309974656825,0.24281635129213186,8.203995390024255e-05,-1.6084786530423667e-05,-2.8332409668097025e-06
2046-03-23,19.794444444444444,0.2424736137510104,0.24255412460247833,0.24245352771115264,0.2424708329706661,8.05108514679298e-05,-2.0086039857758475e-05,-2.7807803442969625e-06
2046-03-30,19.81388888888889,0.24212854780509582,0.24220752071516852,0.24210443569379217,0.24212581771331948,7.897291007269436e-05,-2.411211130365354e-05,-2.730091776342869e-06
2046-04-06,19.833333333333332,0.24178398593227762,0.2418614121163017,0.2417558230704086,0.24178130472107703,7.742618402406531e-05,-2.816286186901884e-05,-2.681211200589173e-06
2046-04-13,19.852777777777778,0.24143992737053552,0.24151579809812265,0.2414076892176839,0.24143729319584148,7.587072758713509e-05,-3.223815285161025e-05,-2.6341746940383715e-06
2046-04-20,19.872222222222224,0.24109637135890688,0.24117067795388794,0.24106003351306002,0.24109378234043466,7.430659498106063e-05,-3.633784584686217e-05,-2.5890184722210385e-06
2046-04-27,19.891666666666666,0.24075331713748616,0.24082605097786375,0.24071285533473735,0.24075077135859838,7.273384037759234e-05,-4.046180274880351e-05,-2.5457788877802923e-06
2046-05-04,19.91111111111111,0.24041076394742564,0.2404819164653247,0.24036615406167433,0.24040825945499464,7.115251789907573e-05,-4.4609885751306644e-05,-2.50449243099915e-06
2046-05-11,19.930555555555557,0.24006871103093513,0.24013827371255272,0.2400199290735864,0.24006624583520675,6.956268161759094e-05,-4.878195734872581e-05,-2.4651957283849946e-06
2046-05-18,19.95,0.23972715763128238,0.2397951220168352,0.23967417975094504,0.23972472970574035,6.796438555281559e-05,-5.297788033734041e-05,-2.427925542031195e-06
2046-05-25,19.969444444444445,0.23938610299279284,0.23945246067646347,0.23932890547497726,0.23938371027402325,6.635768367063699e-05,-5.7197517815577026e-05,-2.3927187695893526e-06
2046-06-01,19.988888888888887,0.23904554636085007,0.23911028899073203,0.23898410562766442,0.23904318674840766,6.474262988195867e-05,-6.144073318564702e-05,-2.3596124424096754e-06
2046-06-08,20.008333333333333,0.23870548698189578,0.23876860625993618,0.23863977959174154,0.23870315833816913,6.311927804039663e-05,-6.570739015424043e-05,-2.3286437266512028e-06
2046-06-15,20.02777777777778,0.23836592410342916,0.23842741178537152,0.23829592675069652,0.2383636242535088,6.148768194236265e-05,-6.999735273263696e-05,-2.2998499203674694e-06
2046-06-22,20.04722222222222,0.23802685697400833,0.23808670486933187,0.23795254648876896,0.238024583705553,5.984789532353929e-05,-7.431048523937056e-05,-2.273268455338373e-06
2046-06-29,20.066666666666666,0.23768828484324864,0.23774648481510793,0.2376096381909499,0.23768603590635495,5.819997185929626e-05,-7.864665229873058e-05,-2.248936893683995e-06
2046-07-06,20.086111111111112,0.23735020696182416,0.23740675092698618,0.23726720124298012,0.23734798006889438,5.6543965162025867e-05,-8.300571884403696e-05,-2.2268929297797335e-06
2046-07-13,20.105555555555554,0.23701262258146674,0.23706750251024733,0.2369252350313503,0.23701041540707923,5.4879928780587894e-05,-8.738755011644672e-05,-2.2071743875085037e-06
2046-07-20,20.125,0.23667553095496627,0.23672873887116447,0.23658373894329923,0.23667334113574545,5.32079161982002e-05,-9.179201166703566e-05,-2.1898192208158473e-06
2046-07-27,20.144444444444446,0.23633893133617062,0.23639045931700242,0.23624271236681377,0.23633675647065827,5.1527980831800324e-05,-9.621896935685381e-05,-2.1748655123499105e-06
2046-08-03,20.163888888888888,0.2360028229799857,0.23605266315601572,0.2359021546906276,0.23600066062851258,4.9840176030019334e-05,-0.00010066828935809125,-2.1623514731283766e-06
2046-08-10,20.183333333333334,0.23566720514237519,0.23571534969744723,0.23556206530422008,0.23566505282693373,4.814455507204385e-05,-0.00010513983815510497,-2.1523154414559986e-06
2046-08-17,20.20277777777778,0.23533207708036044,0.23537851825152717,0.23522244359781613,0.23532993228447793,4.644117116672786e-05,-0.00010963348254430794,-2.144795882508266e-06
2046-08-24,20.22222222222222,0.23499743805202056,0.23504216812947135,0.2348832889623848,0.234995298220633,4.473007745078861e-05,-0.0001141490896357511,-2.1398313875542474e-06
2046-08-31,20.241666666666667,0.23466328731649208,0.2347062986434796,0.23454460078963882,0.23466114985581907,4.301132698752985e-05,-0.0001186865268532622,-2.137460673012903e-06
2046-09-07,20.261111111111113,0.23432962413396913,0.234370909106735,0.2342063784720333,0.23432748641138915,4.12849727658704e-05,-0.00012324566193583353,-2.1377225799812383e-06
2046-09-14,20.280555555555555,0.23399644776570297,0.23403599883340173,0.23386862140276551,0.23399430710962968,3.9551067698762044e-05,-0.00012782636293745542,-2.1406560732906144e-06
2046-09-21,20.3,0.2336637574740019,0.23370212637624185,0.23353253642719235,0.23366161117380158,3.8368902239960256e-05,-0.00013122104680954316,-2.1463002003174747e-06
2046-09-28,20.319444444444443,0.23333155252223114,0.23337208088378897,0.23320415567884328,0.23332939784872112,4.0528361557823356e-05,-0.0001273968433878614,-2.1546735100297365e-06
2046-10-05,20.33888888888889,0.23299983217481277,0.23304250149760894,0.23287623044222247,0.23299766643418413,4.266932279617386e-05,-0.00012360173259029494,-2.165740628640167e-06
2046-10-12,20.358333333333334,0.23266859569722534,0.23271338755944385,0.23254876009436157,0.2326664162395425,4.4791862218507283e-05,-0.00011983560286377148,-2.179457682827124e-06
2046-10-19,20.377777777777776,0.23233784235600374,0.23238473841196547,0.23222174401313184,0.23233564657492767,4.689605596172597e-05,-0.00011609834287190646,-2.1957810760753205e-06
2046-10-26,20.397222222222222,0.23200757141873896,0.2320565533987738,0.23189518157724284,0.23200535675125072,4.898198003483456e-05,-0.00011238984149611331,-2.2146674882317363e-06
2046-11-02,20.416666666666668,0.23167778215407772,0.23172883186439577,0.23156907216624142,0.2316755460802028,5.104971031805183e-05,-0.00010870998783629737,-2.2360738749227504e-06
2046-11-09,20.43611111111111,0.23134847383172266,0.23140157315428428,0.23124341516051053,0.23134621387425439,5.30993225616172e-05,-0.00010505867121213264,-2.259957468275786e-06
2046-11-16,20.455555555555556,0.23101964572243144,0.23107477661481618,0.23091820994126805,0.23101735944665597,5.513089238473601e-05,-0.0001014357811633948,-2.286275775476021e-06
2046-11-23,20.475,0.23069129709801717,0.23074844159329183,0.23059345589056598,0.23068898211143765,5.714449527466359e-05,-9.784120745118252e-05,-2.3149865795157876e-06
2046-11-30,20.494444444444444,0.23036342723134734,0.23042256743793313,0.23026915239128903,0.2303610811834094,5.9140206585789334e-05,-9.4274840058306e-05,-2.3460479379455723e-06
2046-12-07,20.51388888888889,0.23003603539634412,0.23009715349788243,0.22994529882715345,0.23003365597816053,6.111810153830444e-05,-9.073656919067474e-05,-2.3794181835956607e-06
2046-12-14,20.533333333333335,0.22970912086798392,0.2297721991232014,0.22962189458270654,0.22970670581206035,6.307825521748023e-05,-8.722628527738086e-05,-2.4150559235769364e-06
2046-12-21,20.552777777777777,0.22938268292229705,0.2294477036648695,0.22929893904332457,0.22938023000225785,6.502074257244694e-05,-8.374387897247537e-05,-2.4529200391976147e-06
2046-12-28,20.572222222222223,0.22905672083636694,0.22912366647478274,0.22897643159521244,0.22905422786668117,6.694563841580514e-05,-8.028924115449643e-05,-2.492969685768953e-06
2047-01-04,20.591666666666665,0.22873123388833072,0.2288000869057525,0.2286543716254025,0.22872869872403886,6.885301742176608e-05,-7.686226292821785e-05,-2.5351642918558515e-06
2047-01-11,20.61111111111111,0.22840622135737812,0.22847696431150405,0.2283327585217531,0.22840364189381812,7.074295412592968e-05,-7.346283562500999e-05,-2.579463559998496e-06
2047-01-18,20.630555555555556,0.22808168252375113,0.22815429804667536,0.22801159167294777,0.2280790566962861,7.261552292422979e-05,-7.009085080336708e-05,-2.625827465047026e-06
2047-01-25,20.65,0.22775761666874406,0.22783208746681605,0.22769087046849396,0.22775494245248973,7.447079807199053e-05,-6.67462002501007e-05,-2.6742162543280656e-06
2047-02-01,20.669444444444444,0.22743402307470273,0.22751033192838543,0.22737059429872217,0.22743129848425478,7.630885368270501e-05,-6.342877598056185e-05,-2.724590447950037e-06
2047-02-08,20.68888888888889,0.22711090102502424,0.22718903078875205,0.22705076255478465,0.2271081241141866,7.812976372781333e-05,-6.013847023958463e-05,-2.776910837637425e-06
2047-02-15,20.708333333333332,0.22678824980415663,0.22686818340619191,0.22673137462865445,0.22678541866566998,7.993360203528699e-05,-5.687517550218013e-05,-2.831138486647511e-06
2047-02-22,20.727777777777778,0.2264660686975982,0.22654778913988705,0.22641242991312405,0.2264631814628689,8.172044228885178e-05,-5.363878447414705e-05,-2.8872347292985268e-06
2047-03-01,20.747222222222224,0.2261443569918975,0.22622784734992485,0.22609392780180476,0.2261414118307265,8.349035802734939e-05,-5.042919009273783e-05,-2.9451611709974124e-06
2047-03-08,20.766666666666666,0.22582311397465218,0.2259083573972962,0.22577586768912533,0.225820109094965,8.524342264401574e-05,-4.724628552685295e-05,-3.0048796871851025e-06
2047-03-15,20.78611111111111,0.2255023389345093,0.22558931864389448,0.22545824897033057,0.2254992725820857,8.697970938517652e-05,-4.408996417873401e-05,-3.066352423586327e-06
2047-03-22,20.805555555555557,0.22518203116116442,0.22527073045251414,0.2251410710414809,0.2251789016193691,8.869929134971977e-05,-4.096011968351965e-05,-3.1295417953214333e-06
2047-03-29,20.825,0.22486218994536114,0.22495259218684974,0.22482433329945112,0.22485899553487426,9.040224148859632e-05,-3.785664591002269e-05,-3.1944104868786294e-06
2047-04-05,20.844444444444445,0.22454281457889083,0.22463490321149426,0.22450803514192869,0.22453955365743924,9.208863260343203e-05,-3.477943696214569e-05,-3.260921451586629e-06
2047-04-12,20.863888888888887,0.22422390435459183,0.22431766289193814,0.2241921759674134,0.2242205753166809,9.375853734630568e-05,-3.1728387178436845e-05,-3.3290379109207624e-06
2047-04-19,20.883333333333333,0.22390545856634922,0.22400087059456786,0.223876755175216,0.22390205984299466,9.541202821863881e-05,-2.870339113322795e-05,-3.398723354558486e-06
2047-04-26,20.90277777777778,0.22358747650909402,0.2236845256866647,0.22356177216545717,0.22358400656755448,9.704917757066833e-05,-2.5704343636856475e-05,-3.469941539546717e-06
2047-05-03,20.92222222222222,0.2232699574788029,0.2233686275364036,0.2232472263390664,0.2232664148223129,9.867005760069714e-05,-2.2731139736498207e-05,-3.5426564899965207e-06
2047-05-10,20.941666666666666,0.22295290077249746,0.22305317551285161,0.2229331170977808,0.22294928394000077,0.0001002747403541504,-1.9783674716666866e-05,-3.616832496694533e-06
2047-05-17,20.961111111111112,0.2226363056882439,0.22273816898596702,0.22261944384414434,0.22263261325412706,0.00010186329772310376,-1.686184409957492e-05,-3.6924341168531605e-06
2047-05-24,20.980555555555554,0.22232017152515224,0.22242360732659783,0.22230620598150663,0.22231640209897938,0.00010343580144558939,-1.3965543645605427e-05,-3.7694261728615786e-06
2047-05-31,21.0,0.22200449758337554,0.22210948990648038,0.22199340291402145,0.22200064980962267,0.00010499232310484663,-1.1094669354089204e-05,-3.8477737528685996e-06
2047-06-07,21.019444444444446,0.22168928316411018,0.2217958160982386,0.22168103404664657,0.22168535572190037,0.00010653293412840603,-8.249117463610123e-06,-3.927442209811227e-06
2047-06-14,21.038888888888888,0.22137452756959405,0.22148258527538214,0.22136909878514197,0.22137051917243364,0.00010805770578808938,-5.4287844520883866e-06,-4.0083971604154556e-06
2047-06-21,21.058333333333334,0.22106023010310713,0.22116979681230556,0.22105759653606868,0.22105613949862118,0.00010956670919842759,-2.633567038445861e-06,-4.09060448594567e-06
2047-06-28,21.07777777777778,0.2207463900689699,0.22085745008428687,0.2207465267067885,0.22074221603863944,0.00011106001531696608,1.3663781858741508e-07,-4.174030330456047e-06
2047-07-05,21.09722222222222,0.22043300677254338,0.22054554446748642,0.22043588870546196,0.22042874813144211,0.00011253769494304344,2.88193291858585e-06,-4.258641101262395e-06
2047-07-12,21.116666666666667,0.22012007952022822,0.2202340793389455,0.22012568194104815,0.2201157351167606,0.00011399981871729192,5.6024208199279e-06,-4.344403467609892e-06
2047-07-19,21.136111111111113,0.21980760761946413,0.21992305407658516,0.21981590582330296,0.21980317633510305,0.00011544645712102675,8.298203838824625e-06,-4.431284361089416e-06
2047-07-26,21.155555555555555,0.2194955903787292,0.21961246805920515,0.21950655976277855,0.219491071127755,0.00011687768047594083,1.0969384049347441e-05,-4.5192509741942555e-06
2047-08-02,21.175,0.21918402710753912,0.2193023206664822,0.21919764317082177,0.21917941883677877,0.0001182935589430778,1.361606328265097e-05,-4.608270760347866e-06
2047-08-09,21.194444444444443,0.2188729171164469,0.21899261127896943,0.2188891554595738,0.21886821880501348,0.00011969416252252674,1.6238343126889765e-05,-4.698311433432023e-06
2047-08-16,21.21388888888889,0.21856225971704174,0.2186833392780944,0.21858109604196826,0.21855747037607468,0.0001210795610526727,1.8836324926524428e-05,-4.789340967065181e-06
2047-08-23,21.233333333333334,0.21825205422194874,0.21837450404615866,0.21827346433173078,0.21824717289435486,0.00012244982420991923,2.141010978204405e-05,-4.881327593880824e-06
2047-08-30,21.252777777777776,0.21794229994482794,0.21806610496633588,0.21796625974337783,0.2179373257050224,0.00012380502150793893,2.395979854988295e-05,-4.974239805555225e-06
2047-09-06,21.272222222222222,0.21763299620037355,0.21775814142267072,0.2176594816922155,0.2176279281540221,0.00012514522229717384,2.6485491841948816e-05,-5.0680463514474194e-06
2047-09-13,21.291666666666668,0.21732414230431346,0.21745061280007805,0.21735312959433845,0.2173189795880745,0.0001264704957645857,2.8987290024984347e-05,-5.16271623896003e-06
2047-09-20,21.31111111111111,0.21701573757340875,0.21714351848434107,0.2170472028666291,0.2170104793546764,0.00012778091093232358,3.146529322034519e-05,-5.258218732345776e-06
2047-09-27,21.330555555555556,0.21670778132545218,0.21683685786211065,0.21674170092675643,0.21670242680209992,0.0001290765366584734,3.391960130424976e-05,-5.354523352263385e-06
2047-10-04,21.35,0.21640027287926844,0.21653063032090364,0.21643662319317486,0.21639482127939277,0.00013035744163519825,3.6350313906419185e-05,-5.4515998756665685e-06
2047-10-11,21.369444444444444,0.21609321155471253,0.21622483524910213,0.21613196908512342,0.21608766213637834,0.00013162369438959876,3.875753041088226e-05,-5.5494183341942005e-06
2047-10-18,21.38888888888889,0.21578659667266958,0.2159194720359517,0.21582773802262428,0.21578094872365447,0.00013287536328210336,4.114134995469865e-05,-5.647949015114007e-06
2047-10-25,21.408333333333335,0.21548042755505392,0.21561454007156058,0.2155239294264826,0.2154746803925947,0.00013411251650666256,4.350187142868056e-05,-5.74716245921314e-06
2047-11-01,21.427777777777777,0.21517470352480805,0.2153100387468985,0.21522054271828425,0.21516885649534706,0.00013533522209044357,4.583919347619925e-05,-5.84702946099247e-06
2047-11-08,21.447222222222223,0.21486942390590252,0.21500596745379494,0.21491757732039563,0.21486347638483408,0.00013654354789241485,4.815341449310173e-05,-5.947521068444539e-06
2047-11-15,21.466666666666665,0.21456458802333458,0.21470232558493857,0.2146150326559628,0.21455853941475303,0.00013773756160398443,5.044463262821042e-05,-6.04860858155476e-06
2047-11-22,21.48611111111111,0.21426019520312722,0.2143991125338755,0.2143129081489095,0.2142540449395752,0.00013891733074827828,5.271294578226837e-05,-6.15026355202386e-06
2047-11-29,21.505555555555556,0.2139562447723294,0.2140963276950085,0.21401120322393705,0.21394999231454587,0.00014008292267908562,5.495845160763402e-05,-6.25245778354544e-06
2047-12-06,21.525,0.21365273605901383,0.2137939704635955,0.21370991730652286,0.21364638089568444,0.0001412344045816638,5.718124750903053e-05,-6.3551633293912335e-06
2047-12-13,21.544444444444444,0.21334966839227743,0.21349204023574841,0.2134090498229195,0.21334321003978365,0.00014237184347098975,5.9381430642074795e-05,-6.458352493771136e-06
2047-12-20,21.56388888888889,0.2130470411022397,0.2131905364084322,0.21310860020015354,0.2130404791044099,0.00014349530619248152,6.155909791383252e-05,-6.5619978298070425e-06
2047-12-27,21.583333333333332,0.21274485352004224,0.21288945837946321,0.21280856786602487,0.2127381874479028,0.00014460485942097145,6.371434598262393e-05,-6.666072139449586e-06
2048-01-03,21.602777777777778,0.21244310497784777,0.21258880554750842,0.21250895224910532,0.2124363344293748,0.0001457005696606506,6.584727125755196e-05,-6.7705484729785326e-06
2048-01-10,21.622222222222224,0.21214179480883957,0.21228857731208384,0.21220975277873766,0.21213491940871138,0.00014678250324426378,6.795796989808589e-05,-6.875400128197873e-06
2048-01-17,21.641666666666666,0.21184092234722007,0.21198877307355382,0.2119109688850349,0.2118339417465706,0.00014785072633374807,7.00465378148385e-05,-6.980600649464375e-06
2048-01-24,21.66111111111111,0.21154048692821067,0.21168939223312913,0.21161259999887883,0.2115334008043827,0.00014890530491845633,7.211307066815054e-05,-7.086123827965141e-06
2048-01-31,21.680555555555557,0.2112404878880504,0.21139043419286652,0.21131464555191948,0.21123329594435025,0.0001499463048161287,7.415766386908995e-05,-7.191943700135539e-06
2048-02-07,21.7,0.21094092456399524,0.21109189835566716,0.21101710497657356,0.21093362652944794,0.00015097379167192115,7.618041257831387e-05,-7.298034547298382e-06
2048-02-14,21.719444444444445,0.21064179629431712,0.2107937841252752,0.21071997770602377,0.2106343919234216,0.00015198783095807245,7.81814117066515e-05,-7.4043708955251475e-06
2048-02-21,21.738888888888887,0.21034310241830342,0.2104960909062772,0.21042326317421783,0.210335591490789,0.0001529884879737653,8.016075591441019e-05,-7.510927514414734e-06
2048-02-28,21.758333333333333,0.21004484227625544,0.21019881810410024,0.21012696081586726,0.2100372245968391,0.00015397582784479336,8.211853961181959e-05,-7.617679416344059e-06
2048-03-06,21.77777777777778,0.20974701520948813,0.20990196512501139,0.20983107006644647,0.2097392906076318,0.00015494991552325588,8.40548569583377e-05,-7.724601856329283e-06
2048-03-13,21.79722222222222,0.2094496205603287,0.2096055313761161,0.2095355903621919,0.20944178888999776,0.0001559108157873912,8.596980186320602e-05,-7.831670330943341e-06
2048-03-20,21.816666666666666,0.2091526576721161,0.20930951626535704,0.2092405211401006,0.20914471881153804,0.00015685859324093832,8.786346798450584e-05,-7.938860578066143e-06
2048-03-27,21.836111111111112,0.20885612588920002,0.20901391920151322,0.20894586183792965,0.2088480797406242,0.0001577933123131925,8.973594872963009e-05,-8.046148575829859e-06
2048-04-03,21.855555555555554,0.2085600245569395,0.20871873959419843,0.20865161189419484,0.20855187104639783,0.0001587150372589219,9.158733725533885e-05,-8.153510541675235e-06
2048-04-10,21.875,0.2082643530217029,0.2084239768538603,0.2083577707481698,0.20825609209877,0.00015962383215739617,9.341772646689894e-05,-8.2609229329067e-06
2048-04-17,21.894444444444446,0.2079691106308661,0.20812963039177895,0.20806433783988518,0.2079607422684216,0.00016051976091285836,9.52272090190831e-05,-8.368362444499677e-06
2048-04-24,21.913888888888888,0.20767429673281199,0.2078356996200662,0.2077713126101272,0.2076658209268028,0.00016140288725421947,9.701587731522632e-05,-8.47580600918385e-06
2048-05-01,21.933333333333334,0.2073799106769295,0.2075421839516637,0.207478694500437,0.20737132744613257,0.00016227327473419817,9.878382350747561e-05,-8.583230796943564e-06
2048-05-08,21.95277777777778,0.2070859518136127,0.20724908280034254,0.20718648295310949,0.20707726119939873,0.00016313098672984805,0.00010053113949679005,-8.69061421396311e-06
2048-05-15,21.97222222222222,0.20679241949425975,0.2069563955807016,0.20689467741119233,0.2067836215603578,0.0001639760864418638,0.0001022579169325799,-8.797933901960597e-06
2048-05-22,21.991666666666667,0.20649931307127165,0.2066641217081663,0.2066032773184851,0.2064904079035339,0.0001648086368946644,0.0001039642472134561,-8.905167737743858e-06
2048-05-29,22.011111111111113,0.20620663189805186,0.20637226059898794,0.20631228211953828,0.20619761960421992,0.00016562870093608795,0.00010565022148642522,-9.012293831933693e-06
2048-06-05,22.030555555555555,0.2059143753290051,0.20608081167024198,0.2060216912596519,0.20590525603847581,0.00016643634123686413,0.00010731593064677858,-9.119290529296942e-06
2048-06-12,22.05,0.20562254271953592,0.20578977433982723,0.20573150418487487,0.20561331658312923,0.00016723162029130823,0.00010896146533895257,-9.226136406692564e-06
2048-06-19,22.069444444444443,0.20533113342604858,0.2054991480264645,0.20544172034200398,0.2053218006157748,0.00016801460041590555,0.00011058691595539072,-9.33281027379329e-06
2048-06-26,22.08888888888889,0.20504014680594515,0.20520893214969557,0.2051523391785828,0.20503070751477395,0.00016878534375042165,0.00011219237263765391,-9.439291171198239e-06
2048-07-03,22.108333333333334,0.20474958221762526,0.20491912612988192,0.20486336014290094,0.20474003665925486,0.00016954391225665333,0.00011377792527567099,-9.54555837040516e-06
2048-07-10,22.127777777777776,0.2044594390204845,0.20462972938820373,0.20457478268399237,0.20444978742911188,0.00017029036771923356,0.0001153436635078775,-9.651591372616952e-06
2048-07-17,22.147222222222222,0.20416971657491406,0.20434074134665847,0.20428660625163542,0.20415995920500524,0.00017102477174441022,0.00011688967672135453,-9.75736990882492e-06
2048-07-24,22.166666666666668,0.20388041424229902,0.20405216142805996,0.2039988302963509,0.20387055136836102,0.00017174718576093428,0.00011841605405188416,-9.862873938004668e-06
2048-07-31,22.18611111111111,0.20359153138501793,0.20376398905603726,0.2037114542694017,0.20358156330137064,0.00017245767101933818,0.00011992288438378296,-9.968083647282633e-06
2048-08-07,22.205555555555556,0.20330306736644133,0.20347622365503315,0.20342447762279164,0.20329299438699044,0.00017315628859182475,0.00012141025635031832,-1.007297945088137e-05
2048-08-14,22.225,0.20301502155093099,0.20318886465030347,0.20313789980926406,0.20300484400894186,0.00017384309937248932,0.0001228782583330701,-1.0177541989120353e-05
2048-08-21,22.244444444444444,0.202727393303839,0.20290191146791575,0.20285172028230178,0.20271711155171077,0.00017451816407676457,0.00012432697846279095,-1.0281752128221688e-05
2048-08-28,22.26388888888889,0.20244018199150615,0.20261536353474777,0.2025659384961251,0.20242979640054704,0.00017518154324161483,0.00012575650461893462,-1.038559095911662e-05
2048-09-04,22.283333333333335,0.2021533869812618,0.2023292202784871,0.20228055390569136,0.20214289794146448,0.0001758332972252863,0.0001271669244295448,-1.048903979733451e-05
2048-09-11,22.302777777777777,0.20186700764142196,0.20204348112762924,0.20199556596669416,0.2018564155612407,0.0001764734862072792,0.0001285583252721989,-1.0592080181254238e-05
2048-09-18,22.322222222222223,0.2015810433412887,0.20175814551147697,0.2017109741355616,0.20157034864741621,0.00017710217018826468,0.00012993079427289778,-1.0694693872492778e-05
2048-09-25,22.341666666666665,0.20129549345114905,0.20147321286013894,0.2014267778694564,0.2012846965882949,0.00017771940898989036,0.0001312844183073425,-1.0796862854156597e-05
2048-10-02,22.36111111111111,0.2010103573422737,0.20118868260452866,0.20114297662627367,0.20099945877294276,0.00017832526225494694,0.00013261928399996292,-1.0898569330952679e-05
2048-10-09,22.380555555555556,0.2007256343869164,0.2009045541763634,0.20085956986464107,0.20071463459118857,0.00017891978944700737,0.00013393547772466707,-1.0999795727828499e-05
2048-10-16,22.4,0.20044132395831268,0.20062082700816292,0.20057655704391714,0.20043022343362285,0.00017950304985023258,0.00013523308560445257,-1.1100524689833247e-05
2048-10-23,22.419444444444444,0.20015742543067824,0.20033750053324836,0.20029393762419057,0.20014622469159796,0.00018007510257012083,0.00013651219351232258,-1.120073908028596e-05
2048-10-30,22.43888888888889,0.19987393817920876,0.2000545741857412,0.20001171106627919,0.19986263775722737,0.00018063600653245304,0.00013777288707042534,-1.1300421981386144e-05
2048-11-06,22.458333333333332,0.19959086158007838,0.19977204740056223,0.1997298768317292,0.19957946202338564,0.0001811858204838479,0.00013901525165080364,-1.139955669274273e-05
2048-11-13,22.477777777777778,0.19930819501043842,0.19948991961342988,0.1994484343828136,0.19929669688370807,0.00018172460299145654,0.0001402393723751727,-1.1498126730347114e-05
2048-11-20,22.497222222222224,0.1990259378484168,0.1992081902608599,0.19916738318253197,0.19901434173259033,0.0001822524124431013,0.00014144533411517002,-1.1596115826462139e-05
2048-11-27,22.516666666666666,0.19874408947311645,0.19892685878016367,0.19888672269460914,0.19873239596518794,0.00018276930704722028,0.00014263322149268842,-1.169350792851187e-05
2048-12-04,22.53611111111111,0.1984626492646144,0.19864592460944708,0.19860645238349403,0.19845085897741618,0.00018327534483267294,0.00014380311887962627,-1.1790287198221172e-05
2048-12-11,22.555555555555557,0.19818161660396094,0.1983653871876098,0.1983265717143592,0.19816973016594958,0.00018377058364885124,0.00014495511039824827,-1.1886438011365907e-05
2048-12-18,22.575,0.19790099087317814,0.19808524595434374,0.19804708015309946,0.1978890089282218,0.0001842550811655963,0.00014608927992132426,-1.1981944956329649e-05
2048-12-25,22.594444444444445,0.19762077145525864,0.19780550035013214,0.19776797716633096,0.19760869466242503,0.00018472889487350375,0.0001472057110723235,-1.2076792833604078e-05
2049-01-01,22.613888888888887,0.19734095773416524,0.1975261498162485,0.19748926222139038,0.19732878676750967,0.00018519208208325755,0.00014830448722513712,-1.217096665556694e-05
2049-01-08,22.633333333333333,0.19706154909482881,0.19724719379475525,0.197210934786334,0.19704928464318414,0.00018564469992643495,0.00014938569150518832,-1.2264451644677932e-05
2049-01-15,22.65277777777778,0.1967825449231481,0.19696863172850285,0.1969329943299365,0.19677018768991447,0.00018608680535475708,0.00015044940678840546,-1.2357233233617482e-05
2049-01-22,22.67222222222222,0.19650394460598794,0.19669046306112867,0.19665544032169038,0.19649149530892387,0.0001865184551407273,0.00015149571570244325,-1.2449297064065501e-05
2049-01-29,22.691666666666666,0.19622574753117844,0.19641268723705552,0.19637827223180448,0.1962132069021924,0.0001869397058770761,0.0001525247006260444,-1.2540628986035252e-05
2049-02-05,22.711111111111112,0.19594795308751373,0.19613530370149113,0.19610148953120368,0.19593532187245652,0.0001873506139773995,0.00015353644368995556,-1.2631215057207212e-05
2049-02-12,22.730555555555554,0.1956705606647509,0.19585831190042668,0.19582509169152718,0.19565783962320912,0.0001877512356757982,0.00015453102677628894,-1.2721041541763345e-05
2049-02-19,22.75,0.1953935696536087,0.19558171128063553,0.19554907818512826,0.19538075955869855,0.00018814162702682213,0.00015550853151954924,-1.2810094910165049e-05
2049-02-26,22.769444444444446,0.1951169794457668,0.19530550128967264,0.195273448485073,0.19510408108392877,0.00018852184390583115,0.0001564690393061896,-1.2898361838042938e-05
2049-03-05,22.788888888888888,0.19484078943386426,0.1950296813758729,0.1949982020651394,0.19482780360465882,0.00018889194200863435,0.00015741263127513894,-1.2985829205447441e-05
2049-03-12,22.808333333333334,0.1945649990114982,0.19475425098835045,0.1947233383998162,0.19455192652740202,0.00018925197685223938,0.0001583393883179962,-1.3072484096182668e-05
2049-03-19,22.82777777777778,0.19428960757322347,0.19447920957699733,0.19444885696430217,0.1942764492594265,0.00018960200377385328,0.0001592493910786974,-1.3158313796973742e-05
2049-03-26,22.84722222222222,0.19401461451455035,0.19420455659248256,0.19417475723450547,0.19400137120875413,0.00018994207793221474,0.0001601427199551253,-1.3243305796217797e-05
2049-04-02,22.866666666666667,0.1937400192319446,0.1939302914862508,0.193901038687042,0.19372669178415994,0.0001902722543062063,0.00016101945509741644,-1.3327447784650115e-05
2049-04-09,22.886111111111113,0.19346582112282515,0.19365641371052156,0.19362770079923494,0.19345241039517277,0.00019059258769640874,0.00016187967640979295,-1.3410727652374277e-05
2049-04-16,22.905555555555555,0.193192019585564,0.19338292271828797,0.19335474304911374,0.19317852645207373,0.00019090313272396298,0.00016272346354972989,-1.3493133490277698e-05
2049-04-23,22.925,0.192918614019484,0.19310981796331542,0.193082164915413,0.19290503936589656,0.00019120394383140282,0.0001635508959289822,-1.3574653587450358e-05
2049-04-30,22.944444444444443,0.1926456038248587,0.19283709890014109,0.19280996587757182,0.19263194854842694,0.00019149507528237741,0.00016436205271311288,-1.3655276431767671e-05
2049-05-07,22.96388888888889,0.19237298840291026,0.1925647649840721,0.19253814541573258,0.19235925341220209,0.00019177658116184548,0.00016515701282232564,-1.3734990708169637e-05
2049-05-14,22.983333333333334,0.19210076715580898,0.19229281567118509,0.19226670301074036,0.19208695337051065,0.00019204851537610312,0.00016593585493138163,-1.3813785298327774e-05
2049-05-21,23.002777777777776,0.19182893948667187,0.19202125041832485,0.19199563814414142,0.1918150478373919,0.00019231093165297808,0.00016669865746954393,-1.389164927997899e-05
2049-05-28,23.022222222222222,0.1915575047995611,0.19175006868310301,0.19172495029818287,0.19154353622763554,0.000192563883541913,0.00016744549862177105,-1.3968571925565554e-05
2049-06-04,23.041666666666668,0.19128646249948345,0.19147926992389744,0.19145463895581147,0.19127241795678146,0.00019280742441399323,0.00016817645632802303,-1.4044542701985296e-05
2049-06-11,23.06111111111111,0.19101581199238876,0.1912088535998508,0.1911847036006727,0.19100169244111925,0.00019304160746203003,0.00016889160828392757,-1.4119551269509145e-05
2049-06-18,23.080555555555556,0.19074555268516868,0.19093881917086952,0.19091514371710988,0.19073135909768743,0.00019326648570083815,0.0001695910319411964,-1.4193587481253767e-05
2049-06-25,23.1,0.19047568398565579,0.19066916609762288,0.190645958790163,0.1904614173442736,0.00019348211196709708,0.0001702748045072089,-1.4266641382182366e-05
2049-07-02,23.119444444444444,0.1902062053026218,0.19039989384154182,0.19037714830556837,0.19019186659941378,0.00019368853892001714,0.0001709430029465664,-1.4338703208022219e-05
2049-07-09,23.13888888888889,0.18993711604577732,0.19013100186481782,0.190108711749757,0.1899227062823918,0.00019388581904050683,0.00017159570397967672,-1.4409763385514474e-05
2049-07-16,23.158333333333335,0.1896684156257695,0.1898624896304019,0.18984064860985422,0.18965393581323928,0.0001940740046323941,0.00017223298408472476,-1.4479812530221459e-05
2049-07-23,23.177777777777777,0.18940010345418193,0.18959435660200358,0.1895729583736785,0.1893855546127351,0.00019425314782164915,0.0001728549194965623,-1.4548841446831995e-05
2049-07-30,23.197222222222223,0.18913217894353243,0.18932660224408956,0.1893056405297403,0.18911756210240466,0.00019442330055713386,0.00017346158620787366,-1.4616841127773617e-05
2049-08-06,23.216666666666665,0.1888646415072728,0.18905922602188321,0.18903869456724195,0.18884995770452004,0.0001945845146104075,0.0001740530599691481,-1.4683802752768482e-05
2049-08-13,23.23611111111111,0.18859749055978675,0.18879222740136273,0.18877211997607565,0.1885827408420991,0.00019473684157597648,0.00017462941628890172,-1.4749717687639885e-05
2049-08-20,23.255555555555556,0.18833072551638924,0.18852560584926073,0.1885059162468234,0.1883159109389051,0.00019488033287148876,0.00017519073043414934,-1.4814577484145719e-05
2049-08-27,23.275,0.18806434579332515,0.188259360833063,0.1882400828707558,0.18804946741944675,0.00019501503973784473,0.00017573707743065436,-1.4878373878396411e-05
2049-09-03,23.294444444444444,0.1877983508077678,0.18799349182100705,0.18797461933983087,0.18778340970897703,0.00019514101323925281,0.00017626853206306747,-1.4941098790771656e-05
2049-09-10,23.31388888888889,0.18753273997781816,0.18772799828208175,0.18770952514669356,0.18751773723349352,0.00019525830426359025,0.00017678516887539852,-1.5002744324643658e-05
2049-09-17,23.333333333333332,0.18726751272250322,0.1874628796860256,0.18744479978467485,0.18725244941973765,0.00019536696352237537,0.00017728706217162715,-1.5063302765572217e-05
2049-09-24,23.352777777777778,0.18700266846177493,0.18719813550332612,0.1871804427477901,0.18698754569519385,0.00019546704155118388,0.00017777428601517542,-1.5122766581082692e-05
2049-10-01,23.372222222222224,0.18673820661650906,0.1869337652052185,0.1869164535307391,0.18672302548808983,0.00019555858870945464,0.0001782469142300458,-1.51811284192227e-05
2049-10-08,23.391666666666666,0.18647412660850402,0.18666976826368495,0.18665283162890475,0.18645888822739598,0.00019564165518093368,0.00017870502040073788,-1.5238381108034771e-05
2049-10-15,23.41111111111111,0.18621042786047926,0.18640614415145298,0.1863895765383519,0.18619513334282436,0.00019571629097372978,0.000179148677872637,-1.5294517654890205e-05
2049-10-22,23.430555555555557,0.18594710979607432,0.18614289234199502,0.1861266877558268,0.18593176026482905,0.000195782545920703,0.00017957795975248603,-1.5349531245267833e-05
2049-10-29,23.45,0.18568417183984767,0.1858800123095271,0.1858641647787562,0.18566876842460525,0.0001958404696794369,0.0001799929389085242,-1.5403415242420948e-05
2049-11-05,23.469444444444445,0.1854216134172752,0.18561750352900755,0.18560200710524594,0.1854061572540888,0.00019589011173234971,0.00018039368797073685,-1.5456163186405858e-05
2049-11-12,23.488888888888887,0.18515943395474935,0.18535536547613646,0.18534021423408095,0.18514392618595618,0.00019593152138711045,0.0001807802793316049,-1.5507768793165955e-05
2049-11-19,23.508333333333333,0.18489763287957736,0.18509359762735414,0.18507878566472327,0.1848820746536235,0.00019596474777677786,0.0001811527851459105,-1.555822595386558e-05
2049-11-26,23.52777777777778,0.18463620961998056,0.18483219945984047,0.18481772089731222,0.1846206020912464,0.00019598983985991136,0.00018151127733165295,-1.5607528734168374e-05
2049-12-03,23.54722222222222,0.18437516360509273,0.1845711704515136,0.1845570194326626,0.18435950793371964,0.0001960068464208764,0.00018185582756985452,-1.565567137309931e-05
2049-12-10,23.566666666666666,0.18411449426495907,0.18431051008102894,0.1842966807722642,0.1840987916166763,0.00019601581606987217,0.00018218650730511543,-1.570264828276713e-05
2049-12-17,23.586111111111112,0.1838542010305348,0.1840502178277783,0.1840367044182811,0.18383845257648773,0.0001960167972435145,0.0001825033877463078,-1.5748454047059823e-05
2049-12-24,23.605555555555554,0.18359428333368424,0.18379029317188864,0.18377708987355043,0.183578490250263,0.00019600983820439177,0.0001828065398661871,-1.579308342125607e-05
2049-12-31,23.625,0.18333474060717905,0.1835307355942211,0.18351783664158136,0.18331890407584822,0.00019599498704203633,0.00018309603440230804,-1.5836531330831738e-05
2050-01-07,23.644444444444446,0.1830755722846972,0.1832715445763699,0.18325894422655478,0.18305969349182624,0.00019597229167270247,0.00018337194185757966,-1.587879287096028e-05
2050-01-14,23.663888888888888,0.18281677780082212,0.18301271960066165,0.18300041213332185,0.18280085793751616,0.00019594179983953297,0.00018363433249973804,-1.5919863305957627e-05
2050-01-21,23.683333333333334,0.1825583565910406,0.18275426015015367,0.18274223986740337,0.1825423968529732,0.00019590355911305868,0.0001838832763627618,-1.595973806742257e-05
2050-01-28,23.70277777777778,0.18230030809174236,0.18249616570863358,0.18248442693498876,0.18228430967898734,0.00019585761689122627,0.00018411884324640027,-1.5998412755013902e-05
2050-02-04,23.72222222222222,0.18204263174021834,0.1822384357606181,0.18222697284293538,0.18202659585708414,0.00019580402039975908,0.00018434110271703386,-1.6035883134202233e-05
2050-02-11,23.741666666666667,0.1817853269746596,0.1819810697913516,0.1819698770987673,0.18176925482952305,0.00019574281669199056,0.00018455012410770189,-1.6072145136547533e-05
2050-02-18,23.761111111111113,0.18152839323415573,0.1817240672868057,0.18171313921067483,0.18151228603929784,0.0001956740526499745,0.00018474597651910174,-1.6107194857895024e-05
2050-02-25,23.780555555555555,0.18127182995869415,0.1814674277336779,0.18145675868751332,0.18125568893013547,0.0001955977749837634,0.00018492872881917255,-1.6141028558680492e-05
2050-03-04,23.8,0.1810156365891585,0.18121115061939053,0.18120073503880219,0.18099946294649613,0.00019551403023201908,0.00018509844964367805,-1.6173642662375975e-05
2050-03-11,23.819444444444443,0.18075981256732732,0.18095523543208994,0.18094506777472455,0.18074360753357252,0.00019542286476262327,0.00018525520739723356,-1.6205033754795872e-05
2050-03-18,23.83888888888889,0.18050435733587292,0.18069968166064515,0.1806897564061259,0.18048812213728924,0.0001953243247722336,0.00018539907025297286,-1.623519858368061e-05
2050-03-25,23.858333333333334,0.18024927033836,0.1804444887946472,0.1804348004445131,0.18023300620430266,0.00019521845628719947,0.0001855301061531034,-1.626413405733662e-05
2050-04-01,23.877777777777776,0.17999455101924472,0.1801896563244079,0.18018019940205404,0.17997825918200033,0.00019510530516317348,0.0001856483828093225,-1.6291837244386542e-05
2050-04-08,23.897222222222222,0.17974019882387293,0.1799351837409588,0.17992595279157622,0.17972388051850022,0.00019498491708586085,0.00018575396770328934,-1.6318305372714503e-05
2050-04-15,23.916666666666668,0.17948621319847907,0.1796810705360503,0.17967206012656617,0.17946986966265055,0.00019485733757124146,0.00018584692808709669,-1.6343535828522437e-05
2050-04-22,23.93611111111111,0.17923259359018537,0.17942731620215072,0.17941852092116858,0.17921622606402934,0.0001947226119653478,0.00018592733098321546,-1.636752615602477e-05
2050-04-29,23.955555555555556,0.17897933944699954,0.1791739202324448,0.1791653346901854,0.17896294917294361,0.00019458078544526414,0.0001859952431858547,-1.639027405592186e-05
2050-05-06,23.975,0.1787264502178147,0.17892088212083326,0.1789125009490745,0.17871003844042926,0.0001944319030185715,0.00018605073125979588,-1.641177738542776e-05
2050-05-13,23.994444444444444,0.17847392535240725,0.17866820136193168,0.17866001921394975,0.17845749331825025,0.00019427600952443003,0.0001860938615425023,-1.6432034156993458e-05
2050-05-20,24.01388888888889,0.1782217643014358,0.178415877451069,0.1784078890015792,0.17820531325889838,0.00019411314963319048,0.00018612470014339744,-1.6451042537418692e-05
2050-05-27,24.033333333333335,0.17796996651644015,0.1781639098842872,0.17815610982938487,0.1779534977155927,0.00019394336784706034,0.00018614331294472541,-1.6468800847435627e-05
2050-06-03,24.052777777777777,0.17771853144983976,0.17791229815833987,0.17790468121544145,0.1777020461422789,0.0001937667085001038,0.00018614976560168972,-1.6485307560848428e-05
2050-06-10,24.072222222222223,0.17746745855493243,0.17766104177069125,0.17765360267847558,0.177450957993629,0.00019358321575882464,0.00018614412354314713,-1.6500561303423034e-05
2050-06-17,24.091666666666665,0.17721674728589326,0.17741014021951537,0.17740287373786526,0.17720023272504093,0.00019339293362211074,0.0001861264519719963,-1.651456085233205e-05
2050-06-24,24.11111111111111,0.1769663970977731,0.17715959300369494,0.17715249391363838,0.17694986979263744,0.00019319590592184466,0.0001860968158652887,-1.6527305135655146e-05
2050-07-01,24.130555555555556,0.1767164074464975,0.1769093996228203,0.17690246272647234,0.17669986865326653,0.00019299217632279264,0.0001860552799748394,-1.6538793230963522e-05
2050-07-08,24.15,0.17646677778886535,0.17665955957718865,0.17665277969769325,0.17645022876450037,0.0001927817883232985,0.00018600190882789303,-1.6549024364986842e-05
2050-07-15,24.169444444444444,0.1762175075825473,0.1764100723678027,0.17640344434927438,0.1762009495846346,0.00019256478525539467,0.00018593676672706838,-1.6557997912725053e-05
2050-07-22,24.18888888888889,0.1759685962860852,0.17616093749637002,0.17615445620383627,0.17595203057268843,0.00019234121028482987,0.00018585991775108002,-1.65657133967545e-05
2050-07-29,24.208333333333332,0.17572004335888994,0.17591215446530192,0.17590581478464518,0.17570347118840374,0.00019211110641198514,0.00018577142575523786,-1.6572170486200966e-05
2050-08-05,24.227777777777778,0.17547184826124076,0.1756637227777122,0.17565751961561218,0.1754552708922446,0.00019187451647142972,0.00018567135437141946,-1.6577368996156805e-05
2050-08-12,24.247222222222224,0.1752240104542839,0.17541564193741666,0.17540957022129294,0.17520742914539694,0.0001916314831327537,0.00018555976700904142,-1.65813088869593e-05
2050-08-19,24.266666666666666,0.17497652940003092,0.17516791144893162,0.17516196612688625,0.17495994540976795,0.00019138204890070676,0.00018543672685533696,-1.6583990262969417e-05
2050-08-26,24.28611111111111,0.17472940456135802,0.17492053081747327,0.1749147068582334,0.1747128191479853,0.0001911262561152538,0.0001853022968753837,-1.6585413372710578e-05
2050-09-02,24.305555555555557,0.17448263540200407,0.17467349954895658,0.1746677919418173,0.17446604982339728,0.00019086414695251852,0.00018515653981324154,-1.6585578606787e-05
2050-09-09,24.325,0.17423622138657002,0.1744268171499942,0.17442122090476167,0.17421963690007156,0.00019059576342417284,0.0001849995181916475,-1.6584486498466555e-05
2050-09-16,24.344444444444445,0.17399016198051703,0.17418048312789558,0.1741749932748299,0.1739735798427951,0.0001903211473785471,0.00018483129431287604,-1.6582137721932177e-05
2050-09-23,24.363888888888887,0.17374445665016555,0.17393449699066602,0.1739291085804249,0.17372787811707352,0.0001900403405004636,0.00018465193025934967,-1.6578533092032055e-05
2050-09-30,24.383333333333333,0.1734991048626938,0.17368885824700556,0.17368356635058743,0.17348253118913073,0.0001897533843117638,0.00018446148789363903,-1.657367356305839e-05
2050-10-07,24.40277777777778,0.1732541060861366,0.1734435664063082,0.17343836611499572,0.17323753852590826,0.00018946032017161385,0.00018426002885912895,-1.6567560228331057e-05
2050-10-14,24.42222222222222,0.17300945978938406,0.17319862097866073,0.17319350740396453,0.17299289959506467,0.00018916118927667092,0.0001840476145804626,-1.6560194319392707e-05
2050-10-21,24.441666666666666,0.17276516544218043,0.17295402147484176,0.17294898974844408,0.17274861386497495,0.0001888560326613331,0.00018382430626365243,-1.6551577205481394e-05
2050-10-28,24.461111111111112,0.17252122251512236,0.17270976740632088,0.17270481268001975,0.17250468080473066,0.00018854489119851658,0.00018359016489738478,-1.6541710391698716e-05
2050-11-04,24.480555555555554,0.1722776304796583,0.17246585828525768,0.17246097573091068,0.17226109988413854,0.00018822780559937802,0.00018334525125238144,-1.6530595519759217e-05
2050-11-11,24.5,0.1720343888080864,0.17222229362450042,0.17221747843396903,0.1720178705737203,0.00018790481641400847,0.0001830896258826209,-1.6518234366103002e-05
2050-11-18,24.519444444444446,0.17179149697355398,0.17197907293758566,0.17197432032267942,0.17177499234471255,0.0001875759640316832,0.0001828233491254494,-1.6504628841423896e-05
2050-11-25,24.538888888888888,0.1715489544500557,0.17173619573873686,0.17173150093115797,0.17153246466906558,0.00018724128868116696,0.00018254648110227478,-1.6489780990114333e-05
2050-12-02,24.558333333333334,0.1713067607124325,0.17149366154286338,0.1714890197941512,0.1712902870194432,0.00018690083043088057,0.0001822590817187053,-1.647369298929391e-05
2050-12-09,24.57777777777778,0.1710649152363703,0.17125146986555986,0.17124687644703523,0.17104845886922213,0.000186554629189567,0.0001819612106649382,-1.6456367148171003e-05
2050-12-16,24.59722222222222,0.17082341749839877,0.1710096202231049,0.17100507042581564,0.1708069796924916,0.00018620272470612487,0.0001816529274168699,-1.6437805907182357e-05
2050-12-23,24.616666666666667,0.17058226697588966,0.17076811213246026,0.17076360126712561,0.17056584896405244,0.00018584515657060763,0.00018133429123595723,-1.6418011837215918e-05
2050-12-30,24.636111111111113,0.17034146314705598,0.1705269451112699,0.1705224685082257,0.17032506615941703,0.00018548196421391827,0.0001810053611697171,-1.6396987638944704e-05
2051-01-06,24.655555555555555,0.17010100549095072,0.17028611867785903,0.1702816716870029,0.17008463075480856,0.0001851131869083089,0.0001806661960521705,-1.6374736142160673e-05
2051-01-13,24.675,0.16986089348746497,0.17004563235123293,0.17004121034196967,0.16984454222716025,0.00018473886376796367,0.00018031685450470292,-1.6351260304720006e-05
2051-01-20,24.694444444444443,0.16962112661732712,0.1698054856510764,0.16980108401226332,0.16960480005411524,0.0001843590337492762,0.00017995739493620322,-1.6326563211876977e-05
2051-01-27,24.71388888888889,0.16938170436210154,0.16956567809775233,0.1695612922376451,0.16936540371402578,0.00018397373565079422,0.00017958787554356315,-1.6300648075756596e-05
2051-02-03,24.733333333333334,0.16914262620418727,0.16932620921230115,0.16932183455849914,0.16912635268595266,0.00018358300811388562,0.00017920835431187165,-1.627351823460521e-05
2051-02-10,24.752777777777776,0.16890389162681652,0.16908707851643973,0.16908271051583196,0.16888764644966497,0.00018318688962321028,0.00017881888901544185,-1.62451771515415e-05
2051-02-17,24.772222222222222,0.16866550011405348,0.16884828553256015,0.16884391965127138,0.16864928448563923,0.00018278541850666463,0.00017841953721789428,-1.621562841425117e-05
2051-02-24,24.791666666666668,0.16842745115079308,0.16860982978372926,0.16860546150706576,0.16841126627505892,0.0001823786329361865,0.00017801035627268424,-1.618487573415428e-05
2051-03-03,24.81111111111111,0.1681897442227599,0.16837171079368732,0.16836733562608358,0.16817359129981405,0.00018196657092742208,0.00017759140332368473,-1.6152922945850134e-05
2051-03-10,24.830555555555556,0.16795237881650635,0.16813392808684718,0.1681295415518118,0.1679362590425005,0.00018154927034083612,0.0001771627353054639,-1.6119774005840526e-05
2051-03-17,24.85,0.1677153544194118,0.16789648118829337,0.16789207882835566,0.16769926898641965,0.0001811267688815732,0.00017672440894386798,-1.6085432992141158e-05
2051-03-24,24.869444444444444,0.16747867051968132,0.16765936962378117,0.16765494700043773,0.16746262061557762,0.00018069910409984624,0.0001762764807564099,-1.6049904103698776e-05
2051-03-31,24.88888888888889,0.16724232660634386,0.16742259291973555,0.16741814561339677,0.16722631341468466,0.00018026631339168597,0.00017581900705290754,-1.601319165919768e-05
2051-04-07,24.908333333333335,0.1670063221692518,0.16718615060325023,0.16718167421318758,0.16699034686915484,0.00017982843399844128,0.00017535204393578918,-1.5975300096948697e-05
2051-04-14,24.927777777777777,0.16677065669907884,0.166950042202087,0.16694553234637946,0.1667547204651056,0.00017938550300816702,0.00017487564730062077,-1.5936233973251612e-05
2051-04-21,24.947222222222223,0.16653532968731907,0.16671426724467425,0.16670971956015587,0.1665194336893566,0.0001789375573551799,0.00017438987283679985,-1.5895997962478425e-05
2051-04-28,24.966666666666665,0.16630034062628588,0.16647882526010666,0.16647423540231335,0.16628448602942997,0.00017848463382078017,0.00017389477602747228,-1.585459685590762e-05
2051-05-05,24.98611111111111,0.16606568900911042,0.16624371577814376,0.1662390794212607,0.16604987697354895,0.0001780267690333348,0.00017339041215028161,-1.581203556147437e-05
2051-05-12,25.005555555555556,0.16583137432973996,0.16600893832920915,0.16600425116601852,0.1658156060106381,0.00017756399946919355,0.00017287683627856265,-1.5768319101855388e-05
2051-05-19,25.025,0.16559739608293766,0.16577449244438983,0.16576975018621787,0.1655816726303221,0.00017709636145216145,0.0001723541032802034,-1.5723452615551414e-05
2051-05-26,25.044444444444444,0.16536375376427986,0.1655403776554347,0.16553557603209992,0.16534807632292572,0.00017662389115483124,0.00017182226782005983,-1.56774413541394e-05
2051-06-02,25.06388888888889,0.16513044687015613,0.16530659349475413,0.16530172825451478,0.1651148165794725,0.00017614662459800035,0.00017128138435865137,-1.563029068363253e-05
2051-06-09,25.083333333333332,0.16489747489776702,0.1650731394954189,0.16506820640492095,0.16488189289168534,0.00017566459765189224,0.00017073150715393726,-1.5582006081676925e-05
2051-06-16,25.102777777777778,0.1646648373451232,0.16484001519115904,0.16483501003538426,0.16464930475198486,0.00017517784603585107,0.00017017269026106674,-1.5532593138328776e-05
2051-06-23,25.122222222222224,0.16443253371104427,0.16460722011636317,0.16460213869857734,0.16441705165348935,0.0001746864053188968,0.00016960498753307296,-1.5482057554916384e-05
2051-06-30,25.141666666666666,0.16420056349515708,0.1643747538060775,0.16436959194777873,0.16418513309001428,0.00017419031092041903,0.00016902845262165012,-1.5430405142791148e-05
2051-07-07,25.16111111111111,0.1639689261978946,0.16414261579600475,0.16413736933687173,0.1639535485560712,0.0001736895981101494,0.0001684431389771257,-1.5377641823410837e-05
2051-07-14,25.180555555555557,0.1637376213204951,0.16391080562250343,0.16390547042034417,0.16372229754686796,0.0001731843020083279,0.00016784909984907115,-1.5323773627146098e-05
2051-07-21,25.2,0.16350664836500015,0.1636793228225869,0.1636738947532871,0.16349137955830761,0.0001726744575867578,0.00016724638828696792,-1.5268806692531056e-05
2051-07-28,25.219444444444445,0.16327600683425353,0.16344816693392214,0.16344264189139432,0.16326079408698774,0.00017216009966861123,0.0001666350571407904,-1.5212747265791471e-05
2051-08-04,25.238888888888887,0.1630456962319004,0.16321733749482936,0.16321171139096152,0.1630305406302004,0.00017164126292895654,0.00016601515906111697,-1.5155601700012067e-05
2051-08-11,25.258333333333333,0.16281571606238535,0.16298683404428047,0.1629811028088852,0.1628006186859311,0.00017111798189511918,0.00016538674649985152,-1.5097376454248357e-05
2051-08-18,25.27777777777778,0.16258606583095156,0.16275665612189869,0.16275081570266212,0.1625710277528584,0.00017059029094712574,0.00016474987171055666,-1.5038078093165819e-05
2051-08-25,25.29722222222222,0.16235674504363937,0.16252680326795738,0.16252084963038865,0.1623417673303535,0.00017005822431800932,0.0001641045867492863,-1.4977713285874161e-05
2051-09-01,25.316666666666666,0.16212775320728495,0.16229727502337898,0.16229120415075943,0.16211283691847916,0.0001695218160940315,0.00016345094347447464,-1.4916288805788547e-05
2051-09-08,25.336111111111112,0.16189908982951934,0.16206807092973452,0.16206187882306736,0.16188423601798965,0.00016898110021518198,0.00016278899354801868,-1.48538115296859e-05
2051-09-15,25.355555555555554,0.1616707544187665,0.16183919052924226,0.16183287320720205,0.16165596413033026,0.00016843611047576146,0.00016211878843555572,-1.4790288436233867e-05
2051-09-22,25.375,0.16144274648424276,0.16161063336476694,0.1616041868636494,0.16142802075763585,0.00016788688052418732,0.00016144037940665767,-1.4725726606906742e-05
2051-09-29,25.394444444444446,0.16121506553595502,0.16138239897981901,0.1613758193534907,0.1612004054027313,0.00016733344386399285,0.0001607538175356915,-1.4660133223709515e-05
2051-10-06,25.413888888888888,0.16098771108469975,0.16115448691855364,0.161147770238402,0.16097311756913063,0.00016677583385388273,0.00016005915370223556,-1.4593515569122362e-05
2051-10-13,25.433333333333334,0.16076068264206148,0.16092689672576949,0.16092003908065305,0.16074615676103565,0.0001662140837080106,0.0001593564385915791,-1.4525881025823084e-05
2051-10-20,25.45277777777778,0.1605339797204119,0.16069962794690834,0.16069262544310667,0.16051952248333676,0.00016564822649645095,0.00015864572269477795,-1.44572370751328e-05
2051-10-27,25.47222222222222,0.16030760183290815,0.16047268012805396,0.16046552888921814,0.1602932142416111,0.00016507829514580963,0.0001579270563099866,-1.43875912970437e-05
2051-11-03,25.491666666666667,0.16008154849349163,0.16024605281593082,0.16023874898303395,0.16006723154212282,0.00016450432243919622,0.00015720048954231958,-1.431695136880351e-05
2051-11-10,25.511111111111113,0.15985581921688713,0.16001974555790394,0.1600122852891913,0.15984157389182194,0.0001639263410168068,0.00015646607230415666,-1.4245325065193049e-05
2051-11-17,25.530555555555555,0.15963041351860102,0.15979375790197725,0.15978613737291736,0.15961624079834427,0.00016334438337622936,0.0001557238543163364,-1.4172720256749871e-05
2051-11-24,25.55,0.15940533091492023,0.15956808939679323,0.1595603048000284,0.15939123177001027,0.0001627584818729988,0.00015497388510815613,-1.4099144909962558e-05
2051-12-01,25.569444444444443,0.159180570922911,0.15934273959163167,0.15933478713692908,0.15916654631582505,0.00016216866872068025,0.0001542162140180936,-1.4024607085938445e-05
2051-12-08,25.58888888888889,0.1589561330604173,0.1591177080364089,0.15910958395061137,0.15894218394547713,0.00016157497599159076,0.00015345089019405678,-1.3949114940181584e-05
2051-12-15,25.608333333333334,0.1587320168460602,0.15889299428167686,0.15888469480865414,0.15871814416933852,0.00016097743561666045,0.00015267796259393895,-1.3872676721676802e-05
2051-12-22,25.627777777777776,0.15850822179923596,0.15866859787862245,0.1586601192792222,0.1584944264984636,0.00016037607938648724,0.00015189747998622938,-1.3795300772362351e-05
2051-12-29,25.647222222222222,0.15828474744011503,0.15844451837906598,0.15843585693106554,0.15827103044458896,0.0001597709389509483,0.00015110949095051285,-1.3716995526075193e-05
2052-01-05,25.666666666666668,0.1580615932896407,0.15822075533546112,0.15821190733351853,0.15804795552013232,0.00015916204582042126,0.00015031404387783054,-1.3637769508384467e-05
2052-01-12,25.68611111111111,0.1578387588695279,0.15799730830089334,0.15798827005649926,0.15782520123819263,0.0001585494313654512,0.0001495111869713739,-1.3557631335259224e-05
2052-01-19,25.705555555555556,0.15761624370226196,0.1577741768290793,0.1577649446705085,0.1576027671125486,0.0001579331268173334,0.0001487009682465401,-1.3476589713373732e-05
2052-01-26,25.725,0.1573940473110972,0.15755136047436596,0.15754193074662923,0.15738065265765885,0.0001573131632687519,0.00014788343553201466,-1.3394653438358883e-05
2052-02-02,25.744444444444444,0.15717216922005584,0.15732885879172975,0.15731922785652555,0.15715885738866106,0.00015668957167391806,0.00014705863646971573,-1.3311831394774432e-05
2052-02-09,25.76388888888889,0.15695060895392646,0.1571066713367753,0.15709683557244222,0.1569373808213711,0.00015606238284884832,0.00014622661851576568,-1.3228132555359595e-05
2052-02-16,25.783333333333335,0.15672936603826312,0.15688479766573518,0.15687475346720378,0.15671622247228292,0.00015543162747205796,0.0001453874289406576,-1.3143565980200389e-05
2052-02-23,25.802777777777777,0.15650843999938382,0.15666323733546847,0.15665298111421358,0.15649538185856784,0.0001547973360846444,0.00014454111482975485,-1.3058140815980224e-05
2052-03-01,25.822222222222223,0.15628783036436925,0.15644198990346,0.15643151808745318,0.1562748584980734,0.00015415953909075908,0.00014368772308392952,-1.2971866295841128e-05
2052-03-08,25.841666666666665,0.15606753666106152,0.15622105492781985,0.15621036396148166,0.15605465190932372,0.00015351826675832903,0.00014282730042014524,-1.288475173780168e-05
2052-03-15,25.86111111111111,0.1558475584180631,0.15600043196728178,0.15598951831143454,0.15583476161151788,0.00015287354921866836,0.00014195989337142945,-1.2796806545228856e-05
2052-03-22,25.880555555555556,0.1556278951647353,0.15578012058120302,0.15576898071302359,0.1556151871245302,0.00015222541646772725,0.0001410855482882889,-1.2708040205089421e-05
2052-03-29,25.9,0.15540854643119728,0.15556012032956296,0.1555487507425354,0.15539592796890908,0.00015157389836567559,0.00014020431133812683,-1.2618462288199739e-05
2052-04-05,25.919444444444444,0.1551895117483244,0.15534043077296242,0.15532882797683092,0.15517698366587657,0.0001509190246380132,0.0001393162285065197,-1.2528082447837985e-05
2052-04-12,25.93888888888889,0.15497079064774738,0.15512105147262276,0.15510921199334474,0.15495835373732791,0.00015026082487537562,0.00013842134559735597,-1.2436910419466596e-05
2052-04-19,25.958333333333332,0.15475238266185085,0.15490198199038507,0.15488990237008424,0.1547400377058307,0.00014959932853422786,0.0001375197082333912,-1.23449560201494e-05
2052-04-26,25.977777777777778,0.15453428732377186,0.15468322188870914,0.15467089868562878,0.15452203509462434,0.00014893456493728086,0.00013661136185691425,-1.2252229147524663e-05
2052-05-03,25.997222222222224,0.15431650416739928,0.15446477073067272,0.15445220051912914,0.15430434542761967,0.0001482665632734359,0.00013569635172985817,-1.2158739779610794e-05
2052-05-10,26.016666666666666,0.15409903272737172,0.15424662807997067,0.1542338074503066,0.15408696822939802,0.0001475953525989504,0.0001347747229348828,-1.2064497973696131e-05
2052-05-17,26.03611111111111,0.15388187253907687,0.1540287935009138,0.15401571905945205,0.1538699030252106,0.00014692096183693826,0.0001338465203751804,-1.1969513866255665e-05
2052-05-24,26.055555555555557,0.15366502313865016,0.15381126655842853,0.15379793492742544,0.1536531493409785,0.00014624341977836908,0.00013291178877528065,-1.1873797671646535e-05
2052-05-31,26.075,0.15344848406297326,0.15359404681805547,0.15358045463565512,0.1534367067032913,0.00014556275508220695,0.00013197057268185541,-1.1777359681969246e-05
2052-06-07,26.094444444444445,0.1532322548496731,0.15337713384594892,0.15336327776613656,0.1532205746394068,0.0001448789962758268,0.00013102291646346909,-1.1680210266290514e-05
2052-06-14,26.113888888888887,0.15301633503712034,0.15316052720887577,0.15314640390143244,0.15300475267725064,0.00014419217175543064,0.00013006886431210507,-1.1582359869699577e-05
2052-06-21,26.133333333333333,0.15280072416442836,0.15294422647421488,0.1529298326246709,0.15278924034541513,0.00014350230978651957,0.00012910846024255518,-1.1483819013224927e-05
2052-06-28,26.15277777777778,0.15258542177145207,0.15272823120995593,0.15271356351954568,0.15257403717315932,0.00014280943850386585,0.00012814174809361312,-1.1384598292751846e-05
2052-07-05,26.17222222222222,0.15237042739878637,0.15251254098469888,0.15249759617031466,0.15235914269040765,0.00014211358591251222,0.00012716877152829653,-1.128470837871709e-05
2052-07-12,26.191666666666666,0.15215574058776515,0.15229715536765273,0.1522819301617997,0.15214455642775024,0.00014141477988757756,0.0001261895740345409,-1.11841600149154e-05
2052-07-19,26.211111111111112,0.15194136088045992,0.15208207392863504,0.15206656507938535,0.15193027791644126,0.00014071304817511732,0.00012520419892542156,-1.1082964018666042e-05
2052-07-26,26.230555555555554,0.15172728781967876,0.15186729623807085,0.15185150050901866,0.15171630668839914,0.00014000841839209577,0.00012421268933990315,-1.0981131279619305e-05
2052-08-02,26.25,0.1515135209489646,0.15165282186699178,0.1516367360372078,0.15150264227620558,0.0001393009180271909,0.00012321508824320038,-1.0878672759007113e-05
2052-08-09,26.269444444444446,0.15130005981259464,0.15143865038703538,0.15142227125102176,0.1512892842131049,0.00013859057444073897,0.00012221143842711113,-1.077559948975404e-05
2052-08-16,26.288888888888888,0.15108690395557875,0.15122478137044404,0.15120810573808954,0.15107623203300366,0.00013787741486528948,0.00012120178251079361,-1.0671922575089532e-05
2052-08-23,26.308333333333334,0.15087405292365802,0.15101121439006432,0.15099423908659937,0.1508634852704698,0.00013716146640629923,0.0001201861629413492,-1.0567653188214843e-05
2052-08-30,26.32777777777778,0.15066150626330407,0.15079794901934607,0.15078067088529767,0.15065104346073208,0.0001364427560419934,0.00011916462199360045,-1.046280257199772e-05
2052-09-06,26.34722222222222,0.15044926352171742,0.1505849848323414,0.15056740072348893,0.15043890613968,0.0001357213106239763,0.00011813720177150655,-1.0357382037418095e-05
2052-09-13,26.366666666666667,0.1502373242468263,0.1503723214037041,0.15035442819103428,0.15022707284386194,0.0001349971568778141,0.00011710394420799686,-1.0251402964345235e-05
2052-09-20,26.386111111111113,0.15002568798728536,0.15015995830868853,0.1501417528783513,0.1500155431104859,0.00013427032140317374,0.00011606489106594231,-1.0144876799456082e-05
2052-09-27,26.405555555555555,0.1498143542924749,0.14994789512314907,0.14992937437641288,0.149804316477418,0.00013354083067418365,0.0001150200839379889,-1.0037815056901378e-05
2052-10-04,26.425,0.14960332271249893,0.14973613142353892,0.14971729227674663,0.1495933924831822,0.00013280871103998892,0.00011396956424769566,-9.930229316723604e-06
2052-10-11,26.444444444444443,0.14939259279818462,0.1495246667869095,0.1495055061714344,0.14938277066695976,0.00013207398872489007,0.00011291337324978445,-9.822131224856978e-06
2052-10-18,26.46388888888889,0.1491821641010804,0.14931350079090958,0.14929401565311104,0.14917245056858827,0.00013133668982917568,0.00011185155203063957,-9.713532492128252e-06
2052-10-25,26.483333333333334,0.14897203617345536,0.14910263301378432,0.14908282031496392,0.14896243172856136,0.0001305968403289559,0.00011078414150855753,-9.604444894006914e-06
2052-11-01,26.502777777777776,0.14876220856829778,0.1488920630343746,0.1488719197507323,0.14875271368802814,0.0001298544660768286,0.00010971118243452427,-9.494880269633743e-06
2052-11-08,26.522222222222222,0.14855268083931367,0.14868179043211596,0.14866131355470644,0.148543295988792,0.00012910959280229561,0.0001086327153927702,-9.384850521654275e-06
2052-11-15,26.541666666666668,0.14834345254092582,0.14847181478703794,0.14845100132172678,0.14833417817331085,0.00012836224611212366,0.00010754878080096453,-9.274367614969803e-06
2052-11-22,26.56111111111111,0.1481345232282728,0.14826213567976332,0.14824098264718366,0.14812535978469557,0.00012761245149051081,0.00010645941891085364,-9.163443577236974e-06
2052-11-29,26.580555555555556,0.14792589245720691,0.14805275269150683,0.14803125712701584,0.14791684036671032,0.00012686023429991922,0.00010536466980892722,-9.052090496591836e-06
2052-12-06,26.6,0.14771755978429418,0.14784366540407495,0.14782182435771035,0.1477086194637711,0.00012610561978076973,0.00010426457341616846,-8.940320523093126e-06
2052-12-13,26.619444444444444,0.1475095247668119,0.14763487339986456,0.1476126839363017,0.14750069662094578,0.0001253486330526632,0.00010315916948980264,-8.828145866113246e-06
2052-12-20,26.63888888888889,0.14730178696274832,0.14742637626186234,0.14740383546037078,0.14729307138395287,0.00012458929911401961,0.00010204849762246448,-8.715578795448486e-06
2052-12-27,26.658333333333335,0.14709434593080106,0.14721817357364392,0.14719527852804468,0.14708574329916133,0.0001238276428428553,0.0001009325972436137,-8.602631639736957e-06
2053-01-03,26.677777777777777,0.14688720123037588,0.14701026491937305,0.1469870127379955,0.14687871191358992,0.00012306368899717146,9.981150761961821e-05,-8.489316785958989e-06
2053-01-10,26.697222222222223,0.14668035242158559,0.14680264988380065,0.1467790376894397,0.14667197677490637,0.0001222974622150652,9.868526785411502e-05,-8.375646679215087e-06
2053-01-17,26.716666666666665,0.14647379906524874,0.14659532805226425,0.14657135298213764,0.14646553743142682,0.00012152898701550674,9.755391688889836e-05,-8.261633821921022e-06
2053-01-24,26.73611111111111,0.1462675407228884,0.14638829901068667,0.14636395821639253,0.14625939343211514,0.00012075828779828379,9.641749350414175e-05,-8.147290773252713e-06
2053-01-31,26.755555555555556,0.1460615769567312,0.14618156234557586,0.14615685299305,0.14605354432658266,0.0001199853888446678,9.527603631881432e-05,-8.032630148535613e-06
2053-02-07,26.775,0.14585590732970588,0.14597511764402363,0.14595003691349714,0.14584798966508702,0.00011921031431774698,9.412958379126368e-05,-7.917664618856124e-06
2053-02-14,26.794444444444444,0.14565053140544185,0.1457689644937047,0.14574350957966176,0.1456427289985319,0.0001184330882628426,9.297817421990984e-05,-7.802406909951376e-06
2053-02-21,26.81388888888889,0.1454454487482687,0.14556310248287635,0.14553727059401186,0.1454377618784662,0.00011765373460764783,9.182184574316188e-05,-7.68686980251454e-06
2053-02-28,26.833333333333332,0.14524065892321447,0.14535753120037725,0.14533131955955492,0.14523308785708353,0.00011687227716278281,9.066063634044497e-05,-7.571066130945825e-06
2053-03-07,26.852777777777778,0.14503616149600437,0.14515225023562672,0.1451256560798368,0.1450287064872216,0.00011608873962234978,8.949458383242237e-05,-7.455008782769612e-06
2053-03-14,26.872222222222224,0.14483195603305976,0.14494725917862392,0.14492027975894164,0.14482461732236132,0.00011530314556415511,8.832372588188364e-05,-7.338710698440165e-06
2053-03-21,26.891666666666666,0.14462804210149738,0.1447425576199471,0.14471519020149054,0.14462081991662673,0.00011451551844970931,8.714809999316175e-05,-7.222184870647741e-06
2053-03-28,26.91111111111111,0.14442441926912708,0.14453814515075264,0.1445103870126411,0.1444173138247835,0.0001137258816255593,8.596774351402048e-05,-7.105444343569189e-06
2053-04-04,26.930555555555557,0.14422108710445197,0.14433402136277426,0.14430586979808688,0.14421409860223935,0.0001129342583222892,8.478269363490498e-05,-6.988502212618153e-06
2053-04-11,26.95,0.1440180451766661,0.14413018584832252,0.14410163816405633,0.14401117380504258,0.00011214067165640773,8.359298739021859e-05,-6.871371623529132e-06
2053-04-18,26.969444444444445,0.14381529305565374,0.1439266382002833,0.14389769171731234,0.14380853898988172,0.00011134514462957101,8.239866165860033e-05,-6.75406577202442e-06
2053-04-25,26.988888888888887,0.14361283031198846,0.14372337801211788,0.14369403006515147,0.14360619371408495,0.00011054770012941528,8.11997531630082e-05,-6.63659790350879e-06
2053-05-02,27.008333333333333,0.14341065651693127,0.14352040487786133,0.14349065281540302,0.14340413753561954,0.00010974836093005647,7.999629847174616e-05,-6.518981311737226e-06
2053-05-09,27.02777777777778,0.14320877124243,0.14331771839212223,0.14328755957642866,0.1432023700130909,0.00010894714969222896,7.878833399865837e-05,-6.401229339092485e-06
2053-05-16,27.04722222222222,0.143007174061118,0.14311531815008166,0.14308474995712162,0.14300089070574237,0.00010814408896367422,7.75758960036288e-05,-6.283355375613642e-06
2053-05-23,27.066666666666666,0.14280586454631267,0.1429132037474923,0.1428822235669056,0.14279969917345411,0.00010733920117964035,7.635902059294208e-05,-6.1653728585520096e-06
2053-05-30,27.086111111111112,0.14260484227201467,0.14271137478067777,0.14267998001573484,0.142598794976743,0.00010653250866310415,7.513774372017168e-05,-6.047295271677244e-06
2053-06-06,27.105555555555554,0.14240410681290652,0.142509830846532,0.1424780189140926,0.14239817767676147,0.00010572403362546501,7.391210118606883e-05,-5.929136145055303e-06
2053-06-13,27.125,0.14220365774435131,0.14230857154251775,0.14227633987299085,0.1421978468352971,0.00010491379816643387,7.268212863953405e-05,-5.810909054215774e-06
2053-06-20,27.144444444444446,0.1420034946423919,0.1421075964666667,0.14207494250396965,0.14199780201477233,0.0001041018242748104,7.144786157775584e-05,-5.692627619569013e-06
2053-06-27,27.163888888888888,0.14180361708374942,0.14190690521757798,0.14187382641909627,0.14179804277824307,0.00010328813382856628,7.020933534684914e-05,-5.57430550635063e-06
2053-07-04,27.183333333333334,0.14160402464582209,0.14170649739441768,0.1416729912309643,0.1415985686893987,0.00010247274859559452,6.89665851422161e-05,-5.455956423372488e-06
2053-07-11,27.20277777777778,0.14140471690668419,0.14150637259691787,0.14147243655269354,0.14139937931256127,0.00010165569023368182,6.771964600935099e-05,-5.337594122911682e-06
2053-07-18,27.22222222222222,0.14120569344508513,0.14130653042537605,0.14127216199792877,0.14120047421268467,0.0001008369802909248,6.646855284364594e-05,-5.219232400460738e-06
2053-07-25,27.241666666666667,0.1410069538404476,0.14110697048065404,0.14107216718083898,0.14100185295535403,0.00010001664020645173,6.521334039139015e-05,-5.10088509356188e-06
2053-08-01,27.261111111111113,0.140808497672867,0.14090769236417747,0.14087245171611731,0.14080351510678552,9.919469131047798e-05,6.395404325032494e-05,-4.98256608147396e-06
2053-08-08,27.280555555555555,0.1406103245231101,0.14070869567793484,0.14067301521897965,0.14060546023382509,9.837115482475012e-05,6.269069586956055e-05,-4.864289285005929e-06
2053-08-15,27.3,0.1404124339726138,0.14050998002447662,0.1404738573051642,0.14040768790394806,9.75460518628235e-05,6.142333255040877e-05,-4.746068665739678e-06
2053-08-22,27.319444444444443,0.14021482560348397,0.14031154500691473,0.14027497759093108,0.1402101976852587,9.671940343075613e-05,6.0151987447104593e-05,-4.627918225280636e-06
2053-08-29,27.33888888888889,0.1400174989984944,0.14011339022892147,0.14007637569306103,0.14001298914648935,9.589123042708092e-05,5.887669456663969e-05,-4.5098520050357305e-06
2053-09-05,27.358333333333334,0.1398204537410856,0.13991551529472898,0.1398780512288552,0.13981606185699985,9.506155364338853e-05,5.759748776959506e-05,-4.3918840857415375e-06
2053-09-12,27.377777777777776,0.13962368941536354,0.1397179198091282,0.13968000381613424,0.13961941538677686,9.423039376466047e-05,5.631440077069616e-05,-4.274028586687129e-06
2053-09-19,27.397222222222222,0.13942720560609864,0.13952060337746827,0.13948223307323776,0.13942304930643323,9.33977713696299e-05,5.5027467139118214e-05,-4.156299665408758e-06
2053-09-26,27.416666666666668,0.13923100189872453,0.13932356560565565,0.13928473861902327,0.1392269631872075,9.256370693111471e-05,5.3736720298735996e-05,-4.03871151702373e-06
2053-10-03,27.43611111111111,0.1390350778793369,0.13912680610015343,0.13908752007286615,0.139031156600963,9.172822081654486e-05,5.244219352926183e-05,-3.92127837389733e-06
2053-10-10,27.455555555555556,0.1388394331346924,0.13893032446798034,0.13889057705465815,0.13883562912018735,9.089133328793464e-05,5.1143919965745965e-05,-3.8040145050599605e-06
2053-10-17,27.475,0.13864406725220738,0.13873412031671017,0.13869390918480728,0.13864038031799197,9.00530645027986e-05,4.984193259990888e-05,-3.6869342154022267e-06
2053-10-24,27.494444444444444,0.1384489798199569,0.138538193254471,0.13849751608423705,0.13844540976811115,8.921343451409602e-05,4.853626428014124e-05,-3.5700518457582042e-06
2053-10-31,27.51388888888889,0.13825417042667337,0.1383425428899442,0.1383013973743854,0.13825071704490138,8.837246327081383e-05,4.7226947712031286e-05,-3.4533817719895055e-06
2053-11-07,27.533333333333335,0.13805963866174564,0.13814716883236378,0.13810555267720462,0.13805630172334118,8.753017061813306e-05,4.5914015458975443e-05,-3.336938404457923e-06
2053-11-14,27.552777777777777,0.13786538411521776,0.1379520706915157,0.1379099816151601,0.13786216337903,8.668657629792853e-05,4.4597499942344854e-05,-3.2207361877478746e-06
2053-11-21,27.572222222222223,0.13767140637778777,0.13775724807773693,0.1377146838112299,0.13766830158818755,8.584169994915736e-05,4.327743344212376e-05,-3.104789600222313e-06
2053-11-28,27.591666666666665,0.13747770504080659,0.13756270060191475,0.13751965888890402,0.13747471592765356,8.499556110816431e-05,4.195384809743685e-05,-2.989113153023526e-06
2053-12-05,27.61111111111111,0.13728427969627688,0.137368427875486,0.13732490647218382,0.13728140597488672,8.414817920912587e-05,4.062677590693786e-05,-2.873721390156403e-06
2053-12-12,27.630555555555556,0.13709112993685213,0.13717442951043624,0.13713042618558127,0.13708837130796425,8.329957358410578e-05,3.929624872914261e-05,-2.758628887877812e-06
2053-12-19,27.65,0.13689825535583516,0.13698070511929902,0.13693621765411818,0.13689561150558138,8.24497634638599e-05,3.79622982830119e-05,-2.6438502537806663e-06
2053-12-26,27.669444444444444,0.13670565554717706,0.13678725431515498,0.13674228050332551,0.13670312614705027,8.159876797791954e-05,3.662495614845107e-05,-2.5294001267939237e-06
2054-01-02,27.68888888888889,0.1365133301054763,0.13659407671163143,0.13654861435924281,0.1365109148122997,8.074660615511875e-05,3.528425376650435e-05,-2.41529317659972e-06
2054-01-09,27.708333333333332,0.13632127862597743,0.13640117192290108,0.13635521884841764,0.13631897708187457,7.989329692364988e-05,3.394022244021522e-05,-2.3015441028562122e-06
2054-01-16,27.727777777777778,0.1361295007045699,0.1362085395636817,0.13616209359790454,0.1361273125369347,7.903885911181296e-05,3.2592893334654205e-05,-2.18816763519758e-06
2054-01-23,27.747222222222224,0.13593799593778713,0.13601617924923506,0.13596923823526466,0.13593592075925465,7.818331144793245e-05,3.124229747752949e-05,-2.075178532484623e-06
2054-01-30,27.766666666666666,0.13574676392280507,0.13582409059536632,0.135776652388565,0.13574480133122319,7.732667256124537e-05,2.988846575993631e-05,-1.9625915818888284e-06
2054-02-06,27.78611111111111,0.1355558042574414,0.1356322732184232,0.13558433568637757,0.13555395383584198,7.646896098179035e-05,2.8531428936162673e-05,-1.850421599419727e-06
2054-02-13,27.805555555555557,0.13536511654015415,0.13544072673529528,0.13539228775777903,0.13536337785672564,7.561019514112921e-05,2.7171217624882837e-05,-1.7386834285093578e-06
2054-02-20,27.825,0.13517470037004084,0.13524945076341324,0.1352005082323497,0.1351730729781007,7.475039337240252e-05,2.5807862308852014e-05,-1.6273919401510462e-06
2054-02-27,27.844444444444445,0.13498455534683715,0.13505844492074778,0.1350089967401731,0.1349830387848051,7.388957391063489e-05,2.444139333596107e-05,-1.5165620320389817e-06
2054-03-06,27.863888888888887,0.13479468107091586,0.1348677088258095,0.13481775291183534,0.1347932748622875,7.302775489365088e-05,2.307184091948633e-05,-1.4062086283461728e-06
2054-03-13,27.883333333333333,0.1346050771432857,0.13467724209764736,0.13462677637842388,0.13460378079660662,7.21649543616587e-05,2.1699235138172845e-05,-1.296346679086069e-06
2054-03-20,27.90277777777778,0.13441574316559035,0.13448704435584866,0.13443606677152772,0.1344145561744305,7.130119025830495e-05,2.032360593737237e-05,-1.1869911598627603e-06
2054-03-27,27.92222222222222,0.13422667874010732,0.13429711522053775,0.13424562372323615,0.13422560058303626,7.043648043042472e-05,1.8944983128821313e-05,-1.078157071066066e-06
2054-04-03,27.941666666666666,0.13403788346974665,0.13410745431237553,0.1340554468661382,0.13403691361030887,6.957084262887436e-05,1.7563396391556685e-05,-9.698594377882674e-07
2054-04-10,27.961111111111112,0.13384935695804995,0.13391806125255848,0.1338655358333221,0.1338484948447408,6.870429450853144e-05,1.6178875272165882e-05,-8.621133091579747e-07
2054-04-17,27.980555555555554,0.1336610988091895,0.13372893566281838,0.13367589025837437,0.1336603438754315,6.783685362887759e-05,1.4791449184869965e-05,-7.549337580070592e-07
2054-04-24,28.0,0.13347310862796644,0.13354007716542077,0.13348650977537935,0.1334724602920865,6.696853745433162e-05,1.340114741291143e-05,-6.483358799269645e-07
2054-05-01,28.019444444444446,0.13328538601981071,0.133351485383165,0.13329739401891855,0.13328484368501697,6.609936335427724e-05,1.2007999107832568e-05,-5.423347937405509e-07
2054-05-08,28.038888888888888,0.13309793059077893,0.13316315993938296,0.13310854262406976,0.13309749364513876,6.522934860403451e-05,1.0612033290835488e-05,-4.3694564016982795e-07
2054-05-15,28.058333333333334,0.132910741947554,0.13297510045793853,0.13291995522640682,0.132910409763972,6.435851038452678e-05,9.21327885280987e-06,-3.3218358200248765e-07
2054-05-22,28.07777777777778,0.13272381969744365,0.1327873065632268,0.13273163146199837,0.13272359163364067,6.348686578314111e-05,7.811764554721545e-06,-2.2806380298168172e-07
2054-05-29,28.09722222222222,0.13253716344837965,0.13259977788017324,0.13254357096740763,0.13253703884687126,6.26144317935895e-05,6.4075190279733185e-06,-1.246015083888885e-07
2054-06-05,28.116666666666667,0.1323507728089162,0.1324125140342331,0.13235577337969165,0.13235075099699295,6.174122531690807e-05,5.0005707754596784e-06,-2.1811923239800635e-08
2054-06-12,28.136111111111113,0.1321646473882292,0.1322255146513905,0.1321682383364005,0.13216472767793616,6.08672631613183e-05,3.590948171316999e-06,8.028970696627447e-08
2054-06-19,28.155555555555555,0.13197878679611544,0.13203877935815792,0.1319809654755768,0.13197896848423263,5.999256204247683e-05,2.1786794613676275e-06,1.8168811719010414e-07
2054-06-26,28.175,0.13179319064299086,0.13185230778157506,0.13179395443575495,0.13179347301101432,5.911713858419709e-05,7.637927640913311e-07,2.8236802346315315e-07
2054-07-03,28.194444444444443,0.13160785853988985,0.13166609954920852,0.1316072048559605,0.13160824085401276,5.824100931867138e-05,-6.536839293469487e-07,3.823141229153393e-07
2054-07-10,28.21388888888889,0.13142279009846405,0.13148015428915083,0.13142071637570937,0.1314232716095586,5.736419068677612e-05,-2.0737227546807624e-06,4.815110945521894e-07
2054-07-17,28.233333333333334,0.13123798493098152,0.13129447163001962,0.1312344886350075,0.13123856487458074,5.6486699038099664e-05,-3.496295974014796e-06,5.79943599227084e-07
2054-07-24,28.252777777777776,0.13105344265032523,0.13110905120095726,0.13104852127434993,0.13105412024660607,5.5608550632024745e-05,-4.921375975297515e-06,6.775962808347469e-07
2054-07-31,28.272222222222222,0.13086916286999217,0.13092389263162962,0.13086281393472018,0.1308699373237583,5.472976163745091e-05,-6.348935271988099e-06,7.744537661169559e-07
2054-08-07,28.291666666666668,0.13068514520409252,0.1307389955522257,0.13067736625758963,0.1306860157047576,5.3850348133183124e-05,-7.778946502889905e-06,8.705006650788771e-07
2054-08-14,28.31111111111111,0.13050138926734822,0.1305543595934567,0.13049217788491702,0.1305023549889201,5.297032610848684e-05,-9.211382431206783e-06,9.657215718772427e-07
2054-08-21,28.330555555555556,0.13031789467509194,0.13036998438655542,0.13030724845914743,0.13031895477615685,5.208971146347663e-05,-1.0646215944515314e-05,1.060101064903618e-06
2054-08-28,28.35,0.13013466104326615,0.1301858695632753,0.13012257762321205,0.13013581466697335,5.120852000914389e-05,-1.2083420054098681e-05,1.153623707200735e-06
2054-09-04,28.369444444444444,0.12995168798842208,0.13000201475589007,0.12993816502052724,0.1299529342624691,5.032676746799525e-05,-1.3522967894835647e-05,1.2462740470176037e-06
2054-09-11,28.38888888888889,0.1297689751277184,0.12981841959719265,0.12975401029499395,0.12977031316433646,4.9444469474246855e-05,-1.496483272445115e-05,1.3380366180593128e-06
2054-09-18,28.408333333333335,0.12958652207892052,0.12963508372049448,0.1295701130909972,0.1295879509748607,4.8561641573963144e-05,-1.6408987923322016e-05,1.4288959401809187e-06
2054-09-25,28.427777777777777,0.12940432846039907,0.129452006759625,0.12938647305340523,0.12940584729691854,4.767829922594502e-05,-1.7855406993838585e-05,1.518836519470712e-06
2054-10-02,28.447222222222223,0.1292223938911292,0.12926918834893064,0.12920308982756884,0.1292240017339782,4.6794457801452305e-05,-1.9304063560349194e-05,1.6078428489996188e-06
2054-10-09,28.466666666666665,0.12904071799068925,0.12908662812327434,0.12901996305932115,0.12904241389009832,4.591013258509191e-05,-2.0754931368105467e-05,1.695899409071e-06
2054-10-16,28.48611111111111,0.1288593003792602,0.12890432571803462,0.12883709239497637,0.1288610833699274,4.502533877442927e-05,-2.2207984283817428e-05,1.782990667220652e-06
2054-10-23,28.505555555555556,0.12867814067762368,0.12872228076910494,0.12865447748132966,0.12868000977870325,4.4140091481265076e-05,-2.366319629401592e-05,1.8691010795768292e-06
2054-10-30,28.525,0.128497238507162,0.12854049291289305,0.12847211796565616,0.12849919272225235,4.3254405731052437e-05,-2.5120541505829763e-05,1.9542150903606448e-06
2054-11-06,28.544444444444444,0.12831659348985608,0.1283589617863201,0.12829001349571037,0.12831863180698888,4.236829646403484e-05,-2.6579994145708996e-05,2.0383171328020033e-06
2054-11-13,28.56388888888889,0.1281362052482854,0.12817768702682,0.12810816371972578,0.12813832663991462,4.148177853460777e-05,-2.8041528559619167e-05,2.1213916292228685e-06
2054-11-20,28.583333333333332,0.12795607340562595,0.12799666827233883,0.12792656828641394,0.12795827682861768,4.0594866712873046e-05,-2.9505119212014375e-05,2.203422991731152e-06
2054-11-27,28.602777777777778,0.12777619758564995,0.1278159051613337,0.12774522684496387,0.12777848198127237,3.970757568375061e-05,-3.097074068608707e-05,2.284395622415003e-06
2054-12-04,28.622222222222224,0.12759657741272437,0.12763539733277263,0.12756413904504163,0.1275989417066382,3.8819920048255296e-05,-3.243836768274111e-05,2.364293913842408e-06
2054-12-11,28.641666666666666,0.12741721251181004,0.12745514442613326,0.12738330453678942,0.12741965561405955,3.7931914323219296e-05,-3.3907975020619485e-05,2.44310224950528e-06
2054-12-18,28.66111111111111,0.12723810250846046,0.12727514608140253,0.127202722970825,0.12724062331346436,3.704357294206928e-05,-3.5379537635465974e-05,2.5208050039027263e-06
2054-12-25,28.680555555555557,0.12705924702882115,0.12709540193907568,0.12702239399824122,0.1270618444153646,3.615491025452111e-05,-3.6853030579930834e-05,2.597386543456981e-06
2055-01-01,28.7,0.12688064569962818,0.12691591164015587,0.1268423172706053,0.12688331853085436,3.5265940527690054e-05,-3.832842902287692e-05,2.672831226180339e-06
2055-01-08,28.719444444444445,0.1267022981482072,0.1267366748261529,0.12666249243995792,0.12670504527161014,3.4376677945702205e-05,-3.9805708249268656e-05,2.747123402951912e-06
2055-01-15,28.738888888888887,0.12652420400247255,0.1265576911390833,0.12648291915881305,0.12652702424988974,3.34871366107492e-05,-4.128484365950591e-05,2.8202474171845626e-06
2055-01-22,28.758333333333333,0.12634636289092613,0.1263789602214687,0.12630359708015693,0.12634925507853165,3.2597330542560865e-05,-4.276581076920194e-05,2.8921876055187923e-06
2055-01-29,28.77777777777778,0.12616877444265642,0.12620048171633594,0.12612452585744785,0.1261717373709546,3.1707273679515424e-05,-4.424858520857278e-05,2.9629282981835647e-06
2055-02-05,28.79722222222222,0.1259914382873375,0.1260222552672158,0.125945705144615,0.12599447074115674,3.081697987830645e-05,-4.573314272249274e-05,3.032453819246106e-06
2055-02-12,28.816666666666666,0.12581435405522765,0.1258442805181426,0.1257671345960582,0.1258174548037148,2.9926462914942054e-05,-4.7219459169439704e-05,3.1007484871670155e-06
2055-02-19,28.836111111111112,0.1256375213771689,0.1256665571136532,0.12558881386664728,0.12564068917378396,2.90357364843008e-05,-4.870751052163391e-05,3.167796615050067e-06
2055-02-26,28.855555555555554,0.12546093988458568,0.1254890846987867,0.12541074261172117,0.12546417346709673,2.8144814201019885e-05,-5.019727286451059e-05,3.2335825110585414e-06
2055-03-05,28.875,0.12528460920948353,0.12531186291908328,0.12523292048708753,0.12528790729996245,2.7253709599744935e-05,-5.168872239599831e-05,3.298090478914828e-06
2055-03-12,28.894444444444446,0.1251085289844486,0.1251348914205838,0.1250553471490221,0.12511189028926664,2.636243613518552e-05,-5.318183542649124e-05,3.3613048180392013e-06
2055-03-19,28.913888888888888,0.12493269884264635,0.124958169849829,0.12487802225426795,0.12493612205247037,2.547100718265638e-05,-5.4676588378405055e-05,3.423209824021667e-06
2055-03-26,28.933333333333334,0.1247571184178205,0.12478169785385873,0.12470094546003493,0.12476060220760966,2.4579436038230096e-05,-5.61729577855663e-05,3.483789789163194e-06
2055-04-02,28.95277777777778,0.12458178734429216,0.12460547508021148,0.12452411642399902,0.12458533037329461,2.368773591931994e-05,-5.7670920293143024e-05,3.5430290024479616e-06
2055-04-09,28.97222222222222,0.12440670525695875,0.12442950117692331,0.12434753480430172,0.12441030616870898,2.279591996455499e-05,-5.9170452657034134e-05,3.600911750223368e-06
2055-04-16,28.991666666666667,0.12423187179129278,0.1242537757925274,0.12417120025954949,0.12423552921360939,2.1904001234626658e-05,-6.0671531743286544e-05,3.6574223166163655e-06
2055-04-23,29.011111111111113,0.12405728658334116,0.12407829857605333,0.123995112448813,0.12406099912832466,2.1011992712177685e-05,-6.217413452815068e-05,3.7125449835057056e-06
2055-04-30,29.030555555555555,0.12388294926972404,0.1239030691770263,0.12381927103162649,0.12388671553375558,2.0119907302260098e-05,-6.367823809755313e-05,3.766264031535016e-06
2055-05-07,29.05,0.12370885948763378,0.12372808724546641,0.12364367566798744,0.12371267805137331,1.9227757832626646e-05,-6.518381964634723e-05,3.818563739529934e-06
2055-05-14,29.069444444444443,0.12353501687483394,0.12355335243188825,0.12346832601835558,0.12353888630321977,1.8335557054313667e-05,-6.669085647835471e-05,3.869428385830376e-06
2055-05-21,29.08888888888889,0.12336142106965828,0.12337886438729966,0.12329322174365247,0.12336533991190637,1.744331764137741e-05,-6.819932600581058e-05,3.918842248096244e-06
2055-05-28,29.108333333333334,0.12318807171100978,0.12320462276320147,0.12311836250526074,0.12319203850061346,1.6551052191698945e-05,-6.970920574903006e-05,3.96678960368213e-06
2055-06-04,29.127777777777776,0.1230149684383598,0.12303062721158681,0.12294374796502394,0.12301898169308982,1.5658773227011924e-05,-7.122047333585346e-05,4.013254730025895e-06
2055-06-11,29.147222222222222,0.12284211089174649,0.12285687738494012,0.12276937778524505,0.12284616911365193,1.4766493193638097e-05,-7.273310650143805e-05,4.058221905439696e-06
2055-06-18,29.166666666666668,0.12266949871177461,0.12268337293623666,0.12259525162868662,0.12267360038718317,1.3874224462043228e-05,-7.424708308799433e-05,4.1016754085548834e-06
2055-06-25,29.18611111111111,0.122497131539614,0.12251011351894178,0.12242136915857013,0.12250127513913348,1.298197932778078e-05,-7.576238104387012e-05,4.143599519473851e-06
2055-07-02,29.205555555555556,0.12232500901699858,0.12233709878701024,0.12224773003857468,0.12232919299551838,1.2089770011658452e-05,-7.727897842389753e-05,4.183978519797793e-06
2055-07-09,29.225,0.12215313078622562,0.12216432839488547,0.12207433393283718,0.1221573535829185,1.11976086598492e-05,-7.879685338844922e-05,4.222796692876507e-06
2055-07-16,29.244444444444444,0.12198149649015456,0.12199180199749894,0.12190118050595138,0.12198575652847908,1.0305507344376963e-05,-8.031598420318864e-05,4.260038324516158e-06
2055-07-23,29.26388888888889,0.1218101057722061,0.12181951925026942,0.12172826942296713,0.12181440145990886,9.413478063310943e-06,-8.183634923897287e-05,4.295687702757234e-06
2055-07-30,29.283333333333335,0.121638958276361,0.12164747980910227,0.12155560034939002,0.12164328800547977,8.521532741279092e-06,-8.335792697097832e-05,4.329729118776604e-06
2055-08-06,29.302777777777777,0.1214680536471596,0.12147568333038904,0.12138317295118069,0.1214724157940263,7.629683229440354e-06,-8.48806959789089e-05,4.362146866707106e-06
2055-08-13,29.322222222222223,0.1212973915297002,0.1213041294710061,0.12121098689475407,0.12130178445494473,6.737941305900996e-06,-8.64046349461356e-05,4.392925244525725e-06
2055-08-20,29.341666666666665,0.12112697156963857,0.12113281788831491,0.12103904184697915,0.12113139361819245,5.846318676339113e-06,-8.79297226594189e-05,4.422048553873181e-06
2055-08-27,29.36111111111111,0.1209567934131865,0.1209617482401603,0.12086733747517783,0.12096124291428731,4.954826973796456e-06,-8.945593800867291e-05,4.4495011008033325e-06
2055-09-03,29.380555555555556,0.12078685670711152,0.12079092018487075,0.12069587344712485,0.12079133197430711,4.063477759233547e-06,-9.098325998667389e-05,4.475267195588883e-06
2055-09-10,29.4,0.12061716109873512,0.12062033338125704,0.12052464943104678,0.12062166042988896,3.172282521918257e-06,-9.251166768833863e-05,4.499331153845487e-06
2055-09-17,29.419444444444444,0.12044770623593232,0.12044998748861181,0.1203536650956217,0.1204522279132282,2.2812526794951937e-06,-9.404114031061339e-05,4.521677295879489e-06
2055-09-24,29.43888888888889,0.1202784917671304,0.12027988216670886,0.12018292010997834,0.1202830340570784,1.3903995784575462e-06,-9.557165715205762e-05,4.5422899479924395e-06
2055-10-01,29.458333333333332,0.12010951734130827,0.12011001707580266,0.12001241414369569,0.12011407849475014,4.997344943830084e-07,-9.710319761258024e-05,4.561153441870469e-06
2055-10-08,29.477777777777778,0.119940782607995,0.11994039187662711,0.11984214686680232,0.11994536086011072,-3.907313678858104e-07,-9.863574119267637e-05,4.57825211572227e-06
2055-10-15,29.497222222222224,0.11977228721726935,0.11977100623039562,0.11967211794977571,0.11977688078758339,-1.2809868737279073e-06,-0.00010016926749363553,4.593570314043172e-06
2055-10-22,29.516666666666666,0.11960403081975843,0.11960185979879984,0.11950232706354184,0.11960863791214667,-2.17102095859123e-06,-0.00010170375621658401,4.607092388239642e-06
2055-10-29,29.53611111111111,0.11943601306663688,0.11943295224400922,0.1193327738794742,0.11944063186933361,-3.0608226276596096e-06,-0.00010323918716267921,4.618802696726432e-06
2055-11-05,29.555555555555557,0.11926823360962596,0.11926428322867039,0.11916345806939366,0.11927286229523139,-3.950380955575206e-06,-0.00010477554023230473,4.628685605426175e-06
2055-11-12,29.575,0.11910069210099265,0.1190958524159063,0.11899437930556764,0.11910532882648059,-4.839685086355239e-06,-0.00010631279542501482,4.636725487935922e-06
2055-11-19,29.594444444444445,0.1189333881935481,0.11892765946931572,0.1188255372607095,0.11893803110027416,-5.728724232378912e-06,-0.00010785093283859071,4.642906726068374e-06
2055-11-26,29.613888888888887,0.11876632154064781,0.1187597040529725,0.11865693160797793,0.11877096875435761,-6.617487675317224e-06,-0.00010938993266988717,4.647213709796372e-06
2055-12-03,29.633333333333333,0.11859949179618942,0.11859198583142486,0.1184885620209764,0.11860414142702731,-7.5059647645647765e-06,-0.0001109297752130145,4.649630837891272e-06
2055-12-10,29.65277777777778,0.1184328986146126,0.11842450446969477,0.11832042817375266,0.11843754875713061,-8.394144917836521e-06,-0.00011247044085994917,4.650142518006217e-06
2055-12-17,29.67222222222222,0.11826654165089781,0.11825725963327745,0.11815252974079785,0.11827119038406493,-9.282017620362848e-06,-0.00011401191009996481,4.6487331671202226e-06
2055-12-24,29.691666666666666,0.11810042056056534,0.11809025098814013,0.11798486639704638,0.11810506594777712,-1.0169572425208773e-05,-0.00011555416351896608,4.645387211774099e-06
2055-12-31,29.711111111111112,0.11793453499967431,0.11792347820072219,0.11781743781787479,0.11793917508876278,-1.1056798952122082e-05,-0.00011709718179951645,4.6400890884729096e-06
2056-01-07,29.730555555555554,0.11776888462482195,0.11775694093793385,0.11765024367910153,0.11777351744806579,-1.1943686888102323e-05,-0.00011864094572042183,4.632823243838624e-06
2056-01-14,29.75,0.11760346909314234,0.11759063886715579,0.11748328365698629,0.11760809266727716,-1.2830225986554256e-05,-0.0001201854361560506,4.623574134818287e-06
2056-01-21,29.769444444444446,0.11743828806230555,0.11742457165623843,0.11731655742822925,0.11744290038853514,-1.3716406067121323e-05,-0.0001217306340763058,4.612326229586072e-06
2056-01-28,29.788888888888888,0.11727334119051717,0.11725873897350127,0.11715006466997087,0.11727794025452397,-1.4602217015907692e-05,-0.000123276520546306,4.599064006793885e-06
2056-02-04,29.808333333333334,0.11710862813651644,0.11709314048773216,0.11698380505979077,0.1171132119084734,-1.548764878428477e-05,-0.0001248230767256775,4.583771956959137e-06
2056-02-11,29.82777777777778,0.11694414855957608,0.11692777586818688,0.11681777827570755,0.1169487149941581,-1.6372691389196503e-05,-0.00012637028386852656,4.566434582020662e-06
2056-02-18,29.84722222222222,0.11677990211950126,0.11676264478458816,0.11665198399617809,0.11678444915589696,-1.7257334913103883e-05,-0.00012791812332317576,4.547036395699533e-06
2056-02-25,29.866666666666667,0.11661588847662814,0.11659774690712517,0.11648642190009686,0.11662041403855254,-1.8141569502971855e-05,-0.0001294665765312758,4.5255619244011225e-06
2056-03-03,29.886111111111113,0.11645210729182348,0.11643308190645288,0.11632109166679554,0.11645660928753031,-1.9025385370602388e-05,-0.00013101562502794428,4.501995706826523e-06
2056-03-10,29.905555555555555,0.11628855822648364,0.11626864945369139,0.11615599297604216,0.1162930345487778,-1.99087727922459e-05,-0.00013256525044147427,4.476322294166835e-06
2056-03-17,29.925,0.11612524094253336,0.11610444922042523,0.11599112550804073,0.11612968946878464,-2.0791722108129407e-05,-0.00013411543449262653,4.4485262512827806e-06
2056-03-24,29.944444444444443,0.11596215510242511,0.11594048087870276,0.11582648894343067,0.11596657369458102,-2.167422372234551e-05,-0.00013566615899443524,4.41859215591367e-06
2056-03-31,29.96388888888889,0.11579930036913783,0.1157767441010355,0.115662082963286,0.11580368687373753,-2.2556268102325028e-05,-0.0001372174058518194,4.386504599704355e-06
2056-04-07,29.983333333333334,0.11563667640617654,0.11561323856039742,0.11549790724911495,0.11564102865436478,-2.343784577912844e-05,-0.00013876915706159676,4.352248188232988e-06
2056-04-14,30.002777777777776,0.11547428287757085,0.11544996393022434,0.11533396148285954,0.11547859868511211,-2.4318947346502195e-05,-0.00014032139471130411,4.315807541260819e-06
2056-04-21,30.022222222222222,0.11531211944787445,0.11528691988441334,0.11517024534689443,0.11531639661516739,-2.5199563461114627e-05,-0.00014187410098001618,4.277167292940365e-06
2056-04-28,30.041666666666668,0.11515018578216386,0.11512410609732189,0.11500675852402692,0.11515442209425612,-2.6079684841973094e-05,-0.0001434272581369439,4.236312092259498e-06
2056-05-05,30.06111111111111,0.1149884815460379,0.11496152224376763,0.11484350069749619,0.11499267477264115,-2.6959302270271324e-05,-0.000144980848541712,4.193226603249611e-06
2056-05-12,30.080555555555556,0.11482700640561629,0.11479916799902702,0.11468047155097252,0.1148311543011214,-2.7838406589264508e-05,-0.00014653485464376226,4.1478955051105215e-06
2056-05-19,30.1,0.11466576002753906,0.1146370430388355,0.11451767076855689,0.11466986033103198,-2.871698870356154e-05,-0.00014808925898217307,4.100303492918234e-06
2056-05-26,30.119444444444444,0.11450474207896578,0.11447514703938626,0.1143550980347806,0.11450879251424306,-2.959503957952747e-05,-0.00014964404418518762,4.050435277277997e-06
2056-06-02,30.13888888888889,0.11434395222757412,0.11431347967732981,0.1141927530346042,0.11434795050315917,-3.0472550244312058e-05,-0.00015119919296992246,3.998275585045952e-06
2056-06-09,30.158333333333335,0.11418339014155932,0.11415204062977327,0.1140306354534173,0.11418733395071885,-3.134951178604406e-05,-0.00015275468814202053,3.943809159537293e-06
2056-06-16,30.177777777777777,0.11402305548963337,0.11399082957427997,0.11386874497703801,0.11402694251039382,-3.2225915353401025e-05,-0.00015431051259535977,3.887020760443005e-06
2056-06-23,30.197222222222223,0.11386294794102386,0.11382984618886824,0.11370708129171211,0.11386677583618841,-3.3101752155623165e-05,-0.00015586664931174776,3.827895164551509e-06
2056-06-30,30.216666666666665,0.11370306716547306,0.11366909015201149,0.11354564408411258,0.11370683358263892,-3.397701346156967e-05,-0.00015742308136047767,3.7664171658596812e-06
2056-07-07,30.23611111111111,0.11354341283323713,0.11350856114263698,0.113384433041339,0.11354711540481273,-3.485169060014892e-05,-0.00015897979189813394,3.7025715756006106e-06
2056-07-14,30.255555555555556,0.11338398461508527,0.1133482588401255,0.11322344785091733,0.11338762095830816,-3.572577495976337e-05,-0.00016053676416794005,3.6363432228958548e-06
2056-07-21,30.275,0.1132247821822988,0.11318818292431061,0.11306268820079879,0.11322834989925329,-3.659925798818464e-05,-0.0001620939815000083,3.567716954491762e-06
2056-07-28,30.294444444444444,0.11306580520666994,0.11302833307547801,0.11290215377935958,0.11306930188430567,-3.747213119192905e-05,-0.00016365142731035454,3.496677635730916e-06
2056-08-04,30.31388888888889,0.11290705336050141,0.11286870897436492,0.11274184427540027,0.11291047657065155,-3.834438613649349e-05,-0.00016520908510114785,3.4232101501358025e-06
2056-08-11,30.333333333333332,0.1127485263166053,0.11270931030215946,0.11258175937814535,0.11275187361600517,-3.9216014445841996e-05,-0.0001667669384599474,3.3472993998667766e-06
2056-08-18,30.352777777777778,0.11259022374830208,0.11255013674049998,0.1124218987772423,0.11259349267860827,-4.0087007802100394e-05,-0.00016832497105977173,3.2689303061939068e-06
2056-08-25,30.372222222222224,0.1124321453294197,0.11239118797147442,0.11226226216276147,0.11243533341722933,-4.095735794527877e-05,-0.00016988316665822456,3.1880878096357534e-06
2056-09-01,30.391666666666666,0.11227429073429303,0.11223246367761973,0.11210284922519528,0.11227739549116288,-4.182705667329922e-05,-0.00017144150909774447,3.1047568698483463e-06
2056-09-08,30.41111111111111,0.11211665963776266,0.1120739635419211,0.11194365965545768,0.11211967856022913,-4.269609584155176e-05,-0.00017299998230498048,3.0189224664717296e-06
2056-09-15,30.430555555555557,0.11195925171517403,0.1119156872478116,0.11178469314488342,0.11196218228477292,-4.3564467362422477e-05,-0.00017455857029061161,2.9305695988940395e-06
2056-09-20,30.444444444444443,0.11184695394228229,0.11180276962276214,0.11167128203340078,0.11184981985247423,-4.418431952014912e-05,-0.00017567190888151396,2.8659101919403795e-06
