start_date,end_date,start_act360_years,true_forward_rate,log_linear_forward_rate,linear_continuous_zero_forward_rate,log_linear_error_bp,linear_continuous_zero_error_bp
2026-09-18,2026-10-16,0.0,0.07770182983167848,0.07764622337423413,0.07764622337423413,-0.55606457444346,-0.55606457444346
2026-09-25,2026-10-23,0.019444444444444445,0.07743959056296403,0.07756160098182363,0.07759765214800167,1.220104188596055,1.5806158503764434
2026-10-02,2026-10-30,0.03888888888888889,0.07718190844917443,0.07726542696811231,0.07738394091934506,0.8351851893788342,2.0203247017062944
2026-10-09,2026-11-06,0.058333333333333334,0.07692871734449801,0.07696925973608476,0.07710223605836397,0.40542391586753657,1.7351871386596385
2026-10-16,2026-11-13,0.07777777777777778,0.07667995204480693,0.076673099285584,0.07675254200778175,-0.06852759222936156,0.7258996297482279
2026-10-23,2026-11-20,0.09722222222222222,0.0764355482740082,0.07646156025852312,0.07638343076682969,0.2601198451492037,-0.5211750717851182
2026-10-30,2026-11-27,0.11666666666666667,0.07619544267059718,0.07621293864343912,0.07615236194167009,0.17495972841938268,-0.43080728927086254
2026-11-06,2026-12-04,0.1361111111111111,0.075959572774394,0.07596432180758926,0.0759294773417737,0.04749033195264318,-0.3009543262029457
2026-11-13,2026-12-11,0.15555555555555556,0.07572787701349107,0.07571570975087935,0.07571477654415602,-0.12167262611717522,-0.1310046933504505
2026-11-20,2026-12-18,0.175,0.07550029469139773,0.07546710247321801,0.07550825914136583,-0.3319221817971174,0.07964449968103637
2026-11-27,2026-12-25,0.19444444444444445,0.07527676597434457,0.07527602960199291,0.07528525696076713,-0.007363723516645715,0.08490986422554636
2026-12-04,2027-01-01,0.21388888888888888,0.0750572318788307,0.07483020388075261,0.07508776360204036,-2.2702799807809706,0.30531723209659134
2026-12-11,2027-01-08,0.23333333333333334,0.07484163425928772,0.07438439352868396,0.07489568332965847,-4.572407306037557,0.5404907037075135
2026-12-18,2027-01-15,0.25277777777777777,0.07462991579597812,0.07393859854525596,0.07470901590250861,-6.913172507221621,0.7910010653049138
2026-12-25,2027-01-22,0.2722222222222222,0.07442201998306189,0.07368386545473195,0.07451153134365983,-7.381545283299401,0.8951136059794085
2027-01-01,2027-01-29,0.2916666666666667,0.07421789111681168,0.07368386545472909,0.07429395616864604,-5.340256620825906,0.7606505183435641
2027-01-08,2027-02-05,0.3111111111111111,0.0740174742840335,0.07368386545472909,0.07407638465433543,-3.3360882930441593,0.5891037030192336
2027-01-15,2027-02-12,0.33055555555555555,0.07382071535064443,0.07368386545472909,0.07385881680066803,-1.3684989591533636,0.38101450023600436
2027-01-22,2027-02-19,0.35,0.07362756095042158,0.07368386545472909,0.0736412526075839,0.5630450430750555,0.13691657162320792
2027-01-29,2027-02-26,0.36944444444444446,0.0734379584739196,0.07368386545472909,0.07342369207501452,2.4590698080949327,-0.1426639890507453
2027-02-05,2027-03-05,0.3888888888888889,0.07325185605753935,0.07368386545472909,0.07320613520290564,4.320093971897365,-0.4572085463371012
2027-02-12,2027-03-12,0.4083333333333333,0.07306920257277653,0.07368386545473195,0.07298858199119161,6.1466288195541345,-0.8062058158492258
2027-02-19,2027-03-19,0.42777777777777776,0.07288994761560735,0.07368386545472909,0.07277103243980962,7.9391783912173555,-1.189151757977347
2027-02-26,2027-03-26,0.44722222222222224,0.07271404149605967,0.07336201012310838,0.0726143560785134,6.479686270487034,-0.9968541754627747
2027-03-05,2027-04-02,0.4666666666666667,0.07254143522790127,0.07279878256949518,0.07250953303511665,2.5734734159391093,-0.3190219278462192
2027-03-12,2027-04-09,0.4861111111111111,0.07237208051850225,0.07223557954897185,0.07241260122918337,-1.3650096953039814,0.4052071068112728
2027-03-19,2027-04-16,0.5055555555555555,0.07220592975886302,0.07167240106047634,0.0723235604832441,-5.335286983866733,1.1763072438109035
2027-03-26,2027-04-23,0.525,0.0720429360137336,0.07143104636065901,0.07218154285548062,-6.1188965307458485,1.3860684174701876
2027-04-02,2027-04-30,0.5444444444444444,0.0718830530119414,0.07143104636065901,0.07199556738624459,-4.5200665128238,1.1251437430319366
2027-04-09,2027-05-07,0.5638888888888889,0.07172623513682735,0.07143104636065901,0.07180959459208015,-2.9518877616833974,0.8335945525279886
2027-04-16,2027-05-14,0.5833333333333334,0.07157243741681649,0.07143104636065901,0.07162362447294734,-1.4139105615747216,0.5118705613085806
2027-04-23,2027-05-21,0.6027777777777777,0.07142161551615368,0.07143104636065901,0.0714376570288119,0.09430844505331493,0.1604151265821585
2027-04-30,2027-05-28,0.6222222222222222,0.07127372572575405,0.07143104636065901,0.071251692259631,1.573206349049644,-0.22033466123047574
2027-05-07,2027-06-04,0.6416666666666667,0.07112872495419285,0.07143104636065901,0.07106573016537038,3.0232140646616057,-0.6299478882247633
2027-05-14,2027-06-11,0.6611111111111111,0.07098657071883269,0.07143104636065901,0.07087977074598723,4.444756418263279,-1.067999728454616
2027-05-21,2027-06-18,0.6805555555555556,0.07084722113707333,0.07143104636065901,0.07069381400144728,5.838252235856878,-1.5340713562604635
2027-05-28,2027-06-25,0.7,0.07071063491774426,0.07124444995851789,0.07056660955676966,5.338150407736276,-1.440253609746034
2027-06-04,2027-07-02,0.7194444444444444,0.07057677135260018,0.07080906882670236,0.0705226346373181,2.322974741021805,-0.5413671528207986
2027-06-11,2027-07-09,0.7388888888888889,0.07044559030795325,0.07037370235694126,0.07048551396113664,-0.7188795101198409,0.39923653183393526
2027-06-18,2027-07-16,0.7583333333333333,0.07031705221645122,0.06993835054874355,0.07045524746918108,-3.78701667707676,1.3819525272985855
2027-06-25,2027-07-23,0.7777777777777778,0.07019111806892392,0.06968958466946752,0.0703730861007352,-5.01533399456397,1.819680318112804
2027-07-02,2027-07-30,0.7972222222222223,0.07006774940640106,0.06968958466946752,0.07021455242263862,-3.7816473693354222,1.4680301623755387
2027-07-09,2027-08-06,0.8166666666666667,0.06994690831221284,0.06968958466946752,0.07005602068868402,-2.5732364274531907,1.091123764711821
2027-07-16,2027-08-13,0.8361111111111111,0.06982855740422757,0.06968958466946752,0.0698974908988543,-1.3897273476004557,0.6893349462673559
2027-07-23,2027-08-20,0.8555555555555555,0.06971265982718926,0.06968958466946752,0.06973896305311232,-0.2307515772173585,0.26303225923063334
2027-07-30,2027-08-27,0.875,0.06959917924516651,0.06968958466946466,0.06958043715144381,0.904054242981539,-0.18742093722698416
2027-08-06,2027-09-03,0.8944444444444445,0.06948807983412701,0.06968958466946752,0.06942191319382023,2.0150483534051022,-0.6616664030678621
2027-08-13,2027-09-10,0.9138888888888889,0.06937932627460341,0.06968958466946752,0.06926339118021874,3.1025839486410742,-1.159350943846782
2027-08-20,2027-09-17,0.9333333333333333,0.06927288374447908,0.06968958466946752,0.06910487111061935,4.167009249884391,-1.6801263385973764
2027-08-27,2027-09-24,0.9527777777777777,0.06916871791186813,0.06951534306983317,0.06904233838296049,3.46625157965047,-1.2637952890763582
2027-09-03,2027-10-01,0.9722222222222222,0.06906679492812096,0.06890551596623265,0.06922792125848184,-1.6127896188830593,1.6112633036088897
2027-09-10,2027-10-08,0.9916666666666667,0.06896708142088981,0.06829571763179347,0.06942618453246586,-6.713637890963381,4.591031115760563
2027-09-17,2027-10-15,1.011111111111111,0.06886954448734851,0.06768594806515386,0.06963712878829448,-11.835964221946494,7.675843009459643
2027-09-24,2027-10-22,1.0305555555555554,0.06877415168747497,0.06725041598688586,0.06976476317143122,-15.237357005891127,9.906114839562525
2027-10-01,2027-10-29,1.05,0.06868087103743648,0.06725041598688586,0.06965694872014165,-14.304550505506164,9.760776827051759
2027-10-08,2027-11-05,1.0694444444444444,0.06858967100308343,0.06725041598688586,0.06954913516805565,-13.392550161975686,9.594641649722234
2027-10-15,2027-11-12,1.0888888888888888,0.06850052049353453,0.06725041598688586,0.06944132251517036,-12.501045066486693,9.408020216358365
2027-10-22,2027-11-19,1.1083333333333334,0.06841338885484755,0.06725041598688872,0.06933351076147723,-11.62972867958828,9.20121906629684
2027-10-29,2027-11-26,1.1277777777777778,0.06832824586378715,0.06725041598688586,0.06922569990696482,-10.7782987690129,8.974540431776756
2027-11-05,2027-12-03,1.1472222222222221,0.06824506172168691,0.06725041598688872,0.06911788995163029,-9.94645734798197,8.72828229943376
2027-11-12,2027-12-10,1.1666666666666667,0.06816380704839713,0.06725041598688872,0.06901008089546506,-9.13391061508409,8.462738470679382
2027-11-19,2027-12-17,1.1861111111111111,0.0680844528763266,0.06725041598688586,0.0689022727384606,-8.340368894407396,8.178198621340005
2027-11-26,2027-12-24,1.2055555555555555,0.06800697064455312,0.06725041598688872,0.0687944654806083,-7.565546576644016,7.874948360551831
2027-12-03,2027-12-31,1.225,0.06793133219304812,0.06725041598688586,0.06868665912190247,-6.809162061622576,7.553269288543552
2027-12-10,2028-01-07,1.2444444444444445,0.06785750975696114,0.06725041598688586,0.06857885366233456,-6.070937700752843,7.213439053734144
2027-12-17,2028-01-14,1.2638888888888888,0.06778547596099875,0.06725041598688586,0.0684710491019017,-5.35059974112892,6.8557314090295085
2027-12-24,2028-01-21,1.2833333333333334,0.06771520381388887,0.06725041598688586,0.06836324544058961,-4.647878270030159,6.4804162670073495
2027-12-31,2028-01-28,1.3027777777777778,0.0676466667029052,0.06725041598688586,0.06825544267839545,-3.962507160193418,6.0877597549025
2028-01-07,2028-02-04,1.3222222222222222,0.06757983838851146,0.06725041598688872,0.06814764081530779,-3.2942240162274485,5.678024267963266
2028-01-14,2028-02-11,1.3416666666666666,0.06751469299902572,0.06725041598688872,0.06803983985132092,-2.642770121370069,5.251468522951969
2028-01-21,2028-02-18,1.3611111111111112,0.06745120502542738,0.06725041598688586,0.067932039786432,-2.00789038541524,4.808347610046199
2028-01-28,2028-02-25,1.3805555555555555,0.06738934931618701,0.06725041598688586,0.06782424062062674,-1.3893332930114966,4.348913044397301
2028-02-04,2028-03-03,1.4,0.06732910107218754,0.06725041598688586,0.06771644235389943,-0.7868508530167739,3.873412817118893
2028-02-11,2028-03-10,1.4194444444444445,0.06727043584175117,0.06725041598688586,0.06760864498624436,-0.20019854865313547,3.3820914449318726
2028-02-18,2028-03-17,1.4388888888888889,0.06721332951567469,0.06725041598688872,0.06750084851765298,0.37086471214031747,2.875190019782925
2028-02-25,2028-03-24,1.4583333333333333,0.06715775832240478,0.06725041598688872,0.06739305294811958,0.9265766448393609,2.3529462571479645
2028-03-03,2028-03-31,1.4777777777777779,0.06710369882322192,0.06725041598688586,0.06728525827763271,1.4671716366393417,1.8155945441078458
2028-03-10,2028-04-07,1.4972222222222222,0.06705112790755267,0.06725041598688586,0.0671774645061867,1.992880793331847,1.2633659863402202
2028-03-17,2028-04-14,1.5166666666666666,0.06700002278830196,0.06725041598688872,0.06706967163377581,2.503931985867597,0.696488454738492
2028-03-24,2028-04-21,1.5361111111111112,0.06695036099727389,0.06725041598688586,0.0669618796603915,3.0005498961196975,0.11518663117604522
2028-03-31,2028-04-28,1.5555555555555556,0.06690212038066681,0.06725041598688872,0.06685408858602232,3.4829560622190447,-0.4803179464449303
2028-04-07,2028-05-05,1.575,0.06685527909461689,0.06725041598688586,0.0667462984106683,3.951368922689713,-1.0898068394858684
2028-04-14,2028-05-12,1.5944444444444446,0.06680981560081582,0.06725041598688586,0.06663850913431515,4.4060038607003635,-1.713064665006675
2028-04-21,2028-05-19,1.613888888888889,0.06676570866218867,0.06725041598688586,0.06653072075696002,4.847073246971867,-2.3498790522864796
2028-04-28,2028-05-26,1.6333333333333333,0.06672293733864004,0.06725041598688586,0.0664229332785972,5.27478648245816,-3.000040600428383
2028-05-05,2028-06-02,1.6527777777777777,0.06668148098284897,0.06725041598688586,0.06631514669921243,5.689350040368884,-3.6633428363654073
2028-05-12,2028-06-09,1.6722222222222223,0.06664131923614068,0.06725041598688872,0.06620736101879997,6.090967507480366,-4.3395821734071305
2028-05-19,2028-06-16,1.6916666666666667,0.0666024320244128,0.06725041598688872,0.06609957623735697,6.479839624759231,-5.028557870558198
2028-05-26,2028-06-23,1.711111111111111,0.06656479955410712,0.06725041598688872,0.06599179235486632,6.856164327816022,-5.730071992407909
2028-06-02,2028-06-30,1.7305555555555556,0.06652840230826129,0.06725041598688872,0.06588400937133373,7.2201367862742565,-6.443929369275569
2028-06-09,2028-07-07,1.75,0.066493221042612,0.06725041598688586,0.06577622728674205,7.571949442738562,-7.169937558699491
2028-06-16,2028-07-14,1.7694444444444444,0.06645923678172659,0.06725041598688586,0.06566844610108845,7.911792051592675,-7.907906806381426
2028-06-23,2028-07-21,1.788888888888889,0.06642643081524607,0.06725041598688586,0.06556066581436434,8.239851716397851,-8.657650008817297
2028-06-30,2028-07-28,1.8083333333333333,0.06639478469411676,0.06725041598688586,0.06545288642655546,8.556312927690962,-9.41898267561303
2028-07-07,2028-08-04,1.8277777777777777,0.06636428022694453,0.06725041598688586,0.06534510793766467,8.861357599413283,-10.191722892798627
2028-07-14,2028-08-11,1.8472222222222223,0.06633489947633496,0.06725041598688872,0.06523733034768053,9.155165105537572,-10.97569128654427
2028-07-21,2028-08-18,1.8666666666666667,0.06630662475534756,0.06725041598688586,0.0651295536565945,9.437912315383018,-11.77071098753063
2028-07-28,2028-08-25,1.886111111111111,0.0662794386239472,0.06725041598688586,0.06502177786440086,9.709773629386632,-12.576607595463363
2028-08-04,2028-09-01,1.9055555555555554,0.06625332388554973,0.06725041598688872,0.06491400297109104,9.97092101338984,-13.393209144586942
2028-08-11,2028-09-08,1.925,0.06622826358358758,0.06725041598688872,0.06480622897665647,10.22152403301141,-14.220346069311052
2028-08-18,2028-09-15,1.9444444444444444,0.06620424099814956,0.06725041598688872,0.06469845588109147,10.46174988739157,-15.05785117058095
2028-08-25,2028-09-22,1.9638888888888888,0.06618123964264072,0.06715799161106745,0.06479887386195347,9.767519684267256,-13.823657806872475
2028-09-01,2028-09-29,1.9833333333333334,0.06615924326052212,0.06683451150058099,0.06542870972691033,6.752682400588683,-7.305335336117991
2028-09-08,2028-10-06,2.0027777777777778,0.06613823582207047,0.06651103948642101,0.06607245710854581,3.7280366435053782,-0.6577871352465847
2028-09-15,2028-10-13,2.022222222222222,0.06611820152120362,0.0661875755683905,0.06673011808280219,0.6937404718687645,6.119165615985633
2028-09-22,2028-10-20,2.0416666666666665,0.06609912477233447,0.06595653486934948,0.06719346265798715,-1.4258990298499086,10.94337885652677
2028-09-29,2028-10-27,2.061111111111111,0.06608099020729341,0.06595653486935232,0.06714119742434045,-1.2445533794108732,10.602072170470406
2028-10-06,2028-11-03,2.0805555555555557,0.06606378267226796,0.06595653486935232,0.0670889324020504,-1.072478029156415,10.251497297824319
2028-10-13,2028-11-10,2.1,0.06604748722480513,0.06595653486935232,0.06703666759111698,-0.9095235545281133,9.89180366311848
2028-10-20,2028-11-17,2.1194444444444445,0.06603208913085666,0.06595653486935232,0.06698440299154022,-0.7555426150433753,9.523138606835623
2028-10-27,2028-11-24,2.138888888888889,0.06601757386185275,0.06595653486935232,0.06693213860331726,-0.6103899250042844,9.145647414645076
2028-11-03,2028-12-01,2.158333333333333,0.06600392709183872,0.06595653486935232,0.06687987442645094,-0.4739222248639763,8.75947334612215
2028-11-10,2028-12-08,2.1777777777777776,0.06599113469462292,0.06595653486935232,0.06682761046093555,-0.3459982527059813,8.364757663126277
2028-11-17,2028-12-15,2.1972222222222224,0.06597918274100469,0.06595653486935232,0.0667753467067711,-0.2264787165236204,7.961639657664138
2028-11-24,2028-12-22,2.216666666666667,0.06596805749600801,0.06595653486935232,0.06672308316396044,-0.11522626655685597,7.550256679524359
2028-12-01,2028-12-29,2.236111111111111,0.0659577454161751,0.06595653486935232,0.06667081983249787,-0.012105468227829874,7.13074416322762
2028-12-08,2029-01-05,2.2555555555555555,0.06594823314688858,0.06595653486935232,0.06661855671238907,0.08301722463743832,6.703235655004941
2028-12-15,2029-01-12,2.275,0.06593950751973063,0.06595653486935232,0.06656629380362553,0.17027349621695498,6.267862838948979
2028-12-22,2029-01-19,2.2944444444444443,0.0659315555499023,0.06595653486935232,0.06651403110621004,0.2497931945003029,5.824755563077488
2028-12-29,2029-01-26,2.313888888888889,0.06592436443363697,0.06595653486935232,0.06646176862014551,0.3217043571535072,5.374041865085361
2029-01-05,2029-02-02,2.3333333333333335,0.0659179215457081,0.06595653486934948,0.06640950634542334,0.3861332364138437,4.915847997152417
2029-01-12,2029-02-09,2.352777777777778,0.06591221443690826,0.06595653486935232,0.06635724428204925,0.44320432444067137,4.450298451409984
2029-01-19,2029-02-16,2.3722222222222222,0.06590723083162267,0.06595653486935232,0.06630498243001753,0.4930403772965275,3.977515983948632
2029-01-26,2029-02-23,2.3916666666666666,0.06590295862540245,0.06595653486934948,0.06625272078933106,0.5357624394702887,3.497621639286103
2029-02-02,2029-03-02,2.411111111111111,0.06589938588257516,0.06595653486935232,0.06620045935998695,0.5714898677716684,3.010734774117896
2029-02-09,2029-03-09,2.4305555555555554,0.06589650083392089,0.06595653486935232,0.06614819814198805,0.6003403543143604,2.516973080671642
2029-02-16,2029-03-16,2.45,0.06589429187431994,0.06595653486935232,0.06609593713532583,0.6224299503237996,2.0164526100588387
2029-02-23,2029-03-23,2.4694444444444446,0.06589274756051168,0.06595653486935232,0.06604367634000598,0.6378730884064321,1.5092877949429706
2029-03-02,2029-03-30,2.488888888888889,0.0658918566088164,0.06595653486935232,0.06599141575602564,0.6467826053592474,0.9955914720924386
2029-03-09,2029-04-06,2.5083333333333333,0.06589160789293137,0.06595653486935232,0.06593915538338196,0.6492697642095091,0.4754749045059181
2029-03-16,2029-04-13,2.5277777777777777,0.06589199044175542,0.06595653486935232,0.06588689522207782,0.6454442759690204,-0.050952196776060665
2029-03-23,2029-04-20,2.547222222222222,0.06589299343721068,0.06595653486935232,0.06583463527211032,0.6354143214164221,-0.5835816510035841
2029-03-30,2029-04-27,2.566666666666667,0.06589460621214142,0.06595653486935232,0.06578237553347949,0.6192865721089957,-1.1223067866193703
2029-04-06,2029-05-04,2.5861111111111112,0.06589681824821574,0.06595653486934948,0.06573011600618248,0.5971662113374299,-1.6670224203325923
2029-04-13,2029-05-11,2.6055555555555556,0.06589961917385288,0.06595653486934948,0.06567785669022211,0.5691569549659548,-2.2176248363077464
2029-04-20,2029-05-18,2.625,0.06590299876221918,0.06595653486935232,0.06562559758559271,0.535361071331425,-2.774011766264739
2029-04-27,2029-05-25,2.6444444444444444,0.06590694692917826,0.06595653486934948,0.0655733386922971,0.49587940171222367,-3.3360823688115273
2029-05-04,2029-06-01,2.6638888888888888,0.06591145373136113,0.06595653486935232,0.06552108001033531,0.4508113799119029,-3.903737210258218
2029-05-11,2029-06-08,2.683333333333333,0.06591650936419637,0.06595653486935232,0.06546882153970161,0.4002550515595782,-4.476878244947525
2029-05-18,2029-06-15,2.702777777777778,0.06592210415998588,0.06595653486935232,0.06541656328039888,0.34430709366442547,-5.055408795869992
2029-05-25,2029-06-22,2.7222222222222223,0.06592822858603503,0.06595653486935232,0.06536430523242423,0.28306283317292014,-5.639233536108012
2029-06-01,2029-06-29,2.7416666666666667,0.06593487324275987,0.06595653486935232,0.06531204739578055,0.21661626592450745,-6.228258469793274
2029-06-08,2029-07-06,2.761111111111111,0.06594202886187711,0.06595653486935232,0.06525978977046495,0.14506007475212357,-6.822390914121568
2029-06-15,2029-07-13,2.7805555555555554,0.06594968630457133,0.06595653486935232,0.06520753235647174,0.06848564780989608,-7.421539480995943
2029-06-22,2029-07-20,2.8,0.06595783655971069,0.06595653486935232,0.06515527515380663,-0.013016903583629169,-8.025614059040537
2029-06-29,2029-07-27,2.8194444444444446,0.06596647074209688,0.06595653486935232,0.06510301816246677,-0.0993587274455976,-8.634525796301084
2029-07-06,2029-08-03,2.838888888888889,0.06597558009072088,0.06595653486935232,0.0650507613824493,-0.19045221368557685,-9.24818708271588
2029-07-13,2029-08-10,2.8583333333333334,0.06598515596705846,0.06595653486934948,0.06499850481375706,-0.28621097708986243,-9.866511533014044
2029-07-20,2029-08-17,2.8777777777777778,0.06599518985337172,0.06595653486935232,0.06494624845638722,-0.38654984019392824,-10.489413969844986
2029-07-27,2029-08-24,2.897222222222222,0.06600567335105881,0.06595653486935232,0.0648939923103369,-0.4913848170648438,-11.116810407219013
2029-08-03,2029-08-31,2.9166666666666665,0.06601659817900396,0.06595653486935232,0.06484173637560899,-0.6006330965163675,-11.748618033949748
2029-08-10,2029-09-07,2.936111111111111,0.06602795617197296,0.06595653486935232,0.06478948065220345,-0.7142130262063895,-12.38475519769508
2029-08-17,2029-09-14,2.9555555555555557,0.06603973927901446,0.06595653486935232,0.0647372251401146,-0.8320440966214093,-13.025141388998684
2029-08-24,2029-09-21,2.975,0.0660519395618813,0.06597771956641177,0.06477412780793612,-0.7421999546952662,-12.778117539451738
2029-08-31,2029-09-28,2.9944444444444445,0.06606454919350016,0.06612601341821289,0.06535053613793394,0.6146422471273172,-7.140130555662178
2029-09-07,2029-10-05,3.013888888888889,0.0660775604564301,0.06627430897169566,0.06593492131108063,1.9674851526556292,-1.4263914534946853
2029-09-14,2029-10-12,3.033333333333333,0.06609096574136647,0.06642260622688578,0.06652728440722955,3.3164048551931335,4.36318665863078
2029-09-21,2029-10-19,3.0527777777777776,0.06610475754565368,0.06654971951433591,0.06703845231386087,4.449619686822393,9.33694768207191
2029-09-28,2029-10-26,3.0722222222222224,0.06611892847182618,0.06654971951433307,0.06701799486835755,4.307910425068867,8.990663965313672
2029-10-05,2029-11-02,3.091666666666667,0.06613347122616409,0.06654971951433591,0.06699753745523404,4.162482881718277,8.640662290699542
2029-10-12,2029-11-09,3.111111111111111,0.0661483786172799,0.06654971951433591,0.0669770800744932,4.013408970560128,8.28701457213296
2029-10-19,2029-11-16,3.1305555555555555,0.06616364355469972,0.06654971951433591,0.06695662272613216,3.8607595963618957,7.929791714324369
2029-10-26,2029-11-23,3.15,0.06617925904750425,0.06654971951433591,0.06693616541015666,3.7046046683165965,7.569063626524097
2029-11-02,2029-11-30,3.1694444444444443,0.06619521820295571,0.06654971951433591,0.06691570812656097,3.5450131138020646,7.204899236052665
2029-11-09,2029-12-07,3.188888888888889,0.06621151422514737,0.06654971951433591,0.06689525087534223,3.382052891885423,6.837366501948605
2029-11-16,2029-12-14,3.2083333333333335,0.06622814041370471,0.06654971951433591,0.06687479365650903,3.215791006312002,6.466532428043154
2029-11-23,2029-12-21,3.227777777777778,0.06624509016245497,0.06654971951433307,0.06685433647005562,3.046293518780968,6.092463076006471
2029-11-30,2029-12-28,3.2472222222222222,0.06626235695815394,0.06654971951433591,0.06683387931598489,2.873625561819748,5.715223578309503
2029-12-07,2030-01-04,3.2666666666666666,0.06627993437922118,0.06654971951433591,0.06681342219429684,2.6978513511473343,5.334878150756589
2029-12-14,2030-01-11,3.286111111111111,0.06629781609447827,0.06654971951433307,0.06679296510498858,2.519034198548015,4.951490105103151
2029-12-21,2030-01-18,3.3055555555555554,0.066315995861924,0.06654971951433591,0.06677250804805729,2.337236524119213,4.565121861332955
2029-12-28,2030-01-25,3.325,0.06633446752752109,0.06654971951433591,0.06675205102351438,2.1525198681482394,4.175834959932873
2030-01-04,2030-02-01,3.3444444444444446,0.06635322502399715,0.06654971951433591,0.06673159403134557,1.964944903387611,3.7836900734841694
2030-01-11,2030-02-08,3.363888888888889,0.06637226236965134,0.06654971951433591,0.06671113707156515,1.7745714468457574,3.3887470191380773
2030-01-18,2030-02-15,3.3833333333333333,0.06639157366720669,0.06654971951433591,0.06669068014416167,1.581458471292263,2.991064769549828
2030-01-25,2030-02-22,3.4027777777777777,0.06641115310265677,0.06654971951433591,0.06667022324913516,1.3856641167914185,2.590701464783851
2030-02-01,2030-03-01,3.422222222222222,0.06643099494412663,0.06654971951433591,0.06664976638649701,1.1872457020928318,2.187714423703829
2030-02-08,2030-03-08,3.441666666666667,0.06645109354077075,0.06654971951433591,0.06662930955623297,0.98625973565164,1.7821601546222365
2030-02-15,2030-03-15,3.4611111111111112,0.06647144332165686,0.06654971951433591,0.06660885275835161,0.7827619267905539,1.374094366947548
2030-02-22,2030-03-22,3.4805555555555556,0.06649203879468958,0.06654971951433591,0.06658839599285576,0.5768071964633303,0.9635719816618316
2030-03-01,2030-03-29,3.5,0.0665128745455428,0.06654971951433591,0.06656793925973689,0.3684496879310939,0.5506471419408632
2030-03-08,2030-04-05,3.5194444444444444,0.06653394523660047,0.06654971951433591,0.06654748255899781,0.15774277735441933,0.13537322397338958
2030-03-15,2030-04-12,3.5388888888888888,0.06655524560591454,0.06654971951433591,0.06652702589064141,-0.055260915786253806,-0.2821971527312839
2030-03-22,2030-04-19,3.558333333333333,0.06657677046619158,0.06654971951433307,0.06650656925466196,-0.27050951858509364,-0.7020121152961911
2030-03-29,2030-04-26,3.577777777777778,0.06659851470376209,0.06654971951433591,0.06648611265106519,-0.48795189426173446,-1.1240205269689996
2030-04-05,2030-05-03,3.5972222222222223,0.06662047327760418,0.06654971951433307,0.06646565607984536,-0.7075376327110583,-1.5481719775881086
2030-04-12,2030-05-10,3.6166666666666667,0.06664264121834723,0.06654971951433307,0.06644519954101107,-0.9292170401416222,-1.974416773361659
2030-04-19,2030-05-17,3.636111111111111,0.0666650136273098,0.06654971951433591,0.06642474303455659,-1.1529411297388215,-2.402705927532084
2030-04-26,2030-05-24,3.6555555555555554,0.06668758567554317,0.06654971951433591,0.06640428656047906,-1.3786616120725625,-2.8329911506411176
2030-05-03,2030-05-31,3.675,0.0667103526028837,0.06654971951433591,0.06638383011878705,-1.6063308854778746,-3.265224840966474
2030-05-10,2030-06-07,3.6944444444444446,0.06673330971703052,0.06654971951433591,0.06636337370946915,-1.8359020269460846,-3.6993600756136944
2030-05-17,2030-06-14,3.713888888888889,0.06675645239262355,0.06654971951433591,0.06634291733253393,-2.067328782876382,-4.135350600896204
2030-05-24,2030-06-21,3.7333333333333334,0.06677977607035272,0.06654971951433591,0.0663224609879785,-2.3005655601680832,-4.573150823742184
2030-05-31,2030-06-28,3.7527777777777778,0.06680327625604443,0.06654971951433591,0.06630200467580291,-2.5355674170851605,-5.01271580241519
2030-06-07,2030-07-05,3.772222222222222,0.06682694851981077,0.06654971951433591,0.06628154839600711,-2.772290054748605,-5.454001238036632
2030-06-14,2030-07-12,3.7916666666666665,0.0668507884951646,0.06654971951433591,0.06626109214859399,-3.010689808286837,-5.896963465706062
2030-06-21,2030-07-19,3.811111111111111,0.06687479187816298,0.06654971951433591,0.06624063593355782,-3.250723638270614,-6.341559446051553
2030-06-28,2030-07-26,3.8305555555555557,0.06689895442659363,0.06654971951433307,0.06622017975090147,-3.492349122605626,-6.78774675692162
2030-07-05,2030-08-02,3.85,0.06692327195910412,0.06654971951433307,0.06619972360062493,-3.7355244477105254,-7.235483584791952
2030-07-12,2030-08-09,3.8694444444444445,0.06694774035441402,0.06654971951433591,0.0661792674827282,-3.9802084007810326,-7.68472871685813
2030-07-19,2030-08-16,3.888888888888889,0.06697235555049831,0.06654971951433591,0.06615881139721129,-4.226360361623965,-8.135441532870214
2030-07-26,2030-08-23,3.908333333333333,0.06699711354378524,0.06654971951433591,0.06613835534407134,-4.473940294493217,-8.587581997138994
2030-08-02,2030-08-30,3.9277777777777776,0.06702201038837975,0.06654971951433591,0.06611789932331405,-4.722908740438375,-9.04111065065702
2030-08-09,2030-09-06,3.9472222222222224,0.06704704219527846,0.06654971951433591,0.06609744333493658,-4.973226809425468,-9.49598860341877
2030-08-16,2030-09-13,3.966666666666667,0.06707220513162161,0.06654971951433591,0.06607698737893891,-5.2248561728569785,-9.952177526827006
2030-08-23,2030-09-20,3.986111111111111,0.06709749541993373,0.06654971951433591,0.06605653145531822,-5.4777590559781935,-10.409639646155183
2030-08-30,2030-09-27,4.0055555555555555,0.06712290933737279,0.06687261179532301,0.06651073445393602,-2.502975420497766,-6.121748834367752
2030-09-06,2030-10-04,4.025,0.06714844321501078,0.06719551214361978,0.06696947421966724,0.47068928609006466,-1.789689953435314
2030-09-13,2030-10-11,4.044444444444444,0.06717409343710282,0.06751842055942893,0.06743275123448919,3.4432712232611298,2.586577973863746
2030-09-20,2030-10-18,4.063888888888889,0.0671998564403764,0.06784133704295028,0.0679005659851525,6.414806025738795,7.00709544776093
2030-09-27,2030-10-25,4.083333333333333,0.06722572871333471,0.06784133704295028,0.06789819167917496,6.156083296155746,6.724629658402536
2030-10-04,2030-11-01,4.102777777777778,0.06725170679556294,0.06784133704295028,0.06789581737363136,5.896302473873405,6.4411057806841585
2030-10-11,2030-11-08,4.122222222222222,0.06727778727704312,0.06784133704295314,0.0678934430685274,5.635497659100263,6.156557914842875
2030-10-18,2030-11-15,4.141666666666667,0.06730396679747175,0.06784133704294742,0.06789106876385739,5.373702454756768,5.871019663856448
2030-10-25,2030-11-22,4.161111111111111,0.06733024204562042,0.06784133704295028,0.06788869445962131,5.110949973298612,5.5845241400089005
2030-11-01,2030-11-29,4.180555555555555,0.06735660975865056,0.06784133704295028,0.06788632015582488,4.847272842997269,5.297103971743239
2030-11-08,2030-12-06,4.2,0.06738306672148539,0.06784133704294742,0.06788394585245953,4.582703214620343,5.008791309741439
2030-11-15,2030-12-13,4.219444444444444,0.06740960976618471,0.06784133704295028,0.0678815715495367,4.317272767655755,4.719617833519873
2030-11-22,2030-12-20,4.238888888888889,0.06743623577127687,0.06784133704295028,0.0678791972470478,4.0510127167341095,4.429614757709283
2030-11-29,2030-12-27,4.258333333333334,0.06746294166118494,0.06784133704295028,0.06787682294499284,3.7839538176534515,4.138812838078987
2030-12-06,2031-01-03,4.277777777777778,0.0674897244055872,0.06784133704295028,0.06787444864338037,3.5161263736308013,3.8472423779316314
2030-12-13,2031-01-10,4.2972222222222225,0.06751658101881766,0.06784133704295028,0.06787207434219328,3.2475602413262195,3.5549332337561634
2030-12-20,2031-01-17,4.316666666666666,0.06754350855928079,0.06784133704295028,0.06786970004145156,2.9782848366949333,3.2619148217076512
2030-12-27,2031-01-24,4.336111111111111,0.06757050412886338,0.06784133704295028,0.0678673257411409,2.7083291408690204,2.96821612277523
2031-01-03,2031-01-31,4.355555555555555,0.06759756487234084,0.06784133704295028,0.06786495144126706,2.4377217060944645,2.6738656892622004
2031-01-10,2031-02-07,4.375,0.06762468797683178,0.06784133704294742,0.06786257714183572,2.1664906611564003,2.3788916500393222
2031-01-17,2031-02-14,4.394444444444445,0.06765187067122433,0.06784133704294742,0.06786020284283259,1.89466371723096,2.083321716082609
2031-01-24,2031-02-21,4.413888888888889,0.06767911022560215,0.06784133704295028,0.06785782854426912,1.6222681734813504,1.7871831866697607
2031-01-31,2031-02-28,4.433333333333334,0.067706403950745,0.06784133704295028,0.06785545424614245,1.3493309220528882,1.490502953974543
2031-02-07,2031-03-07,4.4527777777777775,0.06773374919752621,0.06784133704295028,0.0678530799484497,1.075878454240703,1.1933075092349088
2031-02-14,2031-03-14,4.472222222222222,0.06776114335644179,0.06784133704295028,0.06785070565119376,0.8019368650849512,0.8956229475197419
2031-02-21,2031-03-21,4.491666666666666,0.06778858385703927,0.06784133704295028,0.06784833135437461,0.5275318591101141,0.5974749733533846
2031-02-28,2031-03-28,4.511111111111111,0.06781606816741542,0.06784133704295028,0.06784595705799225,0.2526887553486179,0.2988889057682631
2031-03-07,2031-04-04,4.530555555555556,0.06784359379373367,0.06784133704295028,0.06784358276204669,-0.022567507833859413,-0.00011031686980578215
2031-03-14,2031-04-11,4.55,0.06787115827965888,0.06784133704295028,0.06784120846653506,-0.2982123670859649,-0.29949813123819613
2031-03-21,2031-04-18,4.569444444444445,0.0678987592059234,0.06784133704295028,0.06783883417146022,-0.5742216297312253,-0.5992503446318465
2031-03-28,2031-04-25,4.588888888888889,0.06792639418979324,0.06784133704295028,0.06783645987682219,-0.8505714684295396,-0.899343129710517
2031-04-04,2031-05-02,4.608333333333333,0.06795406088460837,0.06784133704295028,0.06783408558261522,-1.1272384165808558,-1.199753019931471
2031-04-11,2031-05-09,4.627777777777778,0.06798175697929176,0.06784133704295028,0.06783171128885078,-1.4041993634147931,-1.500456904409836
2031-04-18,2031-05-16,4.647222222222222,0.06800948019788683,0.06784133704295028,0.06782933699552027,-1.681431549365453,-1.8014320236656167
2031-04-25,2031-05-23,4.666666666666667,0.06803722829909788,0.06784133704294742,0.06782696270262654,-1.9589125615045166,-2.102655964713318
2031-05-02,2031-05-30,4.686111111111111,0.06806499907581896,0.06784133704295028,0.06782458841016961,-2.2366203286867945,-2.404106656493515
2031-05-09,2031-06-06,4.705555555555556,0.06809279035468574,0.06784133704295028,0.06782221411814662,-2.514533117354556,-2.705762365391162
2031-05-16,2031-06-13,4.725,0.06812059999565007,0.06784133704295028,0.06781983982656328,-2.792629526997825,-3.007601690867834
2031-05-23,2031-06-20,4.7444444444444445,0.06814842589150327,0.06784133704295028,0.06781746553541103,-3.070888485529888,-3.309603560922442
2031-05-30,2031-06-27,4.763888888888889,0.06817626596747355,0.06784133704295028,0.06781509124469842,-3.349289245232617,-3.6117472277512332
2031-06-06,2031-07-04,4.783333333333333,0.06820411818078924,0.06784133704294742,0.0678127169544226,-3.627811378418139,-3.9140122636663333
2031-06-13,2031-07-11,4.802777777777778,0.06823198052025342,0.06784133704295028,0.06781034266458073,-3.9064347730313753,-4.2163785567268794
2031-06-20,2031-07-18,4.822222222222222,0.06825985100582997,0.06784133704295028,0.0678079683751785,-4.18513962879688,-4.518826306514762
2031-06-27,2031-07-25,4.841666666666667,0.06828772768822956,0.06784133704295028,0.06780559408620736,-4.463906452792793,-4.821336020222056
2031-07-04,2031-08-01,4.861111111111111,0.06831560864851863,0.06784133704295028,0.06780321979767587,-4.742716055683438,-5.123888508427599
2031-07-11,2031-08-08,4.8805555555555555,0.0683434919977025,0.06784133704295028,0.06780084550958115,-5.021549547522125,-5.426464881213428
2031-07-18,2031-08-15,4.9,0.06837137587633713,0.06784133704295028,0.0677984712219204,-5.300388333868423,-5.729046544167282
2031-07-25,2031-08-22,4.919444444444444,0.06839925845414088,0.06784133704294742,0.06779609693469357,-5.579214111934572,-6.031615194473094
2031-08-01,2031-08-29,4.938888888888889,0.06842713792962053,0.06784133704295028,0.0677937226479064,-5.858008866702486,-6.334152817141364
2031-08-08,2031-09-05,4.958333333333333,0.0684550125296744,0.06784133704295028,0.06779134836155601,-6.136754867241134,-6.636641681183885
2031-08-15,2031-09-12,4.977777777777778,0.06848288050922983,0.06784133704294742,0.06778897407563957,-6.415434662824099,-6.939064335902689
2031-08-22,2031-09-19,4.997222222222222,0.06851074015087491,0.06784133704295314,0.06778659979015991,-6.694031079217677,-7.2414036071499766
2031-08-29,2031-09-26,5.016666666666667,0.06853858976449015,0.0681381197553188,0.0680171017428848,-4.004700091713442,-5.21488021605343
2031-09-05,2031-10-03,5.036111111111111,0.0685664276869031,0.06865750589994882,0.06842471526362415,0.910782130457144,-1.4171242327895572
2031-09-12,2031-10-10,5.055555555555555,0.06859425228151432,0.069176912915461,0.06883545280577362,5.8266063394668555,2.412005242592996
2031-09-19,2031-10-17,5.075,0.06862206193796055,0.0696963408026804,0.06924931466632422,10.742788647198493,6.272527283636697
2031-09-26,2031-10-24,5.094444444444444,0.06864985507176925,0.06991895914385886,0.06943339519268335,12.691040720896051,7.835401209140974
2031-10-03,2031-10-31,5.113888888888889,0.06867763012402454,0.06991895914385886,0.06944346585292051,12.413290198343141,7.658357288959639
2031-10-10,2031-11-07,5.133333333333334,0.06870538556100758,0.06991895914385601,0.06945353652100567,12.135735828484318,7.48150959998084
2031-10-17,2031-11-14,5.152777777777778,0.06873311987391384,0.06991895914385886,0.06946360719693313,11.858392699450187,7.304873230192937
2031-10-24,2031-11-21,5.1722222222222225,0.06876083157846491,0.06991895914386172,0.0694736778807086,11.581275653968076,7.1284630224369145
2031-10-31,2031-11-28,5.191666666666666,0.06878851921464296,0.06991895914385886,0.06948374857232922,11.304399292158957,6.952293576862612
2031-11-07,2031-12-05,5.211111111111111,0.06881618134632822,0.06991895914385886,0.069493819271795,11.02777797530638,6.776379254667813
2031-11-14,2031-12-12,5.230555555555555,0.068843816561022,0.06991895914385886,0.06950388997910878,10.751425828368632,6.600734180867845
2031-11-21,2031-12-19,5.25,0.06887142346951267,0.06991895914385886,0.06951396069426487,10.475356743461923,6.425372247522016
2031-11-28,2031-12-26,5.269444444444445,0.0688990007055788,0.06991895914386172,0.06952403141727181,10.199584382829114,6.250307116930087
2031-12-05,2032-01-02,5.288888888888889,0.06892654692569801,0.06991895914385601,0.0695341021481182,9.924122181580037,6.075552224201891
2031-12-12,2032-01-09,5.308333333333334,0.06895406080872421,0.06991895914385886,0.0695441728868183,9.64898335134648,5.901120780940905
2031-12-19,2032-01-16,5.3277777777777775,0.06898154105562224,0.06991895914385886,0.06955424363336071,9.374180882366218,5.727025777384764
2031-12-26,2032-01-23,5.347222222222222,0.06900898638915948,0.06991895914385886,0.06956431438774541,9.099727546993813,5.553279985859305
2032-01-02,2032-01-30,5.366666666666666,0.06903639555363471,0.06991895914386172,0.06957438514997813,8.82563590227009,5.379895963434217
2032-01-09,2032-02-06,5.386111111111111,0.06906376731458108,0.06991895914385886,0.069584455920056,8.551918292777765,5.206886054749116
2032-01-16,2032-02-13,5.405555555555556,0.06909110045850074,0.06991895914385886,0.069594526697979,8.278586853581182,5.034262394782579
2032-01-23,2032-02-20,5.425,0.06911839379258497,0.06991895914385886,0.06960459748375003,8.005653512738881,4.862036911650602
2032-01-30,2032-02-27,5.444444444444445,0.069145646144443,0.06991895914385886,0.0696146682773662,7.7331299941585385,4.690221329231997
2032-02-06,2032-03-05,5.463888888888889,0.06917285636183942,0.06991895914385886,0.06962473907882753,7.461027820194338,4.518827169881084
2032-02-13,2032-03-12,5.483333333333333,0.06920002331242284,0.06991895914385886,0.06963480988813688,7.189358314360211,4.347865757140385
2032-02-20,2032-03-19,5.502777777777778,0.06922714588347478,0.06991895914385886,0.06964488070528851,6.918132603840749,4.177348218137311
2032-02-27,2032-03-26,5.522222222222222,0.06925422298163841,0.06991895914385886,0.06965495153028815,6.647361622204445,4.0072854864973975
2032-03-05,2032-04-02,5.541666666666667,0.06928125353269016,0.06991895914385886,0.0696650223631358,6.377056111687013,3.837688304456494
2032-03-12,2032-04-09,5.561111111111111,0.06930823648126566,0.06991895914385886,0.06967509320382576,6.1072266259319665,3.6685672256009383
2032-03-19,2032-04-16,5.580555555555556,0.06933517079062566,0.06991895914385886,0.06968516405236086,5.8378835323319445,3.4999326173519583
2032-03-26,2032-04-23,5.6,0.0693620554424019,0.06991895914385886,0.06969523490874684,5.569037014569594,3.3317946634493776
2032-04-02,2032-04-30,5.6194444444444445,0.06938888943636876,0.06991895914385886,0.06970530577297224,5.300697074901023,3.164163366034811
2032-04-09,2032-05-07,5.638888888888889,0.06941567179020915,0.06991895914385886,0.06971537664504567,5.032873536497117,2.9970485483651887
2032-04-16,2032-05-14,5.658333333333333,0.06944240153924902,0.06991895914385886,0.0697254475249671,4.765576046098369,2.8304598571807227
2032-04-23,2032-05-21,5.677777777777778,0.06946907773627752,0.06991895914385886,0.06973551841273082,4.498814075813429,2.6644067645330285
2032-04-30,2032-05-28,5.697222222222222,0.06949569945127568,0.06991895914385886,0.0697455893083454,4.232596925831805,2.498898570697239
2032-05-07,2032-06-04,5.716666666666667,0.0695222657711996,0.06991895914385886,0.06975566021180228,3.9669337265925417,2.333944406026772
2032-05-14,2032-06-11,5.736111111111111,0.06954877579978908,0.06991895914385886,0.06976573112310717,3.7018334406978273,2.1695532331809932
2032-05-21,2032-06-18,5.7555555555555555,0.06957522865730212,0.06991895914385886,0.06977580204225722,3.4373048655673974,2.00573384955105
2032-05-28,2032-06-25,5.775,0.0696016234803322,0.06991895914385601,0.06978587296925243,3.173356635238073,1.842494889202212
2032-06-04,2032-07-02,5.794444444444444,0.06962795942158,0.06991895914385886,0.06979594390409563,2.9099972227886184,1.6798448251563458
2032-06-11,2032-07-09,5.813888888888889,0.06965423564965338,0.06991895914386172,0.06980601484678114,2.647234942083354,1.5177919712776322
2032-06-18,2032-07-16,5.833333333333333,0.06968045134884772,0.06991895914386172,0.06981608579731466,2.38507795013998,1.3563444846693973
2032-06-25,2032-07-23,5.852777777777778,0.0697066057189374,0.06991895914386172,0.06982615675569331,2.123534249243164,1.1955103675591328
2032-07-02,2032-07-30,5.872222222222222,0.06973269797499317,0.06991895914385886,0.06983622772192,1.8626116886569233,1.0352974692683092
2032-07-09,2032-08-06,5.891666666666667,0.06975872734716512,0.06991895914385886,0.06984629869599182,1.6023179669373555,0.8757134882669826
2032-07-16,2032-08-13,5.911111111111111,0.06978469308049144,0.06991895914385886,0.0698563696779088,1.3426606336741642,0.7167659741735832
2032-07-23,2032-08-20,5.930555555555555,0.06981059443470145,0.06991895914385886,0.0698664406676738,1.0836470915741303,0.5584623297234803
2032-07-30,2032-08-27,5.95,0.06983643068401856,0.06991895914385886,0.06987651166528108,0.825284598403031,0.4008098126252746
2032-08-06,2032-09-03,5.969444444444444,0.06986220111698899,0.06991895914385886,0.06988658267073637,0.5675802686987141,0.24381553747385154
2032-08-13,2032-09-10,5.988888888888889,0.06988790503626488,0.06991895914385886,0.06989665368403683,0.31054107593977975,0.08748647771950058
2032-08-20,2032-09-17,6.008333333333334,0.06991354175844716,0.06991895914385886,0.06990672470518527,0.054173854116962294,-0.06817053261887196
2032-08-27,2032-09-24,6.027777777777778,0.06993911061388866,0.06991895914385886,0.06991679573417603,-0.20151470029802776,-0.22314879712631575
2032-09-03,2032-10-01,6.0472222222222225,0.0699646109465113,0.06991895914385886,0.0699268667710148,-0.4565180265243829,-0.37744175496498555
2032-09-10,2032-10-08,6.066666666666666,0.06999004211363774,0.06991895914385886,0.06993693781570443,-0.7108296977888229,-0.5310429793331517
2032-09-17,2032-10-15,6.086111111111111,0.07001540348581438,0.06991895914385886,0.06994700886823349,-0.9644434195552054,-0.6839461758088861
2032-09-24,2032-10-22,6.105555555555555,0.07004069444662285,0.06991895914385886,0.06995707992861057,-1.2173530276399225,-0.8361451801228159
2032-10-01,2032-10-29,6.125,0.07006591439253164,0.06991895914385886,0.0699671509968328,-1.4695524867278098,-0.9876339569883652
2032-10-08,2032-11-05,6.144444444444445,0.07009106273271337,0.06991895914385601,0.06997722207290018,-1.7210358885735855,-1.1384065981319413
2032-10-15,2032-11-12,6.163888888888889,0.07011613888887348,0.06991895914386172,0.06998729315681557,-1.9717974501176627,-1.2884573205791672
2032-10-22,2032-11-19,6.183333333333334,0.07014114229510181,0.06991895914385886,0.06999736424857897,-2.221831512429495,-1.4377804652283832
2032-10-29,2032-11-26,6.2027777777777775,0.07016607239769838,0.06991895914385886,0.07000743534818467,-2.47113253839526,-1.586370495137157
2032-11-05,2032-12-03,6.222222222222222,0.07019092865500223,0.06991895914385886,0.07001750645563837,-2.7196951114337455,-1.7342219936386516
2032-11-12,2032-12-10,6.241666666666666,0.07021571053727424,0.06991895914385886,0.07002757757094008,-2.967513934153815,-1.881329663341591
2032-11-19,2032-12-17,6.261111111111111,0.07024041752648305,0.06991895914385886,0.07003764869408695,-3.2145838262419293,-2.0276883239610246
2032-11-26,2032-12-24,6.280555555555556,0.07026504911619094,0.06991895914385886,0.07004771982507611,-3.4608997233208374,-2.1732929111482893
2032-12-03,2032-12-31,6.3,0.07028960481139958,0.06991895914385886,0.07005779096391329,-3.7064566754071993,-2.3181384748628684
2032-12-10,2033-01-07,6.319444444444445,0.07031408412836448,0.06991895914385886,0.07006786211059561,-3.9512498450562648,-2.4622201776887396
2032-12-17,2033-01-14,6.338888888888889,0.07033848659450083,0.06991895914385886,0.07007793326512594,-4.195274506419711,-2.605533293748852
2032-12-24,2033-01-21,6.358333333333333,0.07036281174818645,0.06991895914385886,0.07008800442750143,-4.438526043275965,-2.748073206850221
2032-12-31,2033-01-28,6.377777777777778,0.07038705913865334,0.06991895914386172,0.07009807559772208,-4.680999947916237,-2.8898354093126466
2033-01-07,2033-02-04,6.397222222222222,0.07041122832581641,0.06991895914385886,0.07010814677579358,-4.922691819575498,-3.0308155002282957
2033-01-14,2033-02-11,6.416666666666667,0.07043531888015066,0.06991895914385886,0.07011821796170452,-5.163597362917994,-3.171009184461393
2033-01-21,2033-02-18,6.436111111111111,0.07045933038254848,0.06991895914386172,0.07012828915546919,-5.4037123868676264,-3.3104122707929005
2033-01-28,2033-02-25,6.455555555555556,0.07048326242416834,0.06991895914385886,0.0701383603570733,-5.643032803094861,-3.4490206709504587
2033-02-04,2033-03-04,6.475,0.0705071146063263,0.06991895914385886,0.07014843156652541,-5.881554624674462,-3.5868303980089724
2033-02-11,2033-03-11,6.4944444444444445,0.07053088654033043,0.06991895914385886,0.07015850278382553,-6.11927396471576,-3.7238375650490427
2033-02-18,2033-03-18,6.513888888888889,0.07055457784737801,0.06991895914385886,0.07016857400897081,-6.3561870351915015,-3.8600383840720065
2033-02-25,2033-03-25,6.533333333333333,0.07057818815839287,0.06991895914385886,0.07017864524196124,-6.592290145340102,-3.9954291643162776
2033-03-04,2033-04-01,6.552777777777778,0.07060171711392536,0.06991895914385886,0.07018871648279967,-6.827579700665054,-4.130006311256901
2033-03-11,2033-04-08,6.572222222222222,0.07062516436400403,0.06991895914385886,0.07019878773148326,-7.0620522014516744,-4.263766325207641
2033-03-18,2033-04-15,6.591666666666667,0.07064852956802417,0.06991895914385886,0.070208858988012,-7.295704241653128,-4.396705800121664
2033-03-25,2033-04-22,6.611111111111111,0.07067181239461373,0.06991895914386172,0.07021893025238876,-7.528532507520142,-4.528821422249695
2033-04-01,2033-04-29,6.6305555555555555,0.07069501252151619,0.06991895914386172,0.0702290015246078,-7.760533776544759,-4.66010996908392
2033-04-08,2033-05-06,6.65,0.0707181296354707,0.06991895914385886,0.07023907280467771,-7.991704916118364,-4.790568307929815
2033-04-15,2033-05-13,6.669444444444444,0.07074116343206935,0.06991895914385886,0.07024914409259278,-8.222042882104901,-4.920193394765682
2033-04-22,2033-05-20,6.688888888888889,0.07076411361568573,0.06991895914385886,0.070259215388353,-8.4515447182687,-5.048982273327257
2033-04-29,2033-05-27,6.708333333333333,0.07078697989930374,0.06991895914385886,0.07026928669196122,-8.680207554448844,-5.176932073425178
2033-05-06,2033-06-03,6.727777777777778,0.07080976200444328,0.06991895914385886,0.0702793580034146,-8.908028605844192,-5.304040010286753
2033-05-13,2033-06-10,6.747222222222222,0.07083245966103181,0.06991895914385886,0.07028942932271029,-9.13500517172955,-5.430303383215235
2033-05-20,2033-06-17,6.766666666666667,0.0708550726072816,0.06991895914385886,0.07029950064985682,-9.361134634227469,-5.5557195742478305
2033-05-27,2033-06-24,6.786111111111111,0.07087760058960406,0.06991895914385886,0.07030957198484852,-9.586414457452008,-5.680286047555355
2033-06-03,2033-07-01,6.805555555555555,0.0709000433624699,0.06991895914385886,0.07031964332768537,-9.810842186110392,-5.804000347845312
2033-06-10,2033-07-08,6.825,0.07092240068831483,0.06991895914385886,0.07032971467837022,-10.034415444559741,-5.926860099446096
2033-06-17,2033-07-15,6.844444444444444,0.07094467233744833,0.06991895914385886,0.07033978603690308,-10.257131935894753,-6.048863005452542
2033-06-24,2033-07-22,6.863888888888889,0.07096685808792223,0.06991895914385886,0.07034985740327539,-10.478989440633747,-6.170006846468457
2033-07-01,2033-07-29,6.883333333333334,0.07098895772543079,0.06991895914386172,0.07035992877750141,-10.699985815690733,-6.290289479293776
2033-07-08,2033-08-05,6.902777777777778,0.07101097104322797,0.06991895914385886,0.07037000015956973,-10.920118993691108,-6.409708836582345
2033-07-15,2033-08-12,6.9222222222222225,0.07103289784199321,0.06991895914385886,0.07038007154948321,-11.139386981343508,-6.528262925099976
2033-07-22,2033-08-19,6.941666666666666,0.07105473792976863,0.06991895914385886,0.0703901429472504,-11.357787859097717,-6.645949825182241
2033-07-29,2033-08-26,6.961111111111111,0.07107649112182202,0.06991895914385886,0.07040021435285132,-11.575319779631583,-6.762767689706961
2033-08-05,2033-09-02,6.980555555555555,0.07109815724057825,0.06991895914386172,0.07041028576630882,-11.7919809671653,-6.8787147426942195
2033-08-12,2033-09-09,7.0,0.07111973611550518,0.06991895914385886,0.07042035718760863,-12.007769716463196,-6.993789278965518
2033-08-19,2033-09-16,7.019444444444445,0.07114122758302509,0.06991895914385886,0.07043042861675357,-12.222684391662298,-7.107989662715197
2033-08-26,2033-09-23,7.038888888888889,0.07116263148642618,0.07010056875180526,0.07050347809080616,-10.620627346209222,-6.591533956200185
2033-09-02,2033-09-30,7.058333333333334,0.07118394767573699,0.07073622247209675,0.07073474963807344,-4.477252036402396,-4.491980376635507
2033-09-09,2033-10-07,7.0777777777777775,0.07120517600769213,0.07137190744852592,0.07096722986678136,1.6673144083378943,-2.3794614091077193
2033-09-16,2033-10-14,7.097222222222222,0.07122631634557809,0.07200762368262012,0.0712009188419836,7.813073370420281,-0.25397503594495885
2033-09-23,2033-10-21,7.116666666666666,0.07124736855919332,0.07246172584517842,0.07137283405006142,12.14357285985096,1.2546549086810133
2033-09-30,2033-10-28,7.136111111111111,0.07126833252473112,0.07246172584517556,0.07138772455354594,11.933933204444358,1.1939202881482147
2033-10-07,2033-11-04,7.155555555555556,0.07128920812469978,0.07246172584517556,0.07140261507417676,11.725177204757742,1.134069494769796
2033-10-14,2033-11-11,7.175,0.07130999524783688,0.07246172584517556,0.07141750561195957,11.51730597338682,1.0751036412269543
2033-10-21,2033-11-18,7.194444444444445,0.07133069378902361,0.07246172584517556,0.07143239616689437,11.310320561519482,1.0170237787075764
2033-10-28,2033-11-25,7.213888888888889,0.0713513036492021,0.07246172584517556,0.07144728673898117,11.104221959734595,0.95983089779067
2033-11-04,2033-12-02,7.233333333333333,0.07137182473527824,0.07246172584517556,0.07146217732821425,10.899011098973176,0.9035259293600773
2033-11-11,2033-12-09,7.252777777777778,0.07139225696006177,0.07246172584517556,0.07147706793459932,10.694688851137919,0.8481097453755249
2033-11-18,2033-12-16,7.272222222222222,0.07141260024216635,0.07246172584517556,0.07149195855813353,10.4912560300921,0.7935831596718457
2033-11-25,2033-12-23,7.291666666666667,0.07143285450594394,0.07246172584517556,0.07150684919881689,10.288713392316156,0.7399469287294735
2033-12-02,2033-12-30,7.311111111111111,0.07145301968139053,0.07246172584517556,0.0715217398566551,10.087061637850253,0.6872017526456109
2033-12-09,2034-01-06,7.330555555555556,0.07147309570407195,0.07246172584517271,0.07153663053164243,9.886301411007603,0.6353482757047446
2033-12-16,2034-01-13,7.35,0.0714930825150582,0.07246172584517556,0.07155152122377892,9.686433301173553,0.5843870872071499
2033-12-23,2034-01-20,7.3694444444444445,0.07151298006082353,0.07246172584517556,0.07156641193306738,9.487457843520286,0.5343187224385315
2033-12-30,2034-01-27,7.388888888888889,0.07153278829319788,0.07246172584517556,0.07158130265950215,9.289375519776765,0.485143663042642
2034-01-06,2034-02-03,7.408333333333333,0.07155250716927844,0.07246172584517556,0.07159619340309176,9.092186758971193,0.43686233813317044
2034-01-13,2034-02-10,7.427777777777778,0.07157213665133254,0.07246172584517556,0.0716110841638305,8.89589193843021,0.3894751249795825
2034-01-20,2034-02-17,7.447222222222222,0.07159167670678622,0.07246172584517556,0.07162597494171839,8.700491383893393,0.3429823493217299
2034-01-27,2034-02-24,7.466666666666667,0.07161112730807867,0.07246172584517271,0.07164086573676112,8.505985370940438,0.2973842868245202
2034-02-03,2034-03-03,7.486111111111111,0.0716304884326451,0.07246172584517556,0.07165575654895015,8.312374125304528,0.25268116305043886
2034-02-10,2034-03-10,7.5055555555555555,0.07164976006283107,0.07246172584517271,0.07167064737829115,8.119657823416476,0.2088731546008582
2034-02-17,2034-03-17,7.525,0.07166894218580394,0.07246172584517556,0.07168553822478417,7.927836593716181,0.16596038980229433
2034-02-24,2034-03-24,7.544444444444444,0.07168803479350735,0.07246172584517556,0.07170042908842346,7.736910516682044,0.12394294916104331
2034-03-03,2034-03-31,7.563888888888889,0.07170703788259251,0.07246172584517556,0.0717153199692176,7.546879625830449,0.08282086625080454
2034-03-10,2034-04-07,7.583333333333333,0.07172595145433558,0.07246172584517556,0.07173021086716089,7.3577439083998,0.04259412825308173
2034-03-17,2034-04-14,7.602777777777778,0.07174477551457757,0.07246172584517556,0.07174510178225615,7.169503305979874,0.003262676785825702
2034-03-24,2034-04-21,7.622222222222222,0.07176351007367307,0.07246172584517556,0.07175999271450056,6.982157715024889,-0.035173591725057296
2034-03-31,2034-04-28,7.641666666666667,0.07178215514640453,0.07246172584517271,0.07177488366389698,6.795706987681865,-0.07271482507550941
2034-04-07,2034-05-05,7.661111111111111,0.07180071075193092,0.07246172584517556,0.07178977463044253,6.610150932446351,-0.10936121488391848
2034-04-14,2034-05-12,7.680555555555555,0.07181917691372774,0.07246172584517556,0.07180466561413722,6.425489314478145,-0.1451129959052777
2034-04-21,2034-05-19,7.7,0.07183755365950997,0.07246172584517842,0.07181955661498675,6.2417218566844515,-0.17997044523224148
2034-04-28,2034-05-26,7.719444444444444,0.07185584102117781,0.07246172584517556,0.07183444763298542,6.05884823997746,-0.2139338819238945
2034-05-05,2034-06-02,7.738888888888889,0.07187403903477099,0.07246172584517556,0.07184933866813609,5.876868104045668,-0.2470036663490549
2034-05-12,2034-06-09,7.758333333333334,0.07189214774037746,0.07246172584517556,0.07186422972043875,5.6957810479810185,-0.2791801993870524
2034-05-19,2034-06-16,7.777777777777778,0.07191016718210763,0.07246172584517271,0.0718791207898877,5.5155866306508265,-0.31046392219929997
2034-05-26,2034-06-23,7.7972222222222225,0.07192809740801165,0.07246172584517271,0.0718940118764915,5.336284371610656,-0.3408553152015048
2034-06-02,2034-06-30,7.816666666666666,0.07194593847002796,0.07246172584517556,0.07190890298024444,5.157873751475972,-0.37035489783524
2034-06-09,2034-07-07,7.836111111111111,0.07196369042392911,0.07246172584517271,0.07192379410114937,4.980354212436033,-0.39896322779744975
2034-06-16,2034-07-14,7.855555555555555,0.07198135332926459,0.07246172584517556,0.0719386852392063,4.803725159109734,-0.42668090058289865
2034-06-23,2034-07-21,7.875,0.07199892724930379,0.07246172584517556,0.0719535763944095,4.62798595871769,-0.453508548942938
2034-06-30,2034-07-28,7.894444444444445,0.07201641225098175,0.07246172584517556,0.07196846756676756,4.45313594193808,-0.479446842141934
2034-07-07,2034-08-04,7.913888888888889,0.07203380840483918,0.07246172584517556,0.07198335875627475,4.2791744033637835,-0.5044964856443235
2034-07-14,2034-08-11,7.933333333333334,0.07205111578497966,0.07246172584517271,0.07199824996293108,4.106100601930507,-0.5286582204858115
2034-07-21,2034-08-18,7.9527777777777775,0.0720683344690154,0.07246172584517556,0.07201314118674228,3.933913761601654,-0.551932822731166
2034-07-28,2034-08-25,7.972222222222222,0.07208546453798441,0.07246172584517556,0.0720280324277026,3.7626130719115025,-0.5743211028180761
2034-08-04,2034-09-01,7.991666666666666,0.07210250607635059,0.07246172584517556,0.07204292368581491,3.5921976882496987,-0.5958239053567571
2034-08-11,2034-09-08,8.011111111111111,0.07211945917190654,0.07246172584517556,0.07205781496107923,3.4226667326901774,-0.6164421082731353
2034-08-18,2034-09-15,8.030555555555555,0.07213632391575084,0.07246172584517556,0.07207270625349269,3.2540192942472066,-0.6361766225815302
2034-08-25,2034-09-22,8.05,0.07215310040222514,0.07246172584517556,0.07208759756305813,3.0862544295041925,-0.6550283916700872
2034-09-01,2034-09-29,8.069444444444445,0.07216978872887145,0.07246172584517556,0.07210248888977842,2.919371163041112,-0.6729983909302406
2034-09-08,2034-10-06,8.088888888888889,0.0721863889963692,0.07246172584517556,0.072117380233645,2.753368488063596,-0.6900876272419865
2034-09-15,2034-10-13,8.108333333333333,0.07220290130850968,0.07246172584517556,0.07213227159466643,2.588245366658831,-0.7062971384325101
2034-09-22,2034-10-20,8.127777777777778,0.07221932577213025,0.07246172584517556,0.07214716297283699,2.4240007304530966,-0.721627992932572
2034-09-29,2034-10-27,8.147222222222222,0.07223566249706025,0.07246172584517271,0.07216205436815384,2.26063348112468,-0.7360812890640223
2034-10-06,2034-11-03,8.166666666666666,0.0722519115961151,0.07246172584517271,0.07217694578062554,2.098142490576105,-0.7496581548956105
2034-10-13,2034-11-10,8.186111111111112,0.072268073184988,0.07246172584517556,0.0721918372102521,1.9365266018755989,-0.7623597473589705
2034-10-20,2034-11-17,8.205555555555556,0.07228414738226123,0.07246172584517271,0.07220672865702779,1.775784629114846,-0.7741872523343851
2034-10-27,2034-11-24,8.225,0.07230013430933768,0.07246172584517556,0.07222162012095547,1.6159153583787667,-0.7851418838221436
2034-11-03,2034-12-01,8.244444444444444,0.07231603409037803,0.07246172584517842,0.07223651160203515,1.456917548003922,-0.7952248834287856
2034-11-10,2034-12-08,8.26388888888889,0.07233184685229219,0.07246172584517271,0.07225140310026111,1.2987899288052773,-0.8044375203107579
2034-11-17,2034-12-15,8.283333333333333,0.07234757272466506,0.07246172584517556,0.07226629461564192,1.141531205104962,-0.8127810902314181
2034-11-24,2034-12-22,8.302777777777777,0.07236321183974802,0.07246172584517842,0.07228118614817758,0.9851400543040012,-0.8202569157043926
2034-12-01,2034-12-29,8.322222222222223,0.07237876433236748,0.07246172584517271,0.07229607769785952,0.8296151280523523,-0.8268663450795855
2034-12-08,2035-01-05,8.341666666666667,0.07239423033993925,0.07246172584517556,0.07231096926469631,0.6749550523631187,-0.8326107524293802
2034-12-15,2035-01-12,8.36111111111111,0.07240961000238855,0.07246172584517556,0.0723258608486794,0.521158427870122,-0.8374915370915059
2034-12-22,2035-01-19,8.380555555555556,0.07242490346210717,0.07246172584517556,0.07234075244981732,0.36822383068388365,-0.8415101228985422
2034-12-29,2035-01-26,8.4,0.07244011086394783,0.07246172584517842,0.07235564406810724,0.21614981230586028,-0.8446679584059313
2035-01-05,2035-02-02,8.419444444444444,0.07245523235513845,0.07246172584517556,0.07237053570354915,0.06493490037104421,-0.846966515893055
2035-01-12,2035-02-09,8.438888888888888,0.07247026808528798,0.07246172584517556,0.0723854273561402,-0.08542240112416333,-0.8484072914777263
2035-01-19,2035-02-16,8.458333333333334,0.07248521820630341,0.07246172584517556,0.0724003190258861,-0.23492361127849803,-0.8489918041730549
2035-01-26,2035-02-23,8.477777777777778,0.07250008287239856,0.07246172584517271,0.07241521071278115,-0.38357027225849327,-0.8487215961741623
2035-02-02,2035-03-02,8.497222222222222,0.07251486224001402,0.07246172584517271,0.07243010241683104,-0.5313639484130772,-0.8475982318298381
2035-02-09,2035-03-09,8.516666666666667,0.07252955646779714,0.07246172584517556,0.07244499413803007,-0.6783062262158412,-0.8456232976707112
2035-02-16,2035-03-16,8.536111111111111,0.07254416571656216,0.07246172584517556,0.07245988587637539,-0.8243987138660536,-0.8427984018677392
2035-02-23,2035-03-23,8.555555555555555,0.07255869014926729,0.07246172584517556,0.07247477763188126,-0.9696430409172896,-0.8391251738602834
2035-03-02,2035-03-30,8.575,0.07257312993095479,0.07246172584517842,0.07248966940453627,-1.1140408577636762,-0.8346052641851343
2035-03-09,2035-04-06,8.594444444444445,0.07258748522872528,0.07246172584517842,0.07250456119434043,-1.25759383546864,-0.8292403438485418
2035-03-16,2035-04-13,8.613888888888889,0.07260175621172348,0.07246172584517271,0.07251945300130228,-1.4003036655076129,-0.8230321042120015
2035-03-23,2035-04-20,8.633333333333333,0.07261594305105248,0.07246172584517556,0.07253434482540756,-1.5421720587692478,-0.8159822564492158
2035-03-30,2035-04-27,8.652777777777779,0.07263004591978817,0.07246172584517556,0.0725492366666677,-1.6832007461260734,-0.8080925312047016
2035-04-06,2035-05-04,8.672222222222222,0.07264406499292766,0.07246172584517271,0.07256412852507982,-1.8233914775495075,-0.7993646784784647
2035-04-13,2035-05-11,8.691666666666666,0.0726580004473438,0.07246172584517842,0.07257902040064394,-1.9627460216538328,-0.7898004669985859
2035-04-20,2035-05-18,8.71111111111111,0.07267185246177071,0.07246172584517556,0.07259391229336007,-2.1012661659515484,-0.779401684106451
2035-04-27,2035-05-25,8.730555555555556,0.07268562121676402,0.07246172584517271,0.07260880420323103,-2.238953715913011,-0.7681701353298709
2035-05-04,2035-06-01,8.75,0.07269930689466067,0.07246172584517556,0.07262369613024827,-2.3758104948511107,-0.7561076441239822
2035-05-11,2035-06-08,8.769444444444444,0.07271290967955345,0.07246172584517271,0.07263858807442038,-2.511838343807332,-0.7432160513307084
2035-05-18,2035-06-15,8.78888888888889,0.0727264297572594,0.07246172584517842,0.07265348003574733,-2.6470391208098523,-0.7294972151207502
2035-05-25,2035-06-22,8.808333333333334,0.07273986731529426,0.07246172584517556,0.07266837201422055,-2.781414701187035,-0.7149530107371238
2035-06-01,2035-06-29,8.827777777777778,0.07275322254280958,0.07246172584517556,0.07268326400985149,-2.9149669763402217,-0.6995853295808929
2035-06-08,2035-07-06,8.847222222222221,0.07276649563061843,0.07246172584517556,0.07269815602263156,-3.047697854428738,-0.6833960798686978
2035-06-15,2035-07-13,8.866666666666667,0.07277968677111835,0.07246172584517556,0.07271304805255793,-3.1796092594278678,-0.6663871856041337
2035-06-22,2035-07-20,8.886111111111111,0.07279279615826274,0.07246172584517556,0.07272794009964484,-3.3107031308718393,-0.6485605861790422
2035-06-29,2035-07-27,8.905555555555555,0.07280582398757808,0.07246172584517556,0.07274283216387804,-3.4409814240252135,-0.6299182370003709
2035-07-06,2035-08-03,8.925,0.07281877045606677,0.07246172584517556,0.0727577242452661,-3.570446108912134,-0.6104621080067762
2035-07-13,2035-08-10,8.944444444444445,0.07283163576222718,0.07246172584517556,0.07277261634380329,-3.6990991705161678,-0.5901941842388625
2035-07-20,2035-08-17,8.963888888888889,0.07284442010601648,0.07246172584517842,0.07278750845949819,-3.8269426083806235,-0.5691164651829006
2035-07-27,2035-08-24,8.983333333333333,0.07285712368880219,0.07246172584517556,0.07280240059234222,-3.9539784362663255,-0.5472309645997153
2035-08-03,2035-08-31,9.002777777777778,0.0728697467133621,0.07246172584517556,0.0728172927423354,-4.080208681865455,-0.5245397102671134
2035-08-10,2035-09-07,9.022222222222222,0.07288228938383005,0.07246172584517556,0.07283218490948627,-4.205635386544948,-0.5010447434378174
2035-08-17,2035-09-14,9.041666666666666,0.07289475190568741,0.07246172584517556,0.07284707709378344,-4.330260605118486,-0.4767481190397216
2035-08-24,2035-09-21,9.061111111111112,0.07290713448574015,0.07246172584517556,0.07286196929523545,-4.454086405645957,-0.4516519050470902
2035-08-31,2035-09-28,9.080555555555556,0.072919437332059,0.07246172584517271,0.0728768615138423,-4.577114868862808,-0.42575818216691874
2035-09-07,2035-10-05,9.1,0.07293166065399076,0.07246172584517271,0.07289175374960115,-4.6993480881804555,-0.39906904389611086
2035-09-14,2035-10-12,9.119444444444444,0.07294380466212415,0.07246172584517556,0.07290664600250915,-4.8207881694858905,-0.3715865961499698
2035-09-21,2035-10-19,9.13888888888889,0.07295586956823545,0.07246172584517556,0.07292153827257199,-4.941437230598922,-0.3433129566346449
2035-09-28,2035-10-26,9.158333333333333,0.07296785558530289,0.07246172584517556,0.0729364305597811,-5.0612974012732845,-0.31425025521780725
2035-10-05,2035-11-02,9.177777777777777,0.07297976292746945,0.07246172584517556,0.07295132286414795,-5.180370822938929,-0.28440063321505393
2035-10-12,2035-11-09,9.197222222222223,0.07299159180998865,0.07246172584517556,0.07296621518566392,-5.298659648130949,-0.25376624324738306
2035-10-19,2035-11-16,9.216666666666667,0.07300334244924457,0.07246172584517271,0.07298110752433473,-5.416166040718568,-0.22234924909839138
2035-10-26,2035-11-23,9.23611111111111,0.07301501506269467,0.07246172584517556,0.07299599988015754,-5.532892175191123,-0.1901518253713541
2035-11-02,2035-11-30,9.255555555555556,0.073026609868867,0.07246172584517556,0.0730108922531352,-5.648840236914393,-0.15717615731797308
2035-11-09,2035-12-07,9.275,0.07303812708732307,0.07246172584517271,0.07302578464326201,-5.764012421503595,-0.12342444061064217
2035-11-16,2035-12-14,9.294444444444444,0.07304956693864074,0.07246172584517556,0.07304067705054079,-5.878410934651857,-0.08889888099952725
2035-11-23,2035-12-21,9.313888888888888,0.07306092964438848,0.07246172584517271,0.0730555694749773,-5.9920379921576945,-0.053601694111893305
2035-11-30,2035-12-28,9.333333333333334,0.073072215427094,0.07246172584517271,0.07307046191656008,-6.104895819212808,-0.017535105339139267
2035-12-07,2036-01-04,9.352777777777778,0.07308342451024423,0.07246172584517556,0.07308535437529486,-6.216986650686707,0.019298650506260895
2035-12-14,2036-01-11,9.372222222222222,0.07309455711825111,0.07246172584517271,0.07310024685118734,-6.328312730783936,0.05689732936228764
2035-12-21,2036-01-18,9.391666666666667,0.07310561347641725,0.07246172584517842,0.07311513934422896,-6.438876312388348,0.09525867811707722
2035-12-28,2036-01-25,9.411111111111111,0.07311659381093318,0.07246172584517556,0.07313003185442257,-6.548679657576162,0.13438043489397145
2036-01-04,2036-02-01,9.430555555555555,0.07312749834884295,0.07246172584517271,0.07314492438177103,-6.657725036702394,0.17426032928077873
2036-01-11,2036-02-08,9.45,0.07313832731803288,0.07246172584517842,0.07315981692627149,-6.766014728544628,0.2148960823861179
2036-01-18,2036-02-15,9.469444444444445,0.07314908094719717,0.07246172584517556,0.07317470948792394,-6.87355102021614,0.2562854072676868
2036-01-25,2036-02-22,9.488888888888889,0.07315975946584365,0.07246172584517556,0.0731896020667284,-6.980336206680871,0.29842600884746884
2036-02-01,2036-02-29,9.508333333333333,0.07317036310423099,0.07246172584517271,0.07320449466268483,-7.086372590582729,0.3413155845384541
2036-02-08,2036-03-07,9.527777777777779,0.07318089209340009,0.07246172584517556,0.07321938727579612,-7.191662482245315,0.3849518239602834
2036-02-15,2036-03-14,9.547222222222222,0.0731913466650913,0.07246172584517556,0.0732342799060594,-7.2962081991574665,0.42933240968087705
2036-02-22,2036-03-21,9.566666666666666,0.07320172705179294,0.07246172584517556,0.07324917255347467,-7.4000120661738,0.47445501681731006
2036-02-29,2036-03-28,9.58611111111111,0.07321203348668132,0.07246172584517842,0.0732640652180448,-7.503076415028981,0.5203173136347772
2036-03-07,2036-04-04,9.605555555555556,0.07322226620358656,0.07246172584517556,0.07327895789976406,-7.605403584109993,0.5669169617750214
2036-03-14,2036-04-11,9.625,0.07323242543702962,0.07246172584517271,0.07329385059863817,-7.706995918569104,0.6142516160854983
2036-03-21,2036-04-18,9.644444444444444,0.073242511422151,0.07246172584517556,0.07330874331466429,-7.8078557697544575,0.6623189251328543
2036-03-28,2036-04-25,9.66388888888889,0.07325252439470781,0.07246172584517556,0.07332363604784524,-7.9079854953224835,0.7111165313743173
2036-04-04,2036-05-02,9.683333333333334,0.07326246459107383,0.07246172584517556,0.07333852879817819,-8.00738745898269,0.7606420710436212
2036-04-11,2036-05-09,9.702777777777778,0.07327233224819382,0.07246172584517556,0.07335342156566314,-8.10606403018263,0.8108931746932113
2036-04-18,2036-05-16,9.722222222222221,0.07328212760357491,0.07246172584517556,0.07336831435030008,-8.204017583993556,0.8618674672516979
2036-04-25,2036-05-23,9.741666666666667,0.07329185089528956,0.07246172584517271,0.07338320715209187,-8.301250501168422,0.9135625680231629
2036-05-02,2036-05-30,9.761111111111111,0.07330150236192116,0.07246172584517271,0.07339809997103279,-8.3977651674845,0.9659760911162607
2036-05-09,2036-06-06,9.780555555555555,0.07331108224257848,0.07246172584517842,0.07341299280713143,-8.493563974000667,1.0191056455294278
2036-05-16,2036-06-13,9.8,0.07332059077685843,0.07246172584517556,0.0734278856603792,-8.588649316828706,1.0729488352076433
2036-05-23,2036-06-20,9.819444444444445,0.07333002820484895,0.07246172584517556,0.07344277853078182,-8.683023596733896,1.127503259328727
2036-05-30,2036-06-27,9.838888888888889,0.07333939476708334,0.07246172584517271,0.07345767141833642,-8.776689219106293,1.1827665125307973
2036-06-06,2036-07-04,9.858333333333333,0.07334869070455456,0.07246172584517556,0.07347256432304589,-8.869648593790025,1.2387361849132417
2036-06-13,2036-07-11,9.877777777777778,0.07335791625867806,0.07246172584517271,0.07348745724491021,-8.96190413505346,1.2954098623214894
2036-06-20,2036-07-18,9.897222222222222,0.07336707167128324,0.07246172584517271,0.07350235018392365,-9.053458261105291,1.3527851264040491
2036-06-27,2036-07-25,9.916666666666666,0.07337615718460493,0.07246172584517556,0.0735172431400891,-9.144313394293668,1.4108595548417702
2036-07-04,2036-08-01,9.936111111111112,0.07338517304124904,0.07246172584517556,0.07353213611341225,-9.234471960734847,1.4696307216320592
2036-07-11,2036-08-08,9.955555555555556,0.07339411948419837,0.07246172584517556,0.07354702910388454,-9.323936390228106,1.5290961968617012
2036-07-18,2036-08-15,9.975,0.07340299675678397,0.07246172584517842,0.07356192211150882,-9.41270911605549,1.5892535472485092
2036-07-25,2036-08-22,9.994444444444444,0.07341180510266236,0.07246172584517556,0.07357681513629366,-9.500792574868022,1.650100336312993
2036-08-01,2036-08-29,10.01388888888889,0.07342054476582126,0.07246172584517556,0.07359170817822193,-9.588189206456988,1.7116341240067112
2036-08-08,2036-09-05,10.033333333333333,0.07342921599056235,0.07246172584517556,0.0736066012373079,-9.674901453867873,1.7738524674555667
2036-08-15,2036-09-12,10.052777777777777,0.0734378190214643,0.07246172584517556,0.07362149431355158,-9.760931762887449,1.8367529208727917
2036-08-22,2036-09-19,10.072222222222223,0.07344635410339695,0.07246172584517556,0.07363638740694155,-9.8462825822139,1.9003330354459835
2036-08-29,2036-09-26,10.091666666666667,0.0734548214814842,0.07267486508028252,0.07350093250193757,-7.799564012016813,0.46111020453362683
2036-09-05,2036-10-03,10.11111111111111,0.07346322140109551,0.07304786719614542,0.07325192980357148,-4.153542049500913,-2.112915975240326
2036-09-12,2036-10-10,10.130555555555556,0.07347155410785439,0.07342088007245515,0.07300192579176468,-0.5067403539923965,-4.696283160897097
2036-09-19,2036-10-17,10.15,0.07347981984758706,0.07379390370951715,0.07275092052479051,3.1408386193008955,-7.288993227965445
2036-09-26,2036-10-24,10.169444444444444,0.07348801886633957,0.07395377427673028,0.0726492504259592,4.657554103907058,-8.387684403803746
2036-10-03,2036-10-31,10.188888888888888,0.07349615141035493,0.07395377427673314,0.07266011807176818,4.5762286637821,-8.360333385867419
2036-10-10,2036-11-07,10.208333333333334,0.0735042177260446,0.07395377427673028,0.07267098572670415,4.495565506856813,-8.332319993404475
2036-10-17,2036-11-14,10.227777777777778,0.07351221805999991,0.07395377427672743,0.07268185339077851,4.415562167275206,-8.303646692214006
2036-10-24,2036-11-21,10.247222222222222,0.0735201526589692,0.07395377427673028,0.07269272106398558,4.336216177610735,-8.274315949836215
2036-10-31,2036-11-28,10.266666666666667,0.07352802176983785,0.07395377427673028,0.07270358874632248,4.2575250689243225,-8.244330235153697
2036-11-07,2036-12-05,10.286111111111111,0.07353582563962822,0.07395377427673028,0.07271445643779778,4.17948637102053,-8.213692018304435
2036-11-14,2036-12-12,10.305555555555555,0.07354356451548551,0.07395377427673028,0.0727253241384058,4.102097612447703,-8.182403770797125
2036-11-21,2036-12-19,10.325,0.07355123864464622,0.07395377427673028,0.07273619184815219,4.025356320840611,-8.150467964940233
2036-11-28,2036-12-26,10.344444444444445,0.07355884827444964,0.07395377427672743,0.0727470595670313,3.9492600227779286,-8.1178870741834
2036-12-05,2037-01-02,10.363888888888889,0.07356639365232644,0.07395377427673028,0.07275792729504024,3.8738062440384082,-8.084663572861944
2036-12-12,2037-01-09,10.383333333333333,0.07357387502576433,0.07395377427672743,0.07276879503218758,3.798992509631005,-8.050799935767488
2036-12-19,2037-01-16,10.402777777777779,0.0735812926423196,0.07395377427673028,0.07277966277847048,3.7248163441067073,-8.016298638491293
2036-12-26,2037-01-23,10.422222222222222,0.07358864674958847,0.07395377427673028,0.07279053053388607,3.6512752714180916,-7.981162157024019
2037-01-02,2037-01-30,10.441666666666666,0.07359593759521285,0.07395377427673028,0.07280139829844005,3.578366815174261,-7.945392967727977
2037-01-09,2037-02-06,10.46111111111111,0.07360316542685462,0.07395377427673028,0.07281226607212675,3.506088498756582,-7.908993547278698
2037-01-16,2037-02-13,10.480555555555556,0.07361033049218424,0.07395377427672743,0.07282313385494327,3.4344378454319315,-7.871966372409722
2037-01-23,2037-02-20,10.5,0.07361743303889215,0.07395377427672743,0.07283400164689535,3.363412378352831,-7.834313919967972
2037-01-30,2037-02-27,10.519444444444444,0.07362447331464882,0.07395377427672743,0.07284486944798584,3.293009620786158,-7.796038666629812
2037-02-06,2037-03-06,10.53888888888889,0.07363145156710754,0.07395377427672743,0.07285573725820901,3.2232270961989054,-7.757143088985286
2037-02-13,2037-03-13,10.558333333333334,0.07363836804389884,0.07395377427673028,0.07286660507756487,3.1540623283143887,-7.717629663339665
2037-02-20,2037-03-20,10.577777777777778,0.07364522299261322,0.07395377427673028,0.07287747290605916,3.0855128411705346,-7.6775008655406705
2037-02-27,2037-03-27,10.597222222222221,0.07365201666078411,0.07395377427673028,0.07288834074368612,3.017576159461688,-7.636759170979862
2037-03-06,2037-04-03,10.616666666666667,0.07365874929590209,0.07395377427673028,0.07289920859044578,2.9502498082818738,-7.595407054563075
2037-03-13,2037-04-10,10.636111111111111,0.07366542114537213,0.07395377427672743,0.072910076446341,2.883531313553067,-7.553446990311297
2037-03-20,2037-04-17,10.655555555555555,0.07367203245653636,0.07395377427672743,0.07292094431137176,2.817418201910699,-7.510881451645996
2037-03-27,2037-04-24,10.675,0.0736785834766399,0.07395377427673028,0.07293181218553807,2.751908000903774,-7.467712911018304
2037-04-03,2037-05-01,10.694444444444445,0.07368507445282502,0.07395377427673028,0.07294268006883708,2.686998239052607,-7.423943839879321
2037-04-10,2037-05-08,10.713888888888889,0.07369150563214268,0.07395377427673028,0.07295354796127164,2.622686445876016,-7.379576708710367
2037-04-17,2037-05-15,10.733333333333333,0.07369787726151822,0.07395377427673028,0.0729644158628446,2.5589701521205876,-7.334613986736127
2037-04-24,2037-05-22,10.752777777777778,0.07370418958773994,0.07395377427672743,0.07297528377354455,2.4958468898748922,-7.2890581419539355
2037-05-01,2037-05-29,10.772222222222222,0.07371044285749052,0.07395377427673028,0.07298615169338005,2.4333141923975345,-7.242911641104771
2037-05-08,2037-06-05,10.791666666666666,0.0737166373172785,0.07395377427672743,0.07299701962235108,2.3713695944893587,-7.19617694927413
2037-05-15,2037-06-12,10.811111111111112,0.07372277321348676,0.07395377427672743,0.07300788756046053,2.3100106324067116,-7.148856530262288
2037-05-22,2037-06-19,10.830555555555556,0.07372885079231839,0.07395377427673028,0.07301875550770268,2.2492348441188748,-7.1009528461571385
2037-05-29,2037-06-26,10.85,0.07373487029981085,0.07395377427673028,0.07302962346408037,2.1890397691942676,-7.052468357304775
2037-06-05,2037-07-03,10.869444444444444,0.07374083198184175,0.07395377427673028,0.07304049142959647,2.12942294888524,-7.003405522452849
2037-06-12,2037-07-10,10.88888888888889,0.07374673608406315,0.07395377427673028,0.0730513594042367,2.0703819266712498,-6.9537667982645655
2037-06-19,2037-07-17,10.908333333333333,0.07375258285197298,0.07395377427673028,0.07306222738801818,2.011914247573021,-6.903554639547949
2037-06-26,2037-07-24,10.927777777777777,0.07375837253084644,0.07395377427673028,0.07307309538093236,1.9540174588383863,-6.8527714991407915
2037-07-03,2037-07-31,10.947222222222223,0.07376410536575323,0.07395377427673028,0.07308396338297923,1.8966891097704774,-6.801419827739963
2037-07-10,2037-08-07,10.966666666666667,0.07376978160154891,0.07395377427673028,0.07309483139416738,1.8399267518136309,-6.749502073815361
2037-07-17,2037-08-14,10.98611111111111,0.07377540148285494,0.07395377427672743,0.07310569941448535,1.783727938724916,-6.697020683695959
2037-07-24,2037-08-21,11.005555555555556,0.07378096525405585,0.07395377427673028,0.07311656744394172,1.7280902267442777,-6.643978101141257
2037-07-31,2037-08-28,11.025,0.07378647315930774,0.07395377427673028,0.07312743548252795,1.6730111742253861,-6.590376767797862
2037-08-07,2037-09-04,11.044444444444444,0.07379192544250694,0.07395377427672743,0.07313830353024686,1.6184883422049046,-6.536219122600801
2037-08-14,2037-09-11,11.063888888888888,0.0737973223473043,0.07395377427673028,0.07314917158710989,1.5645192942598252,-6.481507601944076
2037-08-21,2037-09-18,11.083333333333334,0.07380266411707938,0.07395377427672743,0.07316003965310275,1.5111015964805463,-6.426244639766293
2037-08-28,2037-09-25,11.102777777777778,0.07380795099493488,0.07395377427673028,0.07317090772823118,1.4582328179539583,-6.370432667037046
2037-09-04,2037-10-02,11.122222222222222,0.07381318322371369,0.07395377427673028,0.07318177581249229,1.4059105301658659,-6.314074112214047
2037-09-11,2037-10-09,11.141666666666667,0.07381836104596179,0.07395377427673028,0.07319264390588895,1.3541323076848855,-6.257171400728401
2037-09-18,2037-10-16,11.161111111111111,0.07382348470393112,0.07395377427673028,0.07320351200841829,1.3028957279916098,-6.199726955128243
2037-09-25,2037-10-23,11.180555555555555,0.07382855443958526,0.07395377427672743,0.07321438012008606,1.2521983714217089,-6.141743194991999
2037-10-02,2037-10-30,11.2,0.0738335704945852,0.07395377427673028,0.07322524824088937,1.202037821450841,-6.083222536958227
2037-10-09,2037-11-06,11.219444444444445,0.07383853311025503,0.07395377427672743,0.07323611637082252,1.1524116647240734,-6.024167394325097
2037-10-16,2037-11-13,11.238888888888889,0.07384344252763622,0.07395377427672743,0.07324698450989407,1.103317490912109,-5.9645801774214915
2037-10-23,2037-11-20,11.258333333333333,0.07384829898742483,0.07395377427673028,0.07325785265809831,1.0547528930544836,-5.904463293265189
2037-10-30,2037-11-27,11.277777777777779,0.0738531027299914,0.07395377427673028,0.07326872081544097,1.0067154673887302,-5.843819145504304
2037-11-06,2037-12-04,11.297222222222222,0.07385785399536969,0.07395377427673028,0.07327958898191632,0.9592028136058695,-5.782650134533718
2037-11-13,2037-12-11,11.316666666666666,0.07386255302324793,0.07395377427673028,0.07329045715752722,0.9122125348234866,-5.72095865720712
2037-11-20,2037-12-18,11.33611111111111,0.07386720005297752,0.07395377427673028,0.07330132534227651,0.8657422375275836,-5.6587471070100595
2037-11-27,2037-12-25,11.355555555555556,0.07387179532353302,0.07395377427672743,0.0733121935361528,0.8197895319440873,-5.596017873802234
2037-12-04,2038-01-01,11.375,0.07387633907355497,0.07395377427673028,0.07332306173916749,0.7743520317531061,-5.532773343874808
2037-12-11,2038-01-08,11.394444444444444,0.07388083154129278,0.07395377427673028,0.07333392995131487,0.7294273543749508,-5.469015899779162
2037-12-18,2038-01-15,11.41388888888889,0.07388527296464188,0.07395377427673028,0.0733447981725978,0.6850131208839538,-5.404747920440823
2037-12-25,2038-01-22,11.433333333333334,0.07388966358111514,0.07395377427672743,0.07335566640301915,0.641106956122961,-5.339971780959907
2038-01-01,2038-01-29,11.452777777777778,0.07389400362783714,0.07395377427673028,0.07336653464257317,0.5977064889313433,-5.274689852639708
2038-01-08,2038-02-05,11.472222222222221,0.07389829334155566,0.07395377427673028,0.07337740289126561,0.5548093517461494,-5.208904502900513
2038-01-15,2038-02-12,11.491666666666667,0.07390253295860452,0.07395377427672743,0.07338827114908789,0.5124131812291044,-5.1426180951663625
2038-01-22,2038-02-19,11.511111111111111,0.07390672271494068,0.07395377427673028,0.07339913941604286,0.47051561789593355,-5.0758329889782905
2038-01-29,2038-02-26,11.530555555555555,0.07391086284610715,0.07395377427672743,0.07341000769213624,0.4291143062028213,-5.0085515397091385
2038-02-05,2038-03-05,11.55,0.0739149535872387,0.07395377427673028,0.07342087597736516,0.38820689491583793,-4.940776098735361
2038-02-12,2038-03-12,11.569444444444445,0.07391899517305328,0.07395377427673028,0.07343174427172963,0.34779103676996215,-4.872509013236492
2038-02-19,2038-03-19,11.588888888888889,0.07392298783785206,0.07395377427672743,0.07344261257523252,0.3078643887537147,-4.803752626195424
2038-02-26,2038-03-26,11.608333333333333,0.07392693181551938,0.07395377427673314,0.07345348088786809,0.2684246121376077,-4.7345092765128935
2038-03-05,2038-04-02,11.627777777777778,0.0739308273394942,0.07395377427672743,0.0734643492096335,0.2294693723323138,-4.664781298606979
2038-03-12,2038-04-09,11.647222222222222,0.07393467464279585,0.07395377427673028,0.07347521754053446,0.19099633934427374,-4.594571022613902
2038-03-19,2038-04-16,11.666666666666666,0.07393847395800401,0.07395377427673028,0.07348608588057383,0.15300318726263473,-4.523880774301853
2038-03-26,2038-04-23,11.686111111111112,0.07394222551724727,0.07395377427672743,0.07349695422974303,0.11548759480159432,-4.452712875042398
2038-04-02,2038-04-30,11.705555555555556,0.07394592955222029,0.07395377427673028,0.0735078225880535,0.07844724509986634,-4.381069641667956
2038-04-09,2038-05-07,11.725,0.07394958629415813,0.07395377427672743,0.07351869095549951,0.04187982569306414,-4.308953386586156
2038-04-16,2038-05-14,11.744444444444444,0.07395319597384185,0.07395377427673028,0.07352955933207822,0.00578302888423754,-4.236366417636334
2038-04-23,2038-05-21,11.76388888888889,0.0739567588215844,0.07395377427673028,0.07354042771778678,-0.02984544854117699,-4.163311037976153
2038-04-30,2038-05-28,11.783333333333333,0.07396027506725046,0.07395377427673028,0.07355129611263944,-0.06500790520183597,-4.089789546110195
2038-05-07,2038-06-04,11.802777777777777,0.07396374494022512,0.07395377427673028,0.07356216451662194,-0.09970663494840437,-4.015804236031789
2038-05-14,2038-06-11,11.822222222222223,0.07396716866942242,0.07395377427673028,0.07357303292973714,-0.13394392692142598,-3.9413573968527515
2038-05-21,2038-06-18,11.841666666666667,0.07397054648328531,0.07395377427672743,0.07358390135199645,-0.16772206557880143,-3.866451312888597
2038-05-28,2038-06-25,11.86111111111111,0.07397387860977434,0.07395377427672743,0.07359476978337989,-0.20104333046902512,-3.79108826394442
2038-06-04,2038-07-02,11.880555555555556,0.07397716527636179,0.07395377427672743,0.07360563822390459,-0.23390999634359533,-3.7152705245720172
2038-06-11,2038-07-09,11.9,0.07398040671002898,0.07395377427673028,0.073616506673562,-0.2663243329870113,-3.6390003646698252
2038-06-18,2038-07-16,11.919444444444444,0.07398360313728329,0.07395377427673028,0.07362737513235208,-0.2982886055301337,-3.562280049312083
2038-06-25,2038-07-23,11.938888888888888,0.07398675478411823,0.07395377427673028,0.07363824360028629,-0.32980507387952995,-3.4851118383194546
2038-07-02,2038-07-30,11.958333333333334,0.07398986187603056,0.07395377427672743,0.07364911207734748,-0.36087599303125106,-3.4074979868307933
2038-07-09,2038-08-06,11.977777777777778,0.07399292463803173,0.07395377427672743,0.07365998056354707,-0.39150361304293724,-3.329440744846562
2038-07-16,2038-08-13,11.997222222222222,0.073995943294605,0.07395377427672743,0.07367084905888222,-0.42169017877569104,-3.2509423572278653
2038-07-23,2038-08-20,12.016666666666667,0.07399891806973694,0.07395377427672743,0.07368171756335005,-0.45143793009502775,-3.172005063868805
2038-07-30,2038-08-27,12.036111111111111,0.07400184918690021,0.07395377427673028,0.07369258607695343,-0.4807491016993459,-3.0926310994677797
2038-08-06,2038-09-03,12.055555555555555,0.07400473686904789,0.07395377427673028,0.07370345459969523,-0.5096259231761324,-3.012822693526651
2038-08-13,2038-09-10,12.075,0.07400758133862777,0.07395377427673314,0.07371432313156971,-0.5380706189463125,-2.9325820705805583
2038-08-20,2038-09-17,12.094444444444445,0.07401038281753948,0.07395377427673028,0.07372519167257689,-0.5660854080920263,-2.851911449625877
2038-08-27,2038-09-24,12.113888888888889,0.07401314152717735,0.07395377427672743,0.07373606022272249,-0.5936725044991542,-2.7708130445486256
2038-09-03,2038-10-01,12.133333333333333,0.07401585768841043,0.07395377427673028,0.07374692878200076,-0.6208341168015274,-2.6892890640967115
2038-09-10,2038-10-08,12.152777777777779,0.0740185315215596,0.07395377427672743,0.07375779735041745,-0.6475724483216705,-2.6073417114215456
2038-09-17,2038-10-15,12.172222222222222,0.0740211632464205,0.07395377427672743,0.07376866592796683,-0.6738896969306352,-2.524973184536705
2038-09-24,2038-10-22,12.191666666666666,0.07402375308225485,0.07395377427673028,0.07377953451465175,-0.6997880552457592,-2.4421856760310776
2038-10-01,2038-10-29,12.21111111111111,0.074026301247782,0.07395377427673028,0.07379040311047223,-0.7252697105172845,-2.3589813730977296
2038-10-08,2038-11-05,12.230555555555556,0.07402880796116744,0.07395377427673028,0.0738012717154254,-0.7503368443716185,-2.2753624574203823
2038-10-15,2038-11-12,12.25,0.07403127344005705,0.07395377427672743,0.07381214032951983,-0.7749916332962237,-2.191331105372285
2038-10-22,2038-11-19,12.269444444444444,0.07403369790152294,0.07395377427673028,0.07382300895274696,-0.7992362479265769,-2.1068894877597497
2038-10-29,2038-11-26,12.28888888888889,0.07403608156209472,0.07395377427672743,0.07383387758510393,-0.8230728536728904,-2.0220397699079182
2038-11-05,2038-12-03,12.308333333333334,0.07403842463776249,0.07395377427673028,0.07384474622660214,-0.8465036103220969,-1.9367841116034457
2038-11-12,2038-12-10,12.327777777777778,0.0740407273439368,0.07395377427673028,0.07385561487723022,-0.8695306720651885,-1.8511246670657733
2038-11-19,2038-12-17,12.347222222222221,0.07404298989549433,0.07395377427673314,0.07386648353699954,-0.8921561876119866,-1.7650635849479623
2038-11-26,2038-12-24,12.366666666666667,0.0740452125067294,0.07395377427673028,0.07387735220590441,-0.9143822999911622,-1.6786030082498182
2038-12-03,2038-12-31,12.386111111111111,0.07404739539138243,0.07395377427672743,0.07388822088393912,-0.936211146549959,-1.5917450744330763
2038-12-10,2039-01-07,12.405555555555555,0.0740495387626429,0.07395377427672743,0.07389908957111224,-0.9576448591547271,-1.5044919153066327
2038-12-17,2039-01-14,12.425,0.07405164283310363,0.07395377427672743,0.07390995826741806,-0.9786855637619607,-1.4168456568557086
2038-12-24,2039-01-21,12.444444444444445,0.07405370781481212,0.07395377427672743,0.07392082697285941,-0.9993353808468441,-1.3288084195270389
2038-12-31,2039-01-28,12.463888888888889,0.07405573391923635,0.07395377427673028,0.07393169568743918,-1.019596425060748,-1.2403823179717166
2039-01-07,2039-02-04,12.483333333333333,0.07405772135727334,0.07395377427673028,0.07394256441115449,-1.0394708054306534,-1.1515694611885507
2039-01-14,2039-02-11,12.502777777777778,0.07405967033922632,0.07395377427672743,0.07395343314400536,-1.0589606249888917,-1.0623719522095953
2039-01-21,2039-02-18,12.522222222222222,0.07406158107485318,0.07395377427672743,0.07396430188598892,-1.07806798125748,-0.9727918886426323
2039-01-28,2039-02-25,12.541666666666666,0.07406345377330663,0.07395377427672743,0.07397517063710803,-1.0967949657919585,-0.8828313619860251
2039-02-04,2039-03-04,12.561111111111112,0.07406528864316268,0.07395377427673028,0.07398603939736269,-1.115143664324053,-0.7924924579999493
2039-02-11,2039-03-11,12.580555555555556,0.07406708589242639,0.07395377427673028,0.07399690816675003,-1.1331161569611004,-0.7017772567635694
2039-02-18,2039-03-18,12.6,0.07406884572849469,0.07395377427673028,0.0740077769452758,-1.1507145176441191,-0.6106878321888998
2039-02-25,2039-03-25,12.619444444444444,0.07407056835820214,0.07395377427673028,0.07401864573293995,-1.1679408147186043,-0.5192262526218516
2039-03-04,2039-04-01,12.63888888888889,0.07407225398777234,0.07395377427672743,0.07402951452973396,-1.1847971104490818,-0.4273945803838497
2039-03-11,2039-04-08,12.658333333333333,0.07407390282285224,0.07395377427672743,0.07404038333566636,-1.2012854612480917,-0.335194871858846
2039-03-18,2039-04-15,12.677777777777777,0.07407551506850352,0.07395377427673028,0.07405125215073431,-1.2174079177323938,-0.24262917769204972
2039-03-25,2039-04-22,12.697222222222223,0.07407709092916262,0.07395377427672743,0.07406212097493212,-1.2331665243518752,-0.14969954230503735
2039-04-01,2039-04-29,12.716666666666667,0.07407863060870934,0.07395377427673028,0.07407298980827402,-1.2485633197906187,-0.05640800435316451
2039-04-08,2039-05-06,12.73611111111111,0.07408013431040107,0.07395377427673028,0.07408385865074862,-1.263600336707943,0.03724340347552313
2039-04-15,2039-05-13,12.755555555555556,0.07408160223690428,0.07395377427672743,0.07409472750235878,-1.2782796017685172,0.1312526545449444
2039-04-22,2039-05-20,12.775,0.07408303459028875,0.07395377427672743,0.07410559636310163,-1.2926031356132184,0.22561772812873526
2039-04-29,2039-05-27,12.794444444444444,0.07408443157201333,0.07395377427673028,0.07411646523298002,-1.3065729528305425,0.3203366096668492
2039-05-06,2039-06-03,12.813888888888888,0.0740857933829545,0.07395377427673028,0.07412733411199396,-1.3201910622422097,0.4154072903946038
2039-05-13,2039-06-10,12.833333333333334,0.0740871202233549,0.07395377427673028,0.07413820300014345,-1.3334594662461896,0.5108277678855799
2039-05-20,2039-06-17,12.852777777777778,0.07408841229288626,0.07395377427673028,0.0741490718974285,-1.346380161559857,0.6065960454224029
2039-05-27,2039-06-24,12.872222222222222,0.07408966979058652,0.07395377427673028,0.0741599408038491,-1.358955138562462,0.7027101326258223
2039-06-03,2039-07-01,12.891666666666667,0.07409089291489122,0.07395377427673028,0.07417080971940525,-1.3711863816094627,0.7991680451402416
2039-06-10,2039-07-08,12.911111111111111,0.0740920818636421,0.07395377427672743,0.07418167864409694,-1.3830758691467382,0.8959678045483699
2039-06-17,2039-07-15,12.930555555555555,0.07409323683405855,0.07395377427673028,0.07419254757792704,-1.3946255732827373,0.9931074386848593
2039-06-24,2039-07-22,12.95,0.07409435802275187,0.07395377427673028,0.07420341652088983,-1.405837460215914,1.0905849813795665
2039-07-01,2039-07-29,12.969444444444445,0.07409544562571384,0.07395377427672743,0.07421428547298531,-1.416713489864052,1.1883984727147079
2039-07-08,2039-08-05,12.988888888888889,0.07409649983833676,0.07395377427673028,0.07422515443422206,-1.4272556160647987,1.2865459588530526
2039-07-15,2039-08-12,13.008333333333333,0.07409752085539337,0.07395377427673028,0.0742360234045915,-1.4374657866308982,1.385025491981301
2039-07-22,2039-08-19,13.027777777777779,0.0740985088710341,0.07395377427672743,0.07424689238409649,-1.447345943066669,1.4838351306238617
2039-07-29,2039-08-26,13.047222222222222,0.07409946407881268,0.07395377427673028,0.07425776137273703,-1.456898020824049,1.5829729392434488
2039-08-05,2039-09-02,13.066666666666666,0.07410038667164624,0.07395377427673028,0.07426863037051312,-1.4661239491596534,1.682436988668795
2039-08-12,2039-09-09,13.08611111111111,0.07410127684183523,0.07395377427673028,0.0742794993774219,-1.4750256510495663,1.78222535586664
2039-08-19,2039-09-16,13.105555555555556,0.07410213478107774,0.07395377427673028,0.07429036839346909,-1.4836050434746673,1.8823361239134195
2039-08-26,2039-09-23,13.125,0.07410296068043808,0.07395377427672743,0.07430123741864897,-1.4918640371064384,1.9827673821089242
2039-09-02,2039-09-30,13.144444444444444,0.07410375473036673,0.07395377427672743,0.07431210645296726,-1.4998045363930068,2.0835172260053048
2039-09-09,2039-10-07,13.16388888888889,0.07410451712070332,0.07395377427673028,0.07432297549642396,-1.507428439730396,2.184583757206399
2039-09-16,2039-10-14,13.183333333333334,0.07410524804063932,0.07395377427673028,0.07433384454901334,-1.5147376390904632,2.2859650837402103
2039-09-23,2039-10-21,13.202777777777778,0.07410594767877246,0.07395377427673028,0.07434471361073541,-1.5217340204218277,2.3876593196295315
2039-09-30,2039-10-28,13.222222222222221,0.07410661622306096,0.07395377427673028,0.07435558268159591,-1.5284194633068127,2.4896645853494936
2039-10-07,2039-11-04,13.241666666666667,0.07410725386084353,0.07395377427673028,0.07436645176159194,-1.534795841132558,2.591979007484091
2039-10-14,2039-11-11,13.261111111111111,0.07410786077884511,0.07395377427672743,0.07437732085072352,-1.540865021176785,2.6946007187840513
2039-10-21,2039-11-18,13.280555555555555,0.0741084371631511,0.07395377427672743,0.07438818994899066,-1.5466288642367043,2.797527858395543
2039-10-28,2039-11-25,13.3,0.07410898319923317,0.07395377427673028,0.07439905905639334,-1.5520892250289742,2.9007585716016306
2039-11-04,2039-12-02,13.319444444444445,0.07410949907193201,0.07395377427672743,0.07440992817293157,-1.5572479520457871,3.0042910099956077
2039-11-11,2039-12-09,13.338888888888889,0.07410998496546599,0.07395377427673028,0.07442079729860535,-1.562106887357112,3.1081233313935694
2039-11-18,2039-12-16,13.358333333333333,0.0741104410634311,0.07395377427673028,0.07443166643341469,-1.5666678670082923,3.2122536998357987
2039-11-25,2039-12-23,13.377777777777778,0.07411086754878957,0.07395377427672743,0.07444253557735671,-1.5709327206213375,3.3166802856714197
2039-12-02,2039-12-30,13.397222222222222,0.07411126460387266,0.07395377427673028,0.07445340473043999,-1.5749032714237887,3.4214012656733073
2039-12-09,2040-01-06,13.416666666666666,0.07411163241040931,0.07395377427672743,0.07446427389265883,-1.5785813368188184,3.5264148224951883
2039-12-16,2040-01-13,13.436111111111112,0.07411197114946612,0.07395377427673028,0.0744751430640132,-1.5819687273584127,3.6317191454708633
2039-12-23,2040-01-20,13.455555555555556,0.074112281001513,0.07395377427673028,0.07448601224450029,-1.5850672478272265,3.737312429872852
2039-12-30,2040-01-27,13.475,0.07411256214637182,0.07395377427673028,0.07449688143412006,-1.5878786964154679,3.84319287748236
2040-01-06,2040-02-03,13.494444444444444,0.07411281476325066,0.07395377427673028,0.07450775063287823,-1.5904048652037872,3.949358696275773
2040-01-13,2040-02-10,13.51388888888889,0.07411303903071241,0.07395377427672743,0.07451861984077482,-1.5926475398497786,4.055808100624087
2040-01-20,2040-02-17,13.533333333333333,0.07411323512671185,0.07395377427673028,0.07452948905780124,-1.594608499815714,4.162539310893915
2040-01-27,2040-02-24,13.552777777777777,0.07411340322856429,0.07395377427673028,0.07454035828397178,-1.5962895183400938,4.2695505540749075
2040-02-03,2040-03-02,13.572222222222223,0.0741135435129541,0.07395377427673028,0.07455122751927501,-1.5976923622382233,4.376840063209098
2040-02-10,2040-03-09,13.591666666666667,0.07411365615594617,0.07395377427673028,0.07456209676371094,-1.5988187921589514,4.484406077647635
2040-02-17,2040-03-16,13.61111111111111,0.07411374133296304,0.07395377427672743,0.07457296601728526,-1.5996705623561036,4.592246843222181
2040-02-24,2040-03-23,13.630555555555556,0.07411379921881915,0.07395377427673028,0.07458383527999514,-1.6002494208887386,4.70036061175988
2040-03-02,2040-03-30,13.65,0.07411382998767518,0.07395377427672743,0.07459470455183771,-1.6005571094775128,4.808745641625284
2040-03-09,2040-04-06,13.669444444444444,0.07411383381308946,0.07395377427672743,0.07460557383281584,-1.600595363620283,4.9174001972637775
2040-03-16,2040-04-13,13.688888888888888,0.07411381086797222,0.07395377427673028,0.07461644312293522,-1.6003659124194658,5.02632254962998
2040-03-23,2040-04-20,13.708333333333334,0.07411376132460853,0.07395377427673028,0.07462731242218729,-1.5998704787825724,5.135510975787517
2040-03-30,2040-04-27,13.727777777777778,0.0741136853546582,0.07395377427673028,0.07463818173057492,-1.599110779279267,5.244963759167137
2040-04-06,2040-05-04,13.747222222222222,0.07411358312915299,0.07395377427673028,0.07464905104809809,-1.5980885242271314,5.354679189450984
2040-04-13,2040-05-11,13.766666666666667,0.07411345481850518,0.07395377427673028,0.07465992037475681,-1.596805417748981,5.46465556251638
2040-04-20,2040-05-18,13.786111111111111,0.07411330059248465,0.07395377427672743,0.07467078971055395,-1.595263157572191,5.574891180692987
2040-04-27,2040-05-25,13.805555555555555,0.07411312062023326,0.07395377427673028,0.07468165905548091,-1.5934634350298071,5.6853843524765075
2040-05-04,2040-06-01,13.825,0.0741129150702762,0.07395377427673028,0.074692528409552,-1.5914079354592547,5.796133392757946
2040-05-11,2040-06-08,13.844444444444445,0.0741126841105049,0.07395377427672743,0.07470339777275292,-1.5890983377746248,5.9071366224802695
2040-05-18,2040-06-15,13.863888888888889,0.07411242790817983,0.07395377427673028,0.07471426714509224,-1.5865363144955402,6.018392369124132
2040-05-25,2040-06-22,13.883333333333333,0.0741121466299477,0.07395377427672743,0.07472513652656712,-1.5837235322026244,6.129898966194258
2040-06-01,2040-06-29,13.902777777777779,0.07411184044182141,0.07395377427672743,0.07473600591717755,-1.5806616509397853,6.241654753561393
2040-06-08,2040-07-06,13.922222222222222,0.07411150950917156,0.07395377427673028,0.07474687531692067,-1.5773523244128063,6.353658077491165
2040-06-15,2040-07-13,13.941666666666666,0.0741111539967749,0.07395377427673028,0.0747577447258022,-1.573797200446203,6.465907290272993
2040-06-22,2040-07-20,13.96111111111111,0.07411077406876013,0.07395377427673028,0.07476861414382212,-1.5699979202984937,6.578400750619911
2040-06-29,2040-07-27,13.980555555555556,0.07411036988862506,0.07395377427672743,0.0747794835709776,-1.5659561189762528,6.6911368235254844
2040-07-06,2040-08-03,14.0,0.07410994161927079,0.07395377427673028,0.07479035300726863,-1.5616734254050857,6.8041138799784795
2040-07-13,2040-08-10,14.019444444444444,0.0741094894229504,0.07395377427673028,0.07480122245269236,-1.5571514622012006,6.917330297419588
2040-07-20,2040-08-17,14.03888888888889,0.07410901346129745,0.07395377427672743,0.07481209190725448,-1.552391845700135,7.03078445957031
2040-07-27,2040-08-24,14.058333333333334,0.07410851389532315,0.07395377427673028,0.07482296137095215,-1.5473961859287233,7.144474756290014
2040-08-03,2040-08-31,14.077777777777778,0.07410799088542205,0.07395377427673028,0.07483383084378252,-1.5421660869177622,7.258399583604663
2040-08-10,2040-09-07,14.097222222222221,0.07410744459135207,0.07395377427673028,0.07484470032575416,-1.5367031462179548,7.372557344020869
2040-08-17,2040-09-14,14.116666666666667,0.0741068751722659,0.07395377427673028,0.07485556981685848,-1.5310089553562112,7.486946445925819
2040-08-24,2040-09-21,14.136111111111111,0.07410628278668817,0.07395377427672743,0.07486643931709835,-1.5250850996073595,7.601565304101859
2040-08-31,2040-09-28,14.155555555555555,0.07410566759250971,0.07395377427673028,0.07487730882647378,-1.5189331577943055,7.716412339640738
2040-09-07,2040-10-05,14.175,0.07410502974701899,0.07395377427672743,0.07488817834499045,-1.5125547029155861,7.831485979714614
2040-09-14,2040-10-12,14.194444444444445,0.07410436940687642,0.07395377427673314,0.07489904787263413,-1.505951301432884,7.946784657577033
2040-09-21,2040-10-19,14.213888888888889,0.07410368672812861,0.07395377427673028,0.0749099174094219,-1.4991245139833742,8.062306812932906
2040-09-28,2040-10-26,14.233333333333333,0.07410298186618837,0.07395377427673028,0.07492078695534524,-1.4920758945809187,8.178050891568672
2040-10-05,2040-11-02,14.252777777777778,0.07410225497587472,0.07395377427673028,0.0749316565103984,-1.4848069914444317,8.294015345236827
2040-10-12,2040-11-09,14.272222222222222,0.07410150621135861,0.07395377427672743,0.07494252607459284,-1.4773193463117618,8.410198632342325
2040-10-19,2040-11-16,14.291666666666666,0.07410073572622863,0.07395377427673028,0.07495339564792568,-1.4696144949835621,8.526599216970437
2040-10-26,2040-11-23,14.311111111111112,0.07409994367343385,0.07395377427673028,0.07496426523038263,-1.4616939670357432,8.6432155694878
2040-11-02,2040-11-30,14.330555555555556,0.07409913020531242,0.07395377427673028,0.07497513482198657,-1.4535592858214152,8.760046166741558
2040-11-09,2040-12-07,14.35,0.07409829547359438,0.07395377427672743,0.07498600442272606,-1.4452119686694798,8.87708949131677
2040-11-16,2040-12-14,14.369444444444444,0.07409743962937602,0.07395377427673314,0.07499687403259538,-1.4366535264288827,8.994344032193514
2040-11-23,2040-12-21,14.38888888888889,0.0740965628231741,0.07395377427672743,0.07500774365160881,-1.427885464466705,9.111808284347072
2040-11-30,2040-12-28,14.408333333333333,0.07409566520486299,0.07395377427672743,0.0750186132797521,-1.4189092813556015,9.229480748891017
2040-12-07,2041-01-04,14.427777777777777,0.07409474692371758,0.07395377427672743,0.07502948291703092,-1.4097264699014511,9.347359933133404
2040-12-14,2041-01-11,14.447222222222223,0.07409380812840752,0.07395377427672743,0.075040352563451,-1.400338516800853,9.46544435043481
2040-12-21,2041-01-18,14.466666666666667,0.07409284896697724,0.07395377427673028,0.07505122221900093,-1.3907469024695973,9.583732520236921
2040-12-28,2041-01-25,14.48611111111111,0.0740918695868688,0.07395377427673314,0.07506209188368926,-1.3809531013565801,9.702222968204637
2041-01-04,2041-02-01,14.505555555555556,0.0740908701349333,0.07395377427673314,0.07507296155751313,-1.3709585820016745,9.820914225798226
2041-01-11,2041-02-08,14.525,0.07408985075737094,0.07395377427672743,0.07508383124047541,-1.3607648064350997,9.939804831044647
2041-01-18,2041-02-15,14.544444444444444,0.07408881159982807,0.07395377427673028,0.0750947009325761,-1.3503732309778915,10.058893327480334
2041-01-25,2041-02-22,14.563888888888888,0.07408775280730584,0.07395377427672743,0.07510557063380949,-1.3397853057840747,10.178178265036475
2041-02-01,2041-03-01,14.583333333333334,0.0740866745242116,0.07395377427672743,0.07511644034417841,-1.329002474841634,10.297658199668186
2041-02-08,2041-03-08,14.602777777777778,0.07408557689435602,0.07395377427672743,0.07512731006368575,-1.3180261762858747,10.417331693297339
2041-02-15,2041-03-15,14.622222222222222,0.07408446006093314,0.07395377427672743,0.07513817979232293,-1.3068578420570576,10.537197313897906
2041-02-22,2041-03-22,14.641666666666667,0.07408332416654886,0.07395377427672743,0.07514904953010136,-1.2954988982143145,10.657253635524972
2041-03-01,2041-03-29,14.661111111111111,0.07408216935320391,0.07395377427672743,0.07515991927701819,-1.283950764764813,10.777499238142779
2041-03-08,2041-04-05,14.680555555555555,0.07408099576228803,0.07395377427672743,0.07517078903306773,-1.2722148556060242,10.89793270779696
2041-03-15,2041-04-12,14.7,0.07407980353460575,0.07395377427673314,0.07518165879825853,-1.2602925787261188,11.01855263652779
2041-03-22,2041-04-19,14.719444444444445,0.0740785928103506,0.07395377427673314,0.07519252857257916,-1.2481853361746842,11.139357622285544
2041-03-29,2041-04-26,14.738888888888889,0.07407736372911954,0.07395377427673314,0.07520339835603533,-1.2358945238639951,11.26034626915795
2041-04-05,2041-05-03,14.758333333333333,0.07407611642992704,0.07395377427673028,0.07521426814863277,-1.2234215319675834,11.381517187057376
2041-04-12,2041-05-10,14.777777777777779,0.07407485105117953,0.07395377427672743,0.07522513795036291,-1.2107677445209741,11.50286899183381
2041-04-19,2041-05-17,14.797222222222222,0.07407356773068965,0.07395377427672743,0.07523600776122574,-1.1979345396222196,11.624400305360883
2041-04-26,2041-05-24,14.816666666666666,0.07407226660568764,0.07395377427672743,0.07524687758123554,-1.1849232896020412,11.74610975547899
2041-05-03,2041-05-31,14.83611111111111,0.07407094781278417,0.07395377427673028,0.07525774741037804,-1.1717353605389391,11.867995975938655
2041-05-10,2041-06-07,14.855555555555556,0.07406961148803047,0.07395377427673028,0.07526861724865036,-1.158372113001932,11.990057606198896
2041-05-17,2041-06-14,14.875,0.07406825776686102,0.07395377427672743,0.07527948709606395,-1.1448349013358505,12.112293292029369
2041-05-24,2041-06-21,14.894444444444444,0.07406688678414224,0.07395377427673028,0.07529035695261024,-1.1311250741195822,12.234701684680077
2041-05-31,2041-06-28,14.91388888888889,0.07406549867413816,0.07395377427673028,0.07530122681828923,-1.1172439740787798,12.357281441510715
2041-06-07,2041-07-05,14.933333333333334,0.0740640935705247,0.07395377427673028,0.07531209669311803,-1.1031929379441696,12.480031225933358
2041-06-14,2041-07-12,14.952777777777778,0.07406267160641253,0.07395377427673028,0.07532296657707668,-1.088973296822504,12.602949706641553
2041-06-21,2041-07-19,14.972222222222221,0.07406123291429566,0.07395377427673314,0.07533383647016802,-1.0745863756252139,12.726035558723591
2041-06-28,2041-07-26,14.991666666666667,0.07405977762610855,0.07395377427673028,0.07534470637239776,-1.0600334937826972,12.849287462892157
2041-07-05,2041-08-02,15.011111111111111,0.07405830587319187,0.07395377427672743,0.0753555762837602,-1.0453159646443833,12.972704105683325
2041-07-12,2041-08-09,15.030555555555555,0.07405681778630102,0.07395377427673314,0.07536644620426675,-1.03043509567885,13.096284179657246
2041-07-19,2041-08-16,15.05,0.074055313495629,0.07395377427672743,0.075377316133906,-1.0153921890156126,13.220026382770033
2041-07-26,2041-08-23,15.069444444444445,0.07405379313076642,0.07395377427672743,0.07538818607268365,-1.000188540389857,13.343929419172284
2041-08-02,2041-08-30,15.088888888888889,0.0740522568207415,0.07395377427673028,0.07539905602059399,-0.9848254401122192,13.467991998524914
2041-08-09,2041-09-06,15.108333333333333,0.07405070469400009,0.07395377427672743,0.07540992597763989,-0.9693041727265594,13.592212836397998
2041-08-16,2041-09-13,15.127777777777778,0.07404913687840274,0.07395377427673028,0.0754207959438242,-0.9536260167246347,13.716590654214572
2041-08-23,2041-09-20,15.147222222222222,0.07404755350126477,0.07395377427672743,0.07543166591914119,-0.9377922453733534,13.841124178764208
2041-08-30,2041-09-27,15.166666666666666,0.07404595468928767,0.07390369463555345,0.07486461575864269,-1.4226005373421668,8.1866106935502
2041-09-06,2041-10-04,15.186111111111112,0.07404434056863053,0.07385361518833003,0.07429611627298144,-1.9072538030050212,2.517757043509067
2041-09-13,2041-10-11,15.205555555555556,0.07404271126487291,0.07380353593505148,0.07372616765548282,-2.391753298214283,-3.165436093900964
2041-09-20,2041-10-18,15.225,0.0740410669030148,0.07375345687572349,0.07315477009996606,-2.876100272913157,-8.862968030487473
2041-09-27,2041-10-25,15.244444444444444,0.07403940760750524,0.07375345687572635,0.07315974193417896,-2.859507317788945,-8.796656733262854
2041-10-04,2041-11-01,15.26388888888889,0.07403773350221655,0.07375345687572349,0.0731647137702932,-2.842766264930657,-8.730197319233579
2041-10-11,2041-11-08,15.283333333333333,0.07403604471044442,0.07375345687572064,0.0731696856083259,-2.8258783472377704,-8.66359102118519
2041-10-18,2041-11-15,15.302777777777777,0.07403434135494205,0.07375345687572064,0.07317465744827135,-2.808844792214077,-8.596839066706968
2041-10-25,2041-11-22,15.322222222222223,0.07403262355787746,0.07375345687572064,0.07317962929011529,-2.7916668215681453,-8.529942677621694
2041-11-01,2041-11-29,15.341666666666667,0.07403089144086764,0.07375345687572349,0.07318460113388627,-2.7743456514414677,-8.462903069813704
2041-11-08,2041-12-06,15.36111111111111,0.07402914512497004,0.07375345687572349,0.07318957297956429,-2.7568824924655013,-8.395721454057536
2041-11-15,2041-12-13,15.380555555555556,0.07402738473067684,0.07375345687572064,0.07319454482715505,-2.739278549561963,-8.32839903521787
2041-11-22,2041-12-20,15.4,0.07402561037791783,0.07375345687571778,0.07319951667665858,-2.7215350220004266,-8.26093701259245
2041-11-29,2041-12-27,15.419444444444444,0.07402382218608038,0.07375345687572349,0.07320448852806916,-2.7036531035688762,-8.193336580112204
2041-12-06,2042-01-03,15.438888888888888,0.07402202027398085,0.07375345687572635,0.0732094603813982,-2.6856339825449824,-8.12559892582651
2041-12-13,2042-01-10,15.458333333333334,0.07402020475988179,0.07375345687572349,0.07321443223663142,-2.667478841582999,-8.0577252325037
2041-12-20,2042-01-17,15.477777777777778,0.07401837576150617,0.07375345687572349,0.07321940409378026,-2.6491888578268616,-7.989716677259118
2041-12-27,2042-01-24,15.497222222222222,0.07401653339600316,0.07375345687572064,0.07322437595284186,-2.630765202825125,-7.92157443161301
2042-01-03,2042-01-31,15.516666666666667,0.0740146777800023,0.07375345687572349,0.07322934781381335,-2.612209042788111,-7.853299661889496
2042-01-10,2042-02-07,15.536111111111111,0.07401280902955364,0.07375345687572349,0.0732343196766919,-2.5935215383014745,-7.7848935286173315
2042-01-17,2042-02-14,15.555555555555555,0.0740109272601676,0.07375345687572349,0.07323929154149461,-2.574703844441112,-7.716357186729889
2042-01-24,2042-02-21,15.575,0.07400903258682082,0.07375345687572349,0.07324426340819867,-2.555757110973278,-7.647691786221433
2042-01-31,2042-02-28,15.594444444444445,0.07400712512391605,0.07375345687572064,0.07324923527681548,-2.536682481954072,-7.5788984710056795
2042-02-07,2042-03-07,15.613888888888889,0.0740052049853479,0.07375345687572064,0.0732542071473479,-2.5174810962726166,-7.50997838000006
2042-02-14,2042-03-14,15.633333333333333,0.07400327228444287,0.07375345687572349,0.07325917901978737,-2.4981540871937824,-7.440932646554932
2042-02-21,2042-03-21,15.652777777777779,0.07400132713399644,0.07375345687572064,0.0732641508941453,-2.478702582758008,-7.37176239851145
2042-02-28,2042-03-28,15.672222222222222,0.07399936964626454,0.07375345687572064,0.07326912277040742,-2.459127705438935,-7.302468758571129
2042-03-07,2042-04-04,15.691666666666666,0.07399739993294922,0.07375345687572349,0.07327409464858516,-2.4394305722573453,-7.2330528436406745
2042-03-14,2042-04-11,15.71111111111111,0.07399541810524443,0.07375345687572635,0.0732790665286785,-2.4196122951808396,-7.163515765659378
2042-03-21,2042-04-18,15.730555555555556,0.07399342427377878,0.07375345687572349,0.07328403841067603,-2.3996739805529077,-7.093858631027489
2042-03-28,2042-04-25,15.75,0.07399141854866421,0.07375345687572064,0.07328901029459203,-2.3796167294357073,-7.024082540721816
2042-04-04,2042-05-02,15.769444444444444,0.07398940103947022,0.07375345687571778,0.07329398218041794,-2.3594416375243012,-6.95418859052277
2042-04-11,2042-05-09,15.78888888888889,0.07398737185524386,0.07375345687571778,0.07329895406814803,-2.339149795260731,-6.884177870958297
2042-04-18,2042-05-16,15.808333333333334,0.07398533110449261,0.07375345687572349,0.07330392595779658,-2.318742287691217,-6.814051466960263
2042-04-25,2042-05-23,15.827777777777778,0.07398327889520154,0.07375345687572349,0.0733088978493579,-2.298220194780487,-6.743810458436361
2042-05-02,2042-05-30,15.847222222222221,0.07398121533482753,0.07375345687572635,0.07331386974282626,-2.2775845910118218,-6.673455920012672
2042-05-09,2042-06-06,15.866666666666667,0.07397914053029078,0.07375345687572064,0.07331884163821309,-2.2568365457013853,-6.602988920776931
2042-05-16,2042-06-13,15.886111111111111,0.07397705458800331,0.07375345687572064,0.0733238135355041,-2.2359771228266934,-6.532410524992121
2042-05-23,2042-06-20,15.905555555555555,0.07397495761384613,0.07375345687572064,0.07332878543471358,-2.2150073812549076,-6.461721791325564
2042-05-30,2042-06-27,15.925,0.07397284971318069,0.07375345687571778,0.07333375733583582,-2.193928374629034,-6.390923773448715
2042-06-06,2042-07-04,15.944444444444445,0.07397073099084311,0.07375345687572349,0.07333872923886224,-2.1727411511962558,-6.320017519808735
2042-06-13,2042-07-11,15.963888888888889,0.07396860155114997,0.07375345687572349,0.07334370114381285,-2.151446754264791,-6.2490040733712
2042-06-20,2042-07-18,15.983333333333333,0.07396646149790678,0.07375345687572349,0.07334867305065622,-2.1300462218329375,-6.1778844725056405
2042-06-27,2042-07-25,16.002777777777776,0.07396431093440237,0.07375345687572635,0.07335364495942377,-2.108540586760188,-6.106659749785942
2042-07-04,2042-08-01,16.022222222222222,0.07396214996340308,0.07375345687572635,0.07335861687010123,-2.0869308767673678,-6.035330933018557
2042-07-11,2042-08-08,16.041666666666668,0.07395997868717284,0.07375345687571778,0.07336358878268287,-2.065218114550571,-5.963899044899717
2042-07-18,2042-08-15,16.06111111111111,0.07395779720746168,0.07375345687572064,0.07336856069719154,-2.0434033174103474,-5.892365102701386
2042-07-25,2042-08-22,16.080555555555556,0.07395560562549434,0.07375345687572064,0.0733735326136044,-2.0214874977370068,-5.8207301188994975
2042-08-01,2042-08-29,16.1,0.0739534040420017,0.07375345687572064,0.07337850453192717,-1.9994716628105036,-5.7489951007452795
2042-08-08,2042-09-05,16.119444444444444,0.07395119255721783,0.07375345687572349,0.07338347645216553,-1.9773568149433762,-5.677161050522961
2042-08-15,2042-09-12,16.13888888888889,0.07394897127084013,0.07375345687572064,0.07338844837430811,-1.9551439511948654,-5.60522896532023
2042-08-22,2042-09-19,16.158333333333335,0.07394674028209496,0.07375345687572064,0.07339342029836628,-1.9328340637431163,-5.533199837286784
2042-08-29,2042-09-26,16.177777777777777,0.07394449968967479,0.07375345687572064,0.07339839222434007,-1.9104281395414258,-5.461074653347192
2042-09-05,2042-10-03,16.197222222222223,0.07394224959179249,0.07375345687572064,0.0734033641522209,-1.8879271607184778,-5.388854395715903
2042-09-12,2042-10-10,16.216666666666665,0.07393999008615275,0.07375345687572349,0.07340833608202019,-1.8653321042925997,-5.316540041325618
2042-09-19,2042-10-17,16.23611111111111,0.07393772126994927,0.07375345687572349,0.07341330801372939,-1.8426439422578045,-5.2441325621988
2042-09-26,2042-10-24,16.255555555555556,0.07393544323991609,0.07375345687572349,0.07341827994733993,-1.8198636419260172,-5.171632925761588
2042-10-03,2042-10-31,16.275,0.07393315609225054,0.07375345687572064,0.07342325188287178,-1.7969921652989662,-5.099042093787559
2042-10-10,2042-11-07,16.294444444444444,0.07393085992267892,0.07375345687572349,0.07342822382031639,-1.7740304695543219,-5.026361023625359
2042-10-17,2042-11-14,16.31388888888889,0.07392855482642219,0.07375345687572064,0.07343319575966234,-1.7509795070154432,-4.953590667598484
2042-10-24,2042-11-21,16.333333333333332,0.07392624089822743,0.07375345687572349,0.07343816770093531,-1.7278402250393843,-4.880731972921187
2042-10-31,2042-11-28,16.352777777777778,0.07392391823233067,0.07375345687572635,0.07344313964411248,-1.7046135660432615,-4.8077858821819754
2042-11-07,2042-12-05,16.372222222222224,0.0739215869224912,0.07375345687572064,0.0734481115891967,-1.681300467705621,-4.734753332945041
2042-11-14,2042-12-12,16.391666666666666,0.07391924706200298,0.07375345687572349,0.07345308353620222,-1.6579018627949083,-4.661635258007557
2042-11-21,2042-12-19,16.41111111111111,0.07391689874361466,0.07375345687571778,0.07345805548510624,-1.6344186789687964,-4.5884325850842345
2042-11-28,2042-12-26,16.430555555555557,0.07391454205964955,0.07375345687571778,0.07346302743593729,-1.6108518393176396,-4.515146237122625
2042-12-05,2043-01-02,16.45,0.07391217710193418,0.07375345687572349,0.07346799938866967,-1.5872022621069015,-4.441777132645069
2042-12-12,2043-01-09,16.469444444444445,0.07390980396178407,0.07375345687572064,0.07347297134331766,-1.563470860634214,-4.368326184664012
2042-12-19,2043-01-16,16.488888888888887,0.07390742273009224,0.07375345687572349,0.07347794329988126,-1.5396585436874832,-4.294794302109745
2042-12-26,2043-01-23,16.508333333333333,0.07390503349721783,0.07375345687572635,0.07348291525835192,-1.5157662149148377,-4.221182388659122
2043-01-02,2043-01-30,16.52777777777778,0.0739026363530718,0.07375345687572064,0.07348788721873532,-1.4917947735115789,-4.147491343364784
2043-01-09,2043-02-06,16.54722222222222,0.07390023138709687,0.07375345687572064,0.07349285918103148,-1.4677451137622144,-4.073722060653901
2043-01-16,2043-02-13,16.566666666666666,0.07389781868823901,0.07375345687572064,0.07349783114523754,-1.4436181251836766,-3.9998754300146766
2043-01-23,2043-02-20,16.586111111111112,0.07389539834498463,0.07375345687571778,0.0735028031113478,-1.4194146926684026,-3.925952336368277
2043-01-30,2043-02-27,16.605555555555554,0.07389297044535757,0.07375345687572349,0.07350777507938222,-1.395135696340838,-3.851953659753521
2043-02-06,2043-03-06,16.625,0.07389053507691067,0.07375345687572635,0.07351274704932369,-1.3707820118431802,-3.7778802758697827
2043-02-13,2043-03-13,16.644444444444446,0.07388809232670283,0.07375345687572349,0.07351771902117507,-1.3463545097934515,-3.70373305527763
2043-02-20,2043-03-20,16.663888888888888,0.07388564228137337,0.07375345687572064,0.07352269099494205,-1.3218540565272663,-3.6295128643132335
2043-02-27,2043-03-27,16.683333333333334,0.07388318502706191,0.07375345687572349,0.07352766297061894,-1.2972815133842353,-3.555220564429723
2043-03-06,2043-04-03,16.70277777777778,0.07388072064944565,0.07375345687572064,0.07353263494820286,-1.272637737250032,-3.4808570124278404
2043-03-13,2043-04-10,16.72222222222222,0.0738782492337764,0.07375345687572064,0.07353760692771097,-1.2479235805575029,-3.406423060654251
2043-03-20,2043-04-17,16.741666666666667,0.07387577086480634,0.07375345687572349,0.07354257890912042,-1.2231398908285618,-3.3319195568592974
2043-03-27,2043-04-24,16.761111111111113,0.0738732856268395,0.07375345687572064,0.07354755089244261,-1.1982875111885005,-3.2573473439688474
2043-04-03,2043-05-01,16.780555555555555,0.0738707936037459,0.07375345687572349,0.07355252287768613,-1.173367280224158,-3.1827072605977724
2043-04-10,2043-05-08,16.8,0.07386829487890458,0.07375345687572064,0.07355749486482527,-1.1483800318393134,-3.108000140793071
2043-04-17,2043-05-15,16.819444444444443,0.07386578953526916,0.07375345687572349,0.07356246685388859,-1.1233265954567473,-3.033226813805717
2043-04-24,2043-05-22,16.83888888888889,0.07386327765533368,0.07375345687572064,0.07356743884486182,-1.0982077961303738,-2.9583881047186287
2043-05-01,2043-05-29,16.858333333333334,0.07386075932112966,0.07375345687572064,0.07357241083773923,-1.0730244540901879,-2.883484833904326
2043-05-08,2043-06-05,16.877777777777776,0.07385823461426037,0.07375345687572635,0.07357738283254081,-1.0477773853402594,-2.808517817195627
2043-05-15,2043-06-12,16.897222222222222,0.07385570361586666,0.07375345687572064,0.0735823548292523,-1.022467401460142,-2.7334878661436357
2043-05-22,2043-06-19,16.916666666666668,0.07385316640663536,0.07375345687572064,0.07358732682786227,-0.9970953091471835,-2.658395787730888
2043-05-29,2043-06-26,16.93611111111111,0.0738506230668366,0.07375345687572064,0.07359229882839927,-0.9716619111595215,-2.5832423843732966
2043-06-05,2043-07-03,16.955555555555556,0.07384807367627223,0.07375345687572064,0.0735972708308376,-0.9461680055158905,-2.508028454346334
2043-06-12,2043-07-10,16.975,0.0738455183143102,0.07375345687572349,0.07360224283518299,-0.9206143858671301,-2.432754791272113
2043-06-19,2043-07-17,16.994444444444444,0.07384295705989308,0.07375345687572635,0.0736072148414554,-0.8950018416672978,-2.3574221843768175
2043-06-26,2043-07-24,17.01388888888889,0.07384038999149808,0.07375345687572064,0.07361218684962914,-0.8693311577744056,-2.282031418689434
2043-07-03,2043-07-31,17.033333333333335,0.07383781718718563,0.07375345687571778,0.07361715885972135,-0.8436031146784317,-2.2065832746427647
2043-07-10,2043-08-07,17.052777777777777,0.07383523872457934,0.07375345687572064,0.07362213087172632,-0.8178184885869466,-2.1310785285301446
2043-07-17,2043-08-14,17.072222222222223,0.07383265468084892,0.07375345687571778,0.07362710288563548,-0.791978051311315,-2.05551795213435
2043-07-24,2043-08-21,17.091666666666665,0.07383006513275868,0.07375345687572635,0.0736320749014631,-0.7660825703233176,-1.9799023129557503
2043-07-31,2043-08-28,17.11111111111111,0.07382747015662755,0.07375345687572635,0.07363704691919778,-0.7401328090120285,-1.9042323742976541
2043-08-07,2043-09-04,17.130555555555556,0.07382486982833486,0.07375345687572349,0.07364201893884235,-0.7141295261137159,-1.8285088949250572
2043-08-14,2043-09-11,17.15,0.07382226422337165,0.07375345687572064,0.07364699096040253,-0.6880734765100927,-1.7527326296912227
2043-08-21,2043-09-18,17.169444444444444,0.07381965341675503,0.07375345687572064,0.07365196298387833,-0.6619654103438843,-1.6769043287670482
2043-08-28,2043-09-25,17.18888888888889,0.07381703748309963,0.07375345687571778,0.07365693500925545,-0.6358060738184679,-1.6010247384418141
2043-09-04,2043-10-02,17.208333333333332,0.07381441649660893,0.07375345687572349,0.07366190703655676,-0.609596208854396,-1.5250946005217203
2043-09-11,2043-10-09,17.227777777777778,0.07381179053103537,0.07375345687572635,0.07366687906576797,-0.5833365530902301,-1.449114652674055
2043-09-18,2043-10-16,17.247222222222224,0.0738091596597317,0.07375345687572349,0.07367185109687766,-0.5570278400821027,-1.373085628540438
2043-09-25,2043-10-23,17.266666666666666,0.0738065239556253,0.07375345687572635,0.07367682312990866,-0.5306707989895243,-1.2970082571664432
2043-10-02,2043-10-30,17.28611111111111,0.0738038834912239,0.07375345687571778,0.07368179516484956,-0.5042661550611061,-1.2208832637433664
2043-10-09,2043-11-06,17.305555555555557,0.07380123833862978,0.07375345687572064,0.07368676720170322,-0.47781462909138317,-1.144711369265583
2043-10-16,2043-11-13,17.325,0.07379858856952565,0.07375345687572349,0.07369173924047535,-0.45131693802158424,-1.068493290502931
2043-10-23,2043-11-20,17.344444444444445,0.07379593425517163,0.07375345687571778,0.07369671128115453,-0.42477379453842445,-0.9922297401709912
2043-10-30,2043-11-27,17.363888888888887,0.07379327546643388,0.07375345687572349,0.0737016833237436,-0.39818590710394286,-0.9159214269027771
2043-11-06,2043-12-04,17.383333333333333,0.07379061227375892,0.07375345687572349,0.07370665536824829,-0.37155398035434994,-0.8395690551063484
2043-11-13,2043-12-11,17.40277777777778,0.07378794474716788,0.07375345687572064,0.07371162741465145,-0.3448787144723353,-0.7631733251642348
2043-11-20,2043-12-18,17.42222222222222,0.0737852729563136,0.07375345687572349,0.07371659946298165,-0.31816080590107987,-0.6867349333194994
2043-11-27,2043-12-25,17.441666666666666,0.07378259697042072,0.07375345687572349,0.07372157151322176,-0.2914009469723311,-0.6102545719896546
2043-12-04,2044-01-01,17.461111111111112,0.07377991685828565,0.07375345687572064,0.07372654356536604,-0.26459982565008033,-0.5337329291961457
2043-12-11,2044-01-08,17.480555555555554,0.07377723268837359,0.07375345687572635,0.07373151561943164,-0.2377581264724482,-0.45717068941950045
2043-12-18,2044-01-15,17.5,0.07377454452867305,0.07375345687572349,0.0737364876754043,-0.210876529495585,-0.38056853268741975
2043-12-25,2044-01-22,17.519444444444446,0.0737718524468099,0.07375345687572064,0.07374145973328115,-0.18395571089249718,-0.3039271352874018
2044-01-01,2044-01-29,17.538888888888888,0.07376915651001609,0.07375345687572349,0.07374643179308217,-0.15699634292598574,-0.22724716933916755
2044-01-08,2044-02-05,17.558333333333334,0.07376645678510675,0.07375345687572064,0.07375140385478739,-0.12999909386107733,-0.1505293031936472
2044-01-15,2044-02-12,17.57777777777778,0.07376375333851445,0.07375345687572064,0.07375637591840535,-0.10296462793810135,-0.07377420109103139
2044-01-22,2044-02-19,17.59722222222222,0.07376104623628635,0.07375345687572349,0.07376134798394178,-0.07589360562859637,0.003017476554317833
2044-01-29,2044-02-26,17.616666666666667,0.07375833554406139,0.07375345687572349,0.07376632005138241,-0.048786683378987394,0.07984507321021073
2044-02-05,2044-03-04,17.636111111111113,0.07375562132708735,0.07375345687572064,0.07377129212073864,-0.021644513667068432,0.1567079365129287
2044-02-12,2044-03-11,17.655555555555555,0.07375290365025235,0.07375345687572349,0.07377626419200478,0.005532254711421158,0.23360541752434627
2044-02-19,2044-03-18,17.675,0.0737501825780191,0.07375345687572064,0.07378123626518082,0.03274297701541529,0.31053687161719523
2044-02-26,2044-03-25,17.694444444444443,0.07374745817448775,0.07375345687572064,0.07378620834027531,0.059987012328982514,0.3875016578756829
2044-03-04,2044-04-01,17.71388888888889,0.0737447305033645,0.07375345687572349,0.073791180417274,0.0872637235899143,0.4644991390950759
2044-03-11,2044-04-08,17.733333333333334,0.07374199962796155,0.07375345687572064,0.0737961524961826,0.114572477590974,0.5415286822105236
2044-03-18,2044-04-15,17.752777777777776,0.07373926561125423,0.07375345687572349,0.07380112457701538,0.14191264469262665,0.6185896576114958
2044-03-25,2044-04-22,17.772222222222222,0.07373652851578395,0.07375345687572064,0.07380609665975518,0.1692835993669095,0.6956814397122979
2044-04-01,2044-04-29,17.791666666666668,0.07373378840374098,0.07375345687572064,0.07381106874440205,0.19668471979664148,0.7728034066106781
2044-04-08,2044-05-06,17.81111111111111,0.0737310453369387,0.07375345687572064,0.07381604083097024,0.2241153878194957,0.8499549403154227
2044-04-15,2044-05-13,17.830555555555556,0.07372829937679942,0.07375345687572064,0.07382101291943689,0.25157498921221655,0.9271354263747089
2044-04-22,2044-05-20,17.85,0.0737255505843886,0.07375345687572064,0.07382598500981917,0.27906291332049915,1.0043442543057612
2044-04-29,2044-05-27,17.869444444444444,0.0737227990204005,0.07375345687572349,0.0738309571021199,0.30657855322982486,1.0815808171939223
2044-05-06,2044-06-03,17.88888888888889,0.0737200447451298,0.07375345687572064,0.07383592919632768,0.3341213059084025,1.1588445119788127
2044-05-13,2044-06-10,17.908333333333335,0.07371728781853706,0.07375345687572064,0.07384090129244537,0.3616905718357988,1.2361347390831001
2044-05-20,2044-06-17,17.927777777777777,0.07371452830020037,0.07375345687572349,0.07384587339048153,0.3892857552312279,1.3134509028116248
2044-05-27,2044-06-24,17.947222222222223,0.07371176624931236,0.07375345687571778,0.07385084549042187,0.41690626405424536,1.3907924110950765
2044-06-03,2044-07-01,17.966666666666665,0.07370900172473739,0.07375345687572635,0.07385581759227781,0.4445515098895625,1.4681586754042297
2044-06-10,2044-07-08,17.98611111111111,0.07370623478494011,0.07375345687572349,0.07386078969604938,0.47222090783380355,1.5455491110927255
2044-06-17,2044-07-15,18.005555555555556,0.07370346548803403,0.07375345687572349,0.07386576180172513,0.49991387689463096,1.6229631369110709
2044-06-24,2044-07-22,18.025,0.0737006938917958,0.07375345687572349,0.07387073390932221,0.5276298392768719,1.7004001752640718
2044-07-01,2044-07-29,18.044444444444444,0.07369792005361095,0.07375345687572064,0.07387570601882633,0.5553682210969468,1.777859652153796
2044-07-08,2044-08-05,18.06388888888889,0.07369514403050813,0.07375345687572064,0.07388067813023749,0.583128452125159,1.8553409972936474
2044-07-15,2044-08-12,18.083333333333332,0.07369236587918485,0.07375345687572064,0.07388565024356712,0.6109099653579808,1.9328436438227625
2044-07-22,2044-08-19,18.102777777777778,0.07368958565596749,0.07375345687572635,0.07389062235880381,0.6387121975885701,2.010367028363186
2044-07-29,2044-08-26,18.122222222222224,0.07368680341679701,0.07375345687572349,0.07389559447594753,0.6665345892648,2.0879105915051763
2044-08-05,2044-09-02,18.141666666666666,0.07368401921733746,0.07375345687572349,0.07390056659501543,0.6943765838603178,2.165473776779697
2044-08-12,2044-09-09,18.16111111111111,0.0736812331128332,0.07375345687572064,0.07390553871598751,0.7222376288744392,2.2430560315431225
2044-08-19,2044-09-16,18.180555555555557,0.07367844515819463,0.07375345687572064,0.07391051083887236,0.7501171752601066,2.3206568067772606
2044-08-26,2044-09-23,18.2,0.07367565540802376,0.07375345687572064,0.07391548296367567,0.7780146769688356,2.398275556519114
2044-09-02,2044-09-30,18.219444444444445,0.07367286391651152,0.07375345687572064,0.07392045509038031,0.8059295920911924,2.4759117386878584
2044-09-09,2044-10-07,18.238888888888887,0.07367007073755197,0.07375345687572635,0.07392542721900629,0.8338613817437945,2.553564814543191
2044-09-16,2044-10-14,18.258333333333333,0.07366727592468227,0.07375345687572064,0.0739303993495393,0.861809510383782,2.6312342485702853
2044-09-23,2044-10-21,18.27777777777778,0.07366447953108272,0.07375345687572064,0.07393537148197936,0.889773446379194,2.7089195089663454
2044-09-30,2044-10-28,18.29722222222222,0.07366168160962536,0.07375345687572349,0.07394034361634359,0.9177526609813191,2.78662006718236
2044-10-07,2044-11-04,18.316666666666666,0.07365888221279672,0.07375345687572349,0.07394531575261201,0.9457466292676908,2.8643353981529227
2044-10-14,2044-11-11,18.336111111111112,0.07365608139277795,0.07375345687572349,0.07395028789078749,0.9737548294554144,2.9420649800954157
2044-10-21,2044-11-18,18.355555555555554,0.07365327920141043,0.07375345687572349,0.07395526003088142,1.0017767431305669,3.0198082947098523
2044-10-28,2044-11-25,18.375,0.0736504756901844,0.07375345687572349,0.07396023217288811,1.0298118553908608,3.097564827037047
2044-11-04,2044-12-02,18.394444444444446,0.07364767091027323,0.07375345687572064,0.07396520431679614,1.0578596544741359,3.175334065229074
2044-11-11,2044-12-09,18.413888888888888,0.07364486491251336,0.07375345687572064,0.07397017646263405,1.0859196320728293,3.253115501206938
2044-11-18,2044-12-16,18.433333333333334,0.07364205774740157,0.07375345687572349,0.0739751486103733,1.1139912832192067,3.3309086297172996
2044-11-25,2044-12-23,18.45277777777778,0.07363924946510629,0.07375345687572064,0.0739801207600196,1.1420741061435313,3.408712949133086
2044-12-02,2044-12-30,18.47222222222222,0.07363644011547908,0.07375345687572349,0.07398509291159007,1.1701676024440666,3.4865279611098754
2044-12-09,2045-01-06,18.491666666666667,0.0736336297480289,0.07375345687572349,0.07399006506505616,1.1982712769459392,3.5643531702726774
2044-12-16,2045-01-13,18.511111111111113,0.07363081841195067,0.07375345687571778,0.07399503722044644,1.226384637671163,3.642188084957698
2044-12-23,2045-01-20,18.530555555555555,0.07362800615611675,0.07375345687572064,0.07400000937774946,1.2545071960388954,3.7200322163270796
2044-12-30,2045-01-27,18.55,0.07362519302905403,0.07375345687571778,0.07400498153695668,1.2826384666375645,3.797885079026564
2045-01-06,2045-02-03,18.569444444444443,0.07362237907900676,0.07375345687572349,0.07400995369808237,1.310777967167276,3.875746190756119
2045-01-13,2045-02-10,18.58888888888889,0.07361956435384524,0.07375345687572635,0.07401492586112081,1.3389252188110434,3.9536150727556563
2045-01-20,2045-02-17,18.608333333333334,0.07361674890116568,0.07375345687571778,0.07401989802606344,1.3670797455210548,4.031491248977642
2045-01-27,2045-02-24,18.627777777777776,0.07361393276824739,0.07375345687572635,0.07402487019292453,1.3952410747895827,4.109374246771408
2045-02-03,2045-03-03,18.647222222222222,0.07361111600201856,0.07375345687572064,0.07402984236169553,1.423408737020876,4.187263596769769
2045-02-10,2045-03-10,18.666666666666668,0.07360829864912187,0.07375345687571778,0.07403481453237072,1.4515822659591504,4.265158832488513
2045-02-17,2045-03-17,18.68611111111111,0.07360548075588026,0.07375345687572349,0.07403978670496723,1.4797611984322667,4.343059490869717
2045-02-24,2045-03-24,18.705555555555556,0.07360266236829695,0.07375345687572349,0.07404475887947363,1.50794507426541,4.420965111766872
2045-03-03,2045-03-31,18.725,0.07359984353205538,0.07375345687572349,0.0740497310558928,1.5361334366810475,4.498875238374139
2045-03-10,2045-04-07,18.744444444444444,0.0735970242925678,0.07375345687572635,0.07405470323421616,1.5643258315854724,4.576789416483596
2045-03-17,2045-04-14,18.76388888888889,0.07359420469489246,0.07375345687572064,0.07405967541446369,1.5925218082818438,4.654707195712316
2045-03-24,2045-04-21,18.783333333333335,0.07359138478381638,0.07375345687572064,0.07406464759661541,1.620720919042612,4.732628127990246
2045-03-31,2045-04-28,18.802777777777777,0.07358856460380402,0.07375345687572064,0.07406961978067989,1.6489227191662792,4.810551768758692
2045-04-07,2045-05-05,18.822222222222223,0.07358574419901144,0.07375345687571778,0.07407459196665427,1.6771267670634415,4.8884776764282485
2045-04-14,2045-05-12,18.841666666666665,0.073582923613315,0.07375345687572349,0.07407956415454711,1.7053326240848432,4.966405412321073
2045-04-21,2045-05-19,18.86111111111111,0.07358010289025417,0.07375345687572349,0.07408453634434986,1.7335398546931835,5.044334540956902
2045-04-28,2045-05-26,18.880555555555556,0.0735772820730886,0.07375345687572349,0.07408950853605394,1.7617480263489027,5.1222646296533725
2045-05-05,2045-06-02,18.9,0.07357446120479537,0.07375345687572349,0.07409448072968791,1.7899567092811985,5.200195248925427
2045-05-12,2045-06-09,18.919444444444444,0.0735716403280232,0.07375345687572064,0.0740994529252175,1.8181654769744426,5.278125971942965
2045-05-19,2045-06-16,18.93888888888889,0.07356881948514106,0.07375345687572064,0.07410442512266556,1.8463739057958395,5.356056375245
2045-05-26,2045-06-23,18.958333333333332,0.07356599871822672,0.07375345687572349,0.07410939732202637,1.8745815749676709,5.433986037996497
2045-06-02,2045-06-30,18.977777777777778,0.07356317806905249,0.07375345687572349,0.07411436952329423,1.9027880667099595,5.51191454241734
2045-06-09,2045-07-07,18.997222222222224,0.07356035757909948,0.07375345687572064,0.0741193417264834,1.9309929662116032,5.58984147383923
2045-06-16,2045-07-14,19.016666666666666,0.07355753728956614,0.07375345687572635,0.07412431393157679,1.9591958616020644,5.667766420106441
2045-06-23,2045-07-21,19.03611111111111,0.07355471724136546,0.07375345687571778,0.07412928613858576,1.98739634352324,5.745688972202956
2045-06-30,2045-07-28,19.055555555555557,0.07355189747510213,0.07375345687572064,0.07413425834750464,2.015594006185145,5.823608724025153
2045-07-07,2045-08-04,19.075,0.07354907803112098,0.07375345687572635,0.07413923055833914,2.0437884460536293,5.901525272181546
2045-07-14,2045-08-11,19.094444444444445,0.07354625894945288,0.07375345687572064,0.07414420277107782,2.0719792626776314,5.979438216249383
2045-07-21,2045-08-18,19.113888888888887,0.073543440269866,0.07375345687572349,0.07414917498573782,2.100166058574826,6.057347158718168
2045-07-28,2045-08-25,19.133333333333333,0.07354062203182592,0.07375345687572349,0.07415414720230201,2.128348438975719,6.135251704760952
2045-08-04,2045-09-01,19.15277777777778,0.073537804274527,0.07375345687571778,0.07415911942077612,2.156526011907883,6.213151462491212
2045-08-11,2045-09-08,19.17222222222222,0.07353498703690667,0.07375345687572064,0.07416409164117153,2.184698388139755,6.291046042648657
2045-08-18,2045-09-15,19.191666666666666,0.07353217035756833,0.07375345687572349,0.07416906386346828,2.212865181551588,6.368935058999464
2045-08-25,2045-09-22,19.211111111111112,0.07352935427488985,0.07375345687572064,0.0741740360876835,2.2410260083079168,6.44681812793646
2045-09-01,2045-09-29,19.230555555555554,0.07352653882694936,0.07375345687572635,0.07417900831381147,2.26918048776989,6.524694868621089
2045-09-08,2045-10-06,19.25,0.07352372405153945,0.07375345687572349,0.07418398054184935,2.2973282418403684,6.602564903099017
2045-09-15,2045-10-13,19.269444444444446,0.0735209099861987,0.07375345687572064,0.07418895277180283,2.325468895219424,6.68042785604131
2045-09-22,2045-10-20,19.288888888888888,0.07351809666818587,0.07375345687572064,0.07419392500366337,2.3536020753477107,6.758283354774964
2045-09-29,2045-10-27,19.308333333333334,0.07351528413447708,0.07375345687572064,0.07419889723743665,2.3817274124356134,6.83613102959571
2045-10-06,2045-11-03,19.32777777777778,0.07351247242179154,0.07375345687572064,0.07420386947311984,2.409844539291023,6.913970513282991
2045-10-13,2045-11-10,19.34722222222222,0.07350966156658581,0.07375345687572064,0.07420884171071578,2.437953091348338,6.991801441299655
2045-10-20,2045-11-17,19.366666666666667,0.07350685160501096,0.07375345687572349,0.07421381395022447,2.4660527071253266,7.0696234521351595
2045-10-27,2045-11-24,19.386111111111113,0.07350404257300681,0.07375345687571778,0.07421878619164879,2.4941430271097076,7.147436186419748
2045-11-03,2045-12-01,19.405555555555555,0.07350123450620202,0.07375345687572349,0.074223758434983,2.5222236952146537,7.225239287809715
2045-11-10,2045-12-08,19.425,0.07349842743997113,0.07375345687572064,0.0742287306802214,2.5502943574950976,7.303032402502657
2045-11-17,2045-12-15,19.444444444444443,0.07349562140945462,0.07375345687572349,0.07423370292738683,2.5783546626886866,7.380815179322125
2045-11-24,2045-12-22,19.46388888888889,0.07349281644949317,0.07375345687572635,0.07423867517644789,2.606404262331802,7.458587269547206
2045-12-01,2045-12-29,19.483333333333334,0.07349001259468199,0.07375345687572064,0.07424364742743027,2.6344428103865223,7.536348327482761
2045-12-08,2046-01-05,19.502777777777776,0.07348720987935359,0.07375345687572349,0.0742486196803254,2.66246996369901,7.614098009718074
2045-12-15,2046-01-12,19.522222222222222,0.07348440833760359,0.07375345687572064,0.07425359193513043,2.6904853811705873,7.691835975268402
2045-12-22,2046-01-19,19.541666666666668,0.07348160800322491,0.07375345687572064,0.07425856419184251,2.7184887249573353,7.76956188617603
2045-12-29,2046-01-26,19.56111111111111,0.07347880890980786,0.07375345687572064,0.07426353645047021,2.7464796591278318,7.847275406623472
2046-01-05,2046-02-02,19.580555555555556,0.07347601109065721,0.07375345687572064,0.07426850871101635,2.774457850634321,7.924976203591422
2046-01-12,2046-02-09,19.6,0.07347321457880941,0.07375345687572349,0.074273480973461,2.8024229691407667,8.002663946515831
2046-01-19,2046-02-16,19.619444444444444,0.07347041940709818,0.07375345687572064,0.07427845323783266,2.8303746862246015,8.080338307344809
2046-01-26,2046-02-23,19.63888888888889,0.07346762560806035,0.07375345687571778,0.07428342550410282,2.8583126765743816,8.157998960424685
2046-02-02,2046-03-02,19.658333333333335,0.07346483321400152,0.07375345687572064,0.07428839777228857,2.8862366171912566,8.235645582870543
2046-02-09,2046-03-09,19.677777777777777,0.07346204225699315,0.07375345687572349,0.07429337004238994,2.914146187303346,8.31327785396782
2046-02-16,2046-03-16,19.697222222222223,0.07345925276881271,0.07375345687572349,0.07429834231440122,2.9420410691077814,8.390895455885062
2046-02-23,2046-03-23,19.716666666666665,0.07345646478105206,0.07375345687572635,0.07430331458832523,2.969920946742921,8.468498072731755
2046-03-02,2046-03-30,19.73611111111111,0.07345367832501186,0.07375345687572635,0.07430828686416202,2.9977855071448847,8.546085391501618
2046-03-09,2046-04-06,19.755555555555556,0.07345089343176442,0.07375345687572064,0.074313259141903,3.025634439562247,8.623657101385767
2046-03-16,2046-04-13,19.775,0.07344811013215935,0.07375345687572349,0.07431823142156244,3.0534674356413882,8.701212894030864
2046-03-23,2046-04-20,19.794444444444444,0.07344532845676076,0.07375345687572349,0.07432320370313748,3.0812841896273033,8.778752463767248
2046-03-30,2046-04-27,19.81388888888889,0.07344254843593293,0.07375345687572064,0.07432817598661672,3.1090843978771874,8.856275506837902
2046-04-06,2046-05-04,19.833333333333332,0.07343977009978035,0.07375345687572349,0.07433314827201157,3.1368677594313663,8.933781722312157
2046-04-13,2046-05-11,19.852777777777778,0.07343699347816772,0.07375345687572349,0.07433812055932203,3.16463397555769,9.01127081154307
2046-04-20,2046-05-18,19.872222222222224,0.07343421860073704,0.07375345687572064,0.07434309284853668,3.1923827498360478,9.088742477996458
2046-04-27,2046-05-25,19.891666666666666,0.07343144549689049,0.07375345687572064,0.07434806513966409,3.220113788301587,9.166196427736056
2046-05-04,2046-06-01,19.91111111111111,0.07342867419579045,0.07375345687571778,0.0743530374327071,3.2478267992733234,9.243632369166505
2046-05-11,2046-06-08,19.930555555555557,0.07342590472635951,0.07375345687572064,0.07435800972766288,3.2755214936112944,9.321050013033627
2046-05-18,2046-06-15,19.95,0.07342313711731473,0.07375345687572635,0.07436298202452855,3.303197584116208,9.39844907213827
2046-05-25,2046-06-22,19.969444444444445,0.07342037139709616,0.07375345687572349,0.07436795432330699,3.3308547862732905,9.475829262108327
2046-06-01,2046-06-29,19.988888888888887,0.0734176075939641,0.07375345687572635,0.07437292662399818,3.358492817622516,9.553190300340825
2046-06-08,2046-07-06,20.008333333333333,0.07341484573592469,0.07375345687572064,0.07437789892659927,3.386111397959551,9.630531906745787
2046-06-15,2046-07-13,20.02777777777778,0.07341208585073858,0.07375345687572064,0.0743828712311074,3.4137102498206504,9.707853803688216
2046-06-22,2046-07-20,20.04722222222222,0.07340932796598944,0.07375345687572349,0.07438784353753684,3.441289097340511,9.785155715474058
2046-06-29,2046-07-27,20.066666666666666,0.07340657210898398,0.07375345687572064,0.0743928158458762,3.468847667366659,9.862437368922256
2046-07-06,2046-08-03,20.086111111111112,0.07340381830683482,0.07375345687572349,0.07439778815612261,3.496385688886716,9.939698492877902
2046-07-13,2046-08-10,20.105555555555554,0.07340106658642329,0.07375345687572635,0.07440276046828462,3.523902893030617,10.016938818613319
2046-07-20,2046-08-17,20.125,0.07339831697440521,0.07375345687572635,0.07440773278235938,3.5513990132113316,10.094158079541614
2046-07-27,2046-08-24,20.144444444444446,0.0733955694972166,0.07375345687572064,0.07441270509834119,3.5788737850404875,10.171356011245969
2046-08-03,2046-08-31,20.163888888888888,0.07339282418108788,0.07375345687572349,0.07441767741623576,3.606326946356125,10.248532351478795
2046-08-10,2046-09-07,20.183333333333334,0.073390081052004,0.07375345687572349,0.07442264973605164,3.633758237194945,10.325686840476495
2046-08-17,2046-09-14,20.20277777777778,0.07338734013575003,0.07375345687571778,0.07442762205777173,3.661167399677534,10.40281922021699
2046-08-24,2046-09-21,20.22222222222222,0.07338460145789126,0.07372251388106552,0.07436573325204293,3.379124231742553,9.811317941516712
2046-08-31,2046-09-28,20.241666666666667,0.0733818650437731,0.07350591499169548,0.07390217481969456,1.2404994792238055,5.203097759214625
2046-09-07,2046-10-05,20.261111111111113,0.07337913091853832,0.07328931973047752,0.0734377364660675,-0.8981118806079824,0.5860554752917801
2046-09-14,2046-10-12,20.280555555555555,0.07337639910710696,0.07307272809735167,0.07297241828716208,-3.0367100975528527,-4.039808199448741
2046-09-21,2046-10-19,20.3,0.07337366963417928,0.07288708101370579,0.0725730718940966,-4.865886204734881,-8.005977400826758
2046-09-28,2046-10-26,20.319444444444443,0.07337094252425569,0.07288708101370865,0.07257445758948076,-4.838615105470373,-7.964849347749242
2046-10-05,2046-11-02,20.33888888888889,0.07336821780163102,0.07288708101370865,0.07257584328499624,-4.811367879223733,-7.9237451663478895
2046-10-12,2046-11-09,20.358333333333334,0.07336549549037175,0.07288708101370579,0.07257722898066016,-4.784144766659532,-7.882665097115882
2046-10-19,2046-11-16,20.377777777777776,0.07336277561436161,0.07288708101370865,0.07257861467648682,-4.756946006529566,-7.8416093787478385
2046-10-26,2046-11-23,20.397222222222222,0.07336005819724743,0.07288708101370865,0.07258000037244194,-4.729771835387808,-7.800578248054885
2046-11-02,2046-11-30,20.416666666666668,0.07335734326249042,0.07288708101370579,0.07258138606855694,-4.702622487846309,-7.75957193933488
2046-11-09,2046-12-07,20.43611111111111,0.07335463083335197,0.07288708101370865,0.0725827717648261,-4.675498196433231,-7.718590685258792
2046-11-16,2046-12-14,20.455555555555556,0.07335192093287368,0.07288708101370865,0.07258415746123228,-4.648399191650304,-7.677634716413973
2046-11-23,2046-12-21,20.475,0.0733492135839001,0.07288708101370579,0.07258554315778978,-4.621325701943125,-7.636704261103216
2046-11-30,2046-12-28,20.494444444444444,0.07334650880908741,0.07288708101370865,0.07258692885450145,-4.594277953787612,-7.595799545859622
2046-12-07,2047-01-04,20.51388888888889,0.07334380663086051,0.07288708101370293,0.07258831455135299,-4.567256171575801,-7.554920795075221
2046-12-14,2047-01-11,20.533333333333335,0.07334110707146449,0.07288708101370579,0.07258970024836156,-4.540260577586968,-7.514068231029292
2046-12-21,2047-01-18,20.552777777777777,0.07333841015296169,0.07288708101370865,0.0725910859455243,-4.5132913925304,-7.4732420743739425
2046-12-28,2047-01-25,20.572222222222223,0.0733357158971775,0.07288708101370579,0.07259247164281835,-4.486348834717019,-7.432442543591488
2047-01-04,2047-02-01,20.591666666666665,0.07333302432577174,0.0728870810137115,0.07259385734026941,-4.45943312060243,-7.39166985502332
2047-01-11,2047-02-08,20.61111111111111,0.0733303354602101,0.07288708101370865,0.07259524303787465,-4.43254446501451,-7.35092422335451
2047-01-18,2047-02-15,20.630555555555556,0.0733276493217356,0.07288708101370579,0.07259662873561405,-4.405683080298123,-7.31020586121553
2047-01-25,2047-02-22,20.65,0.07332496593142565,0.07288708101370865,0.07259801443351904,-4.378849177169991,-7.2695149790660825
2047-02-01,2047-03-01,20.669444444444444,0.07332228531014355,0.07288708101370865,0.07259940013156393,-4.35204296434899,-7.2288517857961585
2047-02-08,2047-03-08,20.68888888888889,0.07331960747857849,0.07288708101370579,0.07260078582974298,-4.325264648726984,-7.188216488355076
2047-02-15,2047-03-15,20.708333333333332,0.07331693245722835,0.07288708101370865,0.0726021715280962,-4.298514435197021,-7.147609291321549
2047-02-22,2047-03-22,20.727777777777778,0.07331426026638546,0.07288708101370865,0.07260355722658357,-4.271792526768098,-7.10703039801891
2047-03-01,2047-03-29,20.747222222222224,0.07331159092617945,0.07288708101370579,0.0726049429252194,-4.245099124736557,-7.066480009600418
2047-03-08,2047-04-05,20.766666666666666,0.07330892445651724,0.07288708101370865,0.07260632862401512,-4.218434428085866,-7.0259583250212305
2047-03-15,2047-04-12,20.78611111111111,0.07330626087714874,0.07288708101370579,0.07260771432294215,-4.191798634429478,-6.985465542065916
2047-03-22,2047-04-19,20.805555555555557,0.07330360020762404,0.07288708101370579,0.07260910002202905,-4.165191939182467,-6.945001855949845
2047-03-29,2047-04-26,20.825,0.07330094246731621,0.07288708101370865,0.07261048572126727,-4.138614536075558,-6.904567460489369
2047-04-05,2047-05-03,20.844444444444445,0.0732982876754156,0.07288708101370579,0.07261187142064252,-4.112066617098092,-6.864162547730867
2047-04-12,2047-05-10,20.863888888888887,0.07329563585092133,0.07288708101370865,0.07261325712017477,-4.085548372126796,-6.823787307465579
2047-04-19,2047-05-17,20.883333333333333,0.07329298701265545,0.07288708101370865,0.0726146428198555,-4.0590599894679835,-6.783441927999539
2047-04-26,2047-05-24,20.90277777777778,0.07329034117925451,0.07288708101370579,0.07261602851967609,-4.032601655487161,-6.74312659578416
2047-05-03,2047-05-31,20.92222222222222,0.07328769836919229,0.07288708101370865,0.07261741421965372,-4.006173554836345,-6.702841495385692
2047-05-10,2047-06-07,20.941666666666666,0.07328505860073418,0.07288708101370865,0.07261879991978835,-3.979775870255331,-6.662586809458304
2047-05-17,2047-06-14,20.961111111111112,0.07328242189200568,0.07288708101370579,0.07262018562004574,-3.953408782998852,-6.622362719599373
2047-05-24,2047-06-21,20.980555555555554,0.07327978826091819,0.07288708101370865,0.07262157132047443,-3.9270724720953663,-6.582169404437538
2047-05-31,2047-06-28,21.0,0.07327715772522606,0.07288708101370865,0.07262295702104302,-3.9007671151740366,-6.542007041830389
2047-06-07,2047-07-05,21.019444444444446,0.07327453030252094,0.07288708101370579,0.07262434272175147,-3.874492888151504,-6.501875807694707
2047-06-14,2047-07-12,21.038888888888888,0.07327190601018607,0.07288708101370865,0.07262572842263124,-3.848249964774203,-6.4617758755483585
2047-06-21,2047-07-19,21.058333333333334,0.0732692848654648,0.07288708101370865,0.07262711412364517,-3.8220385175614933,-6.421707418196309
2047-06-28,2047-07-26,21.07777777777778,0.0732666668854092,0.07288708101370579,0.07262849982480184,-3.795858717034056,-6.381670606073614
2047-07-05,2047-08-02,21.09722222222222,0.07326405208691433,0.07288708101370865,0.07262988552612125,-3.7697107320568133,-6.341665607930841
2047-07-12,2047-08-09,21.116666666666667,0.07326144048668683,0.07288708101370579,0.07263127122757483,-3.74359472981034,-6.301692591119956
2047-07-19,2047-08-16,21.136111111111113,0.07325883210128487,0.07288708101370579,0.07263265692918257,-3.717510875790725,-6.261751721022973
2047-07-26,2047-08-23,21.155555555555555,0.07325622694707823,0.07288708101370865,0.07263404263095019,-3.6914593336957733,-6.221843161280383
2047-08-02,2047-08-30,21.175,0.07325362504026822,0.07288708101370579,0.07263542833284628,-3.6654402656242926,-6.181967074219418
2047-08-09,2047-09-06,21.194444444444443,0.07325102639692199,0.07288708101370865,0.07263681403490509,-3.6394538321334045,-6.1421236201690546
2047-08-16,2047-09-13,21.21388888888889,0.07324843103290972,0.07288708101370865,0.07263819973711236,-3.613500192010677,-6.1023129579736155
2047-08-23,2047-09-20,21.233333333333334,0.07324583896394168,0.07288708101370579,0.07263958543945664,-3.5875795023589117,-6.062535244850398
2047-08-30,2047-09-27,21.252777777777776,0.07324325020558257,0.07288708101370865,0.07264097114195797,-3.5616919187392293,-6.022790636246028
2047-09-06,2047-10-04,21.272222222222222,0.07324066477320296,0.07288708101370865,0.0726423568446106,-3.535837594943053,-5.983079285923621
2047-09-13,2047-10-11,21.291666666666668,0.0732380826820278,0.07288708101370579,0.07264374254740025,-3.5100166832201243,-5.943401346275579
2047-09-20,2047-10-18,21.31111111111111,0.07323550394713646,0.07288708101370865,0.07264512825034977,-3.4842293342780826,-5.9037569678668795
2047-09-27,2047-10-25,21.330555555555556,0.07323292858341704,0.07288708101370865,0.07264651395344204,-3.4584756970838795,-5.864146299749962
2047-10-04,2047-11-01,21.35,0.07323035660563486,0.07288708101370579,0.07264789965668277,-3.432755919290653,-5.8245694895209255
2047-10-11,2047-11-08,21.369444444444444,0.07322778802836113,0.07288708101370579,0.07264928536007766,-3.40707014655342,-5.785026682834787
2047-10-18,2047-11-15,21.38888888888889,0.0732252228660186,0.07288708101370579,0.07265067106361528,-3.381418523128038,-5.745518024033169
2047-10-25,2047-11-22,21.408333333333335,0.07322266113290724,0.07288708101370579,0.07265205676730707,-3.3558011920144235,-5.706043656001636
2047-11-01,2047-11-29,21.427777777777777,0.07322010284310153,0.07288708101370865,0.07265344247113875,-3.330218293928766,-5.6666037196277665
2047-11-08,2047-12-06,21.447222222222223,0.07321754801060168,0.07288708101370293,0.07265482817512746,-3.304669968987456,-5.627198354742208
2047-11-15,2047-12-13,21.466666666666665,0.07321499664920239,0.07288708101370865,0.07265621387926174,-3.27915635493739,-5.587827699406467
2047-11-22,2047-12-20,21.48611111111111,0.07321244877254131,0.07288708101370865,0.07265759958353879,-3.2536775883265645,-5.548491890025181
2047-11-29,2047-12-27,21.505555555555556,0.07320990439414762,0.07288708101370579,0.07265898528797855,-3.2282338044183065,-5.5091910616907045
2047-12-06,2048-01-03,21.525,0.07320736352735066,0.0728870810137115,0.0726603709925525,-3.2028251363916405,-5.469925347981603
2047-12-13,2048-01-10,21.544444444444444,0.07320482618535129,0.07288708101370865,0.07266175669728346,-3.177451716426388,-5.430694880678294
2047-12-20,2048-01-17,21.56388888888889,0.0732022923812105,0.07288708101370579,0.07266314240215715,-3.15211367504703,-5.391499790533411
2047-12-27,2048-01-24,21.583333333333332,0.07319976212782368,0.07288708101370865,0.07266452810717931,-3.1268111411503208,-5.3523402064437064
2048-01-03,2048-01-31,21.602777777777778,0.0731972354379378,0.07288708101370865,0.07266591381235278,-3.1015442422914488,-5.313216255850156
2048-01-10,2048-02-07,21.622222222222224,0.07319471232416845,0.07288708101370579,0.0726672995176747,-3.0763131046265824,-5.274128064937517
2048-01-17,2048-02-14,21.641666666666666,0.0731921927989714,0.07288708101370865,0.07266868522314507,-3.051117852627544,-5.235075758263374
2048-01-24,2048-02-21,21.66111111111111,0.0731896768746511,0.07288708101370579,0.07267007092876389,-3.025958609453039,-5.196059458872082
2048-01-31,2048-02-28,21.680555555555557,0.07318716456338922,0.07288708101370579,0.07267145663452831,-3.000835496834303,-5.15707928860909
2048-02-07,2048-03-06,21.7,0.07318465587720471,0.07288708101370865,0.0726728423404469,-2.9757486349606124,-5.118135367578186
2048-02-14,2048-03-13,21.719444444444445,0.07318215082797666,0.07288708101370579,0.07267422804651393,-2.9506981427086796,-5.079227814627357
2048-02-21,2048-03-20,21.738888888888887,0.07317964942745281,0.07288708101370865,0.07267561375272084,-2.9256841374415696,-5.040356747319646
2048-02-28,2048-03-27,21.758333333333333,0.07317715168721531,0.07288708101370865,0.07267699945908765,-2.9007067350665663,-5.001522281276594
2048-03-06,2048-04-03,21.77777777777778,0.07317465761874356,0.07288708101370579,0.07267838516559433,-2.875766050377676,-4.962724531492324
2048-03-13,2048-04-10,21.79722222222222,0.07317216723333424,0.07288708101370865,0.07267977087225232,-2.8508621962558545,-4.923963610819204
2048-03-20,2048-04-17,21.816666666666666,0.07316968054217268,0.07288708101370865,0.07268115657906447,-2.8259952846403094,-4.885239631082089
2048-03-27,2048-04-24,21.836111111111112,0.07316719755631006,0.07288708101370293,0.0726825422860165,-2.801165426071228,-4.8465527029355195
2048-04-03,2048-05-01,21.855555555555554,0.07316471828663763,0.07288708101370579,0.072683927993117,-2.7763727293184104,-4.807902935206332
2048-04-10,2048-05-08,21.875,0.07316224274392967,0.07288708101370865,0.07268531370037166,-2.7516173022101853,-4.769290435580054
2048-04-17,2048-05-15,21.894444444444446,0.07315977093880623,0.07288708101370579,0.07268669940777192,-2.7268992510043333,-4.7307153103430535
2048-04-24,2048-05-22,21.913888888888888,0.07315730288177319,0.0728870810137115,0.07268808511532633,-2.70221868061693,-4.692177664468583
2048-05-01,2048-05-29,21.933333333333334,0.07315483858318515,0.07288708101370865,0.07268947082302349,-2.677575694765011,-4.65367760161664
2048-05-08,2048-06-05,21.95277777777778,0.07315237805326248,0.07288708101370579,0.07269085653086053,-2.6529703955668893,-4.615215224019476
2048-05-15,2048-06-12,21.97222222222222,0.07314992130212852,0.07288708101370865,0.07269224223886031,-2.6284028841987164,-4.576790632682126
2048-05-22,2048-06-19,21.991666666666667,0.07314746833971247,0.07288708101370579,0.07269362794699712,-2.603873260066808,-4.538403927153572
2048-05-29,2048-06-26,22.011111111111113,0.07314501917586647,0.07288708101370579,0.0726950136552938,-2.5793816216067302,-4.500055205726716
2048-06-05,2048-07-03,22.030555555555555,0.0731425738202913,0.07288708101370865,0.07269639936374178,-2.5549280658264397,-4.46174456549514
2048-06-12,2048-07-10,22.05,0.07314013228255645,0.07288708101370579,0.07269778507232395,-2.5305126885065423,-4.423472102324938
2048-06-19,2048-07-17,22.069444444444443,0.07313769457210581,0.07288708101370865,0.07269917078106314,-2.506135583971586,-4.385237910426721
2048-06-26,2048-07-24,22.08888888888889,0.07313526069825477,0.07288708101370865,0.07270055648994792,-2.4817968454611536,-4.347042083068519
2048-07-03,2048-07-31,22.108333333333334,0.07313283067019315,0.07288708101370579,0.0727019421989783,-2.4574965648735403,-4.308884712148492
2048-07-10,2048-08-07,22.127777777777776,0.07313040449697367,0.07288708101370865,0.07270332790816283,-2.4332348326501494,-4.270765888108318
2048-07-17,2048-08-14,22.147222222222222,0.07312798218755491,0.07288708101370865,0.07270471361749584,-2.4090117384625853,-4.232685700590738
2048-07-24,2048-08-21,22.166666666666668,0.07312556375072125,0.07288708101370579,0.07270609932697442,-2.3848273701546074,-4.194644237468376
2048-07-31,2048-08-28,22.18611111111111,0.07312314919518574,0.07288708101370865,0.07270748503661004,-2.360681814770893,-4.1566415857570425
2048-08-07,2048-09-04,22.205555555555556,0.07312073852949297,0.07288708101370865,0.07270887074638267,-2.3365751578431624,-4.118677831102952
2048-08-14,2048-09-11,22.225,0.07311833176208474,0.07288708101370009,0.07271025645630377,-2.312507483846482,-4.0807530578096385
2048-08-21,2048-09-18,22.244444444444444,0.0731159289012887,0.07288708101370865,0.07271164216637903,-2.288478875800415,-4.042867349096646
2048-08-28,2048-09-25,22.26388888888889,0.07311352995528969,0.07288708101370579,0.07271302787659988,-2.264489415838983,-4.0050207868981555
2048-09-04,2048-10-02,22.283333333333335,0.07311113493218985,0.07288708101370579,0.07271441358697489,-2.2405391848405456,-3.967213452149565
2048-09-11,2048-10-09,22.302777777777777,0.07310874383992852,0.0728870810137115,0.07271579929749265,-2.2166282621702282,-3.929445424358663
2048-09-18,2048-10-16,22.322222222222223,0.07310635668633372,0.07288708101370579,0.07271718500815887,-2.1927567262793044,-3.8917167817485723
2048-09-25,2048-10-23,22.341666666666665,0.07310397347914785,0.07288708101370865,0.07271857071897353,-2.168924654391974,-3.854027601743193
2048-10-02,2048-10-30,22.36111111111111,0.07310159422595909,0.07288708101370865,0.07271995642994236,-2.1451321225043896,-3.816377960167289
2048-10-09,2048-11-06,22.380555555555556,0.0730992189342472,0.07288708101370579,0.07272134214105679,-2.1213792054140814,-3.778767931904153
2048-10-16,2048-11-13,22.4,0.07309684761141197,0.07288708101370865,0.07272272785231967,-2.0976659770331754,-3.741197590922951
2048-10-23,2048-11-20,22.419444444444444,0.07309448026467047,0.07288708101370865,0.07272411356373386,-2.0739925096181775,-3.7036670093661126
2048-10-30,2048-11-27,22.43888888888889,0.07309211690117699,0.07288708101370579,0.07272549927528221,-2.0503588747119994,-3.666176258947801
2048-11-06,2048-12-04,22.458333333333332,0.0730897575279659,0.07288708101370865,0.07272688498699617,-2.0267651425724678,-3.6287254096972754
2048-11-13,2048-12-11,22.477777777777778,0.07308740215192883,0.07288708101370865,0.07272827069885571,-2.003211382201747,-3.5913145307311933
2048-11-20,2048-12-18,22.497222222222224,0.07308505077987748,0.07288708101370579,0.07272965641085515,-1.9796976617168782,-3.5539436902233543
2048-11-27,2048-12-25,22.516666666666666,0.07308270341850363,0.07288708101370865,0.07273104212301444,-1.9562240479498172,-3.516612954891918
2048-12-04,2049-01-01,22.53611111111111,0.07308036007436204,0.07288708101370293,0.07273242783531364,-1.9327906065910727,-3.479322390484013
2048-12-11,2049-01-08,22.555555555555557,0.0730780207539418,0.07288708101370579,0.07273381354775843,-1.9093974023601246,-3.442072061833751
2048-12-18,2049-01-15,22.575,0.07307568546359214,0.07288708101370865,0.07273519926036023,-1.8860444988348657,-3.404862032319045
2048-12-25,2049-01-22,22.594444444444445,0.0730733542095452,0.07288708101370579,0.07273658497310478,-1.8627319583940094,-3.3676923644040957
2049-01-01,2049-01-29,22.613888888888887,0.07307102699795319,0.07288708101370865,0.07273797068600064,-1.839459842445379,-3.3305631195254537
2049-01-08,2049-02-05,22.633333333333333,0.07306870383483702,0.07288708101370865,0.07273935639904781,-1.8162282112836603,-3.2934743578920402
2049-01-15,2049-02-12,22.65277777777778,0.07306638472612338,0.07288708101370579,0.07274074211223772,-1.7930371241758891,-3.2564261388566553
2049-01-22,2049-02-19,22.67222222222222,0.07306406967763333,0.07288708101370865,0.07274212782557893,-1.7698866392468204,-3.219418520544054
2049-01-29,2049-02-26,22.691666666666666,0.07306175869507373,0.0728870810137115,0.07274351353907146,-1.746776813622286,-3.1824515600226144
2049-02-05,2049-03-05,22.711111111111112,0.07305945178403725,0.07288708101370579,0.07274489925270958,-1.7237077033145642,-3.1455253132767202
2049-02-12,2049-03-12,22.730555555555554,0.07305714895004803,0.07288708101370865,0.07274628496649616,-1.70067936339377,-3.108639835518734
2049-02-19,2049-03-19,22.75,0.07305485019847037,0.07288708101370865,0.07274767068042547,-1.6776918476171798,-3.071795180449033
2049-02-26,2049-03-26,22.769444444444446,0.07305255553463143,0.07288708101370293,0.07274905639450895,-1.6547452092849357,-3.034991401224818
2049-03-05,2049-04-02,22.788888888888888,0.07305026496370706,0.07288708101370865,0.07275044210874373,-1.6318394999841057,-2.998228549633275
2049-03-12,2049-04-09,22.808333333333334,0.07304797849078463,0.07288708101370865,0.07275182782312412,-1.60897477075983,-2.9615066766051914
2049-03-19,2049-04-16,22.82777777777778,0.0730456961208573,0.07288708101370579,0.07275321353765866,-1.5861510715151073,-2.9248258319863885
2049-03-26,2049-04-23,22.84722222222222,0.07304341785880686,0.0728870810137115,0.0727545992523331,-1.5633684509536172,-2.8881860647375635
2049-04-02,2049-04-30,22.866666666666667,0.07304114370942948,0.07288708101370579,0.07275598496715599,-1.5406269572368347,-2.8515874227348634
2049-04-09,2049-05-07,22.886111111111113,0.07303887367740997,0.07288708101370579,0.07275737068213589,-1.5179266370417277,-2.815029952740744
2049-04-16,2049-05-14,22.905555555555555,0.07303660776734468,0.07288708101370865,0.0727587563972557,-1.4952675363602563,-2.7785137008898286
2049-04-23,2049-05-21,22.925,0.07303434598370144,0.07288708101370293,0.0727601421125268,-1.4726496999850625,-2.7420387117464697
2049-04-30,2049-05-28,22.944444444444443,0.0730320883309053,0.07288708101370865,0.07276152782794634,-1.450073171966465,-2.705605029589553
2049-05-07,2049-06-04,22.96388888888889,0.07302983481323283,0.07288708101370865,0.0727629135435172,-1.4275379952417844,-2.669212697156281
2049-05-14,2049-06-11,22.983333333333334,0.0730275854348864,0.07288708101370579,0.07276429925923653,-1.4050442118060391,-2.632861756498711
2049-05-21,2049-06-18,23.002777777777776,0.07302534019999124,0.07288708101370865,0.07276568497509858,-1.3825918628258826,-2.5965522489265758
2049-05-28,2049-06-25,23.022222222222222,0.07302309911252707,0.07288708101370865,0.07276707069111765,-1.3601809881841342,-2.5602842140941275
2049-06-04,2049-07-02,23.041666666666668,0.07302086217644213,0.07288708101370579,0.07276845640727375,-1.3378116273633778,-2.52405769168379
2049-06-11,2049-07-09,23.06111111111111,0.0730186293955391,0.07288708101370865,0.07276984212358688,-1.3154838183045137,-2.487872719522249
2049-06-18,2049-07-16,23.080555555555556,0.07301640077356357,0.0728870810137115,0.07277122784005417,-1.293197598520729,-2.451729335093966
2049-06-25,2049-07-23,23.1,0.07301417631414406,0.07288708101370579,0.07277261355665564,-1.2709530043826522,-2.4156275748841995
2049-07-02,2049-07-30,23.119444444444444,0.07301195602083199,0.07288708101370865,0.07277399927341698,-1.248750071233401,-2.3795674741501625
2049-07-09,2049-08-06,23.13888888888889,0.07300973989707892,0.07288708101370579,0.07277538499031534,-1.2265888337312236,-2.3435490676357307
2049-07-16,2049-08-13,23.158333333333335,0.07300752794624499,0.07288708101370293,0.07277677070736788,-1.2044693254205374,-2.3075723887711064
2049-07-23,2049-08-20,23.177777777777777,0.07300532017161901,0.07288708101370865,0.07277815642457743,-1.1823915791035755,-2.271637470415838
2049-07-30,2049-08-27,23.197222222222223,0.07300311657636417,0.07288708101370579,0.07277954214192116,-1.1603556265837867,-2.235744344430135
2049-08-06,2049-09-03,23.216666666666665,0.07300091716360083,0.07288708101370865,0.07278092785942761,-1.1383614989217417,-2.1998930417321816
2049-08-13,2049-09-10,23.23611111111111,0.07299872193631517,0.0728870810137115,0.0727823135770768,-1.116409226036702,-2.1640835923836255
2049-08-20,2049-09-17,23.255555555555556,0.07299653089743911,0.07288708101370579,0.07278369929486589,-1.094498837333202,-2.128316025732241
2049-08-27,2049-09-24,23.275,0.07299434404981042,0.07288708101370865,0.07278508501281486,-1.0726303610177068,-2.092590369955627
2049-09-03,2049-10-01,23.294444444444444,0.0729921613961726,0.07288708101370865,0.07278647073091227,-1.0508038246394291,-2.056906652603274
2049-09-10,2049-10-08,23.31388888888889,0.07298998293918066,0.07288708101370293,0.07278785644914956,-1.029019254777247,-2.0212649003109595
2049-09-17,2049-10-15,23.333333333333332,0.0729878086814154,0.07288708101370865,0.07278924216754389,-1.007276677067459,-1.9856651387151203
2049-09-24,2049-10-22,23.352777777777778,0.07298563862536911,0.07288708101370865,0.0727906278860838,-0.9855761166045751,-1.9501073928530899
2049-10-01,2049-10-29,23.372222222222224,0.07298347277343988,0.07288708101370579,0.07279201360476074,-0.9639175973408243,-1.9145916867913115
2049-10-08,2049-11-05,23.391666666666666,0.07298131112796868,0.07288708101370865,0.07279339932360328,-0.9423011426003269,-1.8791180436540655
2049-10-15,2049-11-12,23.41111111111111,0.07297915369118232,0.07288708101370579,0.07279478504258284,-0.9207267747653181,-1.8436864859948388
2049-10-22,2049-11-19,23.430555555555557,0.07297700046524191,0.07288708101370579,0.07279617076172512,-0.899194515361218,-1.8082970351679384
2049-10-29,2049-11-26,23.45,0.0729748514522258,0.07288708101370865,0.07279755648100444,-0.8777043851715405,-1.7729497122136173
2049-11-05,2049-12-03,23.469444444444445,0.07297270665412382,0.07288708101370865,0.07279894220042651,-0.8562564041517118,-1.7376445369730875
2049-11-12,2049-12-10,23.488888888888887,0.07297056607285729,0.07288708101370865,0.07280032792001132,-0.8348505914863857,-1.702381528459751
2049-11-19,2049-12-17,23.508333333333333,0.07296842971026189,0.07288708101370865,0.07280171363973029,-0.8134869655324062,-1.6671607053160564
2049-11-26,2049-12-24,23.52777777777778,0.07296629756808194,0.07288708101370579,0.07280309935961198,-0.7921655437614916,-1.631982084699668
2049-12-03,2049-12-31,23.54722222222222,0.07296416964799324,0.07288708101370579,0.07280448507964213,-0.7708863428744495,-1.5968456835110945
2049-12-10,2050-01-07,23.566666666666666,0.07296204595160592,0.07288708101370865,0.07280587079981217,-0.7496493789727054,-1.5617515179375263
2049-12-17,2050-01-14,23.586111111111112,0.07295992648041594,0.07288708101370579,0.07280725652013066,-0.7284546671014469,-1.5266996028527602
2049-12-24,2050-01-21,23.605555555555554,0.07295781123589354,0.07288708101370865,0.0728086422405976,-0.7073022218488656,-1.4916899529593408
2049-12-31,2050-01-28,23.625,0.07295570021938907,0.0728870810137115,0.07281002796121872,-0.6861920567757807,-1.4567225817035956
2050-01-07,2050-02-04,23.644444444444446,0.07295359343217868,0.07288708101370579,0.07281141368197971,-0.6651241847288603,-1.4217975019896467
2050-01-14,2050-02-11,23.663888888888888,0.07295149087548707,0.07288708101370865,0.07281279940289773,-0.644098617784139,-1.38691472589339
2050-01-21,2050-02-18,23.683333333333334,0.07294939255045334,0.07288708101370865,0.07281418512396419,-0.6231153674468581,-1.3520742648914785
2050-01-28,2050-02-25,23.70277777777778,0.07294729845813094,0.07288708101370293,0.07281557084516482,-0.6021744442800958,-1.3172761296612046
2050-02-04,2050-03-04,23.72222222222222,0.0729452085995105,0.07288708101370865,0.0728169565665339,-0.5812758580184263,-1.2825203297658905
2050-02-11,2050-03-11,23.741666666666667,0.07294312297551413,0.07288708101370579,0.07281834228804288,-0.560419618083341,-1.2478068747125148
2050-02-18,2050-03-18,23.761111111111113,0.0729410415869669,0.07288708101370579,0.07281972800970601,-0.5396057326111092,-1.2131357726088976
2050-02-25,2050-03-25,23.780555555555555,0.07293896443465389,0.07288708101370579,0.07282111373151189,-0.5188342094809839,-1.1785070314200563
2050-03-04,2050-04-01,23.8,0.07293689151926028,0.07288708101370579,0.0728224994534605,-0.4981050555448452,-1.1439206579977323
2050-03-11,2050-04-08,23.819444444444443,0.07293482284141126,0.07288708101370865,0.07282388517556328,-0.4774182770260482,-1.1093766584797937
2050-03-18,2050-04-15,23.83888888888889,0.07293275840166924,0.07288708101370865,0.07282527089781736,-0.4567738796058818,-1.0748750385188022
2050-03-25,2050-04-22,23.858333333333334,0.07293069820048816,0.07288708101370865,0.0728266566202199,-0.43617186779504324,-1.0404158026824928
2050-04-01,2050-04-29,23.877777777777776,0.07292864223831907,0.07288708101370865,0.07282804234277089,-0.41561224610423,-1.0059989554818405
2050-04-08,2050-05-06,23.897222222222222,0.07292659051548173,0.07288708101370865,0.07282942806546748,-0.3950950177307455,-0.9716245001424595
2050-04-15,2050-05-13,23.916666666666668,0.07292454303224163,0.07288708101370579,0.07283081378830682,-0.37462018535841524,-0.9372924393481752
2050-04-22,2050-05-20,23.93611111111111,0.07292249978883573,0.07288708101370865,0.07283219951130317,-0.35418775127082913,-0.9030027753256786
2050-04-29,2050-05-27,23.955555555555556,0.07292046078536682,0.07288708101370865,0.07283358523444797,-0.33379771658167967,-0.8687555091885235
2050-05-06,2050-06-03,23.975,0.07291842602191766,0.07288708101370579,0.07283497095773266,-0.3134500821186381,-0.834550641850007
2050-05-13,2050-06-10,23.994444444444444,0.07291639549849968,0.07288708101370865,0.07283635668117722,-0.2931448479102927,-0.8003881732246421
2050-05-20,2050-06-17,24.01388888888889,0.07291436921502724,0.07288708101370293,0.07283774240476452,-0.2728820132430476,-0.7662681026271434
2050-05-27,2050-06-24,24.033333333333335,0.07291234717138614,0.07288708101370579,0.07283912812850314,-0.252661576803509,-0.7321904288300207
2050-06-03,2050-07-01,24.052777777777777,0.07291032936737654,0.07288708101370865,0.07284051385239021,-0.23248353667890131,-0.698155149863322
2050-06-10,2050-07-08,24.072222222222223,0.07290831580272153,0.07288708101370579,0.07284189957642001,-0.2123478901573661,-0.6641622630151889
2050-06-17,2050-07-15,24.091666666666665,0.07290630647712419,0.07288708101370865,0.07284328530060113,-0.19225463415539767,-0.630211765230565
2050-06-24,2050-07-22,24.11111111111111,0.07290430139016202,0.07288708101370865,0.07284467102493355,-0.17220376453366826,-0.5963036522846354
2050-07-01,2050-07-29,24.130555555555556,0.07290230054139821,0.07288708101370579,0.07284605674941728,-0.15219527692414414,-0.5624379198092277
2050-07-08,2050-08-05,24.15,0.07290030393031602,0.07288708101370865,0.07284744247404662,-0.1322291660736663,-0.5286145626939853
2050-07-15,2050-08-12,24.169444444444444,0.0728983115563188,0.07288708101370865,0.07284882819882155,-0.11230542610152217,-0.49483357497256963
2050-07-22,2050-08-19,24.18888888888889,0.07289632341878136,0.07288708101370579,0.07285021392373922,-0.09242405075562954,-0.46109495042134796
2050-07-29,2050-08-26,24.208333333333332,0.07289433951698422,0.07288708101370865,0.07285159964881675,-0.07258503275570094,-0.4273986816746844
2050-08-05,2050-09-02,24.227777777777778,0.07289235985017088,0.07288708101370865,0.07285298537404561,-0.05278836462230263,-0.39374476125272895
2050-08-12,2050-09-09,24.247222222222224,0.07289038441750773,0.07288708101370865,0.07285437109940293,-0.033034037990736786,-0.3601331810479391
2050-08-19,2050-09-16,24.266666666666666,0.07288841321810688,0.07288708101370865,0.07285575682493439,-0.013322043982272325,-0.32656393172486586
2050-08-26,2050-09-23,24.28611111111111,0.07288644625102624,0.07288708101370579,0.07285714255059147,0.006347626795577543,-0.2930370043476016
2050-09-02,2050-09-30,24.305555555555557,0.07288448351524661,0.07288708101370579,0.07285852827640557,0.02597498459183667,-0.2595523884103834
2050-09-09,2050-10-07,24.325,0.07288252500971458,0.07288708101370865,0.07285991400237954,0.045560039940717445,-0.22611007335041067
2050-09-16,2050-10-14,24.344444444444445,0.07288057073329673,0.07288708101370293,0.07286129972847911,0.06510280406199498,-0.19271004817619786
2050-09-23,2050-10-21,24.363888888888887,0.07287862068480834,0.07288708101370865,0.07286268545474998,0.08460328900311564,-0.15935230058355954
2050-09-30,2050-10-28,24.383333333333333,0.07287667486301322,0.07288708101370865,0.0728640711811579,0.10406150695432825,-0.12603681855322124
2050-10-07,2050-11-04,24.40277777777778,0.07287473326659814,0.07288708101370293,0.07286545690771996,0.12347747104790585,-0.0927635887817968
2050-10-14,2050-11-11,24.42222222222222,0.07287279589421848,0.07288708101370865,0.07286684263443048,0.14285119490170528,-0.05953259787999654
2050-10-21,2050-11-18,24.441666666666666,0.07287086274446392,0.07288708101370865,0.0728682283612866,0.16218269244736017,-0.02634383177310684
2050-10-28,2050-11-25,24.461111111111112,0.0728689338158528,0.07288708101370579,0.07286961408828262,0.18147197852994013,0.006802724298177187
2050-11-04,2050-12-02,24.480555555555554,0.0728670091068806,0.07288708101370865,0.07287099981543849,0.20071906828053598,0.039907085578883006
2050-11-11,2050-12-09,24.5,0.07286508861595431,0.07288708101370865,0.07287238554274282,0.21992397754341808,0.07296926788510905
2050-11-18,2050-12-16,24.519444444444446,0.07286317234143239,0.07288708101370579,0.07287377127018134,0.2390867227340665,0.10598928748953296
2050-11-25,2050-12-23,24.538888888888888,0.07286126028164475,0.07288708101370865,0.07287515699778828,0.2582073206390534,0.13896716143532717
2050-12-02,2050-12-30,24.558333333333334,0.0728593524348442,0.07288708101370865,0.07287654272553226,0.2772857886444713,0.1719029068805722
2050-12-09,2051-01-06,24.57777777777778,0.07285744879921222,0.07288708101370865,0.07287792845341899,0.2963221449643616,0.20479654206775888
2050-12-16,2051-01-13,24.59722222222222,0.07285554937293025,0.07288708101370865,0.0728793141814713,0.3153164077840387,0.2376480854104912
2050-12-23,2051-01-20,24.616666666666667,0.07285365415407982,0.07288708101370293,0.07288069990966063,0.3342685962311187,0.2704575558080957
2050-12-30,2051-01-27,24.636111111111113,0.07285176314070821,0.07288708101370865,0.07288208563799842,0.35317873000442757,0.30322497290208306
2051-01-06,2051-02-03,24.655555555555555,0.07284987633081702,0.07288708101370865,0.07288347136649609,0.37204682891631147,0.33595035679068186
2051-01-13,2051-02-10,24.675,0.0728479937223365,0.07288708101370579,0.07288485709512507,0.39087291369296895,0.36863372788575877
2051-01-20,2051-02-17,24.694444444444443,0.07284611531316543,0.0728870810137115,0.07288624282391679,0.40965700546069517,0.40127510751358786
2051-01-27,2051-02-24,24.71388888888889,0.07284424110114841,0.07288708101370865,0.07288762855284839,0.4283991256023856,0.4338745169997493
2051-02-03,2051-03-03,24.733333333333334,0.07284237108407009,0.07288708101370579,0.07288901428193416,0.44709929635705636,0.4664319786407134
2051-02-10,2051-03-10,24.752777777777776,0.07284050525967795,0.07288708101370579,0.07289040001116837,0.46575754027847194,0.4989475149042022
2051-02-17,2051-03-17,24.772222222222222,0.07283864362566529,0.07288708101370865,0.07289178574054819,0.4843738804335973,0.5314211488290088
2051-02-24,2051-03-24,24.791666666666668,0.0728367861796483,0.07288708101370293,0.07289317147007932,0.5029483405463719,0.5638529043101859
2051-03-03,2051-03-31,24.81111111111111,0.07283493291926314,0.07288708101370865,0.07289455719975033,0.5214809444550883,0.5962428048718327
2051-03-10,2051-04-07,24.830555555555556,0.07283308384202611,0.0728870810137115,0.07289594292957835,0.539971716853882,0.6285908755224168
2051-03-17,2051-04-14,24.85,0.07283123894543632,0.07288708101370579,0.07289732865955198,0.558420682694738,0.6608971411566078
2051-03-24,2051-04-21,24.869444444444444,0.0728293982269701,0.07288708101370865,0.07289871438966834,0.5768278673855265,0.6931616269824359
2051-03-31,2051-04-28,24.88888888888889,0.07282756168400097,0.07288708101370579,0.07290010011994173,0.5951932970482687,0.7253843594076659
2051-04-07,2051-05-05,24.908333333333335,0.07282572931389675,0.07288708101370579,0.07290148585036071,0.613516998090452,0.7575653646396674
2051-04-14,2051-05-12,24.927777777777777,0.07282390111398815,0.07288708101370865,0.07290287158092815,0.6317989972050297,0.7897046693999821
2051-04-21,2051-05-19,24.947222222222223,0.07282207708149452,0.07288708101370865,0.0729042573116526,0.6500393221413325,0.8218023015808817
2051-04-28,2051-05-26,24.966666666666665,0.07282025721368093,0.07288708101370865,0.0729056430425198,0.6682380002771826,0.8538582883886592
2051-05-05,2051-06-02,24.98611111111111,0.07281844150770109,0.07288708101370865,0.07290702877352974,0.6863950600756452,0.8858726582865184
2051-05-12,2051-06-09,25.005555555555556,0.07281662996067727,0.07288708101370293,0.07290841450469385,0.7045105302566634,0.9178454401657932
2051-05-19,2051-06-16,25.025,0.07281482256972321,0.07288708101370865,0.07290980023600069,0.7225844398543735,0.9497766627747373
2051-05-26,2051-06-23,25.044444444444444,0.0728130193318442,0.07288708101370865,0.0729111859674617,0.7406168186445405,0.9816663561749983
2051-06-02,2051-06-30,25.06388888888889,0.0728112202440626,0.07288708101370579,0.0729125716990683,0.7586076964319344,1.013514550056993
2051-06-09,2051-07-07,25.083333333333332,0.07280942530333512,0.07288708101370865,0.07291395743082907,0.7765571037353369,1.0453212749395036
2051-06-16,2051-07-14,25.102777777777778,0.07280763450655568,0.07288708101370865,0.07291534316273543,0.794465071529693,1.0770865617974745
2051-06-23,2051-07-21,25.122222222222224,0.07280584785060393,0.07288708101370579,0.07291672889478168,0.8123316310186535,1.108810441777519
2051-06-30,2051-07-28,25.141666666666666,0.07280406533231096,0.07288708101370865,0.07291811462698496,0.83015681397694,1.140492946739985
2051-07-07,2051-08-04,25.16111111111111,0.0728022869484365,0.07288708101370865,0.07291950035933668,0.8479406527214794,1.172134109001799
2051-07-14,2051-08-11,25.180555555555557,0.07280051269575744,0.07288708101370009,0.07292088609182829,0.8656831794265352,1.2037339607084974
2051-07-21,2051-08-18,25.2,0.07279874257096498,0.07288708101370865,0.07292227182448549,0.8833844274366842,1.2352925352050736
2051-07-28,2051-08-25,25.219444444444445,0.07279697657071324,0.07288708101370579,0.07292365755728257,0.9010444299255294,1.2668098656933025
2051-08-04,2051-09-01,25.238888888888887,0.07279521469164774,0.07288708101370865,0.07292504329021954,0.9186632206091561,1.2982859857180173
2051-08-11,2051-09-08,25.258333333333333,0.07279345693031981,0.07288708101370865,0.07292642902331638,0.9362408338883799,1.3297209299656387
2051-08-18,2051-09-15,25.27777777777778,0.07279170328328936,0.07288708101370579,0.07292781475655596,0.9537773041642938,1.3611147326660078
2051-08-25,2051-09-22,25.29722222222222,0.07278995374705063,0.07288708101370865,0.07292920048994114,0.9712726665801752,1.3924674289050865
2051-09-01,2051-09-29,25.316666666666666,0.07278820831806643,0.07288708101370865,0.07293058622349191,0.9887269564222423,1.4237790542548368
2051-09-08,2051-10-06,25.336111111111112,0.07278646699277674,0.07288708101370579,0.07293197195717115,1.0061402092904903,1.455049643944023
2051-09-15,2051-10-13,25.355555555555554,0.07278472976755593,0.07288708101370865,0.07293335769100454,1.0235124615272373,1.4862792344860765
2051-09-22,2051-10-20,25.375,0.07278299663875545,0.07288708101370579,0.07293474342499781,1.0408437495033895,1.5174678624235716
2051-09-29,2051-10-27,25.394444444444446,0.072781267602684,0.07288708101370579,0.07293612915911954,1.058134110217962,1.5486155643554267
2051-10-06,2051-11-03,25.413888888888888,0.07277954265563023,0.07288708101370865,0.07293751489340115,1.0753835807841838,1.5797223777092029
2051-10-13,2051-11-10,25.433333333333334,0.07277782179381147,0.07288708101370865,0.07293890062783692,1.0925921989718423,1.6107883402545486
2051-10-20,2051-11-17,25.45277777777778,0.07277610501343933,0.07288708101370579,0.07294028636240972,1.1097600026646615,1.641813489703936
2051-10-27,2051-11-24,25.47222222222222,0.07277439231067971,0.07288708101370865,0.0729416720971424,1.126887030289403,1.6727978646269293
2051-11-03,2051-12-01,25.491666666666667,0.0727726836816443,0.07288708101370579,0.07294305783201782,1.143973320614916,1.703741503735201
2051-11-10,2051-12-08,25.511111111111113,0.07277097912245908,0.07288708101370579,0.07294444356703313,1.1610189124670878,1.7346444457404242
2051-11-17,2051-12-15,25.530555555555555,0.07276927862915862,0.07288708101370865,0.07294582930221116,1.178023845500309,1.765506730525418
2051-11-24,2051-12-22,25.55,0.07276758219776612,0.07288708101370579,0.07294721503752623,1.194988159396726,1.7963283976010769
2051-12-01,2051-12-29,25.569444444444443,0.0727658898242762,0.07288708101370865,0.0729486007729983,1.2119118943244855,1.8271094872210347
2051-12-08,2052-01-05,25.58888888888889,0.07276420150463211,0.07288708101370865,0.07294998650862171,1.2287950907653722,1.8578500398959419
2051-12-15,2052-01-12,25.608333333333334,0.07276251723476568,0.07288708101370579,0.07295137224437642,1.2456377894011494,1.8885500961074442
2051-12-22,2052-01-19,25.627777777777776,0.07276083701056019,0.07288708101370865,0.07295275798029957,1.2624400314846518,1.9192096973938422
2051-12-29,2052-01-26,25.647222222222222,0.0727591608278704,0.07288708101370865,0.07295414371636261,1.2792018583825115,1.9498288849220669
2052-01-05,2052-02-02,25.666666666666668,0.07275748868251108,0.07288708101370865,0.07295552945256839,1.295923311975672,1.9804077005730614
2052-01-12,2052-02-09,25.68611111111111,0.07275582057027417,0.07288708101370865,0.07295691518893405,1.3126044343447774,2.010946186598722
2052-01-19,2052-02-16,25.705555555555556,0.07275415648691164,0.07288708101370865,0.07295830092544245,1.3292452679701527,2.041444385308122
2052-01-26,2052-02-23,25.725,0.07275249642814119,0.07288708101370579,0.07295968666209644,1.3458458556460384,2.0719023395525396
2052-02-02,2052-03-01,25.744444444444444,0.07275084038966055,0.07288708101370579,0.07296107239891031,1.3624062404524184,2.1023200924975836
2052-02-09,2052-03-08,25.76388888888889,0.0727491883671275,0.07288708101370579,0.07296245813585836,1.3789264657829148,2.132697687308588
2052-02-16,2052-03-15,25.783333333333335,0.07274754035617123,0.07288708101370579,0.07296384387295772,1.3954065753456202,2.163035167864896
2052-02-23,2052-03-22,25.802777777777777,0.07274589635239526,0.07288708101370865,0.0729652296102141,1.4118466131339547,2.1933325781883783
2052-03-01,2052-03-29,25.822222222222223,0.07274425635135456,0.07288708101370579,0.07296661534761034,1.4282466235122915,2.2235899625577815
2052-03-08,2052-04-05,25.841666666666665,0.07274262034858989,0.07288708101370865,0.07296800108516077,1.4446066511876465,2.2538073657088487
2052-03-15,2052-04-12,25.86111111111111,0.0727409883396105,0.07288708101370865,0.07296938682285964,1.4609267409815274,2.283984832491398
2052-03-22,2052-04-19,25.880555555555556,0.07273936031987718,0.07288708101370579,0.07297077256070127,1.4772069382860964,2.3141224082408316
2052-03-29,2052-04-26,25.9,0.07273773628487071,0.07288708101370865,0.07297215829869705,1.4934472883794403,2.3442201382634087
2052-04-05,2052-05-03,25.919444444444444,0.0727361162299719,0.07288708101370865,0.07297354403684128,1.509647837367456,2.3742780686937524
2052-04-12,2052-05-10,25.93888888888889,0.07273450015059588,0.07288708101370579,0.07297492977512825,1.5258086310991625,2.404296245323706
2052-04-19,2052-05-17,25.958333333333332,0.07273288804210346,0.07288708101370865,0.07297631551356654,1.5419297160519652,2.434274714630813
2052-04-26,2052-05-24,25.977777777777778,0.07273127989980699,0.07288708101370865,0.07297770125215612,1.5580111390166296,2.4642135234913267
2052-05-03,2052-05-31,25.997222222222224,0.07272967571903305,0.07288708101370579,0.07297908699089131,1.574052946727439,2.4941127185826306
2052-05-10,2052-06-07,26.016666666666666,0.07272807549503973,0.07288708101370865,0.07298047272977781,1.590055186689171,2.5239723473807762
2052-05-17,2052-06-14,26.03611111111111,0.07272647922308512,0.07288708101370865,0.07298185846881561,1.606017906235352,2.5537924573049153
2052-05-24,2052-06-21,26.055555555555557,0.07272488689840159,0.07288708101370865,0.07298324420799045,1.6219411530705996,2.5835730958885526
2052-05-31,2052-06-28,26.075,0.07272329851617013,0.07288708101370865,0.0729846299473223,1.6378249753852547,2.6133143115217305
2052-06-07,2052-07-05,26.094444444444445,0.07272171407157174,0.07288708101370293,0.07298601568680262,1.6536694213119263,2.643016152308747
2052-06-14,2052-07-12,26.113888888888887,0.07272013355974176,0.07288708101370579,0.07298740142642851,1.6694745396403365,2.672678666867517
2052-06-21,2052-07-19,26.133333333333333,0.07271855697579552,0.07288708101370865,0.07298878716621143,1.685240379131342,2.7023019041591545
2052-06-28,2052-07-26,26.15277777777778,0.07271698431482264,0.07288708101370579,0.07299017290612854,1.7009669888315426,2.7318859130590067
2052-07-05,2052-08-02,26.17222222222222,0.07271541557190135,0.0728870810137115,0.07299155864620552,1.7166544181014542,2.7614307430416654
2052-07-12,2052-08-09,26.191666666666666,0.07271385074206137,0.07288708101370865,0.07299294438642523,1.7323027164728444,2.7909364436386195
2052-07-19,2052-08-16,26.211111111111112,0.07271228982031522,0.07288708101370579,0.07299433012679339,1.7479119339057492,2.8204030647817344
2052-07-26,2052-08-23,26.230555555555554,0.07271073280167549,0.07288708101370865,0.07299571586731288,1.7634821203316164,2.84983065637387
2052-08-02,2052-08-30,26.25,0.0727091796810805,0.07288708101370865,0.0729971016079808,1.7790133262815533,2.8792192690030305
2052-08-09,2052-09-06,26.269444444444446,0.07270763045348286,0.07288708101370579,0.07299848734879433,1.7945056022293515,2.9085689531146985
2052-08-16,2052-09-13,26.288888888888888,0.07270608511380663,0.07288708101370865,0.07299987308976201,1.8099589990201725,2.9378797595537574
2052-08-23,2052-09-20,26.308333333333334,0.07270454365694162,0.07288708101370865,0.07300125883087244,1.825373567670291,2.9671517393081714
2052-08-30,2052-09-27,26.32777777777778,0.07270300607775765,0.07288708101370579,0.07300264457213133,1.8407493594814472,2.9963849437368575
2052-09-06,2052-10-04,26.34722222222222,0.07270147237111026,0.07288708101370865,0.07300403031354723,1.8560864259839494,3.0255794243697065
2052-09-13,2052-10-11,26.366666666666667,0.07269994253181787,0.07288708101370579,0.0730054160550973,1.8713848188792181,3.054735232794342
2052-09-20,2052-10-18,26.386111111111113,0.07269841655468179,0.07288708101370579,0.07300680179681011,1.8866445902400442,3.0838524212832565
2052-09-27,2052-10-25,26.405555555555555,0.0726968944344976,0.07288708101370865,0.07300818753866281,1.901865792110491,3.112931041652084
2052-10-04,2052-11-01,26.425,0.07269537616600097,0.07288708101370865,0.0730095732806611,1.917048477076827,3.141971146601308
2052-10-11,2052-11-08,26.444444444444443,0.0726938617439532,0.07288708101370579,0.07301095902282212,1.9321926975258974,3.1709727886891637
2052-10-18,2052-11-15,26.46388888888889,0.07269235116305284,0.07288708101370865,0.07301234476511732,1.9472985065581427,3.199936020644861
2052-10-25,2052-11-22,26.483333333333334,0.07269084441798412,0.07288708101370293,0.07301373050756954,1.9623659571881003,3.2288608958541687
2052-11-01,2052-11-29,26.502777777777776,0.072689341503457,0.07288708101370579,0.07301511625016449,1.9773951024879,3.257747467074884
2052-11-08,2052-12-06,26.522222222222222,0.07268784241408152,0.07288708101370865,0.07301650199291077,1.9923859962713009,3.2865957882924346
2052-11-15,2052-12-13,26.541666666666668,0.07268634714450764,0.07288708101370579,0.07301788773580833,2.0073386919815253,3.3154059130069413
2052-11-22,2052-12-20,26.56111111111111,0.07268485568935969,0.0728870810137115,0.07301927347884865,2.0222532435180964,3.344177894889638
2052-11-29,2052-12-27,26.580555555555556,0.07268336804319057,0.0728870810137115,0.07302065922204314,2.0371297052092228,3.372911788525612
2052-12-06,2053-01-03,26.6,0.0726818842006132,0.07288708101370579,0.07302204496538035,2.05196813092598,3.401607647671584
2052-12-13,2053-01-10,26.619444444444444,0.07268040415614621,0.07288708101370865,0.07302343070887174,2.0667685756244056,3.430265527255283
2052-12-20,2053-01-17,26.63888888888889,0.07267892790433685,0.07288708101370579,0.07302481645250586,2.0815310936894704,3.4588854816901273
2052-12-27,2053-01-24,26.658333333333335,0.07267745543970376,0.07288708101370579,0.0730262021962913,2.096255740020314,3.487467565875396
2053-01-03,2053-01-31,26.677777777777777,0.07267598675673138,0.07288708101370865,0.07302758794022804,2.110942569772678,3.5160118349665535
2053-01-10,2053-02-07,26.697222222222223,0.07267452184988699,0.07288708101370579,0.07302897368430752,2.1255916381880677,3.544518344205383
2053-01-17,2053-02-14,26.716666666666665,0.07267306071364926,0.07288708101370865,0.07303035942854688,2.1402030005938935,3.572987148976192
2053-01-24,2053-02-21,26.73611111111111,0.07267160334243128,0.07288708101370865,0.07303174517292613,2.1547767127737263,3.6014183049484783
2053-01-31,2053-02-28,26.755555555555556,0.07267014973065747,0.07288708101370579,0.07303313091744812,2.1693128304832445,3.6298118679065072
2053-02-07,2053-03-07,26.775,0.07266869987274374,0.07288708101370865,0.07303451666212427,2.1838114096491,3.658167893805242
2053-02-14,2053-03-14,26.794444444444444,0.07266725376306603,0.07288708101370865,0.07303590240695458,2.1982725064262354,3.686486438885528
2053-02-21,2053-03-21,26.81388888888889,0.0726658113959774,0.07288708101370865,0.07303728815191907,2.212696177312512,3.71476755941666
2053-02-28,2053-03-28,26.833333333333332,0.07266437276587093,0.07288708101370865,0.07303867389704914,2.2270824783772456,3.743011311782146
2053-03-07,2053-04-04,26.852777777777778,0.0726629378670426,0.07288708101370865,0.0730400596423191,2.241431466660504,3.771217752765038
2053-03-14,2053-04-11,26.872222222222224,0.07266150669380268,0.07288708101370293,0.07304144538773466,2.2557431990025134,3.799386939319777
2053-03-21,2053-04-18,26.891666666666666,0.07266007924048999,0.07288708101370579,0.07304283113331295,2.270017732158014,3.8275189282295505
2053-03-28,2053-04-25,26.91111111111111,0.0726586555013377,0.07288708101370579,0.07304421687901971,2.284255123680967,3.8556137768201717
2053-04-04,2053-05-02,26.930555555555557,0.07265723547065608,0.07288708101370579,0.07304560262488348,2.2984554304970874,3.8836715422739534
2053-04-11,2053-05-09,26.95,0.07265581914268118,0.0728870810137115,0.07304698837090141,2.312618710303138,3.9116922822023117
2053-04-18,2053-05-16,26.969444444444445,0.07265440651163761,0.07288708101370579,0.0730483741170621,2.3267450206818086,3.939676054244834
2053-04-25,2053-05-23,26.988888888888887,0.07265299757176713,0.07288708101370865,0.07304975986337693,2.340834419415211,3.9676229160980068
2053-05-02,2053-05-30,27.008333333333333,0.07265159231726008,0.0728870810137115,0.07305114560983737,2.3548869645141632,3.9955329257729266
2053-05-09,2053-06-06,27.02777777777778,0.07265019074230114,0.07288708101370579,0.07305253135643769,2.3689027140465226,4.0234061413654825
2053-05-16,2053-06-13,27.04722222222222,0.0726487928410892,0.07288708101370579,0.07305391710319503,2.3828817261659085,4.051242621058298
2053-05-23,2053-06-20,27.066666666666666,0.07264739860776327,0.07288708101370865,0.07305530285010084,2.396824059453795,4.079042423375673
2053-05-30,2053-06-27,27.086111111111112,0.07264600803647658,0.07288708101370579,0.07305668859714937,2.4107297722920915,4.106805606727826
2053-06-06,2053-07-04,27.105555555555554,0.07264462112137096,0.07288708101370579,0.07305807434436064,2.4245989233483147,4.134532229896765
2053-06-13,2053-07-11,27.125,0.0726432378565597,0.07288708101370865,0.07305946009170608,2.438431571489541,4.162222351463823
2053-06-20,2053-07-18,27.144444444444446,0.07264185823613323,0.07288708101370579,0.07306084583920283,2.4522277757256514,4.189876030696038
2053-06-27,2053-07-25,27.163888888888888,0.07264048225420483,0.07288708101370865,0.0730622315868566,2.465987595038216,4.217493326517663
2053-07-04,2053-08-01,27.183333333333334,0.0726391099048364,0.07288708101370865,0.0730636173346474,2.4797110887225804,4.245074298110108
2053-07-11,2053-08-08,27.20277777777778,0.07263774118208412,0.0728870810137115,0.07306500308258666,2.493398316273793,4.272619005025458
2053-07-18,2053-08-15,27.22222222222222,0.07263637608001844,0.07288708101370865,0.07306638883068294,2.5070493369021287,4.300127506644963
2053-07-25,2053-08-22,27.241666666666667,0.07263501459267273,0.07288708101370865,0.07306777457892194,2.520664210359236,4.327599862492121
2053-08-01,2053-08-29,27.261111111111113,0.07263365671406888,0.07288708101370293,0.07306916032731227,2.5342429963405575,4.355036132433904
2053-08-08,2053-09-05,27.280555555555555,0.07263230243822313,0.07288708101370865,0.07307054607585961,2.547785754855175,4.382436376364762
2053-08-15,2053-09-12,27.3,0.07263095175914026,0.07288708101370579,0.07307193182453542,2.5612925456552915,4.409800653951551
2053-08-22,2053-09-19,27.319444444444443,0.07262960467080225,0.07288708101370865,0.07307331757337396,2.574763429064042,4.437129025717107
2053-08-29,2053-09-26,27.33888888888889,0.07262826116718532,0.07288708101370865,0.07307470332235809,2.58819846523331,4.464421551727687
2053-09-05,2053-10-03,27.358333333333334,0.07262692124226572,0.07288708101370293,0.07307608907148497,2.601597714372156,4.491678292192491
2053-09-12,2053-10-10,27.377777777777776,0.07262558488997975,0.07288708101370865,0.07307747482077456,2.6149612372890205,4.518899307948132
2053-09-19,2053-10-17,27.397222222222222,0.07262425210428367,0.07288708101370865,0.0730788605702012,2.6282890942498636,4.546084659175359
2053-09-26,2053-10-24,27.416666666666668,0.07262292287910231,0.07288708101370865,0.07308024631977343,2.641581346063404,4.573234406711202
2053-10-03,2053-10-31,27.43611111111111,0.0726215972083634,0.07288708101370579,0.07308163206950555,2.654838053423869,4.600348611421418
2053-10-10,2053-11-07,27.455555555555556,0.0726202750859804,0.0728870810137115,0.0730830178193804,2.6680592773109524,4.627427333999956
2053-10-17,2053-11-14,27.475,0.07261895650583819,0.07288708101370009,0.07308440356939798,2.681245078618999,4.654470635597901
2053-10-24,2053-11-21,27.494444444444444,0.07261764146183593,0.07288708101370865,0.07308578931957545,2.694395518727244,4.681478577395204
2053-10-31,2053-11-28,27.51388888888889,0.07261632994784709,0.0728870810137115,0.07308717506988995,2.707510658644108,4.708451220428595
2053-11-07,2053-12-05,27.533333333333335,0.07261502195774515,0.07288708101370579,0.07308856082035575,2.7205905596064395,4.735388626106035
2053-11-14,2053-12-12,27.552777777777777,0.07261371748538359,0.07288708101371436,0.07308994657098428,2.733635283307667,4.762290856006879
2053-11-21,2053-12-19,27.572222222222223,0.07261241652461305,0.07288708101370293,0.07309133232174128,2.746644890898875,4.789157971282348
2053-11-28,2053-12-26,27.591666666666665,0.07261111906927559,0.07288708101370865,0.07309271807266386,2.7596194443306468,4.81599003388275
2053-12-05,2054-01-02,27.61111111111111,0.07260982511319616,0.07288708101370865,0.07309410382372919,2.7725590051248803,4.84278710533026
2053-12-12,2054-01-09,27.630555555555556,0.07260853465020542,0.07288708101370293,0.07309548957493155,2.7854636349751436,4.869549247261268
2053-12-19,2054-01-16,27.65,0.07260724767411686,0.07288708101370865,0.07309687532629663,2.7983333959179237,4.896276521797748
2053-12-26,2054-01-23,27.669444444444444,0.07260596417871261,0.07288708101370865,0.07309826107780447,2.8111683499604245,4.922968990918597
2054-01-02,2054-01-30,27.68888888888889,0.0726046841578005,0.07288708101370579,0.07309964682945504,2.823968559052953,4.949626716545391
2054-01-09,2054-02-06,27.708333333333332,0.07260340760516547,0.07288708101370865,0.07310103258126263,2.8367340854318357,4.976249760971635
2054-01-16,2054-02-13,27.727777777777778,0.07260213451458679,0.07288708101370865,0.07310241833321582,2.849464991218631,5.002838186290298
2054-01-23,2054-02-20,27.747222222222224,0.07260086487983802,0.07288708101370009,0.0731038040853146,2.8621613386206612,5.029392054765741
2054-01-30,2054-02-27,27.766666666666666,0.07259959869467274,0.07288708101370865,0.07310518983757325,2.8748231903591437,5.055911429005105
2054-02-06,2054-03-06,27.78611111111111,0.0725983359528445,0.07288708101370293,0.07310657558996608,2.887450608584363,5.082396371215853
2054-02-13,2054-03-13,27.805555555555557,0.07259707664809831,0.07288708101370865,0.07310796134251879,2.90004365610344,5.108846944204826
2054-02-20,2054-03-20,27.825,0.07259582077418202,0.07288708101370865,0.0731093470952171,2.9126023952663616,5.135263210350876
2054-02-27,2054-03-27,27.844444444444445,0.0725945683248178,0.07288708101370865,0.07311073284806101,2.925126888908558,5.161645232432122
2054-03-06,2054-04-03,27.863888888888887,0.07259331929373351,0.07288708101370865,0.07311211860106193,2.9376171997513856,5.18799307328413
2054-03-13,2054-04-10,27.883333333333333,0.07259207367464564,0.07288708101370865,0.07311350435420273,2.950073390630137,5.214306795570945
2054-03-20,2054-04-17,27.90277777777778,0.07259083146124207,0.07288708101370865,0.07311489010748914,2.962495524665848,5.240586462470775
2054-03-27,2054-04-24,27.92222222222222,0.07258959264726782,0.07288708101370865,0.07311627586092685,2.9748836644083454,5.266832136590349
2054-04-03,2054-05-01,27.941666666666666,0.07258835722638222,0.07288708101370865,0.07311766161451587,2.98723787326427,5.2930438813364455
2054-04-10,2054-05-08,27.961111111111112,0.07258712519228748,0.07288708101370293,0.07311904736824479,2.9995582141545407,5.319221759573084
2054-04-17,2054-05-15,27.980555555555554,0.0725858965386829,0.07288708101370865,0.07312043312213642,3.0118447502575085,5.3453658345352375
2054-04-24,2054-05-22,28.0,0.07258467125922216,0.0728870810137115,0.07312181887616509,3.024097544893356,5.37147616942929
2054-05-01,2054-05-29,28.019444444444446,0.07258344934758457,0.07288708101370865,0.07312320463034507,3.0363166612408508,5.397552827604985
2054-05-08,2054-06-05,28.038888888888888,0.07258223079743235,0.07288708101370865,0.07312459038467921,3.0485021627629783,5.423595872468545
2054-05-15,2054-06-12,28.058333333333334,0.07258101560244201,0.07288708101370865,0.0731259761391618,3.0606541126664,5.449605367197908
2054-05-22,2054-06-19,28.07777777777778,0.07257980375623863,0.07288708101370579,0.07312736189378713,3.0727725746716725,5.475581375485039
2054-05-29,2054-06-26,28.09722222222222,0.07257859525249868,0.07288708101370865,0.07312874764856092,3.0848576120996727,5.501523960622368
2054-06-05,2054-07-03,28.116666666666667,0.07257739008485015,0.07288708101370865,0.0731301334034803,3.0969092885850538,5.527433186301583
2054-06-12,2054-07-10,28.136111111111113,0.07257618824693239,0.07288708101370293,0.0731315191585567,3.10892766770543,5.5533091162431045
2054-06-19,2054-07-17,28.155555555555555,0.07257498973238478,0.07288708101370293,0.07313290491378442,3.120912813181498,5.579151813996375
2054-06-26,2054-07-24,28.175,0.07257379453482958,0.07288708101370293,0.07313429066915202,3.132864788733536,5.604961343224357
2054-07-03,2054-07-31,28.194444444444443,0.07257260264790043,0.07288708101370865,0.07313567642467092,3.1447836580822397,5.630737767704924
2054-07-10,2054-08-07,28.21388888888889,0.0725714140651996,0.07288708101370865,0.07313706218033257,3.1566694850905517,5.6564811513297455
2054-07-17,2054-08-14,28.233333333333334,0.07257022878035217,0.07288708101370865,0.07313844793614838,3.168522333564794,5.682191557962041
2054-07-24,2054-08-21,28.252777777777776,0.07256904678697186,0.07288708101370865,0.0731398336921155,3.1803422673679083,5.707869051436443
2054-07-31,2054-08-28,28.272222222222222,0.0725678680786609,0.07288708101370579,0.07314121944822251,3.19212935044888,5.733513695616033
2054-08-07,2054-09-04,28.291666666666668,0.07256669264901872,0.07288708101370865,0.07314260520448654,3.2038836468993583,5.759125554678224
2054-08-14,2054-09-11,28.31111111111111,0.07256552049165897,0.07288708101370865,0.07314399096089044,3.2156052204967978,5.784704692314707
2054-08-21,2054-09-18,28.330555555555556,0.07256435160014967,0.0728870810137115,0.07314537671745423,3.2272941356183136,5.810251173045677
2054-08-28,2054-09-25,28.35,0.07256318596809308,0.07288708101370293,0.07314676247416362,3.2389504560985385,5.83576506070535
2054-09-04,2054-10-02,28.369444444444444,0.0725620235890829,0.07288708101370579,0.07314814823101003,3.25057424622896,5.861246419271299
2054-09-11,2054-10-09,28.38888888888889,0.07256086445669853,0.07288708101370293,0.07314953398801631,3.262165570044051,5.886695313177814
2054-09-18,2054-10-16,28.408333333333335,0.07255970856451942,0.07288708101370865,0.07315091974516534,3.273724491892338,5.91211180645923
2054-09-25,2054-10-23,28.427777777777777,0.07255855590613638,0.07288708101370865,0.0731523055024714,3.285251075722667,5.937495963350137
2054-10-02,2054-10-30,28.447222222222223,0.07255740647510317,0.07288708101370579,0.07315369125992019,3.2967453860262284,5.962847848170194
2054-10-09,2054-11-06,28.466666666666665,0.07255626026500776,0.07288708101371436,0.07315507701751457,3.308207487065923,5.988167525068089
2054-10-16,2054-11-13,28.48611111111111,0.07255511726941531,0.0728870810137115,0.07315646277526312,3.319637442961848,6.013455058478112
2054-10-23,2054-11-20,28.505555555555556,0.07255397748188523,0.07288708101370865,0.07315784853315156,3.331035318234199,6.038710512663304
2054-10-30,2054-11-27,28.525,0.0725528408959884,0.07288708101370865,0.07315923429120558,3.3424011772024977,6.063933952171752
2054-11-06,2054-12-04,28.544444444444444,0.07255170750527284,0.07288708101370293,0.07316062004939664,3.3537350843008964,6.089125441237908
2054-11-13,2054-12-11,28.56388888888889,0.07255057730332082,0.07288708101370009,0.07316200580772758,3.365037103792712,6.1142850440676355
2054-11-20,2054-12-18,28.583333333333332,0.0725494502836832,0.07288708101370865,0.07316339156622124,3.3763073002544832,6.139412825380414
2054-11-27,2054-12-25,28.602777777777778,0.07254832643990802,0.07288708101370579,0.07316477732485195,3.3875457379776988,6.164508849439282
2054-12-04,2055-01-01,28.622222222222224,0.07254720576554899,0.07288708101370865,0.07316616308364537,3.3987524815966283,6.189573180963858
2054-12-11,2055-01-08,28.641666666666666,0.0725460882541627,0.0728870810137115,0.07316754884257584,3.4099275954879715,6.214605884131419
2054-12-18,2055-01-15,28.66111111111111,0.07254497389928576,0.07288708101370009,0.07316893460165762,3.421071144143334,6.2396070237186185
2054-12-25,2055-01-22,28.680555555555557,0.07254386269448901,0.07288708101370865,0.07317032036088499,3.4321831921964305,6.26457666395977
2055-01-01,2055-01-29,28.7,0.07254275463331476,0.0728870810137115,0.07317170612026651,3.443263803967339,6.289514869517454
2055-01-08,2055-02-05,28.719444444444445,0.07254164970929391,0.07288708101370865,0.07317309187979364,3.4543130441473666,6.314421704997214
2055-01-15,2055-02-12,28.738888888888887,0.07254054791599446,0.0728870810137115,0.07317447763947493,3.465330977170389,6.339297234804753
2055-01-22,2055-02-19,28.758333333333333,0.07253944924693588,0.07288708101370865,0.07317586339930468,3.476317667727713,6.364141523688
2055-01-29,2055-02-26,28.77777777777778,0.07253835369566046,0.07288708101370293,0.0731772491592686,3.4872731804247437,6.388954636081384
2055-02-05,2055-03-05,28.79722222222222,0.07253726125573623,0.07288708101370865,0.07317863491940095,3.4981975797242217,6.413736636647211
2055-02-12,2055-03-12,28.816666666666666,0.07253617192067693,0.07288708101370865,0.07318002067967035,3.5090909303171767,6.438487589934122
2055-02-19,2055-03-19,28.836111111111112,0.072535085684042,0.07288708101370293,0.07318140644008533,3.5199532966093128,6.463207560433309
2055-02-26,2055-03-26,28.855555555555554,0.07253400253937947,0.07288708101371436,0.07318279220065735,3.530784743348836,6.487896612778766
2055-03-05,2055-04-02,28.875,0.07253292248020594,0.07288708101370865,0.07318417796136924,3.5415853350270754,6.512554811632931
2055-03-12,2055-04-09,28.894444444444446,0.07253184550006088,0.07288708101370865,0.07318556372223244,3.552355136477725,6.537182221715565
2055-03-19,2055-04-16,28.913888888888888,0.07253077159250086,0.07288708101370865,0.0731869494832441,3.5630942120778997,6.56177890743237
2055-03-26,2055-04-23,28.933333333333334,0.07252970075105106,0.07288708101370293,0.07318833524440992,3.573802626518768,6.586344933588589
2055-04-02,2055-04-30,28.95277777777778,0.07252863296925664,0.07288708101370293,0.07318972100571847,3.584480444462912,6.610880364618238
2055-04-09,2055-05-07,28.97222222222222,0.07252756824066278,0.07288708101370865,0.0731911067671812,3.595127730458697,6.635385265184174
2055-04-16,2055-05-14,28.991666666666667,0.07252650655879465,0.07288708101370865,0.07319249252878667,3.6057445491399776,6.659859699920112
2055-04-23,2055-05-21,29.011111111111113,0.07252544791720597,0.07288708101370865,0.07319387829053772,3.616330965026809,6.68430373331752
2055-04-30,2055-05-28,29.030555555555555,0.07252439230943335,0.07288708101370865,0.07319526405244581,3.6268870427530464,6.708717430124605
2055-05-07,2055-06-04,29.05,0.07252333972900768,0.07288708101370293,0.07319664981449092,3.637412846952542,6.7331008548324185
2055-05-14,2055-06-11,29.069444444444443,0.07252229016949409,0.07288708101370865,0.07319803557670161,3.647908442145631,6.75745407207523
2055-05-21,2055-06-18,29.08888888888889,0.07252124362441492,0.07288708101370865,0.07319942133905505,3.6583738929373,6.781777146401269
2055-05-28,2055-06-25,29.108333333333334,0.07252020008730962,0.07288708101370865,0.07320080710154553,3.668809263990269,6.806070142359038
2055-06-04,2055-07-02,29.127777777777776,0.07251915955174905,0.07288708101370865,0.07320219286419587,3.6792146195960274,6.830333124468179
2055-06-11,2055-07-09,29.147222222222222,0.07251812201124411,0.07288708101370865,0.07320357862699181,3.6895900246454447,6.854566157477038
2055-06-18,2055-07-16,29.166666666666668,0.0725170874593628,0.07288708101370293,0.07320496438992478,3.699935543401284,6.8787693056197865
2055-06-25,2055-07-23,29.18611111111111,0.0725160558896503,0.07288708101370865,0.0732063501530262,3.7102512405835784,6.902942633759124
2055-07-02,2055-07-30,29.205555555555556,0.07251502729566031,0.07288708101370865,0.07320773591627036,3.7205371804834018,6.927086206100497
2055-07-09,2055-08-06,29.225,0.07251400167092946,0.07288708101370293,0.0732091216796544,3.7307934277347465,6.951200087249449
2055-07-16,2055-08-13,29.244444444444444,0.07251297900901715,0.07288708101371436,0.07321050744320116,3.741020046972021,6.97528434184011
2055-07-23,2055-08-20,29.26388888888889,0.07251195930347715,0.07288708101370865,0.07321189320687926,3.7512171023150467,6.999339034021168
2055-07-30,2055-08-27,29.283333333333335,0.07251094254786603,0.07288708101370865,0.07321327897071722,3.7613846584262642,7.023364228511964
2055-08-06,2055-09-03,29.302777777777777,0.07250992873574034,0.07288708101370865,0.07321466473470364,3.7715227796830675,7.04735998963299
2055-08-13,2055-09-10,29.322222222222223,0.07250891786065955,0.07288708101370293,0.07321605049882995,3.7816315304338435,7.071326381704046
2055-08-20,2055-09-17,29.341666666666665,0.07250790991618596,0.07288708101370293,0.07321743626311898,3.791710975169782,7.095263469330259
2055-08-27,2055-09-24,29.36111111111111,0.07250690489587328,0.07288708101370865,0.07321882202753935,3.801761178353763,7.119171316660733
2055-09-03,2055-10-01,29.380555555555556,0.07250590279329806,0.07288708101370865,0.07322020779211957,3.8117822041058846,7.143049988215106
2055-09-10,2055-10-08,29.4,0.07250490360202834,0.07288708101370865,0.0732215935568454,3.8217741168031227,7.166899548170652
2055-09-17,2055-10-15,29.419444444444444,0.07250390731562353,0.07288708101371436,0.07322297932171683,3.831736980908218,7.190720060932937
2055-09-24,2055-10-22,29.43888888888889,0.07250291392765451,0.07288708101370293,0.0732243650867367,3.841670860484231,7.214511590821898
2055-10-01,2055-10-29,29.458333333333332,0.0725019234317121,0.07288708101370865,0.0732257508519136,3.8515758199654524,7.238274202014949
2055-10-08,2055-11-05,29.477777777777778,0.07250093582136431,0.07288708101370865,0.0732271366172361,3.861451923443393,7.262007958717814
2055-10-15,2055-11-12,29.497222222222224,0.07249995109018201,0.07288708101370293,0.07322852238270418,3.8712992352092632,7.285712925221705
2055-10-22,2055-11-19,29.516666666666666,0.0724989692317817,0.07288708101370865,0.07322990814832357,3.8811178192695026,7.309389165418706
2055-10-29,2055-11-26,29.53611111111111,0.07249799023970573,0.07288708101370293,0.07323129391408571,3.8909077399720826,7.33303674379987
2055-11-05,2055-12-03,29.555555555555557,0.0724970141075649,0.07288708101370293,0.07323267967999916,3.9006690613803405,7.356655724342631
2055-11-12,2055-12-10,29.575,0.07249604082896718,0.07288708101370865,0.07323406544606678,3.910401847414674,7.380246170995974
2055-11-19,2055-12-17,29.594444444444445,0.07249507039746345,0.07288708101370865,0.07323545121227427,3.9201061624520586,7.403808148108287
2055-11-26,2055-12-24,29.613888888888887,0.07249410280669594,0.07288708101370865,0.07323683697863308,3.929782070127147,7.4273417193714
2055-12-03,2055-12-31,29.633333333333333,0.07249313805024407,0.07288708101371436,0.07323822274514605,3.93942963470284,7.450846949019763
2055-12-10,2056-01-07,29.65277777777778,0.0724921761217101,0.07288708101370865,0.0732396085117989,3.9490489199854597,7.474323900888008
2055-12-17,2056-01-14,29.67222222222222,0.07249121701470486,0.07288708101370865,0.07324099427860878,3.9586399900379265,7.497772639039196
2055-12-24,2056-01-21,29.691666666666666,0.07249026072286201,0.07288708101370865,0.07324238004555854,3.968202908466445,7.521193226965317
2055-12-31,2056-01-28,29.711111111111112,0.07248930723975239,0.07288708101370293,0.07324376581265961,3.977737739505466,7.544585729072212
2056-01-07,2056-02-04,29.730555555555554,0.07248835655903539,0.07288708101370293,0.07324515157990913,3.987244546675428,7.567950208737378
2056-01-14,2056-02-11,29.75,0.07248740867432751,0.07288708101370865,0.07324653734731568,3.99672339381138,7.59128672988163
2056-01-21,2056-02-18,29.769444444444446,0.07248646357921393,0.07288708101370865,0.0732479231148621,4.0061743449472385,7.614595356481707
2056-01-28,2056-02-25,29.788888888888888,0.07248552126738536,0.07288708101370865,0.07324930888255413,4.015597463232906,7.63787615168765
2056-02-04,2056-03-03,29.808333333333334,0.07248458173244408,0.07288708101371436,0.07325069465040317,4.024992812702716,7.661129179590831
2056-02-11,2056-03-10,29.82777777777778,0.0724836449680209,0.07288708101370293,0.07325208041838353,4.034360456820346,7.68435450362634
2056-02-18,2056-03-17,29.84722222222222,0.0724827109677809,0.07288708101370865,0.0732534661865352,4.043700459277488,7.7075521875429045
2056-02-25,2056-03-24,29.866666666666667,0.07248177972534631,0.07288708101370865,0.07325485195482388,4.053012883623447,7.730722294775755
2056-03-03,2056-03-31,29.886111111111113,0.07248085123438505,0.07288708101370293,0.07325623772326104,4.0622977931788204,7.753864888759843
2056-03-10,2056-04-07,29.905555555555555,0.07247992548854507,0.07288708101370865,0.07325762349185805,4.071555251635855,7.776980033129821
2056-03-17,2056-04-14,29.925,0.07247900248149428,0.07288708101370293,0.07325900926058353,4.080785322086583,7.800067790892512
2056-03-24,2056-04-21,29.944444444444443,0.07247808220689203,0.07288708101370293,0.0732603950294746,4.089988068109035,7.8231282258256485
2056-03-31,2056-04-28,29.96388888888889,0.07247716465840341,0.07288708101370865,0.07326178079851126,4.099163553052398,7.846161401078438
2056-04-07,2056-05-05,29.983333333333334,0.07247624982969919,0.07288708101370865,0.0732631665676821,4.108311840094609,7.869167379829095
2056-04-14,2056-05-12,30.002777777777776,0.07247533771445872,0.07288708101370865,0.07326455233702424,4.1174329924993645,7.8921462256552335
2056-04-21,2056-05-19,30.022222222222222,0.07247442830637844,0.07288708101371436,0.07326593810650626,4.1265270733591155,7.915098001278209
2056-04-28,2056-05-26,30.041666666666668,0.0724735215991149,0.07288708101370865,0.07326732387612246,4.13559414593756,7.9380227700756585
2056-05-05,2056-06-02,30.06111111111111,0.07247261758639306,0.07288708101370865,0.07326870964589853,4.144634273155895,7.960920595054683
2056-05-12,2056-06-09,30.080555555555556,0.07247171626190088,0.07288708101370865,0.0732700954158202,4.153647518077702,7.983791539193236
2056-05-19,2056-06-16,30.1,0.07247081761932625,0.07288708101370293,0.07327148118588747,4.162633943766841,8.006635665612215
2056-05-26,2056-06-23,30.119444444444444,0.07246992165239131,0.07288708101370293,0.07327286695611461,4.1715936131161975,8.029453037232958
2056-06-02,2056-06-30,30.13888888888889,0.07246902835479828,0.07288708101370579,0.07327425272649306,4.180526589075139,8.052243716947793
2056-06-09,2056-07-07,30.158333333333335,0.07246813772026643,0.07288708101370865,0.07327563849700283,4.189432934422199,8.075007767364001
2056-06-16,2056-07-14,30.177777777777777,0.07246724974252652,0.07288708101370865,0.07327702426767534,4.198312711821278,8.097745251488126
2056-06-23,2056-07-21,30.197222222222223,0.07246636441529786,0.07288708101370865,0.07327841003849343,4.207165984107947,8.120456231955758
2056-06-30,2056-07-28,30.216666666666665,0.07246548173232258,0.07288708101370865,0.07327979580944856,4.215992813860758,8.143140771259826
2056-07-07,2056-08-04,30.23611111111111,0.07246460168733426,0.07288708101370865,0.07328118158056356,4.2247932637438925,8.165798932292939
2056-07-14,2056-08-11,30.255555555555556,0.0724637242740665,0.07288708101370865,0.07328256735181846,4.233567396421528,8.188430777519573
2056-07-21,2056-08-18,30.275,0.07246284948628715,0.07288708101370865,0.07328395312323036,4.242315274215064,8.211036369432101
2056-07-28,2056-08-25,30.294444444444444,0.0724619773177469,0.07288708101370865,0.07328533889479072,4.251036959617566,8.233615770438242
2056-08-04,2056-09-01,30.31388888888889,0.07246110776219933,0.07288708101370293,0.07328672466648811,4.259732515036058,8.25616904288784
2056-08-11,2056-09-08,30.333333333333332,0.072460240813418,0.07288708101370293,0.07328811043835394,4.268402002849392,8.278696249359452
2056-08-18,2056-09-15,30.352777777777778,0.07245937646517644,0.0728870810137115,0.07328949621035395,4.277045485350516,8.301197451775073
2056-08-23,2056-09-20,30.366666666666667,0.0724587606622792,0.07288708101370009,0.0732904860475947,4.283203514208883,8.317253853154932
