date,act360_years,true_zero_rate,log_linear_zero_rate,linear_continuous_zero_rate,log_linear_error_bp,linear_continuous_zero_error_bp
2026-09-19,0.002777777777777778,0.07798057162230178,0.07741270445085471,0.07741270445085861,-5.678671714470646,-5.678671714431649
2026-09-26,0.022222222222222223,0.07784546898459506,0.07741270445085709,0.07741270445085861,-4.327645337379726,-4.32764533736446
2026-10-03,0.041666666666666664,0.07771192218783371,0.0774127044508574,0.07741270445085861,-2.9921773697630383,-2.992177369750965
2026-10-10,0.06111111111111111,0.07757991434596145,0.07741270445085928,0.07741270445085861,-1.6720989510217443,-1.6720989510284057
2026-10-17,0.08055555555555556,0.07744942876416296,0.07741270445085931,0.07741270445085861,-0.3672431330364878,-0.3672431330434267
2026-10-24,0.1,0.0773204489365812,0.07731457064825699,0.07735476875235942,-0.05878288324212555,0.34319815778213747
2026-10-31,0.11944444444444445,0.07719295854406308,0.07713884267615546,0.07721958545586126,-0.5411586790761425,0.2662691179818044
2026-11-07,0.1388888888888889,0.07706694145193284,0.07701231853624231,0.07708440215936312,-0.5462291569052757,0.17460707430277944
2026-11-14,0.15833333333333333,0.07694238170779319,0.07691687050086914,0.07694921886286497,-0.25511206924053176,0.06837155071784395
2026-11-21,0.17777777777777778,0.07681926353935353,0.07682685458721472,0.07681635901625622,0.07591047861188471,-0.029045230973134828
2026-11-28,0.19722222222222222,0.07669757135228503,0.07667104321665383,0.07669743986898378,-0.265281356311986,-0.0013148330124668206
2026-12-05,0.21666666666666667,0.07657728972810235,0.07654319798952683,0.07657852072171134,-0.3409173857552017,0.01230993608991593
2026-12-12,0.2361111111111111,0.07645840342207147,0.07643640962333832,0.0764596015744389,-0.21993798733146996,0.011981523674320371
2026-12-19,0.25555555555555554,0.07634089736114329,0.07634587166070059,0.07634068242716646,0.049742995573004434,-0.0021493397682481596
2026-12-26,0.275,0.076224756641913,0.07619650256822325,0.07622791041039076,-0.2825407368975408,0.03153768477759389
2027-01-02,0.29444444444444445,0.0761099665286044,0.07601668354457995,0.0761197487414876,-0.9328298402444535,0.09782212883197028
2027-01-09,0.3138888888888889,0.07599651245107933,0.07585914298404281,0.07601158707258444,-1.3736946703651887,0.1507462150511507
2027-01-16,0.3333333333333333,0.07588438000287152,0.07571998215556831,0.07590342540368128,-1.6439784730321039,0.19045400809755697
2027-01-23,0.3527777777777778,0.0757735549392448,0.0755961618908626,0.07579526373477813,-1.7739304838219894,0.2170879553332894
2027-01-30,0.37222222222222223,0.0756640231752752,0.07548527807172307,0.07568710206587498,-1.7874510355211926,0.23078890599784185
2027-02-06,0.39166666666666666,0.0755557707839568,0.07538540399349121,0.07557894039697181,-1.70366790465587,0.23169613015017188
2027-02-13,0.4111111111111111,0.07544878399433091,0.0752949774632002,0.07547077872806866,-1.5380653113071519,0.21994733737748517
2027-02-20,0.4305555555555556,0.0753430491896382,0.07521271849048394,0.0753626170591655,-1.303306991542602,0.195678695272955
2027-02-27,0.45,0.0752385529054938,0.07513756831787871,0.07525445539026235,-1.0098458761509388,0.15902484768542946
2027-03-06,0.46944444444444444,0.07513528182808477,0.07506864360335928,0.07514629372135918,-0.6663822472548209,0.11011893274417983
2027-03-13,0.4888888888888889,0.07503322279238969,0.07500520153658564,0.07503813205245603,-0.28021255804047684,0.04909260066340848
2027-03-20,0.5083333333333333,0.07493236278042051,0.07494661296125926,0.07492997038355287,0.14250180838754067,-0.023923968676398122
2027-03-27,0.5277777777777778,0.07483268891948557,0.07483338941306718,0.07483301757114054,0.007004935816123936,0.0032865165497386606
2027-04-03,0.5472222222222223,0.07473418848047439,0.07470546929490104,0.07474054830132454,-0.2871918557334485,0.06359820850149189
2027-04-10,0.5666666666666667,0.07463684887616341,0.07458632800837377,0.07464807903150854,-0.5052086778964404,0.11230155345126613
2027-04-17,0.5861111111111111,0.07454065765954251,0.07447509183090519,0.07455560976169254,-0.6556582863732896,0.14952102150023183
2027-04-24,0.6055555555555555,0.07444560252216222,0.07437099926116397,0.07446314049187652,-0.7460326099824333,0.17537969714306878
2027-05-01,0.625,0.07435167129250124,0.07427338356242882,0.07437067122206051,-0.7828773007241552,0.18999929559268547
2027-05-08,0.6444444444444445,0.07425885193435393,0.07418165846620357,0.07427820195224451,-0.7719346815035499,0.1935001789057922
2027-05-15,0.6638888888888889,0.07416713254523767,0.07409530638816718,0.0741857326824285,-0.7182615707049256,0.18600137190835642
2027-05-22,0.6833333333333333,0.07407650135481983,0.07401386865603546,0.07409326341261249,-0.6263269878437061,0.16762057792663043
2027-05-29,0.7027777777777777,0.07398694672336395,0.07393693735967369,0.07400079414279649,-0.500093636902621,0.1384741943254164
2027-06-05,0.7222222222222222,0.07389845714019509,0.07386414851773146,0.07390832487298049,-0.34308622463632976,0.09867732785398542
2027-06-12,0.7416666666666667,0.0738110212221839,0.07379517631918708,0.07381585560316448,-0.15844902996817178,0.04834380980575648
2027-06-19,0.7611111111111111,0.07372462771224941,0.07372972824757537,0.07372338633334848,0.05100535325958111,-0.01241378900937451
2027-06-26,0.7805555555555556,0.07363926547788008,0.07364288674646262,0.07363870760616976,0.036212685825404156,-0.005578717103132957
2027-07-03,0.8,0.07355492350967302,0.0735422254918647,0.07355987178596902,-0.1269801780831581,0.049482762960045834
2027-07-10,0.8194444444444444,0.07347159091989118,0.07344634138155279,0.07348103596576827,-0.2524953833839272,0.09445045877090608
2027-07-17,0.8388888888888889,0.073389256941038,0.07335490222999706,0.07340220014556753,-0.34354711040934793,0.1294320452953357
2027-07-24,0.8583333333333333,0.07330791092444981,0.07326760595262184,0.0733233643253668,-0.40304971827970215,0.15453400916992655
2027-07-31,0.8777777777777778,0.07322754233890523,0.07318417723183918,0.07324452850516605,-0.4336510706605401,0.16986166260821167
2027-08-07,0.8972222222222223,0.07314814076925169,0.07310436461660137,0.07316569268496531,-0.4377615265031831,0.1755191571362058
2027-08-14,0.9166666666666666,0.07306969591504874,0.07302793799110077,0.07308685686476457,-0.4175792394796318,0.17160949715835927
2027-08-21,0.9361111111111111,0.07299219758922794,0.07295468635894445,0.07300802104456383,-0.3751123028349068,0.15823455335892134
2027-08-28,0.9555555555555556,0.07291563571676915,0.07288441589786439,0.07292918522436309,-0.3121981890476244,0.1354950759394069
2027-09-04,0.975,0.07284000033339302,0.07281694824719762,0.07285034940416235,-0.2305208619540755,0.10349070769327673
2027-09-11,0.9944444444444445,0.07276528158426941,0.07275211899627762,0.07277151358396161,-0.13162587991791264,0.062319996921994525
2027-09-18,1.0138888888888888,0.07269146972274154,0.0726897763467629,0.07269267776376087,-0.016933759786480485,0.012080410193293645
2027-09-25,1.0333333333333334,0.07261855510906588,0.07261021341114103,0.07262465021538914,-0.08341697924851843,0.06095106323253385
2027-10-02,1.0527777777777778,0.07254652820916731,0.07250798263840062,0.07257103369612275,-0.38545570766684856,0.24505486955442302
2027-10-09,1.0722222222222222,0.07247537959340938,0.07240945971752127,0.07251741717685636,-0.6591987588810966,0.4203758344697994
2027-10-16,1.0916666666666666,0.07240509993537982,0.07231444651901413,0.07246380065758998,-0.9065341636568802,0.5870072221016154
2027-10-23,1.1111111111111112,0.0723356800106906,0.07222275878245485,0.07241018413832358,-1.1292122823575168,0.7450412763297665
2027-10-30,1.1305555555555555,0.07226711069579272,0.07213422492381157,0.07235656761905719,-1.328857719811588,0.8945692326446653
2027-11-06,1.15,0.07219938296680557,0.07204868496376969,0.0723029510997908,-1.5069800303588177,1.0356813298523226
2027-11-13,1.1694444444444445,0.07213248789836027,0.07196598956296912,0.07224933458052442,-1.6649833539114645,1.168466821641484
2027-11-20,1.1888888888888889,0.07206641666245735,0.07188599915191442,0.07219571806125803,-1.8041751054292954,1.2930139880068525
2027-11-27,1.2083333333333333,0.07200116052733815,0.07180858314489366,0.07214210154199163,-1.9257738244449207,1.4094101465347841
2027-12-04,1.2277777777777779,0.07193671085637016,0.071733619228593,0.07208848502272525,-2.0309162777715217,1.5177416635508978
2027-12-11,1.2472222222222222,0.07187305910694561,0.07166099271725494,0.07203486850345886,-2.120663896906655,1.6180939651325166
2027-12-18,1.2666666666666666,0.07181019682939381,0.07159059596722997,0.07198125198419247,-2.1960086216384065,1.710551547986633
2027-12-25,1.2861111111111112,0.07174811566590639,0.07152232784463541,0.07192763546492607,-2.2578782127097297,1.7951979901968673
2028-01-01,1.3055555555555556,0.07168680734947581,0.07145609324058633,0.07187401894565969,-2.307141088894876,1.8721159618387273
2028-01-08,1.325,0.07162626370284672,0.07139180262910892,0.0718204024263933,-2.344610737377989,1.9413872354658024
2028-01-15,1.3444444444444446,0.07156647663747989,0.07132937166341795,0.07176678590712691,-2.3710497406194406,2.003092696470227
2028-01-22,1.363888888888889,0.07150743815252897,0.07126872080672844,0.07171316938786053,-2.387173458005265,2.057312353315605
2028-01-29,1.3833333333333333,0.07144914033382946,0.07120977499420283,0.07165955286859413,-2.3936533962662376,2.1041253476467014
2028-02-05,1.4027777777777777,0.07139157535290004,0.07115246332301464,0.07160593634932774,-2.391120298853994,2.14360996427701
2028-02-12,1.4222222222222223,0.07133473546595599,0.07109671876783548,0.07155231983006136,-2.380166981205134,2.1758436410536373
2028-02-19,1.4416666666666667,0.07127861301293456,0.07104247791934709,0.07149870331079497,-2.3613509358746954,2.2009029786040912
2028-02-26,1.461111111111111,0.07122320041653205,0.07098968074363206,0.07144508679152857,-2.335196728999872,2.2188637499652444
2028-03-04,1.4805555555555556,0.07116849018125276,0.07093827036052507,0.0713914702722622,-2.3021982072769784,2.2298009100943372
2028-03-11,1.5,0.07111447489246926,0.07088819283920225,0.0713378537529958,-2.2628205326701014,2.233788605265352
2028-03-18,1.5194444444444444,0.07106114721549414,0.07083939700946722,0.07128423723372941,-2.2175020602692443,2.2309001823526966
2028-03-25,1.538888888888889,0.07100849989466283,0.07079183428734284,0.07123062071446301,-2.166656073199907,2.2212081980017837
2028-04-01,1.5583333333333333,0.07095652575242777,0.07074545851372073,0.07117700419519662,-2.110672387070356,2.204784427688594
2028-04-08,1.5777777777777777,0.07090521768846328,0.07070022580494131,0.07112338767593024,-2.049918835219655,2.181699874669596
2028-04-15,1.5972222222222223,0.07085456867878134,0.07065609441428879,0.07106977115666385,-1.984742644925569,2.15202477882509
2028-04-22,1.6166666666666667,0.07080457177485812,0.0706130246034801,0.07101615463739747,-1.9154717137802313,2.1158286253934735
2028-04-29,1.636111111111111,0.07075522010277085,0.07057097852331876,0.07096253811813108,-1.8424157945209907,2.07318015360225
2028-05-06,1.6555555555555554,0.07070650686234534,0.07052992010275862,0.0709089215988647,-1.7658675958671932,2.0241473651935737
2028-05-13,1.675,0.07065842532631356,0.07048981494569398,0.0708553050795983,-1.6861038061957712,1.9687975328473717
2028-05-20,1.6944444444444444,0.0706109688394816,0.07045063023485716,0.07080168856033191,-1.6033860462444371,1.9071972085030198
2028-05-27,1.7138888888888888,0.07056413081790748,0.07041233464225641,0.07074807204106552,-1.5179617565107273,1.8394122315804062
2028-06-03,1.7333333333333334,0.07051790474808886,0.07037489824564357,0.07069445552179912,-1.4300650244529478,1.7655077371026007
2028-06-10,1.7527777777777778,0.07047228418616072,0.07033829245054032,0.07064083900253273,-1.339917356203979,1.6855481637201297
2028-06-17,1.7722222222222221,0.07042726275710243,0.07030248991739863,0.07058722248326635,-1.247728397038017,1.5995972616392184
2028-06-24,1.7916666666666667,0.07038283415395453,0.0702674644935034,0.07053360596399996,-1.153696604511284,1.507718100454275
2028-07-01,1.8111111111111111,0.07033899213704502,0.0702331911492623,0.07047998944473358,-1.0580098778271985,1.40997307688559
2028-07-08,1.8305555555555555,0.07029573053322456,0.07019964591855597,0.07042637292546718,-0.9608461466859008,1.3064239224261365
2028-07-15,1.85,0.07025304323511139,0.0701668058428495,0.0703727564062008,-0.8623739226189253,1.1971317108941393
2028-07-22,1.8694444444444445,0.07021092420034482,0.07013464891879218,0.0703191398869344,-0.7627528155264296,1.0821568658958558
2028-07-29,1.8888888888888888,0.07016936745084805,0.07010315404905369,0.07026552336766802,-0.662134017943572,0.9615591681996771
2028-08-05,1.9083333333333334,0.07012836707209959,0.07007230099616577,0.07021190684840163,-0.5606607593382218,0.8353977630204401
2028-08-12,1.9277777777777778,0.07008791721241359,0.07004207033915737,0.07015829032913524,-0.458468732562195,0.7037311672165869
2028-08-19,1.9472222222222222,0.07004801208222866,0.07001244343278827,0.07010467380986884,-0.35568649440390065,0.5666172764018373
2028-08-26,1.9666666666666666,0.07000864595340535,0.06998340236920053,0.07005105729060246,-0.2524358420481765,0.42411337197109655
2028-09-02,1.9861111111111112,0.06996981315853183,0.06995492994182284,0.06999744077133607,-0.14883216708991287,0.276276128042402
2028-09-09,2.0055555555555555,0.06993150809023814,0.06992700961137488,0.06994382425206969,-0.04498478863260158,0.1231616183154649
2028-09-16,2.025,0.06989372520051852,0.06989962547383,0.0698902077328033,0.059002733114738026,-0.03517467715222211
2028-09-23,2.0444444444444443,0.06985645900006175,0.06986751543805647,0.06984842823340505,0.11056437994719226,-0.08030766656702548
2028-09-30,2.063888888888889,0.06981970405758968,0.06982908062229859,0.06982243142716434,0.09376564708910018,0.027273695746565796
2028-10-07,2.0833333333333335,0.06978345499920355,0.06979136325643497,0.06979643462092361,0.07908257231417637,0.1297962172006062
2028-10-14,2.102777777777778,0.06974770650773815,0.06975434343762815,0.0697704378146829,0.06636929890002641,0.22731306944745455
2028-10-21,2.1222222222222222,0.06971245332212367,0.06971800199246449,0.06974444100844218,0.05548670340818629,0.3198768631851312
2028-10-28,2.1416666666666666,0.06967769023675516,0.06968232044384075,0.06971844420220148,0.046302070855902544,0.4075396544632459
2028-11-04,2.161111111111111,0.06964341210086962,0.06964728097963953,0.06969244739596075,0.03868878769908157,0.4903529509113491
2028-11-11,2.1805555555555554,0.06960961381793031,0.06961286642308007,0.06966645058972003,0.032526051497588915,0.5683677178972002
2028-11-18,2.2,0.06957629034501855,0.06957906020464168,0.06964045378347931,0.027698596231223727,0.6416343846075978
2028-11-25,2.2194444444444446,0.06954343669223281,0.06954584633546247,0.0696144569772386,0.024096432296588643,0.7102028500578783
2028-12-02,2.238888888888889,0.06951104792209473,0.06951320938212512,0.06958846017099789,0.02161460030389306,0.774122489031609
2028-12-09,2.2583333333333333,0.06947911914896243,0.06948113444274441,0.06956246336475717,0.02015293781978955,0.8334421579474227
2028-12-16,2.2777777777777777,0.0694476455384507,0.06944960712427987,0.06953646655851646,0.019615858291716082,0.8882102006575743
2028-12-23,2.297222222222222,0.06941662230685812,0.06941861352100104,0.06951046975227573,0.019912141429184738,0.9384744541761358
2028-12-30,2.316666666666667,0.06938604472060088,0.0693881401940362,0.06948447294603503,0.02095473435326234,0.9842822543415508
2029-01-06,2.3361111111111112,0.06935590809565349,0.06935817415194355,0.0694584761397943,0.02266056290056717,1.0256804414081333
2029-01-13,2.3555555555555556,0.06932620779699603,0.06932870283224393,0.0694324793335536,0.024950352479069515,1.0627153655758115
2029-01-20,2.375,0.06929693923806793,0.06929971408386104,0.06940648252731288,0.027748457931131565,1.0954328924495105
2029-01-27,2.3944444444444444,0.06926809788022831,0.06927119615041705,0.06938048572107217,0.03098270188739427,1.1238784084385833
2029-02-03,2.4138888888888888,0.06923967923222264,0.06924313765433582,0.06935448891483145,0.034584221131755966,1.148096826088102
2029-02-10,2.433333333333333,0.0692116788496558,0.06921552758170799,0.06932849210859073,0.03848732052183501,1.1681325893492245
2029-02-17,2.452777777777778,0.06918409233447129,0.06918835526787599,0.06930249530235001,0.042629334047056266,1.1840296787872517
2029-02-24,2.4722222222222223,0.06915691533443667,0.06916161038369985,0.0692764984961093,0.04695049263175877,1.1958316167262617
2029-03-03,2.4916666666666667,0.06913014354263503,0.0691352829224651,0.06925050168986858,0.051393798300714,1.2035814723355964
2029-03-10,2.511111111111111,0.06910377269696254,0.06910936318739991,0.06922450488362786,0.05590490437371032,1.2073218666532048
2029-03-17,2.5305555555555554,0.06907779857963187,0.0690838417797671,0.06919850807738716,0.060432001352389575,1.2070949775529194
2029-03-24,2.55,0.06905221701668152,0.06905870958750125,0.06917251127114643,0.06492570819735533,1.2029425446491437
2029-03-31,2.5694444444444446,0.06902702387749093,0.06903395777436161,0.06914651446490572,0.06933896870675582,1.1949058741478336
2029-04-07,2.588888888888889,0.06900221507430129,0.06900957776957388,0.069120517658665,0.07362695272586373,1.1830258436371088
2029-04-14,2.6083333333333334,0.068977786561742,0.06898556125793524,0.06909452085242429,0.07774696193244002,1.1673429068229102
2029-04-21,2.6277777777777778,0.06895373433636279,0.06896190017035887,0.06906852404618358,0.08165833996084948,1.147897098207895
2029-04-28,2.647222222222222,0.0689300544361712,0.06893858667483507,0.06904252723994286,0.08532238663871983,1.1247280377166269
2029-05-05,2.6666666666666665,0.06890674294017565,0.06891561316778766,0.06901653043370215,0.08870227612006731,1.0978749352649753
2029-05-12,2.686111111111111,0.06888379596793384,0.06889297226580611,0.06899053362746142,0.09176297872268147,1.0673765952758096
2029-05-19,2.7055555555555557,0.06886120967910639,0.06887065679773394,0.06896453682122071,0.0944711862754799,1.033271421143206
2029-05-26,2.725,0.06883898027301583,0.068848659797096,0.06893854001498,0.09679524080180579,0.9955974196416972
2029-06-02,2.7444444444444445,0.06881710398821073,0.06882697449484769,0.06891254320873928,0.0987050663696365,0.9543922052855647
2029-06-09,2.763888888888889,0.06879557710203489,0.06880559431243,0.06888654640249856,0.1001721039510517,0.9096930046366414
2029-06-16,2.783333333333333,0.06877439593020171,0.06878451285511596,0.06886054959625784,0.10116924914246872,0.8615366605613239
2029-06-23,2.8027777777777776,0.06875355682637341,0.06876372390563379,0.06883455279001713,0.10167079260381406,0.8099596364372075
2029-06-30,2.8222222222222224,0.06873305618174531,0.06874322141805396,0.06880855598377641,0.10165236308645742,0.7549980203110096
2029-07-07,2.841666666666667,0.06871289042463494,0.06872299951192685,0.0687825591775357,0.10109087291917951,0.6966875290076446
2029-07-14,2.861111111111111,0.06869305602007576,0.06870305246665971,0.06875656237129499,0.09996446583948604,0.6350635121922521
2029-07-21,2.8805555555555555,0.0686735494694161,0.0686833747161213,0.06873056556505427,0.09825246705202906,0.57016095638171
2029-07-28,2.9,0.0686543673099223,0.06866396084346377,0.06870456875881355,0.09593533541463195,0.5020144889124334
2029-08-04,2.9194444444444443,0.06863550611438675,0.0686448055761508,0.06867857195257283,0.09299461764047945,0.4306583818608489
2029-08-11,2.938888888888889,0.06861696249074047,0.06862590378118412,0.06865257514633212,0.0894129044365366,0.3561265559165472
2029-08-18,2.9583333333333335,0.06859873308167015,0.06860725046051754,0.06862657834009141,0.08517378847383572,0.2784525842125518
2029-08-25,2.977777777777778,0.06858081456423981,0.06858884074665063,0.0686005815338507,0.08026182410816873,0.1976696961088209
2029-09-01,2.9972222222222222,0.06856320364951664,0.06857066989839462,0.06857458472760997,0.07466248877985304,0.11381078093328223
2029-09-08,3.0166666666666666,0.0685458970822014,0.06855273329680124,0.06854858792136925,0.06836214599834078,0.026908391678459598
2029-09-15,3.036111111111111,0.06852889164026307,0.06853502644124837,0.06852259111512854,0.0613480098529684,-0.0630052513453383
2029-09-22,3.0555555555555554,0.06851218413457764,0.06851861793408004,0.06850111463242861,0.06433799502394977,-0.11069502149033128
2029-09-29,3.075,0.0684957714085713,0.06850508245059132,0.06849093895858063,0.09311042020024307,-0.0483244999066601
2029-10-06,3.0944444444444446,0.06847965033786763,0.06849171707192206,0.06848076328473264,0.1206673405443337,0.01112946865014508
2029-10-13,3.113888888888889,0.06846381782993893,0.06847851861145202,0.06847058761088466,0.1470078151308285,0.06769780945728443
2029-10-20,3.1333333333333333,0.06844827082376165,0.06846548396166159,0.06846041193703667,0.17213137899943498,0.12141113275021542
2029-10-27,3.1527777777777777,0.06843300628947571,0.06845261009169239,0.06845023626318869,0.19603802216675015,0.17229973712978852
2029-11-03,3.172222222222222,0.06841802122804788,0.06843989404499773,0.06844006058934071,0.21872816949847218,0.22039361292830462
2029-11-10,3.191666666666667,0.06840331267093903,0.0684273329370792,0.06842988491549273,0.24020266140165059,0.2657224455369922
2029-11-17,3.2111111111111112,0.0683888776797752,0.06841492395330497,0.06841970924164475,0.2604627352977007,0.3083156186955982
2029-11-24,3.2305555555555556,0.06837471334602242,0.06840266434680752,0.06840953356779676,0.27951000785092495,0.34820221774339855
2029-12-01,3.25,0.06836081679066558,0.06839055143645613,0.06839935789394878,0.2973464579054952,0.3854110328320448
2029-12-08,3.2694444444444444,0.06834718516389064,0.06837858260490252,0.0683891822201008,0.31397441011882243,0.41997056210163475
2029-12-15,3.2888888888888888,0.06833381564477069,0.06836675529669495,0.06837900654625281,0.32939651924260294,0.4519090148212557
2029-12-22,3.308333333333333,0.06832070544095571,0.06835506701645962,0.06836883087240483,0.3436157550390506,0.48125431449122513
2029-12-29,3.327777777777778,0.06830785178836578,0.06834351532714521,0.06835865519855686,0.3566353877942907,0.5080341019107759
2030-01-05,3.3472222222222223,0.06829525195088787,0.06833209784832907,0.06834847952470886,0.3684589744119837,0.5322757382099363
2030-01-12,3.3666666666666667,0.06828290322007614,0.06832081225458177,0.0683383038508609,0.3790903450562322,0.5540063078475488
2030-01-19,3.386111111111111,0.0682708029148557,0.06830965627388816,0.0683281281770129,0.388533590324619,0.5732526215720957
2030-01-26,3.4055555555555554,0.06825894838122973,0.06829862768612253,0.06831795250316493,0.39679304892806244,0.5900412193519944
2030-02-02,3.425,0.06824733699199007,0.06828772432157565,0.06830777682931694,0.40387329585583887,0.6043983732686997
2030-02-09,3.4444444444444446,0.06823596614643097,0.06827694405953173,0.06829760115546897,0.40977913100759267,0.616350090379969
2030-02-16,3.463888888888889,0.06822483327006638,0.06826628482689327,0.06828742548162098,0.4145155682688806,0.6259221155459349
2030-02-23,3.4833333333333334,0.06821393581435022,0.06825574459685205,0.068277249807773,0.4180878250183151,0.6331399342278388
2030-03-02,3.5027777777777778,0.06820327125639997,0.06824532138760431,0.06826707413392501,0.4205013120434087,0.6380287752504044
2030-03-09,3.522222222222222,0.06819283709872354,0.06823501326110852,0.06825689846007704,0.4217616238498534,0.6406136135350682
2030-03-16,3.5416666666666665,0.06818263086894912,0.06822481832188405,0.06824672278622904,0.4218745293493864,0.6409191727992092
2030-03-23,3.561111111111111,0.06817265011955814,0.06821473471584927,0.06823654711238107,0.42084596291125376,0.6389699282292882
2030-03-30,3.5805555555555557,0.06816289242762139,0.06820476062919731,0.06822637143853308,0.4186820157592308,0.6347901091169339
2030-04-06,3.6,0.068153355394538,0.06819489428730854,0.0682161957646851,0.41538892770545677,0.6284037014710198
2030-04-13,3.6194444444444445,0.06814403664577762,0.06818513395369795,0.06820602009083712,0.4109730792033195,0.619834450595047
2030-04-20,3.638888888888889,0.0681349338306253,0.06817547792899618,0.06819584441698914,0.4054409837088435,0.6091058636384372
2030-04-27,3.658333333333333,0.06812604462192949,0.06816592454996323,0.06818566874314115,0.3987992803373974,0.5962412121165994
2030-05-04,3.6777777777777776,0.06811736671585272,0.06815647218853335,0.06817549306929317,0.3910547268062836,0.5812635344044914
2030-05-11,3.6972222222222224,0.06810889783162538,0.06814711925089009,0.0681653173954452,0.3822141926471123,0.5641956381981228
2030-05-18,3.716666666666667,0.06810063571130201,0.06813786417657047,0.06815514172159721,0.37228465268462907,0.5450601029520497
2030-05-25,3.736111111111111,0.06809257811952059,0.06812870543759693,0.06814496604774922,0.36127318076339954,0.5238792822863381
2030-06-01,3.7555555555555555,0.06808472284326449,0.06811964153763639,0.06813479037390124,0.3491869437190209,0.5006753063675762
2030-06-08,3.775,0.06807706769162705,0.06811067101118541,0.06812461470005327,0.33603319558359046,0.47547008426213067
2030-06-15,3.7944444444444443,0.06806961049557902,0.06810179242278006,0.06811443902620529,0.32181927201030414,0.4482853062626191
2030-06-22,3.813888888888889,0.06806234910773845,0.06809300436623023,0.06810426335235731,0.30655258491774084,0.41914244618856955
2030-06-29,3.8333333333333335,0.06805528140214329,0.0680843054638773,0.06809408767850932,0.2902406173400929,0.38806276366029624
2030-07-06,3.852777777777778,0.06804840527402653,0.068075694365874,0.06808391200466134,0.27289091847473856,0.3550673063480725
2030-07-13,3.8722222222222222,0.06804171863959395,0.06806716974948625,0.06807373633081334,0.25451109892299373,0.3201769121939646
2030-07-20,3.8916666666666666,0.06803521943580434,0.06805873031841567,0.06806356065696537,0.23510882611321726,0.28341221161021224
2030-07-27,3.911111111111111,0.06802890562015218,0.0680503748021427,0.06805338498311739,0.21469181990516062,0.24479362965207363
2030-08-03,3.9305555555555554,0.06802277517045278,0.0680421019552887,0.06804320930926941,0.19326784835918542,0.20434138816624592
2030-08-10,3.95,0.06801682608462997,0.06803391055699724,0.06803303363542142,0.17084472367270842,0.16207550791444425
2030-08-17,3.9694444444444446,0.06801105638050599,0.06802579941033353,0.06802285796157344,0.14743029827540832,0.11801581067449884
2030-08-24,3.988888888888889,0.06800546409559392,0.06801776734170138,0.06801268228772546,0.12303246107459032,0.07218192131536183
2030-08-31,4.008333333333334,0.06800004728689232,0.06800981320027706,0.06800250661387748,0.09765913384737757,0.02459326985157495
2030-09-07,4.027777777777778,0.06799480403068237,0.06800193585745952,0.06799233094002949,0.07131826777154182,-0.024730906528769303
2030-09-14,4.0472222222222225,0.06798973242232696,0.06799413420633693,0.06798215526618151,0.04401784009969156,-0.07577156145452402
2030-09-21,4.066666666666666,0.06798483057607249,0.06798728482661916,0.06797326455766964,0.02454250546665704,-0.11566018402853206
2030-09-28,4.086111111111111,0.06798009662485245,0.06798574156834385,0.06797208364117449,0.05644943491395216,-0.08012983677960217
2030-10-05,4.105555555555555,0.06797552872009359,0.06798421292821187,0.06797090272467933,0.08684208118281411,-0.04625995414259121
2030-10-12,4.125,0.0679711250315239,0.06798269869950202,0.06796972180818417,0.11573667978118096,-0.014032233397326399
2030-10-19,4.144444444444445,0.06796688374698312,0.06798119867937258,0.06796854089168902,0.1431493238945869,0.016571447059021693
2030-10-26,4.163888888888889,0.06796280307223508,0.06797971266877069,0.06796735997519386,0.16909596535608085,0.045569029587799736
2030-11-02,4.183333333333334,0.06795888123078228,0.06797824047234435,0.0679661790586987,0.1935924156207247,0.07297827916419308
2030-11-09,4.2027777777777775,0.06795511646368249,0.06797678189835689,0.06796499814220355,0.21665434674397743,0.09881678521062032
2030-11-16,4.222222222222222,0.06795150702936745,0.06797533675860352,0.06796381722570838,0.2382972923607729,0.12310196340931112
2030-11-23,4.241666666666666,0.06794805120346359,0.06797390486833053,0.06796263630921323,0.25853664866945514,0.14585105749642668
2030-11-30,4.261111111111111,0.06794474727861469,0.0679724860461565,0.06796145539271807,0.27738767541807263,0.16708114103383687
2030-12-07,4.280555555555556,0.06794159356430658,0.06797108011399575,0.06796027447622291,0.2948654968916442,0.18680911916327259
2030-12-14,4.3,0.0679385883866938,0.0679696868969837,0.06795909355972776,0.3109851028990085,0.2050517303396615
2030-12-21,4.319444444444445,0.06793573008842808,0.06796830622340459,0.06795791264323259,0.32576134976508575,0.22182554804503485
2030-12-28,4.338888888888889,0.06793301702848899,0.06796693792462069,0.06795673172673744,0.3392089613170335,0.2371469824845318
2031-01-04,4.358333333333333,0.0679304475820161,0.06796558183500376,0.06795555081024228,0.35134252987650827,0.25103228226172614
2031-01-11,4.377777777777778,0.06792802014014336,0.06796423779186818,0.06795436989374712,0.36217651724818056,0.26349753603757686
2031-01-18,4.397222222222222,0.0679257331098351,0.06796290563540595,0.06795318897725197,0.3717252557085271,0.27455867416870117
2031-01-25,4.416666666666667,0.06792358491372388,0.06796158520862325,0.06795200806075681,0.38000294899365183,0.28423147032927143
2031-02-01,4.436111111111111,0.06792157398995029,0.06796027635727886,0.06795082714426165,0.38702367328571907,0.29253154311362217
2031-02-08,4.455555555555556,0.0679196987920043,0.06795897892982398,0.0679496462277665,0.39280137819688865,0.29947435762206487
2031-02-15,4.475,0.0679179577885685,0.06795769277734391,0.06794846531127134,0.39734988775408375,0.3050752270283841
2031-02-22,4.4944444444444445,0.0679163494633631,0.06795641775350089,0.06794728439477618,0.40068290137793006,0.309349314130819
2031-03-01,4.513888888888889,0.06791487231499257,0.06795515371447863,0.06794610347828102,0.40281399486058467,0.31231163288444885
2031-03-08,4.533333333333333,0.06791352485679394,0.06795390051892843,0.06794492256178586,0.40375662134481405,0.3139770499191452
2031-03-15,4.552777777777778,0.06791230561668697,0.06795265802791611,0.06794374164529071,0.4035241122914146,0.31436028603740174
2031-03-22,4.572222222222222,0.06791121313702564,0.06795142610487113,0.06794256072879555,0.40212967845495995,0.31347591769911864
2031-03-29,4.591666666666667,0.06791024597445168,0.06795020461553614,0.06794137981230039,0.39958641084456015,0.3113383784870971
2031-04-05,4.611111111111111,0.06790940269974934,0.06794899342791844,0.06794019889580523,0.39590728169100475,0.30796196055893343
2031-04-12,4.6305555555555555,0.06790868189770201,0.06794779241224232,0.06793901797931007,0.39110514540308117,0.3033608160805945
2031-04-19,4.65,0.06790808216695034,0.06794660144090284,0.06793783706281492,0.3851927395250032,0.29754895864583797
2031-04-26,4.669444444444444,0.0679076021198518,0.06794542038842041,0.06793665614631976,0.37818268568606817,0.2905402646795341
2031-05-03,4.688888888888889,0.06790724038234207,0.06794424913139695,0.0679354752298246,0.3700874905487872,0.2823484748253058
2031-05-10,4.708333333333333,0.06790699559379756,0.06794308754847282,0.06793429431332944,0.360919546752575,0.2729871953187357
2031-05-17,4.727777777777778,0.06790686640689982,0.06794193552028481,0.06793311339683428,0.3506911338499452,0.26246989934461395
2031-05-24,4.747222222222222,0.06790685148750113,0.0679407929294255,0.06793193248033913,0.33941441924367766,0.25080992838003024
2031-05-31,4.766666666666667,0.0679069495144918,0.06793965966040295,0.06793075156384397,0.32710145911149513,0.23802049352164567
2031-06-07,4.786111111111111,0.06790715917966873,0.06793853559960238,0.06792957064734881,0.3137641993364304,0.2241146768007518
2031-06-14,4.805555555555555,0.06790747918760555,0.06793742063524752,0.06792838973085365,0.2994144764197071,0.20910543248098268
2031-06-21,4.825,0.06790790825552401,0.06793631465736419,0.0679272088143585,0.2840640184018084,0.19300558834492443
2031-06-28,4.844444444444444,0.06790844511316704,0.06793521755774366,0.06792602789786334,0.2677244457661987,0.1758278469629615
2031-07-05,4.863888888888889,0.06790908850267285,0.06793412922990767,0.06792484698136818,0.25040727234817983,0.15758478695324096
2031-07-12,4.883333333333334,0.06790983717845074,0.06793304956907377,0.06792366606487302,0.232123906230286,0.1382888642227631
2031-07-19,4.902777777777778,0.06791068990705794,0.06793197847212183,0.06792248514837787,0.21288565063892761,0.1179524131993126
2031-07-26,4.9222222222222225,0.06791164546707812,0.0679309158375612,0.06792130423188271,0.1927037048307656,0.0965876480459038
2031-08-02,4.941666666666666,0.06791270264900089,0.06792986156549848,0.06792012331538755,0.17158916497589383,0.07420666386662167
2031-08-09,4.961111111111111,0.06791386025510288,0.06792881555760646,0.06791894239889239,0.14955302503588674,0.05082143789511551
2031-08-16,4.980555555555555,0.06791511709932993,0.06792777771709341,0.06791776148239724,0.12660617763476933,0.026443830673100743
2031-08-23,5.0,0.06791647200718065,0.06792674794867325,0.06791658056590208,0.10275941492596252,0.0010855872142889744
2031-08-30,5.019444444444445,0.06791792381559121,0.06792572615853636,0.06791539964940692,0.07802342945145702,-0.02524166184292298
2031-09-06,5.038888888888889,0.06791947137282134,0.06792471225432117,0.06791421873291176,0.05240881499835037,-0.05252639909580914
2031-09-13,5.058333333333334,0.06792111353834164,0.06792370614508621,0.0679130378164166,0.02592606744566961,-0.080757219250438
2031-09-20,5.0777777777777775,0.06792284918272204,0.06792270774128299,0.06791185689992145,-0.001414414390471519,-0.10992282800589837
2031-09-27,5.097222222222222,0.06792467718752151,0.06792734788355696,0.06791509683917865,0.026706960354477838,-0.09580348342863587
2031-10-04,5.116666666666666,0.0679265964451789,0.0679341965707644,0.0679201051207368,0.07600125585496831,-0.06491324442095547
2031-10-11,5.136111111111111,0.06792860585890503,0.06794099340203844,0.06792511340229496,0.12387543133401957,-0.034924566100769106
2031-10-18,5.155555555555556,0.06793070434257586,0.06794773896411103,0.06793012168385312,0.17034621535169658,-0.00582658722741991
2031-10-25,5.175,0.06793289082062688,0.06795443383489594,0.06793512996541126,0.21543014269057026,0.022391447843800316
2031-11-01,5.194444444444445,0.0679351642279486,0.06796107858365355,0.06794013824696943,0.25914355704953485,0.049740190208313884
2031-11-08,5.213888888888889,0.0679375235097831,0.06796767377115245,0.06794514652852757,0.30150261369349396,0.07623018744462584
2031-11-15,5.233333333333333,0.06793996762162191,0.06797421994982707,0.06795015481008573,0.34252328205156,0.10187188463822716
2031-11-22,5.252777777777778,0.06794249552910467,0.0679807176639319,0.06795516309164389,0.3822213482723713,0.12667562539217525
2031-11-29,5.272222222222222,0.06794510620791906,0.06798716744969244,0.06796017137320204,0.42061241773375113,0.15065165282976412
2031-12-06,5.291666666666667,0.06794779864370185,0.06799356983545264,0.06796517965476019,0.45771191750795803,0.17381011058345552
2031-12-13,5.311111111111111,0.06795057183194085,0.06799992534181921,0.06797018793631834,0.4935350987836373,0.19616104377492838
2031-12-20,5.330555555555556,0.067953424777878,0.06800623448180268,0.0679751962178765,0.5280970392468332,0.2177143999849973
2031-12-27,5.35,0.06795635649641352,0.06801249776095553,0.06798020449943465,0.5614126454200896,0.2384800302113188
2032-01-03,5.3694444444444445,0.06795936601201098,0.06801871567750718,0.0679852127809928,0.5934966549620002,0.258467689818187
2032-01-10,5.388888888888889,0.06796245235860349,0.0680248887224961,0.06799022106255095,0.6243636389260954,0.2776870394746722
2032-01-17,5.408333333333333,0.06796561457950076,0.06803101737989904,0.0679952293441091,0.654028003982815,0.2961476460834611
2032-01-24,5.427777777777778,0.06796885172729734,0.06803710212675766,0.06800023762566726,0.6825039946031786,0.3138589836991501
2032-01-31,5.447222222222222,0.0679721628637816,0.06804314343330216,0.06800524590722541,0.7098056952055398,0.33083043443807303
2032-02-07,5.466666666666667,0.06797554705984589,0.06804914176307243,0.06801025418878356,0.7359470322654271,0.34707128937674914
2032-02-14,5.486111111111111,0.06797900339539747,0.06805509757303674,0.06801526247034172,0.7609417763926318,0.36259074944242076
2032-02-21,5.5055555555555555,0.06798253095927054,0.06806101131370766,0.06802027075189987,0.7848035443712431,0.37739792629332136
2032-02-28,5.525,0.06798612884913907,0.06806688342925572,0.06802527903345802,0.8075458011665149,0.39150184318950676
2032-03-06,5.544444444444444,0.06798979617143065,0.06807271435762056,0.06803028731501619,0.8291818618991198,0.4049114358553596
2032-03-13,5.563888888888889,0.06799353204124123,0.0680785045306199,0.06803529559657434,0.849724893786652,0.41763555333113045
2032-03-20,5.583333333333333,0.0679973355822506,0.06808425437405607,0.06804030387813248,0.8691879180547368,0.42968295881878893
2032-03-27,5.602777777777778,0.06800120592663912,0.06808996430782038,0.06804531215969065,0.8875838118126145,0.4410623305152461
2032-04-03,5.622222222222222,0.06800514221500494,0.06809563474599545,0.0680503204412488,0.9049253099051302,0.45178226243863806
2032-04-10,5.641666666666667,0.06800914359628224,0.06810126609695509,0.06805532872280695,0.9212250067285044,0.4618512652471152
2032-04-17,5.661111111111111,0.0680132092276605,0.0681068587634626,0.06806033700436509,0.9364953580209834,0.4712777670458357
2032-04-24,5.680555555555555,0.06801733827450435,0.06811241314276667,0.06806534528592326,0.950748682623237,0.4800701141891017
2032-05-01,5.7,0.06802152991027434,0.06811792962669536,0.06807035356748142,0.9639971642101675,0.48823657207083815
2032-05-08,5.719444444444444,0.06802578331644868,0.06812340860174837,0.06807536184903956,0.9762528529969061,0.4957853259088263
2032-05-15,5.738888888888889,0.06803009768244564,0.06812885044918729,0.06808037013059771,0.987527667416499,0.5027244815207499
2032-05-22,5.758333333333334,0.06803447220554677,0.06813425554512396,0.06808537841215587,0.9978333957719188,0.5090620660909428
2032-05-29,5.777777777777778,0.06803890609082106,0.06813962426060721,0.06809038669371402,1.00718169786157,0.514806028929643
2032-06-05,5.7972222222222225,0.06804339855104974,0.06814495696170772,0.06809539497527217,1.0155841065798143,0.5199642422243356
2032-06-12,5.816666666666666,0.06804794880665191,0.06815025400960127,0.06810040325683034,1.0230520294936263,0.5245445017842965
2032-06-19,5.836111111111111,0.068052556085611,0.06815551576065018,0.06810541153838849,1.0295967503917702,0.528554527774866
2032-06-26,5.855555555555555,0.06805721962340196,0.06816074256648345,0.06811041981994664,1.0352294308149657,0.5320019654468655
2032-07-03,5.875,0.06806193866291915,0.06816593477407477,0.06811542810150478,1.0399611115562146,0.5348943858562993
2032-07-10,5.894444444444445,0.06806671245440506,0.06817109272581959,0.06812043638306295,1.0438027141453088,0.5372392865789222
2032-07-17,5.913888888888889,0.06807154025537973,0.06817621675961025,0.0681254446646211,1.0467650423051644,0.5390440924137041
2032-07-24,5.933333333333334,0.06807642133057096,0.06818130720890975,0.06813045294617925,1.048858783387896,0.540316156082965
2032-07-31,5.9527777777777775,0.06808135495184513,0.06818636440282419,0.0681354612277374,1.0500945097906278,0.5410627589227945
2032-08-07,5.972222222222222,0.06808634039813882,0.06819138866617361,0.06814046950929556,1.0504826803478529,0.5412911115673658
2032-08-14,5.991666666666666,0.06809137695539118,0.06819638031956157,0.06814547779085371,1.0500336417039458,0.5410083546253386
2032-08-21,6.011111111111111,0.06809646391647681,0.0682013396794433,0.06815048607241186,1.048757629664998,0.5402215593505733
2032-08-28,6.030555555555556,0.06810160058113963,0.0682062670581927,0.06815549435397002,1.0466647705306698,0.5389377283038232
2032-09-04,6.05,0.06810678625592709,0.06821116276416776,0.06816050263552817,1.0437650824067501,0.53716379601082
2032-09-11,6.069444444444445,0.06811202025412535,0.068216027101775,0.06816551091708632,1.0400684764964863,0.5349066296096716
2032-09-18,6.088888888888889,0.068117301895695,0.06822086037153258,0.06817051919864447,1.0355847583758127,0.5321730294947924
2032-09-25,6.108333333333333,0.06812263050720736,0.06822566287013208,0.06817552748020263,1.0303236292472095,0.5289697299526441
2032-10-02,6.127777777777778,0.06812800542178162,0.0682304348904993,0.06818053576176078,1.0242946871769076,0.525303399791649
2032-10-09,6.147222222222222,0.06813342597902249,0.06823517672185382,0.06818554404331895,1.0175074283133578,0.5211806429646082
2032-10-16,6.166666666666667,0.0681388915249585,0.06823988864976738,0.06819055232487709,1.0099712480887701,0.5166079991858474
2032-10-23,6.186111111111111,0.06814440141198105,0.06824457095622118,0.06819556060643525,1.0016954424012237,0.5115919445419781
2032-10-30,6.205555555555556,0.06814995499878387,0.06824922391966232,0.0682005688879934,0.9926892087844252,0.5061388920953036
2032-11-06,6.225,0.06815555165030336,0.06825384781505875,0.06820557716955156,0.982961647553876,0.500255192481952
2032-11-13,6.2444444444444445,0.06816119073765925,0.0682584429139536,0.06821058545110971,0.9725217629434624,0.4939471345045965
2032-11-20,6.263888888888889,0.06816687163809614,0.06826300948451827,0.06821559373266786,0.9613784642213685,0.48722094571726493
2032-11-27,6.283333333333333,0.06817259373492547,0.06826754779160464,0.06822060201422601,0.9495405667916956,0.4800827930054319
2032-12-04,6.302777777777778,0.06817835641746813,0.06827205809679626,0.06822561029578417,0.93701679328137,0.47253878316042
2032-12-11,6.322222222222222,0.06818415908099763,0.06827654065845859,0.06823061857734232,0.9238157746095654,0.4645949634468627
2032-12-18,6.341666666666667,0.06819000112668389,0.06828099573178835,0.06823562685890047,0.9099460510446356,0.456257322165865
2032-12-25,6.361111111111111,0.06819588196153756,0.06828542356886193,0.06824063514045862,0.8954160732436989,0.44753178921067005
2033-01-01,6.3805555555555555,0.06820180099835492,0.068289824418683,0.06824564342201678,0.8802342032808441,0.43842423661857866
2033-01-08,6.4,0.06820775765566342,0.06829419852722911,0.06825065170357493,0.864408715656878,0.4289404791150975
2033-01-15,6.419444444444444,0.06821375135766752,0.06829854613749758,0.06825565998513308,0.8479477983006078,0.419086274655589
2033-01-22,6.438888888888889,0.06821978153419544,0.06830286748955045,0.06826066826669124,0.8308595535500007,0.4088673249579011
2033-01-29,6.458333333333333,0.06822584762064612,0.06830716282055868,0.06826567654824939,0.813151999125572,0.3982892760326373
2033-02-05,6.477777777777778,0.06823194905793692,0.06831143236484562,0.06827068482980755,0.7948330690869809,0.3873577187063493
2033-02-12,6.497222222222222,0.06823808529245178,0.06831567635392946,0.06827569311136569,0.7759106147768591,0.37607818913917845
2033-02-19,6.516666666666667,0.06824425577598983,0.06831989501656523,0.06828070139292386,0.7563924057539528,0.364456169340277
2033-02-26,6.536111111111111,0.06825045996571476,0.06832408857878584,0.068285709674482,0.7362861307108615,0.3524970876724043
2033-03-05,6.555555555555555,0.06825669732410432,0.0683282572639424,0.06829071795604016,0.7155993983808118,0.3402063193584659
2033-03-12,6.575,0.06826296731890066,0.06833240129274404,0.0682957262375983,0.6943397384337469,0.32758918697639583
2033-03-19,6.594444444444444,0.06826926942306107,0.0683365208832966,0.06830073451915647,0.6725146023553452,0.3146509609540382
2033-03-26,6.613888888888889,0.06827560311470908,0.06834061625114118,0.06830574280071461,0.6501313643210438,0.3013968600552863
2033-04-02,6.633333333333334,0.06828196787708625,0.06834468760929156,0.06831075108227277,0.6271973220531302,0.28783205186524996
2033-04-09,6.652777777777778,0.06828836319850433,0.0683487351682711,0.06831575936383093,0.603719697667704,0.2739616532659861
2033-04-16,6.6722222222222225,0.06829478857229787,0.06835275913614916,0.06832076764538908,0.5797056385128951,0.2597907309120906
2033-04-23,6.691666666666666,0.06830124349677745,0.0683567597185767,0.06832577592694723,0.5551622179925109,0.2453243016978246
2033-04-30,6.711111111111111,0.06830772747518322,0.06836073711882132,0.06833078420850539,0.5300964363809391,0.23056733322160405
2033-05-07,6.730555555555555,0.06831424001563895,0.06836469153780163,0.06833579249006354,0.5045152216268112,0.21552474424590962
2033-05-14,6.75,0.06832078063110653,0.06836862317412114,0.06834080077162169,0.4784254301461177,0.20020140515164542
2033-05-21,6.769444444444445,0.06832734883934108,0.06837253222410151,0.06834580905317984,0.4518338476043604,0.1846021383876406
2033-05-28,6.788888888888889,0.06833394416284617,0.06837641888181523,0.068350817334738,0.4247471896905164,0.16873171891820804
2033-06-04,6.808333333333334,0.06834056612882985,0.06838028333911768,0.06835582561629616,0.3971721028782349,0.1525948746630701
2033-06-11,6.8277777777777775,0.0683472142691609,0.0683841257856788,0.0683608338978543,0.3691151651789848,0.13619628693395391
2033-06-18,6.847222222222222,0.06835388812032547,0.06838794640901401,0.06836584217941247,0.3405828868853489,0.11954059086993762
2033-06-25,6.866666666666666,0.0683605872233844,0.06839174539451476,0.06837085046097062,0.3115817113036323,0.10263237586224938
2033-07-02,6.886111111111111,0.06836731112393069,0.06839552292547865,0.06837585874252877,0.28211801547967097,0.08547618598087059
2033-07-09,6.905555555555556,0.06837405937204752,0.06839927918313861,0.06838086702408692,0.2521981109109006,0.06807652039406142
2033-07-16,6.925,0.06838083152226676,0.06840301434669219,0.06838587530564508,0.22182824425426295,0.05043783378316791
2033-07-23,6.944444444444445,0.06838762713352768,0.06840672859332986,0.06839088358720323,0.19101459802176035,0.032564536755486095
2033-07-30,6.963888888888889,0.06839444576913623,0.06841042209826315,0.06839589186876138,0.1597632912692104,0.014460996251575153
2033-08-06,6.983333333333333,0.06840128699672468,0.06841409503475207,0.06840090015031954,0.12808038027389834,-0.0038684640514541346
2033-08-13,7.002777777777778,0.0684081503882117,0.06841774757413238,0.06840590843187769,0.09597185920681706,-0.022419563340120297
2033-08-20,7.022222222222222,0.06841503551976268,0.06842137988584207,0.06841091671343584,0.0634436607939437,-0.04118806326836033
2033-08-27,7.041666666666667,0.06842194197175062,0.06842499213744765,0.06841592499499399,0.03050165697029983,-0.06016976756631487
2033-09-03,7.061111111111111,0.06842886932871732,0.06842858449466988,0.06842093327655216,-0.0028483404744539254,-0.07936052165161134
2033-09-10,7.080555555555556,0.06843581717933492,0.06843215712140911,0.0684259415581103,-0.03660057925805593,-0.09875621224619824
2033-09-17,7.1,0.06844278511636792,0.06843571017977028,0.06843094983966846,-0.07074936597642467,-0.1183527669945672
2033-09-24,7.1194444444444445,0.0684497727366354,0.06844220375775541,0.06843698492002058,-0.07568978879990418,-0.1278781661481765
2033-10-01,7.138888888888889,0.06845677964097384,0.06845259778297492,0.06844438906543136,-0.04181857998913907,-0.12390575542475801
2033-10-08,7.158333333333333,0.06846380543420004,0.06846293534084749,0.06845179321084213,-0.008700933525479515,-0.12012223357907303
2033-10-15,7.177777777777778,0.06847084972507471,0.06847321689027956,0.06845919735625292,0.023671652048529168,-0.11652368821793435
2033-10-22,7.197222222222222,0.06847791212626603,0.06848344288521839,0.0684666015016637,0.0553075895236288,-0.11310624602328678
2033-10-29,7.216666666666667,0.06848499225431395,0.06849361377471874,0.06847400564707448,0.08621520404789029,-0.10986607239471535
2033-11-05,7.236111111111111,0.0684920897295946,0.06850373000300874,0.06848140979248525,0.11640273414145752,-0.10679937109348003
2033-11-12,7.2555555555555555,0.06849920417628508,0.06851379200955444,0.06848881393789603,0.14587833269366635,-0.10390238389043627
2033-11-19,7.275,0.06850633522232863,0.06852380022912358,0.0684962180833068,0.1746500679494778,-0.1011713902182576
2033-11-26,7.294444444444444,0.0685134824994002,0.06853375509184807,0.06850362222871759,0.20272592447870275,-0.09860270682615635
2033-12-03,7.313888888888889,0.06852064564287219,0.06854365702328581,0.06851102637412836,0.23011380413620608,-0.09619268743835119
2033-12-10,7.333333333333333,0.06852782429178063,0.06855350644448105,0.06851843051953915,0.25682152700420846,-0.09393772241475529
2033-12-17,7.352777777777778,0.0685350180887917,0.06856330377202435,0.06852583466494992,0.282856832326539,-0.09183423841777061
2033-12-24,7.372222222222222,0.0685422266801685,0.06857304941811113,0.06853323881036069,0.3082273794262347,-0.08987869807811077
2033-12-31,7.391666666666667,0.06854944971573824,0.06858274379059953,0.06854064295577147,0.33294074861286993,-0.08806759966770161
2034-01-07,7.411111111111111,0.06855668684885963,0.0685923872930674,0.06854804710118226,0.3570044420776741,-0.08639747677369192
2034-01-14,7.430555555555555,0.06856393773639062,0.06860198032486811,0.06855545124659303,0.3804258847749098,-0.08486489797593366
2034-01-21,7.45,0.06857120203865658,0.06861152328118594,0.06856285539200381,0.4032124252936753,-0.0834664665276541
2034-01-28,7.469444444444444,0.06857847941941853,0.06862101655309003,0.06857025953741458,0.42537133671499694,-0.08219882003945855
2034-02-04,7.488888888888889,0.06858576954584196,0.0686304605275881,0.06857766368282536,0.4469098174614272,-0.08105863016596992
2034-02-11,7.508333333333334,0.06859307208846571,0.06863985558767886,0.06858506782823615,0.46783499213151614,-0.08004260229566018
2034-02-18,7.527777777777778,0.06860038672117129,0.06864920211240387,0.06859247197364693,0.4881539123258172,-0.07914747524359611
2034-02-25,7.5472222222222225,0.06860771312115244,0.06865850047689837,0.0685998761190577,0.507873557459293,-0.078370020947377
2034-03-04,7.566666666666666,0.06861505096888498,0.06866775105244176,0.06860728026446847,0.5270008355677536,-0.07770704416515395
2034-03-11,7.586111111111111,0.06862239994809702,0.06867695420650669,0.06861468440987925,0.5455425840966699,-0.07715538217767381
2034-03-18,7.605555555555555,0.06862975974573927,0.06868611030280797,0.06862208855529003,0.5635055706869341,-0.07671190449240473
2034-03-25,7.625,0.0686371300519559,0.06869521970135033,0.0686294927007008,0.580896493944244,-0.07637351255099234
2034-04-01,7.644444444444445,0.06864451056005542,0.06870428275847566,0.06863689684611159,0.5977219842023818,-0.07613713943838141
2034-04-08,7.663888888888889,0.06865190096648201,0.06871329982690957,0.06864430099152237,0.613988604275667,-0.07599974959637823
2034-04-15,7.683333333333334,0.06865930097078703,0.06872227125580692,0.06865170513693314,0.629702850198921,-0.07595833853887846
2034-04-22,7.7027777777777775,0.06866671027560087,0.06873119739079712,0.06865910928234392,0.6448711519625727,-0.0760099325694541
2034-04-29,7.722222222222222,0.06867412858660499,0.06874007857402838,0.0686665134277547,0.6594998742338876,-0.07615158850282633
2034-05-06,7.741666666666666,0.06868155561250427,0.06874891514421144,0.06867391757316547,0.6735953170716735,-0.07638039338800362
2034-05-13,7.761111111111111,0.06868899106499968,0.06875770743666276,0.06868132171857626,0.6871637166308564,-0.07669346423419543
2034-05-20,7.780555555555556,0.06869643465876102,0.06876645578334674,0.06868872586398703,0.7002112458572018,-0.07708794773991778
2034-05-27,7.8,0.06870388611140014,0.06877516051291763,0.06869613000939781,0.712744015174821,-0.07756102002334786
2034-06-03,7.819444444444445,0.06871134514344429,0.0687838219507606,0.06870353415480858,0.724768073163129,-0.07810988635711946
2034-06-10,7.838888888888889,0.06871881147830973,0.06879244041903244,0.06871093830021936,0.736289407227142,-0.07873178090367361
2034-06-17,7.858333333333333,0.06872628484227564,0.0688010162367013,0.06871834244563013,0.7473139442566723,-0.07942396645505001
2034-06-24,7.877777777777778,0.06873376496445814,0.0688095497195862,0.06872574659104091,0.7578475512805272,-0.08018373417226221
2034-07-01,7.897222222222222,0.0687412515767848,0.06881804118039567,0.0687331507364517,0.767896036108634,-0.08100840333105652
2034-07-08,7.916666666666667,0.06874874441396914,0.06882649092876608,0.06874055488186247,0.7774651479694472,-0.0818953210666995
2034-07-15,7.936111111111111,0.06875624321348546,0.06883489927129918,0.06874795902727325,0.7865605781372242,-0.0828418621220961
2034-07-22,7.955555555555556,0.06876374771554401,0.06884326651159924,0.06875536317268402,0.7951879605522238,-0.08384542859993238
2034-07-29,7.975,0.06877125766306622,0.06885159295030953,0.0687627673180948,0.8033528724331329,-0.08490344971412433
2034-08-05,7.9944444444444445,0.06877877280166024,0.0688598788851484,0.06877017146350559,0.8110608348815829,-0.08601338154654026
2034-08-12,8.01388888888889,0.06878629287959677,0.06886812461094474,0.06877757560891637,0.8183173134797272,-0.08717270680400069
2034-08-19,8.033333333333333,0.068793817647785,0.06887633041967291,0.06878497975432715,0.8251277188790762,-0.08837893457847024
2034-08-26,8.052777777777777,0.06880134685974885,0.0688844966004872,0.06879238389973792,0.8314974073835024,-0.08962960010933108
2034-09-02,8.072222222222223,0.0688088802716034,0.06889262343975598,0.06879978804514869,0.8374316815258631,-0.09092226454704422
2034-09-09,8.091666666666667,0.06881641764203159,0.06890071122109485,0.06880719219055947,0.8429357906326873,-0.0922545147211129
2034-09-16,8.11111111111111,0.06882395873226103,0.06890876022539992,0.06881459633597026,0.848014931388863,-0.09362396290776842
2034-09-23,8.130555555555556,0.06883150330604115,0.06891677073088016,0.06882200048138103,0.8526742483901117,-0.09502824660126419
2034-09-30,8.15,0.06883905112962044,0.06892474301308954,0.06882940462679181,0.8569188346910228,-0.09646502828628001
2034-10-07,8.169444444444444,0.0688466019717241,0.06893267734495856,0.06883680877220258,0.8607537323446213,-0.09793199521518359
2034-10-14,8.188888888888888,0.06885415560353156,0.0689405739968255,0.06884421291761336,0.8641839329394385,-0.09942685918196137
2034-10-21,8.208333333333334,0.06886171179865459,0.068948433236467,0.06885161706302413,0.8672143781240926,-0.10094735630461482
2034-10-28,8.227777777777778,0.06886927033311535,0.06895625532912844,0.06885902120843491,0.8698499601308973,-0.10249124680436483
2034-11-04,8.247222222222222,0.06887683098532471,0.06896404053755367,0.06886642535384568,0.8720955222896176,-0.10405631479026844
2034-11-11,8.266666666666667,0.06888439353606086,0.06897178912201457,0.06887382949925647,0.8739558595370622,-0.10564036804397436
2034-11-18,8.286111111111111,0.06889195776844796,0.06897950134033988,0.06888123364466725,0.8754357189191819,-0.10724123780711525
2034-11-25,8.305555555555555,0.06889952346793513,0.06898717744794387,0.06888863779007802,0.876539800087478,-0.10885677857105924
2034-12-02,8.325,0.06890709042227551,0.06899481769785476,0.0688960419354888,0.8772727557924964,-0.11048486786707779
2034-12-09,8.344444444444445,0.06891465842150567,0.06900242234074205,0.06890344608089957,0.8776391923638605,-0.11212340606095439
2034-12-16,8.363888888888889,0.06892222725792503,0.0690099916249444,0.06891085022631036,0.8776436701936341,-0.1137703161467607
2034-12-23,8.383333333333333,0.06892979672607555,0.06901752579649634,0.06891825437172114,0.8772907042078892,-0.115423543544102
2034-12-30,8.402777777777779,0.06893736662272171,0.06902502509915519,0.06892565851713192,0.8765847643348035,-0.11708105589786078
2035-01-06,8.422222222222222,0.06894493674683046,0.0690324897744271,0.06893306266254269,0.8755302759663741,-0.11874084287766262
2035-01-13,8.441666666666666,0.06895250689955153,0.06903992006159307,0.06894046680795347,0.8741316204154137,-0.12040091598053415
2035-01-20,8.46111111111111,0.0689600768841978,0.06904731619773467,0.06894787095336424,0.8723931353687986,-0.12205930833550371
2035-01-27,8.480555555555556,0.06896764650622603,0.06905467841775902,0.06895527509877503,0.8703191153298928,-0.12371407451000627
2035-02-03,8.5,0.06897521557321744,0.06906200695442376,0.06896267924418581,0.8679138120631924,-0.12536329031628823
2035-02-10,8.519444444444444,0.06898278389485887,0.06906930203836163,0.06897008338959658,0.8651814350275899,-0.12700505262294715
2035-02-17,8.53888888888889,0.06899035128292381,0.06907656389810463,0.06897748753500735,0.8621261518081125,-0.12863747916466717
2035-02-24,8.558333333333334,0.06899791755125373,0.06908379276010776,0.06898489168041813,0.8587520885403044,-0.1302587083559792
2035-03-03,8.577777777777778,0.06900548251573947,0.0690909888487728,0.06899229582582891,0.8550633303332222,-0.13186689910557603
2035-03-10,8.597222222222221,0.06901304599430307,0.06909815238647136,0.06899969997123968,0.8510639216829929,-0.1334602306338195
2035-03-17,8.616666666666667,0.06902060780687934,0.06910528359356782,0.06900710411665047,0.8467578668848452,-0.135036902288721
2035-03-24,8.636111111111111,0.06902816777539805,0.06911238268844186,0.06901450826206124,0.8421491304380635,-0.13659513336816698
2035-03-31,8.655555555555555,0.06903572572376593,0.06911944988751098,0.06902191240747202,0.8372416374505254,-0.1381331629390914
2035-04-07,8.675,0.06904328147784902,0.06912648540525222,0.0690293165528828,0.8320392740319982,-0.13964924966219927
2035-04-14,8.694444444444445,0.06905083486545513,0.06913348945422401,0.06903672069829357,0.8265458876888232,-0.14114167161558
2035-04-21,8.713888888888889,0.06905838571631641,0.0691404622450875,0.06904412484370435,0.8207652877109672,-0.1426087261205411
2035-04-28,8.733333333333333,0.0690659338620722,0.06914740398662786,0.06905152898911512,0.8147012455565761,-0.14404872957077264
2035-05-05,8.752777777777778,0.06907347913625192,0.06915431488577482,0.06905893313452591,0.808357495229034,-0.14546001726012392
2035-05-12,8.772222222222222,0.06908102137425812,0.06916119514762348,0.06906633727993669,0.8017377336536069,-0.14684094321426588
2035-05-19,8.791666666666666,0.06908856041334978,0.06916804497545447,0.06907374142534747,0.7948456210468691,-0.14818988002304745
2035-05-26,8.811111111111112,0.06909609609262564,0.06917486457075403,0.06908114557075824,0.7876847812839094,-0.14950521867396205
2035-06-02,8.830555555555556,0.0691036282530078,0.06918165413323378,0.06908854971616903,0.7802588022598478,-0.15078536838769585
2035-06-09,8.85,0.06911115673722534,0.06918841386085019,0.0690959538615798,0.7725712362484372,-0.15202875645548009
2035-06-16,8.869444444444444,0.0691186813897982,0.06919514394982372,0.06910335800699058,0.7646256002552532,-0.1532338280761658
2035-06-23,8.88888888888889,0.06912620205702108,0.06920184459465799,0.06911076215240136,0.7564253763690798,-0.15439904619718448
2035-06-30,8.908333333333333,0.06913371858694768,0.06920851598815841,0.06911816629781213,0.7479740121073275,-0.15552289135550845
2035-07-07,8.927777777777777,0.06914123082937489,0.06921515832145067,0.0691255704432229,0.7392749207578431,-0.1566038615198606
2035-07-14,8.947222222222223,0.0691487386358271,0.06922177178399905,0.06913297458863368,0.7303314817194706,-0.15764047193417285
2035-07-21,8.966666666666667,0.06915624185954097,0.06922835656362433,0.06914037873404447,0.7211470408335918,-0.15863125496506925
2035-07-28,8.98611111111111,0.0691637403554499,0.06923491284652172,0.06914778287945525,0.7117249107183032,-0.15957475994643477
2035-08-04,9.005555555555556,0.06917123398016893,0.0692414408172783,0.06915518702486602,0.7020683710937115,-0.16046955302911892
2035-08-11,9.025,0.06917872259197971,0.06924794065889033,0.0691625911702768,0.6921806691061183,-0.16131421702911264
2035-08-18,9.044444444444444,0.06918620605081556,0.06925441255278045,0.06916999531568757,0.6820650196488753,-0.16210735127988873
2035-08-25,9.063888888888888,0.06919368421824668,0.06926085667881446,0.06917739946109835,0.6717246056778259,-0.1628475714832156
2035-09-01,9.083333333333334,0.0692011569574655,0.06926727321531806,0.06918480360650914,0.661162578525637,-0.16353350956357926
2035-09-08,9.102777777777778,0.0692086241332722,0.06927366233909321,0.0691922077519199,0.6503820582101638,-0.1641638135228829
2035-09-15,9.122222222222222,0.06921608561206027,0.0692800242254345,0.06919961189733068,0.639386133742259,-0.1647371472959791
2035-09-22,9.141666666666667,0.06922354126180232,0.06928635904814506,0.06920701604274146,0.628177863427476,-0.16525219060856133
2035-09-29,9.161111111111111,0.06923099095203579,0.0692926669795524,0.06921442018815224,0.6167602751661061,-0.16570763883547168
2035-10-06,9.180555555555555,0.06923843455384915,0.06929894819052412,0.06922182433356301,0.6051363667497478,-0.1661022028613679
2035-10-13,9.2,0.06924587193986784,0.0693052028504833,0.0692292284789738,0.5933091061546825,-0.16643460894041895
2035-10-20,9.219444444444445,0.0692533029842406,0.06931143112742368,0.06923663262438456,0.5812814318308102,-0.1667035985603027
2035-10-27,9.238888888888889,0.06926072756262579,0.06931763318792472,0.06924403676979535,0.5690562529893362,-0.1669079283043995
2035-11-03,9.258333333333333,0.06926814555217786,0.06932380919716653,0.06925144091520613,0.5566364498867105,-0.16704636971731635
2035-11-10,9.277777777777779,0.069275556831534,0.06932995931894446,0.0692588450606169,0.5440248741046816,-0.16711770917096636
2035-11-17,9.297222222222222,0.06928296128080079,0.06933608371568357,0.06926624920602768,0.5312243488278523,-0.16712074773106433
2035-11-24,9.316666666666666,0.06929035878154106,0.06934218254845301,0.06927365335143847,0.5182376691194313,-0.16705430102598173
2035-12-01,9.33611111111111,0.06929774921676088,0.06934825597698002,0.06928105749684924,0.5050676021914335,-0.1669171991164342
2035-12-08,9.355555555555556,0.06930513247089652,0.06935430415966395,0.06928846164226002,0.4917168876743261,-0.16670828636503043
2035-12-15,9.375,0.06931250842980179,0.06936032725359015,0.0692958657876708,0.47818823788361997,-0.16642642130984542
2035-12-22,9.394444444444444,0.0693198769807351,0.06936632541454321,0.06930326993308157,0.4644843380810504,-0.16607047653535711
2035-12-29,9.41388888888889,0.0693272380123471,0.06937229879702084,0.06931067407849235,0.45060784673742194,-0.16563933854740753
2036-01-05,9.433333333333334,0.06933459141466802,0.06937824755424676,0.06931807822390312,0.4365613957874048,-0.16513190764899655
2036-01-12,9.452777777777778,0.06934193707909543,0.06938417183818409,0.0693254823693139,0.4223475908865515,-0.16454709781524302
2036-01-19,9.472222222222221,0.0693492748983818,0.06939007179954809,0.06933288651472468,0.4079690116629009,-0.16388383657126027
2036-01-26,9.491666666666667,0.06935660476662253,0.06939594758781897,0.06934029066013546,0.39342821196441946,-0.16314106487072544
2036-02-02,9.511111111111111,0.06936392657924371,0.06940179935125462,0.06934769480554623,0.37872772010907885,-0.16231773697486518
2036-02-09,9.530555555555555,0.06937124023299031,0.06940762723690302,0.06935509895095701,0.3638700391271621,-0.1614128203329679
2036-02-16,9.55,0.06937854562591425,0.06941343139061451,0.0693625030963678,0.34885764700259836,-0.1604252954645613
2036-02-23,9.569444444444445,0.06938584265736274,0.06941921195705404,0.06936990724177856,0.33369299691304866,-0.15935415584172885
2036-03-01,9.588888888888889,0.06939313122796649,0.0694249690797131,0.06937731138718935,0.3183785174661058,-0.15819840777142602
2036-03-08,9.608333333333333,0.06940041123962837,0.06943070290092168,0.06938471553260013,0.3029166129331351,-0.15695707028237638
2036-03-15,9.627777777777778,0.06940768259551179,0.06943641356185991,0.0693921196780109,0.28730966348117226,-0.1556291750089145
2036-03-22,9.647222222222222,0.06941494520002948,0.0694421012025698,0.06939952382342168,0.2715600254031558,-0.15421376607802073
2036-03-29,9.666666666666666,0.06942219895883218,0.06944776596196649,0.06940692796883247,0.2556700313430249,-0.15270989999718876
2036-04-05,9.686111111111112,0.06942944377879758,0.06945340797784968,0.06941433211424324,0.23964199052109447,-0.1511166455434032
2036-04-12,9.705555555555556,0.0694366795680191,0.0694590273869148,0.06942173625965402,0.2234781889569326,-0.14943308365086838
2036-04-19,9.725,0.06944390623579519,0.06946462432476398,0.06942914040506479,0.2071808896879357,-0.14765830730401053
2036-04-26,9.744444444444444,0.06945112369261829,0.06947019892591709,0.06943654455047557,0.19075233298804228,-0.1457914214271494
2036-05-03,9.76388888888889,0.06945833185016405,0.06947575132382237,0.06944394869588635,0.17419473658325524,-0.14383154277694543
2036-05-10,9.783333333333333,0.06946553062128087,0.06948128165086714,0.06945135284129712,0.1575102958627228,-0.14177779983748362
2036-05-17,9.802777777777777,0.06947271991997911,0.06948679003838835,0.06945875698670789,0.14070118409245658,-0.1396293327121656
2036-05-24,9.822222222222223,0.06947989966142064,0.06949227661668296,0.06946616113211868,0.12376955262322076,-0.1373852930196262
2036-05-31,9.841666666666667,0.06948706976190856,0.06949774151501817,0.06947356527752946,0.10671753109606219,-0.13504484379103787
2036-06-07,9.86111111111111,0.06949423013887683,0.06950318486164166,0.06948096942294023,0.08954722764825673,-0.13260715936602718
2036-06-14,9.880555555555556,0.06950138071088,0.06950860678379149,0.06948837356835101,0.07226072911495351,-0.1300714252898405
2036-06-21,9.9,0.06950852139758316,0.06951400740770615,0.0694957777137618,0.054860101229847746,-0.12743683821370144
2036-06-28,9.919444444444444,0.06951565211975187,0.06951938685863432,0.06950318185917256,0.037347388824465755,-0.12470260579308667
2036-07-05,9.938888888888888,0.06952277279924222,0.0695247452608445,0.06951058600458335,0.019724616022731567,-0.12186794658877731
2036-07-12,9.958333333333334,0.06952988335899095,0.06953008273763461,0.06951799014999412,0.0019937864366437186,-0.1189320899683266
2036-07-19,9.977777777777778,0.06953698372300567,0.06953539941134146,0.0695253942954049,-0.015843116642072497,-0.11589427600766644
2036-07-26,9.997222222222222,0.06954407381635513,0.06954069540335008,0.06953279844081568,-0.03378413005059033,-0.11275375539451793
2036-08-02,10.016666666666667,0.06955115356515973,0.069545970834103,0.06954020258622645,-0.0518273105673539,-0.10950978933277344
2036-08-09,10.036111111111111,0.0695582228965818,0.06955122582310928,0.06954760673163723,-0.06997073472514437,-0.10616164944562967
2036-08-16,10.055555555555555,0.06956528173881629,0.06955646048895367,0.06955501087704802,-0.08821249862622782,-0.1027086176827452
2036-08-23,10.075,0.06957233002108136,0.06956167494930542,0.06956241502245879,-0.10655071775944602,-0.09914998622573279
2036-08-30,10.094444444444445,0.06957936767360909,0.06956686932092712,0.06956981916786957,-0.1249835268196664,-0.09548505739517821
2036-09-06,10.113888888888889,0.06958639462763622,0.0695720437196835,0.06957722331328035,-0.14350907952723202,-0.09171314355863047
2036-09-13,10.133333333333333,0.06959341081539516,0.06957719826054991,0.06958462745869112,-0.16212554845254634,-0.08783356704039624
2036-09-20,10.152777777777779,0.06960041617010476,0.06958233305762093,0.0695920316041019,-0.18083112483829877,-0.08384566002855864
2036-09-27,10.172222222222222,0.06960741062596146,0.069589473894387,0.06959800656660947,-0.1793673157446385,-0.09404059351986183
2036-10-04,10.191666666666666,0.06961439411813036,0.06959739620569493,0.06960340985595576,-0.16997912435437468,-0.10984262174607018
2036-10-11,10.21111111111111,0.06962136658273636,0.06960528834497937,0.06960881314530204,-0.1607823775699735,-0.12553437434323356
2036-10-18,10.230555555555556,0.06962832795685549,0.06961315048427741,0.06961421643464832,-0.15177472578079,-0.14111522207163607
2036-10-25,10.25,0.06963527817850612,0.06962098279432065,0.06961961972399461,-0.14295384185472604,-0.15658454511513487
2036-11-01,10.269444444444444,0.06964221718664051,0.06962878544454766,0.06962502301334089,-0.13431742092853693,-0.17194173299622806
2036-11-08,10.28888888888889,0.06964914492113619,0.06963655860311616,0.06963042630268718,-0.12586318020035847,-0.18718618449015123
2036-11-15,10.308333333333334,0.06965606132278745,0.06964430243691505,0.06963582959203346,-0.11758885872403813,-0.20231730753994537
2036-11-22,10.327777777777778,0.06966296633329716,0.06965201711157647,0.06964123288137974,-0.1094922172069357,-0.21733451917416158
2036-11-29,10.347222222222221,0.06966985989526825,0.06965970279148745,0.06964663617072603,-0.10157103780800147,-0.23223724542220658
2036-12-06,10.366666666666667,0.06967674195219559,0.06966735963980179,0.06965203946007233,-0.09382312393793613,-0.24702492123260256
2036-12-13,10.386111111111111,0.06968361244845779,0.0696749878184514,0.0696574427494186,-0.08624630006393019,-0.26169699039194083
2036-12-20,10.405555555555555,0.06969047132930907,0.06968258748815785,0.0696628460387649,-0.07883841151218318,-0.27625290544175396
2036-12-27,10.425,0.06969731854087133,0.0696901588084436,0.06966824932811118,-0.07159732427722276,-0.290692127601494
2037-01-03,10.444444444444445,0.06970415403012606,0.06969770193764319,0.06967365261745745,-0.06452092482872596,-0.3050141266860984
2037-01-10,10.463888888888889,0.06971097774490653,0.06970521703291423,0.06967905590680375,-0.05760711992305878,-0.31921838102785816
2037-01-17,10.483333333333333,0.06971778963388994,0.06971270425024838,0.06968445919615003,-0.05085383641564856,-0.33330437739911845
2037-01-24,10.502777777777778,0.06972458964658965,0.06972016374448212,0.0696898624854963,-0.04425902107529911,-0.3472716109334528
2037-01-31,10.522222222222222,0.0697313777333475,0.06972759566930739,0.0696952657748426,-0.03782064040114275,-0.36111958504905783
2037-02-07,10.541666666666666,0.06973815384532618,0.0697350001772822,0.06970066906418887,-0.03153668043986979,-0.37484781137311907
2037-02-14,10.561111111111112,0.06974491793450163,0.06974237741984099,0.06970607235353517,-0.025405146606427564,-0.38845580966465065
2037-02-21,10.580555555555556,0.06975166995365559,0.06974972754730506,0.06971147564288145,-0.01942406350527448,-0.40194310774135933
2037-02-28,10.6,0.06975840985636814,0.06975705070889268,0.06971687893222775,-0.013591474754548472,-0.4153092414038717
2037-03-07,10.619444444444444,0.06976513759701031,0.06976434705272926,0.06972228222157402,-0.007905442810512975,-0.4285537543628759
2037-03-14,10.63888888888889,0.06977185313073679,0.0697716167258573,0.0697276855109203,-0.0023640487949172506,-0.44167619816487536
2037-03-21,10.658333333333333,0.06977855641347869,0.06977885987424629,0.06973308880026659,0.0030346076759779628,-0.4546761321209958
2037-03-28,10.677777777777777,0.06978524740193626,0.06978607664280242,0.06973849208961287,0.008292408661680906,-0.46755312323384923
2037-04-04,10.697222222222223,0.06979192605357193,0.06979326717537836,0.06974389537895917,0.013411218064279806,-0.48030674612759006
2037-04-11,10.716666666666667,0.06979859232660304,0.06980043161478268,0.06974929866830545,0.018392881796364113,-0.49293658297588916
2037-04-18,10.73611111111111,0.06980524617999503,0.06980757010278942,0.06975470195765174,0.023239227943810947,-0.5054422234329614
2037-04-25,10.755555555555556,0.06981188757345433,0.06981468278014737,0.06976010524699801,0.027952066930375663,-0.5178232645632053
2037-05-02,10.775,0.06981851646742152,0.06982176978658934,0.0697655085363443,0.032533191678257856,-0.5300793107720914
2037-05-09,10.794444444444444,0.06982513282306457,0.06982883126084138,0.06977091182569059,0.03698437776811225,-0.5422099737398267
2037-05-16,10.813888888888888,0.06983173660227193,0.06983586734063167,0.06977631511503687,0.041307383597394276,-0.554214872350578
2037-05-23,10.833333333333334,0.06983832776764597,0.06984287816269964,0.06978171840438316,0.045503950536762705,-0.5660936326280785
2037-05-30,10.852777777777778,0.06984490628249612,0.06984986386280474,0.06978712169372944,0.049575803086204795,-0.5778458876667947
2037-06-06,10.872222222222222,0.06985147211083248,0.06985682457573522,0.06979252498307571,0.053524649027414384,-0.5894712775676714
2037-06-13,10.891666666666667,0.06985802521735907,0.06986376043531681,0.06979792827242201,0.057352179577419005,-0.6009694493705475
2037-06-20,10.911111111111111,0.06986456556746748,0.06987067157442126,0.0698033315617683,0.061060069537766104,-0.6123400569918447
2037-06-27,10.930555555555555,0.06987109312723035,0.06987755812497488,0.06980873485111458,0.0646499774453746,-0.6235827611576761
2037-07-04,10.95,0.06987760786339506,0.06988442021796695,0.06981413814046086,0.06812354571894552,-0.6346972293419517
2037-07-11,10.969444444444445,0.06988410974337725,0.06989125798345788,0.06981954142980715,0.07148240080634416,-0.645683135701014
2037-07-18,10.988888888888889,0.0698905987352547,0.06989807155058764,0.06982494471915343,0.07472815332934535,-0.6565401610127142
2037-07-25,11.008333333333333,0.06989707480776104,0.06990486104758371,0.06983034800849973,0.07786239822671348,-0.6672679926131297
2037-08-01,11.027777777777779,0.06990353793027954,0.06991162660176922,0.069835751297846,0.08088671489686616,-0.6778663243353633
2037-08-08,11.047222222222222,0.06990998807283698,0.06991836833957087,0.06984115458719228,0.08380266733887254,-0.6883348564469538
2037-08-15,11.066666666666666,0.06991642520609768,0.06992508638652681,0.06984655787653857,0.08661180429123116,-0.6986732955911734
2037-08-22,11.08611111111111,0.06992284930135742,0.06993178086729449,0.06985196116588485,0.08931565937064789,-0.7088813547256878
2037-08-29,11.105555555555556,0.06992926033053737,0.06993845190565828,0.06985736445523115,0.09191575120914841,-0.7189587530621877
2037-09-05,11.125,0.06993565826617833,0.06994509962453717,0.06986276774457743,0.09441358358841523,-0.7289052160089349
2037-09-12,11.144444444444444,0.06994204308143477,0.06995172414599224,0.0698681710339237,0.09681064557467978,-0.7387204751106713
2037-09-19,11.16388888888889,0.06994841475006901,0.06995832559123423,0.06987357432327,0.09910841165222672,-0.7484042679900549
2037-09-26,11.183333333333334,0.06995477324644547,0.06996490408063087,0.06987897761261629,0.10130834185398396,-0.7579563382918708
2037-10-03,11.202777777777778,0.06996111854552492,0.0699714597337142,0.06988438090196257,0.10341188189280648,-0.7673764356234958
2037-10-10,11.222222222222221,0.06996745062285883,0.06997799266918785,0.06988978419130885,0.10542046329012345,-0.7766643154998032
2037-10-17,11.241666666666667,0.06997376945458374,0.06998450300493413,0.06989518748065515,0.10733550350389143,-0.7858197392858479
2037-10-24,11.261111111111111,0.0699800750174156,0.0699909908580212,0.06990059077000144,0.10915840605599247,-0.7948424741416327
2037-10-31,11.280555555555555,0.06998636728864437,0.06999745634471002,0.0699059940593477,0.1108905606565791,-0.8037322929665969
2037-11-07,11.3,0.06999264624612841,0.0700038995804614,0.06991139734869399,0.11253334332980702,-0.8124889743442443
2037-11-14,11.319444444444445,0.06999891186828908,0.07001032067994269,0.06991680063804027,0.11408811653609852,-0.8211123024880196
2037-11-21,11.338888888888889,0.07000516413410535,0.07001671975703479,0.06992220392738656,0.11555622929440568,-0.829602067187879
2037-11-28,11.358333333333333,0.07001140302310842,0.07002309692483871,0.06992760721673286,0.1169390173029472,-0.8379580637556117
2037-12-05,11.377777777777778,0.07001762851537646,0.07002945229568237,0.06993301050607914,0.11823780305911247,-0.8461800929732144
2037-12-12,11.397222222222222,0.07002384059152926,0.07003578598112711,0.06993841379542541,0.11945389597853295,-0.8542679610384907
2037-12-19,11.416666666666666,0.0700300392327231,0.07004209809197423,0.0699438170847717,0.12058859251123932,-0.8622214795141192
2037-12-26,11.436111111111112,0.07003622442064555,0.07004838873827145,0.06994922037411799,0.12164317625892873,-0.8700404652756122
2038-01-02,11.455555555555556,0.07004239613751023,0.07005465802931936,0.06995462366346428,0.12261891809126069,-0.8777247404595512
2038-01-09,11.475,0.07004855436605188,0.0700609060736777,0.06996002695281056,0.12351707625812836,-0.8852741324132107
2038-01-16,11.494444444444444,0.07005469908952122,0.07006713297917161,0.06996543024215685,0.12433889650387275,-0.8926884736437657
2038-01-23,11.51388888888889,0.07006083029167996,0.07007333885289786,0.06997083353150313,0.12508561217899894,-0.8999676017683311
2038-01-30,11.533333333333333,0.07006694795679579,0.070079523801231,0.06997623682084941,0.12575844435216976,-0.9071113594637248
2038-02-06,11.552777777777777,0.07007305206963754,0.07008568792982943,0.0699816401101957,0.12635860191886894,-0.9141195944184499
2038-02-13,11.572222222222223,0.07007914261547024,0.07009183134364143,0.06998704339954198,0.12688728171186825,-0.9209921592825965
2038-02-20,11.591666666666667,0.0700852195800503,0.07009795414691102,0.06999244668888827,0.12734566860711505,-0.9277289116203791
2038-02-27,11.61111111111111,0.07009128294962072,0.07010405644318402,0.06999784997823455,0.12773493563295046,-0.9343297138617035
2038-03-06,11.630555555555556,0.07009733271090621,0.07011013833531375,0.07000325326758083,0.1280562440754418,-0.9407944332537332
2038-03-13,11.65,0.07010336885110867,0.07011619992546692,0.07000865655692712,0.12831074358246597,-0.9471229418155092
2038-03-20,11.669444444444444,0.07010939135790235,0.07012224131512919,0.0700140598462734,0.12849957226834796,-0.9533151162895159
2038-03-27,11.688888888888888,0.07011540021942927,0.07012826260511104,0.07001946313561969,0.12862385681766675,-0.9593708380958854
2038-04-03,11.708333333333334,0.07012139542429457,0.07013426389555319,0.07002486642496597,0.12868471258614678,-0.9652899932860448
2038-04-10,11.727777777777778,0.07012737696156202,0.07014024528593232,0.07003026971431227,0.12868324370307604,-0.9710724724974751
2038-04-17,11.747222222222222,0.07013334482074936,0.0701462068750664,0.07003567300365854,0.1286205431703935,-0.9767181709081918
2038-04-24,11.766666666666667,0.07013929899182399,0.07015214876112023,0.07004107629300484,0.12849769296247038,-0.9822269881915036
2038-05-01,11.786111111111111,0.07014523946519836,0.07015807104161084,0.07004647958235112,0.12831576412478118,-0.9875988284724357
2038-05-08,11.805555555555555,0.0701511662317256,0.07016397381341279,0.07005188287169739,0.12807581687188097,-0.9928336002820726
2038-05-15,11.825,0.07015707928269513,0.07016985717276342,0.07005728616104369,0.12777890068288444,-0.9979312165143972
2038-05-22,11.844444444444445,0.07016297860982838,0.07017572121526815,0.07006268945038997,0.1274260543976391,-1.0028915943841032
2038-05-29,11.863888888888889,0.07016886420527442,0.07018156603590561,0.07006809273973626,0.1270183063119268,-1.0077146553816307
2038-06-05,11.883333333333333,0.07017473606160567,0.07018739172903281,0.07007349602908254,0.12655667427141637,-1.0124003252312552
2038-06-12,11.902777777777779,0.07018059417181369,0.07019319838839018,0.07007889931842883,0.12604216576492244,-1.0169485338486217
2038-06-19,11.922222222222222,0.07018643852930503,0.07019898610710658,0.07008430260777511,0.12547577801544363,-1.0213592152992501
2038-06-26,11.941666666666666,0.07019226912789696,0.07020475497770433,0.07008970589712141,0.12485849807369886,-1.025632307755514
2038-07-03,11.96111111111111,0.07019808596181343,0.07021050509210415,0.07009510918646768,0.1241913029072228,-1.0297677534575056
2038-07-10,11.980555555555556,0.0702038890256809,0.07021623654162994,0.07010051247581398,0.12347515949043264,-1.0337654986691813
2038-07-17,12.0,0.07020967831452431,0.07022194941701376,0.07010591576516025,0.12271102489455621,-1.0376254936406148
2038-07-24,12.019444444444444,0.07021545382376308,0.0702276438084005,0.07011131905450653,0.12189984637422935,-1.0413476925655307
2038-07-31,12.03888888888889,0.07022121554920704,0.07023331980535269,0.07011672234385283,0.12104256145645254,-1.0449320535421691
2038-08-07,12.058333333333334,0.07022696348705255,0.0702389774968551,0.0701221256331991,0.12014009802552295,-1.0483785385345668
2038-08-14,12.077777777777778,0.07023269763387852,0.07024461697131958,0.0701275289225454,0.11919337441060329,-1.0516871133312011
2038-08-21,12.097222222222221,0.07023841798664245,0.07025023831658943,0.07013293221189168,0.11820329946982122,-1.0548577475076593
2038-08-28,12.116666666666667,0.0702441245426767,0.07025584161994419,0.07013833550123796,0.11717077267492382,-1.0578904143873635
2038-09-04,12.136111111111111,0.0702498172996846,0.07026142696810393,0.07014373879058425,0.11609668419329533,-1.0607850910035466
2038-09-11,12.155555555555555,0.07025549625573659,0.0702669944472339,0.07014914207993053,0.11498191497316679,-1.0635417580605322
2038-09-18,12.175,0.0702611614092665,0.07027254414294891,0.07015454536927682,0.11382733682410717,-1.0661603998968205
2038-09-25,12.194444444444445,0.07026681275906786,0.07027807614031768,0.0701599486586231,0.11263381249820847,-1.068641004447618
2038-10-02,12.213888888888889,0.0702724503042901,0.0702835905238672,0.07016535194796938,0.11140219577113197,-1.0709835632070897
2038-10-09,12.233333333333333,0.0702780740444349,0.07028908737758711,0.07017075523731567,0.11013333152218308,-1.073188071192277
2038-10-16,12.252777777777778,0.07028368397935258,0.07029456678493383,0.07017615852666195,0.10882805581244326,-1.0752545269063218
2038-10-23,12.272222222222222,0.07028928010923846,0.07030002882883492,0.07018156181600824,0.10748719596456735,-1.0771829323022453
2038-10-30,12.291666666666666,0.07029486243462932,0.07030547359169315,0.07018696510535452,0.1061115706382787,-1.0789732927479756
2038-11-06,12.311111111111112,0.07030043095639966,0.07031090115539072,0.0701923683947008,0.10470198991058277,-1.0806256169886008
2038-11-13,12.330555555555556,0.07030598567575848,0.07031631160129335,0.07019777168404709,0.10325925534876434,-1.0821399171138946
2038-11-20,12.35,0.0703115265942455,0.07032170501025432,0.07020317497339337,0.10178416008824187,-1.0835162085212624
2038-11-27,12.369444444444444,0.07031705371372785,0.07032708146261851,0.07020857826273966,0.10027748890667487,-1.08475450988188
2038-12-04,12.38888888888889,0.07032256703639657,0.0703324410382264,0.07021398155208594,0.09874001829834889,-1.0858548431062764
2038-12-11,12.408333333333333,0.07032806656476326,0.070337783816418,0.07021938484143223,0.09717251654745018,-1.0868172333103332
2038-12-18,12.427777777777777,0.07033355230165657,0.07034310987603683,0.07022478813077852,0.09557574380258949,-1.0876417087804513
2038-12-25,12.447222222222223,0.07033902425021903,0.07034841929543367,0.07023019142012481,0.09395045214646847,-1.0883283009421874
2039-01-01,12.466666666666667,0.07034448241390351,0.07035371215247055,0.07023559470947109,0.09229738567040346,-1.0888770443241713
2039-01-08,12.48611111111111,0.07034992679647015,0.07035898852452444,0.07024099799881736,0.09061728054288176,-1.089287976527853
2039-01-15,12.505555555555556,0.07035535740198287,0.07036424848849109,0.07024640128816365,0.08891086508214241,-1.089561138192252
2039-01-22,12.525,0.07036077423480629,0.07036949212078872,0.07025180457750993,0.08717885982431617,-1.0896965729635666
2039-01-29,12.544444444444444,0.07036617729960246,0.07037471949736179,0.07025720786685623,0.08542197759336956,-1.0896943274622817
2039-02-05,12.563888888888888,0.0703715666013276,0.07037993069368459,0.07026261115620251,0.08364092356993869,-1.0895544512508348
2039-02-12,12.583333333333334,0.07037694214522905,0.07038512578476487,0.0702680144455488,0.08183639535822018,-1.0892769968025295
2039-02-19,12.602777777777778,0.07038230393684206,0.07039030484514754,0.07027341773489508,0.08000908305480503,-1.0888620194697551
2039-02-26,12.622222222222222,0.07038765198198668,0.07039546794891811,0.07027882102424136,0.0781596693143205,-1.0883095774531781
2039-03-05,12.641666666666667,0.07039298628676473,0.07040061516970632,0.07028422431358766,0.07628882941590476,-1.087619731770656
2039-03-12,12.661111111111111,0.0703983068575567,0.07040574658068954,0.07028962760293395,0.07439723132843246,-1.0867925462275385
2039-03-19,12.680555555555555,0.07040361370101866,0.07041086225459638,0.07029503089228023,0.07248553577712813,-1.085828087384333
2039-03-26,12.7,0.0704089068240794,0.07041596226370997,0.07030043418162651,0.07055439630573868,-1.084726424528809
2039-04-02,12.719444444444445,0.07041418623393728,0.07042104667987148,0.0703058374709728,0.06860445934203652,-1.0834876296447749
2039-04-09,12.738888888888889,0.07041945193805736,0.07042611557448343,0.07031124076031908,0.06663636426068598,-1.0821117773827937
2039-04-16,12.758333333333333,0.07042470394416853,0.07043116901851307,0.07031664404966537,0.06465074344541577,-1.0805989450315967
2039-04-23,12.777777777777779,0.07042994226026039,0.07043620708249565,0.07032204733901165,0.06264822235257927,-1.0789492124874123
2039-04-30,12.797222222222222,0.07043516689458064,0.07044122983653778,0.07032745062835793,0.060629419571384124,-1.0771626622270436
2039-05-07,12.816666666666666,0.07044037785563195,0.07044623735032056,0.07033285391770422,0.0585949468860647,-1.0752393792773374
2039-05-14,12.83611111111111,0.07044557515216936,0.07045122969310291,0.0703382572070505,0.05654540933555663,-1.0731794511885384
2039-05-21,12.855555555555556,0.07045075879319725,0.07045620693372473,0.07034366049639679,0.05448140527483658,-1.0709829680045913
2039-05-28,12.875,0.07045592878796675,0.07046116914061004,0.07034906378574307,0.052403526432931447,-1.0686500222367723
2039-06-04,12.894444444444444,0.0704610851459728,0.07046611638177017,0.07035446707508936,0.05031235797370304,-1.0661807088344077
2039-06-11,12.91388888888889,0.07046622787695152,0.07047104872480676,0.07035987036443564,0.04820847855246946,-1.0635751251587833
2039-06-18,12.933333333333334,0.07047135699087749,0.07047596623691499,0.07036527365378192,0.04609246037498571,-1.060833370955666
2039-06-25,12.952777777777778,0.07047647249796093,0.07048086898488648,0.07037067694312821,0.04396486925545284,-1.0579555483272718
2039-07-02,12.972222222222221,0.0704815744086452,0.07048575703511246,0.07037608023247449,0.04182626467258421,-1.0549417617071455
2039-07-09,12.991666666666667,0.07048666273360399,0.07049063045358663,0.07038148352182078,0.03967719982636564,-1.0517921178321288
2039-07-16,13.011111111111111,0.0704917374837388,0.07049548930590825,0.07038688681116706,0.037518221694538,-1.0485067257173797
2039-07-23,13.030555555555555,0.07049679867017625,0.07050033365728496,0.07039229010051334,0.03534987108713694,-1.0450856966290334
2039-07-30,13.05,0.07050184630426554,0.0705051635725358,0.07039769338985963,0.03317268270269791,-1.0415291440590835
2039-08-06,13.069444444444445,0.07050688039757588,0.07050997911609411,0.07040309667920591,0.03098718518224075,-1.037837183699708
2039-08-13,13.088888888888889,0.07051190096189397,0.07051478035201024,0.0704084999685522,0.028793901162699198,-1.0340099334177344
2039-08-20,13.108333333333333,0.07051690800922142,0.0705195673439546,0.0704139032578985,0.026593347331876904,-1.030047513229243
2039-08-27,13.127777777777778,0.07052190155177226,0.07052434015522033,0.07041930654724478,0.024386034480627927,-1.0259500452748649
2039-09-03,13.147222222222222,0.0705268816019705,0.07052909884872613,0.07042470983659106,0.022172467556286213,-1.021717653794385
2039-09-10,13.166666666666666,0.07053184817244766,0.07053384348701904,0.07043011312593735,0.019953145713735854,-1.0173504651031506
2039-09-17,13.186111111111112,0.07053680127604028,0.0705385741322772,0.07043551641528363,0.017728562369118128,-1.0128486075665355
2039-09-24,13.205555555555556,0.07054174092578759,0.07054329084631245,0.07044091970462991,0.015499205248542536,-1.0082122115767644
2039-10-01,13.225,0.070546667134929,0.07054799369057317,0.0704463229939762,0.013265556441655058,-1.003441409528072
2039-10-08,13.244444444444444,0.07055157991690185,0.0705526827261469,0.07045172628332248,0.01102809245048797,-0.998536335793665
2039-10-15,13.26388888888889,0.07055647928533895,0.07055735801376291,0.07045712957266877,0.008787284239558657,-0.9934971267018533
2039-10-22,13.283333333333333,0.0705613652540663,0.07056201961379494,0.07046253286201506,0.006543597286384761,-0.9883239205123184
2039-10-29,13.302777777777777,0.07056623783710068,0.07056666758626372,0.07046793615136134,0.004297491630333994,-0.9830168573934928
2039-11-05,13.322222222222223,0.07057109704864756,0.07057130199083954,0.07047333944070763,0.002049421919808614,-0.977576079399245
2039-11-12,13.341666666666667,0.07057594290309857,0.07057592288684487,0.07047874273005392,-0.0002001625369618676,-0.9720017304465367
2039-11-19,13.36111111111111,0.07058077541502937,0.07058053033325684,0.07048414601940019,-0.002450817725291321,-0.9662939562918305
2039-11-26,13.380555555555556,0.07058559459919743,0.07058512438870977,0.07048954930874649,-0.004702104876574964,-0.9604529045094401
2039-12-03,13.4,0.07059040047053976,0.0705897051114976,0.07049495259809277,-0.006953590421521216,-0.9544787244698816
2039-12-10,13.419444444444444,0.07059519304417067,0.07059427255957648,0.07050035588743905,-0.009204845941856998,-0.9483715673161419
2039-12-17,13.438888888888888,0.07059997233537968,0.07059882679056707,0.07050575917678534,-0.011455448126057588,-0.9421315859434176
2039-12-24,13.458333333333334,0.07060473835962933,0.07060336786175707,0.07051116246613162,-0.013704978722578476,-0.935758934977049
2039-12-31,13.477777777777778,0.07060949113255291,0.07060789583010357,0.0705165657554779,-0.015953024493364776,-0.9292537707500381
2040-01-07,13.497222222222222,0.07061423066995255,0.07061241075223544,0.07052196904482419,-0.01819917717110764,-0.92261625128362
2040-01-14,13.516666666666667,0.0706189569877969,0.07061691268445572,0.07052737233417047,-0.02044303341178222,-0.9158465362642254
2040-01-21,13.536111111111111,0.07062367010221914,0.0706214016827439,0.07053277562351676,-0.02268419475232042,-0.9089447870237743
2040-01-28,13.555555555555555,0.07062837002951493,0.07062587780275832,0.07053817891286304,-0.024922267566063194,-0.9019111665188595
2040-02-04,13.575,0.07063305678614025,0.07063034109983837,0.07054358220220933,-0.027156863018767963,-0.8947458393092356
2040-02-11,13.594444444444445,0.07063773038870946,0.07063479162900686,0.07054898549155561,-0.029387597026003798,-0.8874489715385292
2040-02-18,13.613888888888889,0.07064239085399322,0.07063922944497228,0.0705543887809019,-0.031614090209436396,-0.8800207309132835
2040-02-25,13.633333333333333,0.0706470381989165,0.07064365460213094,0.07055979207024818,-0.03383596785561105,-0.8724612866832515
2040-03-03,13.652777777777779,0.07065167244055659,0.07064806715456931,0.07056519535959446,-0.03605285987279272,-0.8647708096212736
2040-03-10,13.672222222222222,0.07065629359614109,0.07065246715606617,0.07057059864894075,-0.038264400749193905,-0.8569494720034321
2040-03-17,13.691666666666666,0.07066090168304609,0.07065685466009479,0.07057600193828704,-0.040470229513006606,-0.8489974475904549
2040-03-24,13.71111111111111,0.07066549671879402,0.07066122971982511,0.07058140522763333,-0.04266998968910363,-0.8409149116068992
2040-03-31,13.730555555555556,0.07067007872105188,0.07066559238812588,0.07058680851697961,-0.044863329260041995,-0.8327020407226937
2040-04-07,13.75,0.07067464770762934,0.07066994271756681,0.0705922118063259,-0.047049900625262264,-0.8243590130344036
2040-04-14,13.769444444444444,0.07067920369647676,0.07067428076042066,0.07059761509567217,-0.049229360560981705,-0.8158860080459407
2040-04-21,13.78888888888889,0.07068374670568335,0.07067860656866534,0.07060301838501847,-0.0514013701800875,-0.8072832066488567
2040-04-28,13.808333333333334,0.07068827675347536,0.07068292019398598,0.07060842167436475,-0.053565594893834056,-0.7985507911061063
2040-05-05,13.827777777777778,0.07069279385821416,0.07068722168777698,0.07061382496371103,-0.05572170437173618,-0.7896889450312305
2040-05-12,13.847222222222221,0.0706972980383945,0.07069151110114409,0.07061922825305732,-0.05786937250409907,-0.7806978533718423
2040-05-19,13.866666666666667,0.07070178931264263,0.0706957884849064,0.0706246315424036,-0.06000827736232783,-0.7715777023903359
2040-05-26,13.886111111111111,0.07070626769971453,0.0707000538895984,0.07063003483174989,-0.06213810116131868,-0.7623286796464013
2040-06-02,13.905555555555555,0.07071073321849414,0.0707043073654718,0.07063543812109617,-0.06425853022337669,-0.7529509739796769
2040-06-09,13.925,0.0707151858879916,0.07070854896249777,0.07064084141044245,-0.06636925493824775,-0.7434447754914308
2040-06-16,13.944444444444445,0.07071962572734145,0.0707127787303687,0.07064624469978874,-0.06846996972745267,-0.7338102755270748
2040-06-23,13.963888888888889,0.07072405275580097,0.07071699671850018,0.07065164798913502,-0.07056037300792739,-0.7240476666595108
2040-06-30,13.983333333333333,0.07072846699274844,0.07072120297603295,0.07065705127848132,-0.07264016715496924,-0.714157142671229
2040-07-07,14.002777777777778,0.07073286845768137,0.07072539755183484,0.0706624545678276,-0.07470905846532205,-0.704138898537654
2040-07-14,14.022222222222222,0.07073725717021491,0.07072958049450256,0.07066785785717389,-0.07676675712345316,-0.6939931304102143
2040-07-21,14.041666666666666,0.0707416331500801,0.07073375185236369,0.07067326114652017,-0.07881297716408331,-0.6837200355992723
2040-07-28,14.061111111111112,0.07074599641712226,0.07073791167347845,0.07067866443586646,-0.08084743643804737,-0.6733198125580264
2040-08-04,14.080555555555556,0.0707503469912993,0.07074206000564164,0.07068406772521274,-0.08286985657662838,-0.6627926608655799
2040-08-11,14.1,0.0707546848926801,0.07074619689638435,0.07068947101455902,-0.08487996295741818,-0.6521387812107038
2040-08-18,14.119444444444444,0.07075901014144294,0.0707503223929759,0.07069487430390531,-0.08687748467031686,-0.6413583753762941
2040-08-25,14.13888888888889,0.07076332275787385,0.07075443654242554,0.07070027759325159,-0.08886215448311585,-0.6304516462225795
2040-09-01,14.158333333333333,0.07076762276236502,0.0707585393914843,0.07070568088259788,-0.09083370880721975,-0.6194187976714394
2040-09-08,14.177777777777777,0.0707719101754132,0.07076263098664676,0.07071108417194416,-0.09279188766447843,-0.6082600346904443
2040-09-15,14.197222222222223,0.07077618501761823,0.07076671137415272,0.07071648746129044,-0.09473643465512938,-0.5969755632778684
2040-09-22,14.216666666666667,0.07078044730968139,0.07077078059998906,0.07072189075063673,-0.09666709692324194,-0.5855655904465906
2040-09-29,14.23611111111111,0.07078469707240392,0.07077483870989144,0.07072729403998301,-0.09858362512479846,-0.5740303242091072
2040-10-06,14.255555555555556,0.0707889343266855,0.07077888574934589,0.0707326973293293,-0.10048577339605291,-0.562369973561988
2040-10-13,14.275,0.07079315909352268,0.0707829217635907,0.07073810061867558,-0.10237329931980788,-0.550584748471028
2040-10-20,14.294444444444444,0.07079737139400748,0.07078694679761799,0.07074350390802187,-0.10424596389488339,-0.5386748598561197
2040-10-27,14.313888888888888,0.07080157124932583,0.07079096089617537,0.07074890719736815,-0.10610353150461438,-0.5266405195768209
2040-11-03,14.333333333333334,0.07080575868075613,0.07079496410376766,0.07075431048671443,-0.10794576988465421,-0.5144819404169498
2040-11-10,14.352777777777778,0.07080993370966782,0.07079895646465853,0.07075971377606072,-0.10977245009285985,-0.5021993360709853
2040-11-17,14.372222222222222,0.07081409635751985,0.07080293802287209,0.070765117065407,-0.11158334647765056,-0.48979292112852346
2040-11-24,14.391666666666667,0.07081824664585937,0.0708069088221945,0.07077052035475329,-0.1133782366487257,-0.4772629110608162
2040-12-01,14.411111111111111,0.0708223845963202,0.07081086890617563,0.07077592364409958,-0.11515690144570101,-0.46460952220619967
2040-12-08,14.430555555555555,0.07082651023062152,0.07081481831813065,0.07078132693344587,-0.11691912490868761,-0.45183297175649395
2040-12-15,14.45,0.07083062357056635,0.07081875710114152,0.07078673022279215,-0.11866469424831605,-0.4389334777420151
2040-12-22,14.469444444444445,0.07083472463804033,0.0708226852980587,0.07079213351213844,-0.12039339981631536,-0.4259112590189462
2040-12-29,14.488888888888889,0.07083881345501022,0.07082660295150255,0.07079753680148472,-0.12210503507678605,-0.4127665352550436
2041-01-05,14.508333333333333,0.0708428900435226,0.07083051010386497,0.070802940090831,-0.12379939657622407,-0.3994995269158974
2041-01-12,14.527777777777779,0.07084695442570252,0.07083440679731096,0.07080834338017729,-0.12547628391562649,-0.38611045525230314
2041-01-19,14.547222222222222,0.07085100662375213,0.07083829307377999,0.07081374666952357,-0.12713549972134808,-0.37259954228555103
2041-01-26,14.566666666666666,0.0708550466599494,0.07084216897498767,0.07081914995886986,-0.1287768496173458,-0.3589670107954912
2041-02-02,14.58611111111111,0.07085907455664688,0.07084603454242713,0.07082455324821614,-0.13040014219742324,-0.34521308430734976
2041-02-09,14.605555555555556,0.07086309033627017,0.07084988981737055,0.07082995653756242,-0.13200518899622593,-0.33133798707743467
2041-02-16,14.625,0.07086709402131688,0.07085373484087062,0.07083535982690871,-0.1335918044625961,-0.317341944081756
2041-02-23,14.644444444444444,0.07087108563435528,0.07085756965376203,0.070840763116255,-0.13515980593251098,-0.3032251810027031
2041-03-02,14.66388888888889,0.0708750651980229,0.07086139429666279,0.07084616640560129,-0.13670901360118837,-0.2889879242161386
2041-03-09,14.683333333333334,0.07087903273502552,0.07086520880997585,0.07085156969494756,-0.13823925049671892,-0.2746304007796019
2041-03-16,14.702777777777778,0.07088298826813572,0.0708690132338904,0.07085697298429386,-0.13975034245314322,-0.2601528384185703
2041-03-23,14.722222222222221,0.07088693182019172,0.07087280760838328,0.07086237627364014,-0.1412421180843615,-0.24555546551577323
2041-03-30,14.741666666666667,0.07089086341409623,0.07087659197322045,0.07086777956298643,-0.14271440875776586,-0.23083851109800824
2041-04-06,14.761111111111111,0.07089478307281512,0.0708803663679583,0.07087318285233271,-0.1441670485681501,-0.2160022048240673
2041-04-13,14.780555555555555,0.0708986908193763,0.07088413083194513,0.07087858614167898,-0.14559987431175814,-0.20104677697321827
2041-04-20,14.8,0.07090258667686852,0.07088788540432235,0.07088398943102528,-0.1470127254617204,-0.18597245843243737
2041-04-27,14.819444444444445,0.07090647066844019,0.07089163012402605,0.07088939272037156,-0.14840544414140844,-0.17077948068627835
2041-05-04,14.838888888888889,0.07091034281729819,0.07089536502978819,0.07089479600971785,-0.14977787510001006,-0.15546807580341104
2041-05-11,14.858333333333333,0.07091420314670675,0.07089909016013798,0.07090019929906413,-0.15112986568768805,-0.14003847642621303
2041-05-18,14.877777777777778,0.07091805167998629,0.0709028055534032,0.07090560258841043,-0.1524612658308777,-0.1244909157585572
2041-05-25,14.897222222222222,0.07092188844051227,0.07090651124771155,0.0709110058777567,-0.1537719280071681,-0.10882562755568093
2041-06-01,14.916666666666666,0.0709257134517141,0.07091020728099191,0.07091640916710298,-0.15506170722184853,-0.093042846111141
2041-06-08,14.936111111111112,0.07092952673707398,0.07091389369097564,0.07092181245644927,-0.1563304609833449,-0.07714280624709913
2041-06-15,14.955555555555556,0.07093332832012587,0.07091757051519793,0.07092721574579555,-0.1575780492794887,-0.06112574330321974
2041-06-22,14.975,0.07093711822445428,0.0709212377909989,0.07093261903514185,-0.15880433455378595,-0.04499189312431873
2041-06-29,14.994444444444444,0.07094089647369331,0.07092489555552513,0.07093802232448812,-0.16000918168182499,-0.02874149205189802
2041-07-06,15.01388888888889,0.07094466309152547,0.07092854384573063,0.0709434256138344,-0.1611924579483781,-0.012374776910684115
2041-07-13,15.033333333333333,0.0709484181016807,0.07093218269837837,0.0709488289031807,-0.16235403302339302,0.004108014999976151
2041-07-20,15.052777777777777,0.07095216152793526,0.07093581215004117,0.07095423219252697,-0.16349377894089856,0.020706645917079047
2041-07-27,15.072222222222223,0.07095589339411071,0.07093943223710333,0.07095963548187326,-0.16461157007374716,0.03742087762548252
2041-08-03,15.091666666666667,0.07095961372407286,0.0709430429957615,0.07096503877121954,-0.1657072831136308,0.054250471466787964
2041-08-10,15.11111111111111,0.07096332254173073,0.07094664446202606,0.07097044206056584,-0.16678079704665616,0.07119518835113636
2041-08-17,15.130555555555556,0.07096701987103558,0.07095023667172227,0.07097584534991212,-0.16783199313308295,0.08825478876539616
2041-08-24,15.15,0.07097070573597987,0.07095381966049151,0.0709812486392584,-0.16886075488359298,0.10542903278537574
2041-08-31,15.169444444444444,0.07097438016059626,0.07095739346379239,0.07098665192860469,-0.169866968038751,0.12271768008428885
2041-09-07,15.188888888888888,0.07097804316895663,0.07096095811690194,0.07099205521795098,-0.17085052054693906,0.1401204899434405
2041-09-14,15.208333333333334,0.07098169478517108,0.07096451365491677,0.07099745850729726,-0.17181130254312338,0.15763722126180268
2041-09-21,15.227777777777778,0.07098533503338698,0.07096802378051864,0.07100244301991447,-0.1731125286834334,0.17107986527487018
2041-09-28,15.247222222222222,0.07098896393778803,0.07097130723793833,0.0710049148721573,-0.17656699849696866,0.15950934369263203
2041-10-05,15.266666666666667,0.07099258152259325,0.0709745823313835,0.0710073867244001,-0.17999191209747134,0.14805201806855628
2041-10-12,15.286111111111111,0.07099618781205604,0.07097784909277194,0.07100985857664292,-0.1833871928409725,0.13670764586887207
2041-10-19,15.305555555555555,0.07099978283046333,0.07098110755385921,0.07101233042888573,-0.1867527660412427,0.1254759842239661
2041-10-26,15.325,0.07100336660213456,0.0709843577462397,0.07101480228112855,-0.19008855894855903,0.11435678993990117
2041-11-02,15.344444444444445,0.0710069391514208,0.07098759970134771,0.07101727413337136,-0.1933945007308313,0.1033498195056326
2041-11-09,15.363888888888889,0.07101050050270377,0.07099083345045834,0.07101974598561418,-0.19667052245431194,0.09245482910411051
2041-11-16,15.383333333333333,0.0710140506803951,0.07099405902468857,0.07102221783785699,-0.19991655706527722,0.08167157461894115
2041-11-23,15.402777777777779,0.07101758970893529,0.0709972764549983,0.07102468969009981,-0.2031325393699046,0.07099981164521152
2041-11-30,15.422222222222222,0.07102111761279287,0.07100048577219124,0.07102716154234262,-0.20631840601623153,0.06043929549753857
2041-12-07,15.441666666666666,0.0710246344164635,0.071003687006916,0.07102963339458544,-0.20947409547500406,0.04998978121936726
2041-12-14,15.46111111111111,0.07102814014446922,0.07100688018966697,0.07103210524682825,-0.2125995480224685,0.039651023590325796
2041-12-21,15.480555555555556,0.07103163482135737,0.07101006535078533,0.07103457709907106,-0.2156947057203873,0.02942277713691155
2041-12-28,15.5,0.07103511847169999,0.07101324252046001,0.07103704895131387,-0.21875951239980207,0.019304796138736036
2042-01-04,15.519444444444444,0.07103859112009277,0.07101641172872868,0.07103952080355669,-0.22179391364091083,0.009296834639210827
2042-01-11,15.53888888888889,0.07104205279115433,0.07101957300547862,0.07104199265579951,-0.2247978567571085,-0.0006013535482074506
2042-01-18,15.558333333333334,0.07104550350952535,0.07102272638044772,0.07104446450804232,-0.2277712907762519,-0.010390014830302663
2042-01-25,15.577777777777778,0.07104894329986775,0.07102587188322539,0.07104693636028513,-0.2307141664235901,-0.02006939582618883
2042-02-01,15.597222222222221,0.07105237218686392,0.07102900954325346,0.07104940821252795,-0.2336264361045559,-0.02963974335967734
2042-02-08,15.616666666666667,0.07105579019521582,0.07103213938982719,0.07105188006477076,-0.23650805388630847,-0.039101304450672725
2042-02-15,15.636111111111111,0.07105919734964432,0.07103526145209606,0.07105435191701358,-0.23935897548260643,-0.0484543263074011
2042-02-22,15.655555555555555,0.07106259367488826,0.07103837575906477,0.07105682376925639,-0.2421791582349342,-0.057699056318777364
2042-03-01,15.675,0.0710659791957038,0.07104148233959406,0.07105929562149921,-0.24496856109737508,-0.06683574204593978
2042-03-08,15.694444444444445,0.07106935393686355,0.07104458122240169,0.07106176747374202,-0.24772714461857026,-0.07586463121531106
2042-03-15,15.713888888888889,0.07107271792315586,0.07104767243606325,0.07106423932598482,-0.2504548709261756,-0.08478597171041047
2042-03-22,15.733333333333333,0.07107607117938405,0.07105075600901307,0.07106671117822765,-0.2531517037097919,-0.09360001156408226
2042-03-29,15.752777777777778,0.07107941373036564,0.07105383196954512,0.07106918303047047,-0.25581760820514443,-0.1023069989516956
2042-04-05,15.772222222222222,0.07108274560093159,0.07105690034581377,0.07107165488271326,-0.25845255117812327,-0.11090718218323414
2042-04-12,15.791666666666666,0.07108606681592564,0.0710599611658348,0.07107412673495608,-0.2610565009084076,-0.11940080969552458
2042-04-19,15.811111111111112,0.07108937740020346,0.07106301445748614,0.0710765985871989,-0.2636294271732287,-0.1277881300455752
2042-04-26,15.830555555555556,0.07109267737863206,0.07106606024850874,0.07107907043944173,-0.26617130123321453,-0.13606939190335954
2042-05-03,15.85,0.07109596677608897,0.07106909856650748,0.07108154229168454,-0.2686820958149039,-0.14424484404432225
2042-05-10,15.869444444444444,0.07109924561746155,0.07107212943895184,0.07108401414392734,-0.27116178509700717,-0.152314735342024
2042-05-17,15.88888888888889,0.07110251392764635,0.07107515289317695,0.07108648599617017,-0.2736103446940308,-0.16027931476189639
2042-05-24,15.908333333333333,0.07110577173154833,0.07107816895638422,0.07108895784841297,-0.27602775164115023,-0.16813883135360919
2042-05-31,15.927777777777777,0.07110901905408022,0.07108117765564226,0.07109142970065578,-0.2784139843796385,-0.175893534244409
2042-06-07,15.947222222222223,0.07111225592016183,0.07108417901788763,0.0710939015528986,-0.28076902274201676,-0.1835436726323192
2042-06-14,15.966666666666667,0.07111548235471937,0.07108717306992576,0.07109637340514141,-0.283092847936095,-0.1910894957796172
2042-06-21,15.98611111111111,0.07111869838268478,0.07109015983843153,0.07109884525738423,-0.285385442532482,-0.19853125300547947
2042-06-28,16.005555555555556,0.07112190402899508,0.07109313934995032,0.07110131710962704,-0.2876467904476543,-0.20586919368043022
2042-07-05,16.025,0.07112509931859169,0.0710961116308986,0.07110378896186986,-0.28987687693091124,-0.21310356721829238
2042-07-12,16.044444444444444,0.07112828427641979,0.07109907670756481,0.07110626081411267,-0.29207568854980326,-0.22023462307119157
2042-07-19,16.06388888888889,0.07113145892742771,0.07110203460611009,0.07110873266635549,-0.294243213176254,-0.2272626107222009
2042-07-26,16.083333333333332,0.07113462329656624,0.07110498535256905,0.07111120451859829,-0.29637943997185,-0.2341877796795122
2042-08-02,16.102777777777778,0.07113777740878806,0.07110792897285062,0.07111367637084111,-0.2984843593743791,-0.24101037946949733
2042-08-09,16.122222222222224,0.07114092128904703,0.07111086549273869,0.07111614822308393,-0.30055796308339766,-0.24773065963101804
2042-08-16,16.141666666666666,0.07114405496229767,0.0711137949378929,0.07111862007532674,-0.30260024404774044,-0.2543488697093199
2042-08-23,16.16111111111111,0.07114717845349448,0.07111671733384942,0.07112109192756956,-0.3046111964506715,-0.2608652592492322
2042-08-30,16.180555555555557,0.0711502917875914,0.07111963270602166,0.07112356377981237,-0.306590815697394,-0.2672800777903106
2042-09-06,16.2,0.07115339498954107,0.07112254107970102,0.07112603563205519,-0.3085390984004788,-0.2735935748587881
2042-09-13,16.219444444444445,0.07115648808429446,0.07112544248005766,0.07112850748429798,-0.310456042368068,-0.2798059999647995
2042-09-20,16.238888888888887,0.0711595710968001,0.07112833693214111,0.0711309793365408,-0.31234164658985875,-0.2859176025929444
2042-09-27,16.258333333333333,0.07116264405200354,0.07113122446088112,0.07113345118878361,-0.31419591122419654,-0.29192863219923426
2042-10-04,16.27777777777778,0.07116570697484682,0.0711341050910883,0.07113592304102644,-0.31601883758516913,-0.29783933820387576
2042-10-11,16.29722222222222,0.07116875989026789,0.07113697884745487,0.07113839489326926,-0.3178104281301164,-0.3036499699862749
2042-10-18,16.316666666666666,0.0711718028232,0.07113984575455533,0.07114086674551207,-0.31957068644672404,-0.30936077687934715
2042-10-25,16.336111111111112,0.07117483579857119,0.07114270583684718,0.07114333859775489,-0.32129961724011724,-0.31497200816299475
2042-11-01,16.355555555555554,0.0711778588413037,0.07114555911867163,0.0711458104499977,-0.322997226320787,-0.3204839130600823
2042-11-08,16.375,0.0711808719763135,0.07114840562425424,0.0711482823022405,-0.32466352059251635,-0.32589674072991404
2042-11-15,16.394444444444446,0.07118387522850965,0.0711512453777057,0.07115075415448333,-0.32629850803947424,-0.33121074026323805
2042-11-22,16.413888888888888,0.0711868686227938,0.0711540784030224,0.07115322600672613,-0.32790219771400286,-0.33642616067669495
2042-11-29,16.433333333333334,0.0711898521840597,0.07115690472408714,0.07115569785896896,-0.3294745997255155,-0.34154325090740567
2042-12-06,16.45277777777778,0.07119282593719263,0.0711597243646699,0.07115816971121178,-0.3310157252273127,-0.3465622598085305
2042-12-13,16.47222222222222,0.07119578990706893,0.07116253734842835,0.07116064156345459,-0.33252558640575747,-0.35148343614344046
2042-12-20,16.491666666666667,0.07119874411855542,0.0711653436989086,0.0711631134156974,-0.3340041964682017,-0.35630702858030494
2042-12-27,16.511111111111113,0.07120168859650894,0.07116814343954588,0.0711655852679402,-0.3354515696306348,-0.36103328568737325
2043-01-03,16.530555555555555,0.07120462336577583,0.0711709365936651,0.07116805712018302,-0.3368677211074145,-0.3656624559281174
2043-01-10,16.55,0.07120754845119147,0.07117372318448158,0.07117052897242583,-0.338252667098915,-0.3701947876563749
2043-01-17,16.569444444444443,0.07121046387757968,0.07117650323510166,0.07117300082466865,-0.3396064247801478,-0.3746305291102425
2043-01-24,16.58888888888889,0.07121336966975242,0.07117927676852338,0.07117547267691146,-0.340929012290353,-0.3789699284095782
2043-01-31,16.608333333333334,0.0712162658525091,0.07118204380763705,0.07117794452915428,-0.3422204487205094,-0.38321323354822967
2043-02-07,16.627777777777776,0.07121915245063626,0.0711848043752259,0.07118041638139709,-0.34348075410362,-0.38736069239167503
2043-02-14,16.647222222222222,0.07122202948890705,0.07118755849396671,0.0711828882336399,-0.3447099494033323,-0.3914125526714718
2043-02-21,16.666666666666668,0.07122489699208068,0.07119030618643046,0.07118536008588272,-0.3459080565021422,-0.3953690619795669
2043-02-28,16.68611111111111,0.07122775498490211,0.0711930474750829,0.07118783193812553,-0.3470750981920956,-0.39923046776579874
2043-03-07,16.705555555555556,0.07123060349210152,0.07119578238228522,0.07119030379036835,-0.34821109816299267,-0.40299701733165216
2043-03-14,16.725,0.07123344253839378,0.07119851093029456,0.07119277564261116,-0.34931608099225686,-0.4066689578262339
2043-03-21,16.744444444444444,0.07123627214847818,0.07120123314126474,0.07119524749485397,-0.3503900721343878,-0.41024653624210927
2043-03-28,16.76388888888889,0.0712390923470378,0.07120394903724675,0.07119771934709679,-0.3514330979105529,-0.4137299994101673
2043-04-04,16.783333333333335,0.07124190315873923,0.07120665864018941,0.0712001911993396,-0.35244518549817916,-0.41711959399629017
2043-04-11,16.802777777777777,0.07124470460823204,0.07120936197193993,0.07120266305158242,-0.35342636292109986,-0.42041556649621836
2043-04-18,16.822222222222223,0.07124749672014839,0.07121205905424452,0.07120513490382524,-0.35437665903872984,-0.4236181632315261
2043-04-25,16.841666666666665,0.07125027951910258,0.07121474990874899,0.07120760675606805,-0.35529610353593477,-0.42672763034531935
2043-05-02,16.86111111111111,0.07125305302969069,0.07121743455699925,0.07121007860831086,-0.35618472691442693,-0.4297442137983498
2043-05-09,16.880555555555556,0.07125581727649012,0.07122011302044194,0.07121255046055368,-0.3570425604818017,-0.4326681593644355
2043-05-16,16.9,0.07125857228405917,0.07122278532042504,0.07121502231279649,-0.3578696363412681,-0.4354997126268523
2043-05-23,16.919444444444444,0.07126131807693667,0.07122545147819836,0.07121749416503931,-0.35866598738304445,-0.43823911897361567
2043-05-30,16.93888888888889,0.07126405467964159,0.07122811151491415,0.07121996601728212,-0.3594316472743664,-0.4408866235947051
2043-06-06,16.958333333333332,0.07126678211667256,0.07123076545162764,0.07122243786952492,-0.36016665044921736,-0.44344247147637406
2043-06-13,16.977777777777778,0.07126950041250764,0.07123341330929761,0.07122490972176775,-0.3608710321002795,-0.4459069073989297
2043-06-20,16.997222222222224,0.07127220959160373,0.07123605510878693,0.07122738157401057,-0.36154482816797007,-0.44828017593159797
2043-06-27,17.016666666666666,0.07127490967839635,0.07123869087086313,0.07122985342625338,-0.3621880753322537,-0.4505625214297482
2043-07-04,17.03611111111111,0.07127760069729924,0.0712413206161989,0.0712323252784962,-0.36280081100348305,-0.452754188030452
2043-07-11,17.055555555555557,0.07128028267270388,0.07124394436537265,0.07123479713073899,-0.3633830733122678,-0.4548554196488752
2043-07-18,17.075,0.07128295562897924,0.0712465621388691,0.07123726898298181,-0.3639349011014259,-0.45686645997425335
2043-07-25,17.094444444444445,0.07128561959047135,0.07124917395707972,0.07123974083522464,-0.36445633391626875,-0.4587875524671159
2043-08-01,17.113888888888887,0.07128827458150298,0.07125177984030334,0.07124221268746744,-0.36494741199641356,-0.46061894035540063
2043-08-08,17.133333333333333,0.07129092062637324,0.07125437980874662,0.07124468453971025,-0.3654081762662076,-0.46236086662987397
2043-08-15,17.15277777777778,0.07129355774935726,0.0712569738825246,0.07124715639195307,-0.365838668326679,-0.46401357404191046
2043-08-22,17.17222222222222,0.07129618597470583,0.0712595620816612,0.07124962824419588,-0.3662389304462388,-0.46557730509946826
2043-08-29,17.191666666666666,0.07129880532664506,0.07126214442608982,0.0712521000964387,-0.3666090055524929,-0.4670523020636197
2043-09-05,17.211111111111112,0.07130141582937606,0.07126472093565367,0.07125457194868151,-0.3669489372239154,-0.4684388069454981
2043-09-12,17.230555555555554,0.07130401750707455,0.07126729163010646,0.07125704380092432,-0.36725876968082827,-0.46973706150227335
2043-09-19,17.25,0.07130661038389055,0.07126985652911283,0.07125951565316714,-0.36753854777721306,-0.4709473072340986
2043-09-26,17.269444444444446,0.0713091944839481,0.07127241565224883,0.07126198750540995,-0.3677883169926621,-0.4720697853814737
2043-10-03,17.288888888888888,0.07131176983134489,0.07127496901900245,0.07126445935765277,-0.3680081234244681,-0.47310473692122046
2043-10-10,17.308333333333334,0.07131433645015191,0.0712775166487741,0.07126693120989558,-0.3681980137780483,-0.47405240256329084
2043-10-17,17.32777777777778,0.07131689436441323,0.07128005856087717,0.0712694030621384,-0.3683580353605609,-0.47491302274826896
2043-10-24,17.34722222222222,0.07131944359814556,0.07128259477453835,0.07127187491438121,-0.3684882360720232,-0.4756868376434853
2043-10-31,17.366666666666667,0.07132198417533807,0.07128512530889831,0.07127434676662403,-0.36858866439754,-0.4763740871403799
2043-11-07,17.386111111111113,0.07132451611995198,0.07128765018301207,0.07127681861886684,-0.3686593693991158,-0.4769750108514492
2043-11-14,17.405555555555555,0.07132703945592034,0.07129016941584948,0.07127929047110966,-0.368700400708577,-0.47748984810677686
2043-11-21,17.425,0.07132955420714766,0.07129268302629573,0.07128176232335247,-0.3687118085193841,-0.47791883795195167
2043-11-28,17.444444444444443,0.07133206039750968,0.07129519103315181,0.07128423417559529,-0.36869364357872136,-0.47826221914390454
2043-12-05,17.46388888888889,0.07133455805085302,0.07129769345513498,0.0712867060278381,-0.36864595718041904,-0.47852023014924305
2043-12-12,17.483333333333334,0.07133704719099493,0.07130019031087922,0.0712891778800809,-0.36856880115704316,-0.4786931091402269
2043-12-19,17.502777777777776,0.071339527841723,0.07130268161893574,0.07129164973232373,-0.36846222787254024,-0.4787810939926862
2043-12-26,17.522222222222222,0.0713420000267949,0.07130516739777337,0.07129412158456655,-0.3683262902152984,-0.4787844222835236
2044-01-02,17.541666666666668,0.07134446376993807,0.07130764766577904,0.07129659343680936,-0.368161041590237,-0.47870333128710585
2044-01-09,17.56111111111111,0.07134691909484944,0.07131012244125828,0.07129906528905217,-0.36796653591159023,-0.47853805797276605
2044-01-16,17.580555555555556,0.0713493660251952,0.07131259174243564,0.07130153714129499,-0.36774282759569066,-0.4782888390021667
2044-01-23,17.6,0.07135180458461053,0.07131505558745509,0.0713040089935378,-0.3674899715544466,-0.47795591072735677
2044-01-30,17.619444444444444,0.0713542347966993,0.07131751399438054,0.07130648084578062,-0.3672080231877095,-0.47753950918688615
2044-02-06,17.63888888888889,0.07135665668503381,0.07131996698119622,0.07130895269802343,-0.36689703837591847,-0.4770398701038625
2044-02-13,17.658333333333335,0.07135907027315462,0.07132241456580718,0.07131142455026623,-0.3665570734744106,-0.47645722888386977
2044-02-20,17.677777777777777,0.07136147558457018,0.07132485676603968,0.07131389640250906,-0.36618818530495534,-0.47579182061122105
2044-02-27,17.697222222222223,0.07136387264275665,0.07132729359964161,0.07131636825475188,-0.3657904311503424,-0.4750438800477097
2044-03-05,17.716666666666665,0.07136626147115761,0.07132972508428301,0.07131884010699469,-0.36536386874605475,-0.4742136416292786
2044-03-12,17.73611111111111,0.07136864209318396,0.07133215123755636,0.0713213119592375,-0.36490855627596686,-0.4733013394646324
2044-03-19,17.755555555555556,0.0713710145322134,0.07133457207697709,0.0713237838114803,-0.3644245523630463,-0.47230720733093534
2044-03-26,17.775,0.07137337881159048,0.07133698761998404,0.07132625566372312,-0.3639119160643578,-0.4712314786735339
2044-04-02,17.794444444444444,0.07137573495462621,0.07133939788393977,0.07132872751596595,-0.3633707068644021,-0.4700743866026258
2044-04-09,17.81388888888889,0.07137808298459787,0.07134180288613105,0.07133119936820875,-0.3628009846681768,-0.46883616389117866
2044-04-16,17.833333333333332,0.07138042292474878,0.07134420264376926,0.07133367122045156,-0.362202809795209,-0.46751704297215424
2044-04-23,17.852777777777778,0.07138275479828803,0.0713465971739908,0.07133614307269438,-0.36157624297220026,-0.46611725593642683
2044-04-30,17.872222222222224,0.07138507862839041,0.0713489864938575,0.0713386149249372,-0.36092134532914044,-0.4646370345320894
2044-05-07,17.891666666666666,0.07138739443819596,0.071351370620357,0.07134108677718001,-0.3602381783895936,-0.46307661015945745
2044-05-14,17.91111111111111,0.07138970225081,0.07135374957040318,0.07134355862942282,-0.3595268040681998,-0.46143621387176315
2044-05-21,17.930555555555557,0.07139200208930271,0.07135612336083655,0.07134603048166563,-0.35878728466165466,-0.459716076370853
2044-05-28,17.95,0.07139429397670906,0.07135849200842467,0.07134850233390845,-0.358019682843852,-0.4579164280060777
2044-06-04,17.969444444444445,0.07139657793602854,0.07136085552986249,0.07135097418615127,-0.3572240616604716,-0.4560374987726268
2044-06-11,17.988888888888887,0.07139885399022494,0.07136321394177282,0.07135344603839408,-0.35640048452120765,-0.45407951830861437
2044-06-18,18.008333333333333,0.07140112216222624,0.07136556726070663,0.07135591789063689,-0.35554901519616045,-0.4520427158935525
2044-06-25,18.02777777777778,0.07140338247492432,0.0713679155031435,0.0713583897428797,-0.35466971780820367,-0.4499273204462695
2044-07-02,18.04722222222222,0.07140563495117483,0.071370258685492,0.07136086159512252,-0.3537626568282659,-0.44773356052310587
2044-07-09,18.066666666666666,0.07140787961379688,0.07137259682409008,0.07136333344736534,-0.35282789706797546,-0.44546166431541634
2044-07-16,18.086111111111112,0.07141011648557306,0.07137492993520535,0.07136580529960815,-0.3518655036771623,-0.44311185964915345
2044-07-23,18.105555555555554,0.07141234558924905,0.07137725803503564,0.07136827715185096,-0.3508755421341436,-0.4406843739809818
2044-07-30,18.125,0.07141456694753354,0.07137958113970921,0.07137074900409378,-0.3498580782432259,-0.4381794343975842
2044-08-06,18.144444444444446,0.07141678058309803,0.0713818992652852,0.07137322085633659,-0.348813178128321,-0.43559726761441264
2044-08-13,18.163888888888888,0.07141898651857664,0.07138421242775396,0.07137569270857941,-0.3477409082268401,-0.43293809997235755
2044-08-20,18.183333333333334,0.07142118477656596,0.07138652064303748,0.07137816456082222,-0.3466413352848363,-0.43020215743747037
2044-08-27,18.20277777777778,0.07142337537962484,0.07138882392698973,0.07138063641306502,-0.3455145263511761,-0.4273896655981879
2044-09-03,18.22222222222222,0.07142555835027427,0.07139112229539694,0.07138310826530785,-0.3443605487732371,-0.4245008496642222
2044-09-10,18.241666666666667,0.07142773371099716,0.0713934157639781,0.07138558011755067,-0.3431794701905244,-0.421535934464895
2044-09-17,18.261111111111113,0.07142990148423818,0.07139570434838523,0.07138805196979348,-0.34197135852953586,-0.4184951444470564
2044-09-24,18.280555555555555,0.07143206169240367,0.07139798806420374,0.07139052382203628,-0.34073628199932093,-0.41537870367383545
2044-10-01,18.3,0.0714342143578614,0.0714002669269528,0.0713929956742791,-0.33947430908606857,-0.4121868358229752
2044-10-08,18.319444444444443,0.0714363595029404,0.0714025409520857,0.07139546752652191,-0.3381855085470009,-0.4089197641848896
2044-10-15,18.33888888888889,0.07143849714993092,0.07140481015499023,0.07139793937876474,-0.33686994940690385,-0.4055777116618309
2044-10-22,18.358333333333334,0.07144062732108411,0.07140707455098892,0.07140041123100754,-0.335527700951882,-0.402160900765669
2044-10-29,18.377777777777776,0.07144275003861204,0.0714093341553395,0.07140288308325035,-0.334158832725473,-0.39866955361692047
2044-11-05,18.397222222222222,0.07144486532468744,0.07141158898323514,0.07140535493549317,-0.33276341452295743,-0.3951038919426664
2044-11-12,18.416666666666668,0.07144697320144358,0.07141383904980492,0.07140782678773598,-0.33134151638664067,-0.3914641370759975
2044-11-19,18.43611111111111,0.07144907369097414,0.07141608437011403,0.0714102986399788,-0.32989320860113414,-0.38775050995337734
2044-11-26,18.455555555555556,0.07145116681533308,0.07141832495916423,0.07141277049222161,-0.32841856168849826,-0.38396323111464237
2044-12-03,18.475,0.07145325259653447,0.07142056083189406,0.07141524234446443,-0.32691764640407905,-0.380102520700365
2044-12-10,18.494444444444444,0.07145533105655236,0.07142279200317928,0.07141771419670724,-0.3253905337308183,-0.3761685984511598
2044-12-17,18.51388888888889,0.07145740221732069,0.07142501848783314,0.07142018604895006,-0.3238372948755064,-0.37216168370629577
2044-12-24,18.533333333333335,0.07145946610073312,0.07142724030060674,0.07142265790119287,-0.32225800126378656,-0.36808199540244724
2044-12-31,18.552777777777777,0.07146152272864288,0.07142945745618931,0.07142512975343568,-0.3206527245357138,-0.3639297520720286
2045-01-07,18.572222222222223,0.07146357212286268,0.07143166996920859,0.0714276016056785,-0.3190215365408977,-0.3597051718418065
2045-01-14,18.591666666666665,0.0714656143051646,0.07143387785423112,0.07143007345792132,-0.31736450933475546,-0.3554084724327611
2045-01-21,18.61111111111111,0.0714676492972799,0.07143608112576257,0.07143254531016413,-0.31568171517337706,-0.3510398711577267
2045-01-28,18.630555555555556,0.071469677120899,0.07143827979824803,0.07143501716240694,-0.31397322650963955,-0.3465995849205594
2045-02-04,18.65,0.07147169779767124,0.07144047388607236,0.07143748901464976,-0.3122391159887661,-0.342087830214749
2045-02-11,18.669444444444444,0.0714737113492049,0.07144266340356048,0.07143996086689257,-0.31047945644416264,-0.33750482312328023
2045-02-18,18.68888888888889,0.07147571779706695,0.07144484836497775,0.07144243271913539,-0.30869432089200566,-0.33285077931557994
2045-02-25,18.708333333333332,0.07147771716278305,0.07144702878453014,0.0714449045713782,-0.3068837825290216,-0.32812591404848823
2045-03-04,18.727777777777778,0.07147970946783738,0.0714492046763647,0.07144737642362102,-0.30504791472679704,-0.32333044216362183
2045-03-11,18.747222222222224,0.07148169473367254,0.07145137605456972,0.07144984827586383,-0.3031867910281705,-0.3184645780870965
2045-03-18,18.766666666666666,0.07148367298168948,0.07145354293317516,0.07145232012810665,-0.30130048514320773,-0.313528535828278
2045-03-25,18.78611111111111,0.07148564423324733,0.07145570532615284,0.07145479198034946,-0.29938907094489986,-0.30852252897867194
2045-04-01,18.805555555555557,0.07148760850966336,0.07145786324741682,0.07145726383259227,-0.29745262246541615,-0.3034467707109523
2045-04-08,18.825,0.07148956583221287,0.07146001671082368,0.07145973568483509,-0.2954912138919408,-0.2983014737778511
2045-04-15,18.844444444444445,0.07149151622212907,0.07146216573017282,0.0714622075370779,-0.29350491956250946,-0.2930868505117423
2045-04-22,18.863888888888887,0.07149345970060297,0.07146431031920669,0.07146467938932072,-0.2914938139628176,-0.28780311282256
2045-04-29,18.883333333333333,0.07149539628878339,0.0714664504916112,0.07146715124156353,-0.2894579717219181,-0.28245047219863095
2045-05-06,18.90277777777778,0.0714973260077767,0.0714685862610159,0.07146962309380633,-0.2873974676079194,-0.27702913970362175
2045-05-13,18.92222222222222,0.07149924887864686,0.07147071764099433,0.07147209494604916,-0.28531237652534847,-0.27153932597709374
2045-05-20,18.941666666666666,0.07150116492241532,0.07147284464506434,0.07147456679829198,-0.28320277350973866,-0.26598124123339284
2045-05-27,18.961111111111112,0.0715030741600609,0.07147496728668824,0.07147703865053479,-0.2810687337265194,-0.26035509526109446
2045-06-03,18.980555555555554,0.07150497661251966,0.07147708557927326,0.0714795105027776,-0.2789103324639386,-0.25466109742064424
2045-06-10,19.0,0.07150687230068495,0.07147919953617171,0.07148198235502042,-0.2767276451323686,-0.24889945664532953
2045-06-17,19.019444444444446,0.0715087612454072,0.0714813091706813,0.07148445420726322,-0.27452074725903275,-0.2430703814397528
2045-06-24,19.038888888888888,0.07151064346749395,0.07148341449604538,0.07148692605950605,-0.2722897144856462,-0.23717407987899897
2045-07-01,19.058333333333334,0.07151251898770963,0.07148551552545333,0.07148939791174885,-0.2700346225630035,-0.2312107596078028
2045-07-08,19.07777777777778,0.07151438782677569,0.07148761227204072,0.07149186976399166,-0.2677555473497295,-0.22518062784027126
2045-07-15,19.09722222222222,0.0715162500053703,0.07148970474888958,0.07149434161623448,-0.26545256480728363,-0.21908389135821826
2045-07-22,19.116666666666667,0.07151810554412846,0.07149179296902879,0.07149681346847729,-0.2631257509967677,-0.2129207565117197
2045-07-29,19.136111111111113,0.07151995446364183,0.07149387694543423,0.07149928532072011,-0.2607751820760118,-0.20669142921717065
2045-08-05,19.155555555555555,0.0715217967844587,0.0714959566910291,0.07150175717296292,-0.25840093429610467,-0.20039611495784038
2045-08-12,19.175,0.07152363252708394,0.07149803221868418,0.07150422902520573,-0.25600308399750804,-0.1940350187820683
2045-08-19,19.194444444444443,0.07152546171197888,0.07150010354121811,0.07150670087744855,-0.2535817076076974,-0.18760834530326398
2045-08-26,19.21388888888889,0.07152728435956127,0.07150217067139764,0.07150917272969136,-0.25113688163630465,-0.18111629869907442
2045-09-02,19.233333333333334,0.07152910049020526,0.07150423362193785,0.07151164458193418,-0.24866868267414688,-0.17455908271082898
2045-09-09,19.252777777777776,0.07153091012424133,0.07150629240550252,0.07151411643417699,-0.24617718738809136,-0.1679369006434006
2045-09-16,19.272222222222222,0.07153271328195612,0.07150834703470427,0.07151658828641981,-0.24366247251855766,-0.16124995536312414
2045-09-23,19.291666666666668,0.07153450998359258,0.07151039752210489,0.07151906013866262,-0.24112461487688086,-0.15449844929960044
2045-09-30,19.31111111111111,0.07153630024934973,0.07151244388021558,0.07152153199090544,-0.23856369134156452,-0.14768258444292082
2045-10-07,19.330555555555556,0.07153808409938268,0.0715144861214972,0.07152400384314825,-0.23597977885481125,-0.14080256234436095
2045-10-14,19.35,0.07153986155380263,0.0715165242583605,0.07152647569539106,-0.2333729544212737,-0.13385858411568696
2045-10-21,19.369444444444444,0.07154163263267667,0.07151855830316643,0.07152894754763388,-0.2307432951023647,-0.12685085042790645
2045-10-28,19.38888888888889,0.07154339735602794,0.07152058826822634,0.07153141939987669,-0.2280908780159796,-0.11977956151251745
2045-11-04,19.408333333333335,0.07154515574383541,0.07152261416580222,0.07153389125211951,-0.22541578033191678,-0.11264491715901048
2045-11-11,19.427777777777777,0.0715469078160339,0.071524636008107,0.07153636310436232,-0.22271807926896314,-0.10544711671583995
2045-11-18,19.447222222222223,0.07154865359251403,0.07152665380730475,0.07153883495660514,-0.21999785209281253,-0.09818635908889761
2045-11-25,19.466666666666665,0.07155039309312222,0.07152866757551096,0.07154130680884795,-0.21725517611259626,-0.09086284274276157
2045-12-02,19.48611111111111,0.07155212633766056,0.07153067732479275,0.07154377866109077,-0.21449012867810757,-0.08347676569792073
2045-12-09,19.505555555555556,0.07155385334588686,0.0715326830671691,0.07154625051333358,-0.21170278717758118,-0.07602832553285643
2045-12-16,19.525,0.07155557413751455,0.07153468481461114,0.07154872236557638,-0.20889322903408503,-0.06851771938168327
2045-12-23,19.544444444444444,0.07155728873221268,0.07153668257904233,0.0715511942178192,-0.20606153170343866,-0.06094514393470418
2045-12-30,19.56388888888889,0.07155899714960587,0.07153867637233881,0.07155366607006201,-0.20320777267060497,-0.05331079543854922
2046-01-06,19.583333333333332,0.07156069940927426,0.07154066620632943,0.07155613792230484,-0.20033202944830242,-0.045614869694232674
2046-01-13,19.602777777777778,0.07156239553075351,0.07154265209279619,0.07155860977454764,-0.19743437957325805,-0.03785756205867963
2046-01-20,19.622222222222224,0.07156408553353479,0.07154463404347437,0.07156108162679045,-0.1945149006041258,-0.030039067443338174
2046-01-27,19.641666666666666,0.07156576943706468,0.07154661207005279,0.07156355347903327,-0.19157367011884974,-0.02215958031404064
2046-02-03,19.66111111111111,0.07156744726074515,0.07154858618417399,0.07156602533127608,-0.18861076571161095,-0.014219294690726025
2046-02-10,19.680555555555557,0.07156911902393363,0.07155055639743454,0.0715684971835189,-0.18562626499088464,-0.0062184041473012375
2046-02-17,19.7,0.07157078474594288,0.07155252272138522,0.07157096903576173,-0.18262024557652579,0.0018428981884976992
2046-02-24,19.719444444444445,0.07157244444604097,0.07155448516753124,0.07157344088800453,-0.17959278509727117,0.009964419635660748
2046-03-03,19.738888888888887,0.07157409814345135,0.07155644374733247,0.07157591274024734,-0.17654396118879645,0.018145967959903864
2046-03-10,19.758333333333333,0.07157574585735275,0.07155839847220369,0.07157838459249016,-0.17347385149066308,0.02638735137408532
2046-03-17,19.77777777777778,0.07157738760687914,0.07156034935351477,0.07158085644473297,-0.1703825336436815,0.0346883785383445
2046-03-24,19.79722222222222,0.07157902341111981,0.0715622964025909,0.07158332829697578,-0.1672700852890785,0.04304885855968554
2046-03-31,19.816666666666666,0.07158065328911924,0.07156423963071287,0.0715858001492186,-0.16413658406363996,0.0514686009936427
2046-04-07,19.836111111111112,0.07158227725987718,0.07156617904911719,0.07158827200146142,-0.16098210759984966,0.059947415842476204
2046-04-14,19.855555555555554,0.07158389534234852,0.07156811466899639,0.07159074385370423,-0.15780673352130958,0.06848511355711517
2046-04-21,19.875,0.07158550755544343,0.07157004650149915,0.07159321570594704,-0.15461053944287872,0.07708150503604738
2046-04-28,19.894444444444446,0.0715871139180272,0.07157197455773062,0.07159568755818986,-0.15139360296581583,0.08573640162656826
2046-05-05,19.913888888888888,0.07158871444892034,0.07157389884875255,0.07159815941043267,-0.1481560016779182,0.09444961512325434
2046-05-12,19.933333333333334,0.07159030916689849,0.0715758193855835,0.07160063126267548,-0.14489781314991346,0.10322095776990614
2046-05-19,19.95277777777778,0.07159189809069243,0.07157773617919914,0.0716031031149183,-0.14161911493282275,0.11205024225871552
2046-05-26,19.97222222222222,0.07159348123898811,0.07157964924053237,0.07160557496716112,-0.13831998455740568,0.12093728173012686
2046-06-02,19.991666666666667,0.07159505863042664,0.07158155858047353,0.07160804681940393,-0.13500049953110715,0.1298818897728371
2046-06-09,20.011111111111113,0.07159663028360419,0.07158346420987066,0.07161051867164675,-0.13166073733528183,0.13888388042559985
2046-06-16,20.030555555555555,0.07159819621707213,0.07158536613952968,0.07161299052388956,-0.12830077542450025,0.14794306817431102
2046-06-23,20.05,0.0715997564493369,0.07158726438021458,0.07161546237613237,-0.12492069122321814,0.15705926795464564
2046-06-30,20.069444444444443,0.07160131099886011,0.07158915894264763,0.07161793422837517,-0.121520562124805,0.16623229515067006
2046-07-07,20.08888888888889,0.07160285988405844,0.07159104983750958,0.071620406080618,-0.11810046548862974,0.17546196559553584
2046-07-14,20.108333333333334,0.07160440312330373,0.07159293707543993,0.07162287793286082,-0.11466047863797901,0.18474809557092464
2046-07-21,20.127777777777776,0.0716059407349229,0.07159482066703697,0.07162534978510363,-0.11120067885922458,0.1940905018073258
2046-07-28,20.147222222222222,0.07160747273719802,0.07159670062285815,0.07162782163734643,-0.10772114339863137,0.20348900148417504
2046-08-04,20.166666666666668,0.0716089991483663,0.07159857695342017,0.07163029348958926,-0.1042219494612473,0.21294341222957702
2046-08-11,20.18611111111111,0.07161051998662005,0.0716004496691992,0.07163276534183206,-0.10070317420840524,0.2224535521201665
2046-08-18,20.205555555555556,0.07161203527010672,0.07160231878063114,0.07163523719407487,-0.09716489475578016,0.2320192396815246
2046-08-25,20.225,0.07161354501692893,0.07160418429811169,0.0716377090463177,-0.09360718817241764,0.24164029388762387
2046-09-01,20.244444444444444,0.07161504924514439,0.07160604623199664,0.07164018089856052,-0.09003013147754202,0.25131653416124444
2046-09-08,20.26388888888889,0.07161654797276602,0.07160790459260202,0.07164265275080332,-0.08643380164000125,0.2610477803730027
2046-09-15,20.283333333333335,0.07161804121776187,0.07160975939020432,0.07164512460304615,-0.08281827557549137,0.270833852842739
2046-09-22,20.302777777777777,0.0716195289980552,0.0716113749083457,0.0716470870571542,-0.08154089709500045,0.2755805909900044
2046-09-29,20.322222222222223,0.0716210113315244,0.07161239858213385,0.07164777601592533,-0.08612749390554675,0.2676468440092339
2046-10-06,20.341666666666665,0.07162248823600313,0.07161342029887804,0.07164846497469647,-0.09067937125087355,0.25976738693339607
2046-10-13,20.36111111111111,0.07162395972928022,0.07161444006418506,0.0716491539334676,-0.09519665095159002,0.25194204187381497
2046-10-20,20.380555555555556,0.07162542582909971,0.07161545788364035,0.07164984289223875,-0.09967945459363192,0.24417063139034467
2046-10-27,20.4,0.0716268865531609,0.07161647376280797,0.07165053185100989,-0.10412790352937185,0.2364529784898428
2046-11-03,20.419444444444444,0.07162834191911838,0.0716174877072309,0.07165122080978102,-0.10854211887470488,0.22878890662644813
2046-11-10,20.43888888888889,0.07162979194458194,0.07161849972243096,0.07165190976855215,-0.11292222150974252,0.22117823970213557
2046-11-17,20.458333333333332,0.0716312366471167,0.071619509813909,0.0716525987273233,-0.11726833207700849,0.2136208020660224
2046-11-24,20.477777777777778,0.0716326760442431,0.07162051798714492,0.07165328768609444,-0.12158057098185515,0.2061164185133968
2046-12-01,20.497222222222224,0.07163411015343688,0.0716215242475979,0.07165397664486557,-0.12585905838968792,0.19866491428696675
2046-12-08,20.516666666666666,0.07163553899212916,0.07162252860070642,0.07165466560363672,-0.130103914227353,0.1912661150756112
2046-12-15,20.53611111111111,0.07163696257770638,0.0716235310518883,0.07165535456240785,-0.13431525818077827,0.18391984701465747
2046-12-22,20.555555555555557,0.07163838092751043,0.07162453160654092,0.07165604352117898,-0.13849320969511192,0.176625936685465
2046-12-29,20.575,0.07163979405883857,0.07162553027004125,0.07165673247995014,-0.142637887973196,0.1693842111157029
2047-01-05,20.594444444444445,0.07164120198894351,0.0716265270477459,0.07165742143872127,-0.14674941197612146,0.1621944977775458
2047-01-12,20.613888888888887,0.07164260473503344,0.07162752194499133,0.0716581103974924,-0.1508279004210078,0.15505662458961678
2047-01-19,20.633333333333333,0.07164400231427201,0.07162851496709388,0.07165879935626354,-0.15487347178128053,0.147970419915322
2047-01-26,20.65277777777778,0.07164539474377839,0.07162950611934983,0.07165948831503467,-0.15888624428556097,0.14093571256285076
2047-02-02,20.67222222222222,0.0716467820406273,0.07163049540703556,0.07166017727380582,-0.16286633591738875,0.1339523317851754
2047-02-09,20.691666666666666,0.07164816422184903,0.07163148283540761,0.07166086623257696,-0.1668138644141115,0.12702010727935753
2047-02-16,20.711111111111112,0.07164954130442944,0.07163246840970278,0.07166155519134809,-0.17072894726660737,0.12013886918654793
2047-02-23,20.730555555555554,0.07165091330531005,0.07163345213513822,0.07166224415011924,-0.17461170171831353,0.11330844809184781
2047-03-02,20.75,0.07165228024138803,0.07163443401691154,0.07166293310889037,-0.17846224476494865,0.1065286750233374
2047-03-09,20.769444444444446,0.07165364212951622,0.07163541406020087,0.07166362206766151,-0.18228069315354145,0.09979938145290856
2047-03-16,20.788888888888888,0.07165499898650318,0.07163639227016494,0.07166431102643264,-0.18606716338243068,0.09312039929459948
2047-03-23,20.808333333333334,0.07165635082911324,0.07163736865194327,0.0716649999852038,-0.18982177169973857,0.08649156090556609
2047-03-30,20.82777777777778,0.07165769767406649,0.07163834321065614,0.07166568894397492,-0.19354463410350964,0.079912699084278
2047-04-06,20.84722222222222,0.07165903953803884,0.07163931595140471,0.07166637790274608,-0.1972358663412943,0.07338364707232259
2047-04-13,20.866666666666667,0.07166037643766208,0.07164028687927115,0.0716670668615172,-0.20089558390931628,0.06690423855121308
2047-04-20,20.886111111111113,0.07166170838952388,0.07164125599931874,0.07166775582028834,-0.20452390205136228,0.06047430764460904
2047-04-27,20.905555555555555,0.07166303541016777,0.07164222331659184,0.0716684447790595,-0.2081209357593372,0.05409368891720612
2047-05-04,20.925,0.07166435751609335,0.07164318883611615,0.07166913373783063,-0.2116867997720151,0.04776221737279318
2047-05-11,20.944444444444443,0.07166567472375612,0.0716441525628986,0.07166982269660176,-0.21522160857517791,0.041479728456333964
2047-05-18,20.96388888888889,0.07166698704956767,0.07164511450192766,0.0716705116553729,-0.218725476400089,0.03524605805230174
2047-05-25,20.983333333333334,0.07166829450989563,0.07164607465817326,0.07167120061414403,-0.2221985172237706,0.029061042483985444
2047-06-01,21.002777777777776,0.07166959712106377,0.07164703303658687,0.07167188957291518,-0.22564084476900392,0.022924518514044756
2047-06-08,21.022222222222222,0.07167089489935202,0.07164798964210174,0.07167257853168632,-0.22905257250280253,0.016836323342983572
2047-06-15,21.041666666666668,0.07167218786099647,0.07164894447963283,0.07167326749045745,-0.23243381363641236,0.010796294609843882
2047-06-22,21.06111111111111,0.07167347602218946,0.07164989755407693,0.07167395644922858,-0.2357846811253117,0.004804270391234322
2047-06-29,21.080555555555556,0.07167475939907962,0.07165084887031281,0.07167464540799973,-0.23910528766810102,-0.0011399107989473745
2047-07-06,21.1,0.07167603800777188,0.07165179843320123,0.07167533436677087,-0.2423957457065029,-0.007036410010069494
2047-07-13,21.119444444444444,0.07167731186432756,0.07165274624758505,0.071676023325542,-0.24565616742508456,-0.012885387855599006
2047-07-20,21.13888888888889,0.07167858098476435,0.07165369231828933,0.07167671228431315,-0.24888666475014753,-0.018687004511991345
2047-07-27,21.158333333333335,0.07167984538505644,0.07165463665012137,0.07167740124308428,-0.2520873493506992,-0.02444141972160474
2047-08-03,21.177777777777777,0.07168110508113444,0.0716555792478708,0.07167809020185542,-0.2552583326363711,-0.030148792790202217
2047-08-10,21.197222222222223,0.0716823600888856,0.07165652011630974,0.07167877916062657,-0.2583997257585291,-0.035809282590282265
2047-08-17,21.216666666666665,0.07168361042415367,0.07165745926019276,0.0716794681193977,-0.26151163960902446,-0.04142304755969106
2047-08-24,21.23611111111111,0.07168485610273909,0.07165839668425703,0.07168015707816883,-0.26459418482061015,-0.046990245702593914
2047-08-31,21.255555555555556,0.07168609714039896,0.07165933239322236,0.07168084603693997,-0.26764747176596937,-0.05251103458989159
2047-09-07,21.275,0.07168733355284712,0.07166026639179139,0.0716815349957111,-0.27067161055729927,-0.05798557136019178
2047-09-14,21.294444444444444,0.07168856535575419,0.07166119868464947,0.07168222395448226,-0.2736667110471436,-0.06341401271925395
2047-09-21,21.31388888888889,0.07168979256474758,0.07166212927646494,0.07168291291325339,-0.2766328828264497,-0.06879651494193229
2047-09-28,21.333333333333332,0.07169101519541167,0.07166305817188907,0.07168360187202452,-0.2795702352259566,-0.07413323387148174
2047-10-05,21.352777777777778,0.07169223326328765,0.07166398537555622,0.07168429083079567,-0.2824788773142517,-0.07942432491983564
2047-10-12,21.372222222222224,0.07169344678387378,0.07166491089208388,0.07168497978956681,-0.2853589178990201,-0.08466994306968734
2047-10-19,21.391666666666666,0.07169465577262528,0.07166583472607271,0.07168566874833794,-0.28821046552565677,-0.08987024287337997
2047-10-26,21.41111111111111,0.07169586024495453,0.07166675688210672,0.07168635770710909,-0.291033628478099,-0.09502537845443304
2047-11-02,21.430555555555557,0.07169706021623096,0.07166767736475324,0.07168704666588022,-0.2938285147771613,-0.10013550350740363
2047-11-09,21.45,0.07169825570178126,0.07166859617856305,0.07168773562465135,-0.29659523218206196,-0.10520077129913541
2047-11-16,21.469444444444445,0.07169944671688931,0.07166951332807046,0.0716884245834225,-0.29933388818847995,-0.11022133466806472
2047-11-23,21.488888888888887,0.07170063327679631,0.07167042881779333,0.07168911354219364,-0.3020445900298041,-0.1151973460267186
2047-11-30,21.508333333333333,0.07170181539670077,0.07167134265223321,0.07168980250096477,-0.30472744467560653,-0.12012895736004947
2047-12-07,21.52777777777778,0.07170299309175866,0.07167225483587542,0.07169049145973591,-0.30738255883247523,-0.12501632022751674
2047-12-14,21.54722222222222,0.07170416637708338,0.07167316537318899,0.07169118041850704,-0.31001003894387535,-0.12985958576336443
2047-12-21,21.566666666666666,0.0717053352677458,0.07167407426862696,0.07169186937727819,-0.31260999118848387,-0.13465890467620478
2047-12-28,21.586111111111112,0.07170649977877445,0.07167498152662621,0.07169255833604933,-0.31518252148241,-0.13941442725123876
2048-01-04,21.605555555555554,0.07170765992515542,0.07167588715160773,0.07169324729482046,-0.31772773547683597,-0.1441263033495621
2048-01-11,21.625,0.07170881572183246,0.07167679114797658,0.0716939362535916,-0.32024573855884975,-0.14879468240858174
2048-01-18,21.644444444444446,0.07170996718370716,0.07167769352012195,0.07169462521236274,-0.32273663585213885,-0.1534197134442361
2048-01-25,21.663888888888888,0.0717111143256388,0.07167859427241734,0.07169531417113388,-0.3252005322146312,-0.15800154504919117
2048-02-01,21.683333333333334,0.07171225716244461,0.07167949340922053,0.07169600312990501,-0.32763753224085423,-0.16254032539603225
2048-02-08,21.70277777777778,0.07171339570889967,0.07168039093487369,0.07169669208867616,-0.3300477402598534,-0.16703620223518234
2048-02-15,21.72222222222222,0.07171452997973704,0.07168128685370342,0.07169738104744729,-0.33243126033616344,-0.17148932289753893
2048-02-22,21.741666666666667,0.07171565998964786,0.07168218117002087,0.07169807000621843,-0.33478819626994727,-0.1758998342943352
2048-02-29,21.761111111111113,0.07171678575328133,0.07168307388812178,0.07169875896498958,-0.3371186515954694,-0.18026788291755635
2048-03-07,21.780555555555555,0.0717179072852448,0.07168396501228652,0.0716994479237607,-0.3394227295827612,-0.18459361484091108
2048-03-14,21.8,0.07171902460010386,0.07168485454678022,0.07170013688253185,-0.34170053323637206,-0.1888771757201091
2048-03-21,21.819444444444443,0.07172013771238238,0.07168574249585281,0.071700825841303,-0.34395216529564676,-0.19311871079383258
2048-03-28,21.83888888888889,0.07172124663656253,0.07168662886373907,0.07170151480007413,-0.3461777282345868,-0.19731836488401377
2048-04-04,21.858333333333334,0.07172235138708491,0.07168751365465868,0.07170220375884526,-0.34837732426226675,-0.20147628239652882
2048-04-11,21.877777777777776,0.0717234519783486,0.07168839687281638,0.0717028927176164,-0.35055105532227904,-0.20559260732203044
2048-04-18,21.897222222222222,0.07172454842471117,0.07168927852240194,0.07170358167638755,-0.3526990230923177,-0.20966748323622553
2048-04-25,21.916666666666668,0.07172564074048882,0.07169015860759025,0.07170427063515868,-0.35482132898570495,-0.21370105330140166
2048-05-02,21.93611111111111,0.07172672893995635,0.07169103713254142,0.0717049595939298,-0.35691807414930943,-0.21769346026545566
2048-05-09,21.955555555555556,0.07172781303734735,0.07169191410140084,0.07170564855270095,-0.3589893594650728,-0.2216448464639753
2048-05-16,21.975,0.0717288930468541,0.0716927895182992,0.0717063375114721,-0.3610352855490384,-0.2255553538201005
2048-05-23,21.994444444444444,0.07172996898262785,0.07169366338735257,0.07170702647024324,-0.36305595275273883,-0.22942512384604985
2048-05-30,22.01388888888889,0.07173104085877863,0.07169453571266249,0.07170771542901437,-0.365051461161392,-0.23325429764256556
2048-06-06,22.033333333333335,0.07173210868937552,0.07169540649831604,0.07170840438778552,-0.36702191059473366,-0.23704301590002363
2048-06-13,22.052777777777777,0.07173317248844664,0.07169627574838587,0.07170909334655665,-0.3689674006077115,-0.24079141889996047
2048-06-20,22.072222222222223,0.0717342322699792,0.07169714346693029,0.07170978230532779,-0.37088803048909713,-0.2444996465141014
2048-06-27,22.091666666666665,0.07173528804791961,0.0716980096579933,0.07171047126409894,-0.3727838992630128,-0.24816783820671984
2048-07-04,22.11111111111111,0.07173633983617349,0.07169887432560469,0.07171116022287007,-0.3746551056879599,-0.2517961330342211
2048-07-11,22.130555555555556,0.07173738764860581,0.0716997374737801,0.0717118491816412,-0.3765017482570965,-0.2553846696461137
2048-07-18,22.15,0.07173843149904084,0.07170059910652103,0.07171253814041234,-0.37832392519809854,-0.2589335862850095
2048-07-25,22.169444444444444,0.07173947140126238,0.07170145922781497,0.07171322709918349,-0.38012173447413145,-0.26244302078898274
2048-08-01,22.18888888888889,0.07174050736901369,0.07170231784163544,0.07171391605795462,-0.38189527378246213,-0.2659131105907375
2048-08-08,22.208333333333332,0.07174153941599765,0.07170317495194203,0.07171460501672575,-0.38364464055612446,-0.26934399271899556
2048-08-15,22.227777777777778,0.07174256755587674,0.07170403056268047,0.07171529397549689,-0.3853699319626702,-0.27273580379849616
2048-08-22,22.247222222222224,0.07174359180227319,0.07170488467778272,0.07171598293426804,-0.3870712449047242,-0.27608868005152276
2048-08-29,22.266666666666666,0.071744612168769,0.07170573730116697,0.07171667189303918,-0.38874867602026186,-0.27940275729818054
2048-09-05,22.28611111111111,0.07174562866890602,0.07170658843673776,0.07171736085181031,-0.39040232168260913,-0.28267817095709025
2048-09-12,22.305555555555557,0.07174664131618608,0.07170743808838602,0.07171804981058146,-0.3920322780005814,-0.2859150560462209
2048-09-19,22.325,0.07174765012407092,0.0717082862599891,0.07171873876935259,-0.39363864081820577,-0.2891135471833062
2048-09-26,22.344444444444445,0.0717486551059824,0.07170913295541086,0.07171942772812373,-0.39522150571541514,-0.2922737785866769
2048-10-03,22.363888888888887,0.07174965627530253,0.07170997817850175,0.07172011668689486,-0.3967809680077705,-0.2953958840766491
2048-10-10,22.383333333333333,0.07175065364537346,0.07171082193309881,0.071720805645666,-0.398317122746461,-0.2984799970745522
2048-10-17,22.40277777777778,0.07175164722949767,0.07171166422302577,0.07172149460443714,-0.39983006471899785,-0.3015262506053662
2048-10-24,22.42222222222222,0.07175263704093801,0.07171250505209309,0.07172218356320828,-0.4013198884492142,-0.30453477729730505
2048-10-31,22.441666666666666,0.07175362309291766,0.07171334442409805,0.07172287252197942,-0.40278668819615504,-0.3075057093823719
2048-11-07,22.461111111111112,0.0717546053986204,0.07171418234282473,0.07172356148075056,-0.40423055795671403,-0.3104391786984406
2048-11-14,22.480555555555554,0.07175558397119049,0.07171501881204416,0.07172425043952169,-0.4056515914632741,-0.31333531668800707
2048-11-21,22.5,0.07175655882373284,0.07171585383551432,0.07172493939829283,-0.4070498821852342,-0.3161942544001317
2048-11-28,22.519444444444446,0.07175752996931316,0.07171668741698022,0.07172562835706398,-0.4084255233294254,-0.31901612249182754
2048-12-05,22.538888888888888,0.07175849742095779,0.07171751956017393,0.0717263173158351,-0.40977860783858455,-0.321801051226811
2048-12-12,22.558333333333334,0.07175946119165405,0.07171835026881467,0.07172700627460625,-0.4111092283938522,-0.32454917047800014
2048-12-19,22.57777777777778,0.07176042129435012,0.07171917954660882,0.0717276952333774,-0.4124174774129685,-0.3272606097272368
2048-12-26,22.59722222222222,0.07176137774195518,0.07172000739725005,0.07172838419214853,-0.4137034470512446,-0.3299354980665359
2049-01-02,22.616666666666667,0.07176233054733953,0.07172083382441928,0.07172907315091967,-0.41496722920253415,-0.33257396419864027
2049-01-09,22.636111111111113,0.07176327972333459,0.0717216588317848,0.0717297621096908,-0.41620891549784544,-0.3351761364378536
2049-01-16,22.655555555555555,0.07176422528273298,0.07172248242300233,0.07173045106846195,-0.41742859730645177,-0.33774214271031777
2049-01-23,22.675,0.07176516723828866,0.07172330460171501,0.07173114002723309,-0.4186263657364464,-0.3402721105556783
2049-01-30,22.694444444444443,0.07176610560271691,0.07172412537155354,0.07173182898600422,-0.41980231163377124,-0.3427661671269455
2049-02-06,22.71388888888889,0.07176704038869451,0.07172494473613611,0.07173251794477536,-0.42095652558402086,-0.34522443919146606
2049-02-13,22.733333333333334,0.07176797160885971,0.07172576269906862,0.0717332069035465,-0.422089097910916,-0.3476470531321718
2049-02-20,22.752777777777776,0.07176889927581238,0.0717265792639446,0.07173389586231764,-0.42320011867783003,-0.3500341349474412
2049-02-27,22.772222222222222,0.07176982340211405,0.07172739443434531,0.07173458482108877,-0.4242896776873728,-0.3523858102527644
2049-03-06,22.791666666666668,0.071770744000288,0.0717282082138398,0.0717352737798599,-0.42535786448208435,-0.35470220428102106
2049-03-13,22.81111111111111,0.07177166108281932,0.0717290206059849,0.07173596273863105,-0.4264047683441574,-0.35698344188275777
2049-03-20,22.830555555555556,0.07177257466215503,0.07172983161432543,0.07173665169740218,-0.42743047829599257,-0.35922964752854725
2049-03-27,22.85,0.07177348475070405,0.07173064124239405,0.07173734065617332,-0.4284350831000594,-0.36144094530732307
2049-04-03,22.869444444444444,0.07177439136083741,0.07173144949371141,0.07173802961494447,-0.42941867126000677,-0.36361745892943276
2049-04-10,22.88888888888889,0.07177529450488823,0.07173225637178623,0.0717387185737156,-0.4303813310199689,-0.3657593117263602
2049-04-17,22.908333333333335,0.07177619419515187,0.07173306188011534,0.07173940753248674,-0.43132315036525926,-0.3678666266512809
2049-04-24,22.927777777777777,0.07177709044388592,0.07173386602218366,0.07174009649125787,-0.43224421702250937,-0.36993952628044946
2049-05-01,22.947222222222223,0.07177798326331034,0.0717346688014643,0.07174078545002902,-0.4331446184603627,-0.3719781328131999
2049-05-08,22.966666666666665,0.07177887266560751,0.07173547022141862,0.07174147440880016,-0.4340244418889194,-0.3739825680734721
2049-05-15,22.98611111111111,0.07177975866292231,0.07173627028549628,0.07174216336757129,-0.4348837742602918,-0.37595295351022795
2049-05-22,23.005555555555556,0.07178064126736228,0.07173706899713529,0.07174285232634244,-0.4357227022698529,-0.37788941019842315
2049-05-29,23.025,0.0717815204909975,0.07173786635976198,0.07174354128511357,-0.4365413123551265,-0.37979205883928446
2049-06-05,23.044444444444444,0.07178239634586084,0.07173866237679119,0.07174423024388471,-0.43733969069648104,-0.3816610197612813
2049-06-12,23.06388888888889,0.071783268843948,0.0717394570516262,0.07174491920265584,-0.43811792321810095,-0.38349641292165226
2049-06-19,23.083333333333332,0.07178413799721758,0.07174025038765884,0.07174560816142697,-0.43887609558743157,-0.38529835790612754
2049-06-26,23.102777777777778,0.0717850038175911,0.07174104238826952,0.07174629712019812,-0.4396142932158731,-0.3870669739299004
2049-07-03,23.122222222222224,0.07178586631695319,0.07174183305682727,0.07174698607896926,-0.4403326012591968,-0.38880237983929256
2049-07-10,23.141666666666666,0.07178672550715152,0.07174262239668981,0.0717476750377404,-0.4410311046171289,-0.3905046941111989
2049-07-17,23.16111111111111,0.07178758139999705,0.07174341041120359,0.07174836399651154,-0.4417098879345993,-0.39217403485516944
2049-07-24,23.180555555555557,0.07178843400726398,0.07174419710370379,0.07174905295528268,-0.44236903560188057,-0.39381051981299264
2049-07-31,23.2,0.07178928334068987,0.07174498247751446,0.07174974191405381,-0.4430086317541715,-0.3954142663606386
2049-08-07,23.219444444444445,0.07179012941197574,0.07174576653594848,0.07175043087282496,-0.4436287602725686,-0.3969853915078425
2049-08-14,23.238888888888887,0.07179097223278606,0.07174654928230768,0.07175111983159609,-0.44422950478378853,-0.39852401189977016
2049-08-21,23.258333333333333,0.071791811814749,0.07174733071988279,0.07175180879036723,-0.444810948662111,-0.4000302438177117
2049-08-28,23.27777777777778,0.07179264816945631,0.07174811085195361,0.07175249774913837,-0.44537317502701956,-0.4015042031793592
2049-09-04,23.29722222222222,0.07179348130846355,0.07174888968178895,0.0717531867079095,-0.44591626674597706,-0.4029460055404721
2049-09-11,23.316666666666666,0.07179431124329007,0.07174966721264672,0.07175387566668065,-0.44644030643345434,-0.4043557660941832
2049-09-18,23.336111111111112,0.07179513798541916,0.07175044344777398,0.07175456462545178,-0.4469453764517628,-0.4057335996737743
2049-09-25,23.355555555555554,0.07179596154629808,0.07175121839040696,0.07175525358422291,-0.44743155891119324,-0.4070796207517047
2049-10-02,23.375,0.07179678193733818,0.07175199204377117,0.07175594254299407,-0.4478989356701546,-0.40839394344113766
2049-10-09,23.394444444444446,0.07179759916991492,0.07175276441108135,0.0717566315017652,-0.4483475883357291,-0.4096766814971897
2049-10-16,23.413888888888888,0.07179841325536802,0.07175353549554155,0.07175732046053634,-0.44877759826478236,-0.4109279483167916
2049-10-23,23.433333333333334,0.07179922420500151,0.07175430530034523,0.07175800941930748,-0.4491890465628534,-0.4121478569403536
2049-10-30,23.45277777777778,0.07180003203008375,0.07175507382867523,0.07175869837807862,-0.44958201408526466,-0.41333652005134947
2049-11-06,23.47222222222222,0.07180083674184765,0.07175584108370386,0.07175938733684975,-0.4499565814378159,-0.4144940499789529
2049-11-13,23.491666666666667,0.07180163835149056,0.07175660706859291,0.0717600762956209,-0.4503128289765068,-0.41562055869664993
2049-11-20,23.511111111111113,0.07180243687017455,0.07175737178649372,0.07176076525439204,-0.4506508368083695,-0.41671615782515325
2049-11-27,23.530555555555555,0.07180323230902637,0.07175813524054722,0.07176145421316317,-0.4509706847914685,-0.41778095863198583
2049-12-04,23.55,0.07180402467913748,0.07175889743388394,0.07176214317193431,-0.45127245253531734,-0.4188150720316197
2049-12-11,23.569444444444443,0.07180481399156428,0.07175965836962413,0.07176283213070545,-0.4515562194015721,-0.4198186085883904
2049-12-18,23.58888888888889,0.07180560025732811,0.0717604180508777,0.07176352108947659,-0.4518220645041704,-0.4207916785152477
2049-12-25,23.608333333333334,0.07180638348741532,0.07176117648074433,0.07176421004824773,-0.4520700667098865,-0.4217343916758376
2050-01-01,23.627777777777776,0.07180716369277731,0.07176193366231351,0.07176489900701886,-0.4523003046380536,-0.42264685758450216
2050-01-08,23.647222222222222,0.07180794088433075,0.07176268959866454,0.07176558796579001,-0.4525128566620906,-0.4235291854073897
2050-01-15,23.666666666666668,0.0718087150729575,0.07176344429286666,0.07176627692456114,-0.4527078009083918,-0.4243814839635651
2050-01-22,23.68611111111111,0.0718094862695048,0.07176419774797896,0.07176696588333228,-0.4528852152584084,-0.42520386172514857
2050-01-29,23.705555555555556,0.07181025448478531,0.07176494996705053,0.07176765484210341,-0.45304517734781613,-0.42599642681898087
2050-02-05,23.725,0.07181101972957718,0.07176570095312046,0.07176834380087456,-0.4531877645672089,-0.42675928702620713
2050-02-12,23.744444444444444,0.07181178201462417,0.07176645070921787,0.07176903275964569,-0.45331305406293154,-0.4274925497847748
2050-02-19,23.76388888888889,0.07181254135063564,0.07176719923836201,0.07176972171841683,-0.45342112273624724,-0.4281963221880458
2050-02-26,23.783333333333335,0.07181329774828676,0.07176794654356222,0.07177041067718797,-0.45351204724541905,-0.42887071098798857
2050-03-05,23.802777777777777,0.0718140512182185,0.07176869262781799,0.07177109963595911,-0.45358590400515486,-0.42951582259392884
2050-03-12,23.822222222222223,0.07181480177103775,0.07176943749411904,0.07177178859473025,-0.45364276918702373,-0.4301317630749091
2050-03-19,23.841666666666665,0.07181554941731733,0.07177018114544537,0.07177247755350138,-0.45368271871959465,-0.4307186381594108
2050-03-26,23.86111111111111,0.07181629416759618,0.0717709235847672,0.07177316651227253,-0.4537058282898243,-0.43127655323646485
2050-04-02,23.880555555555556,0.07181703603237935,0.07177166481504511,0.07177385547104367,-0.45371217334236325,-0.4318056133567616
2050-04-09,23.9,0.07181777502213817,0.07177240483923006,0.0717745444298148,-0.45370182908108236,-0.4323059232336224
2050-04-16,23.919444444444444,0.07181851114731018,0.0717731436602634,0.07177523338858594,-0.45367487046782395,-0.4327775872424444
2050-04-23,23.93888888888889,0.07181924441829943,0.07177388128107691,0.07177592234735708,-0.45363137222517724,-0.43322070942347635
2050-04-30,23.958333333333332,0.07181997484547632,0.07177461770459286,0.07177661130612821,-0.4535714088346743,-0.43363539348112434
2050-05-07,23.977777777777778,0.07182070243917786,0.07177535293372404,0.07177730026489935,-0.45349505453817773,-0.43402174278506234
2050-05-14,23.997222222222224,0.07182142720970768,0.07177608697137385,0.07177798922367049,-0.4534023833382972,-0.43437986037189735
2050-05-21,24.016666666666666,0.0718221491673361,0.07177681982043618,0.07177867818244163,-0.45329346899922185,-0.4347098489447532
2050-05-28,24.03611111111111,0.07182286832230027,0.07177755148379567,0.07177936714121276,-0.45316838504602663,-0.43501181087507446
2050-06-04,24.055555555555557,0.07182358468480415,0.07177828196432755,0.0717800560999839,-0.45302720476605995,-0.43528584820248795
2050-06-11,24.075,0.07182429826501868,0.07177901126489779,0.07178074505875505,-0.4528700012089437,-0.43553206263632904
2050-06-18,24.094444444444445,0.07182500907308186,0.07177973938836313,0.07178143401752618,-0.4526968471872672,-0.435750555556752
2050-06-25,24.113888888888887,0.07182571711909876,0.07178046633757107,0.07178212297629732,-0.4525078152768647,-0.4359414280143137
2050-07-02,24.133333333333333,0.07182642241314162,0.07178119211535992,0.07178281193506846,-0.45230297781695405,-0.4361047807316387
2050-07-09,24.15277777777778,0.07182712496525001,0.0717819167245589,0.0717835008938396,-0.45208240691110846,-0.4362407141041136
2050-07-16,24.17222222222222,0.07182782478543082,0.07178264016798808,0.07178418985261074,-0.45184617442739494,-0.43634932820071914
2050-07-23,24.191666666666666,0.07182852188365839,0.0717833624484585,0.07178487881138187,-0.4515943519989296,-0.43643072276514094
2050-07-30,24.211111111111112,0.07182921626987453,0.0717840835687721,0.07178556777015302,-0.45132701102429396,-0.4364849972150753
2050-08-06,24.230555555555554,0.0718299079539887,0.07178480353172191,0.07178625672892415,-0.4510442226679512,-0.4365122506455599
2050-08-13,24.25,0.07183059694587803,0.07178552234009197,0.0717869456876953,-0.4507460578605238,-0.43651258182730857
2050-08-20,24.269444444444446,0.0718312832553873,0.07178623999665738,0.07178763464646643,-0.4504325872992099,-0.43648608920879295
2050-08-27,24.288888888888888,0.07183196689232929,0.07178695650418436,0.07178832360523757,-0.4501038814493097,-0.43643287091721383
2050-09-03,24.308333333333334,0.07183264786648458,0.07178767186543032,0.07178901256400871,-0.4497600105425603,-0.43635302475864
2050-09-10,24.32777777777778,0.07183332618760177,0.0717883860831438,0.07178970152277984,-0.4494010445797725,-0.4362466482192573
2050-09-17,24.34722222222222,0.07183400186539755,0.07178909916006457,0.07179039048155099,-0.44902705332985904,-0.436113838465646
2050-09-24,24.366666666666667,0.07183467490955675,0.0717898110989237,0.07179107944032212,-0.4486381063305289,-0.43595469234630757
2050-10-01,24.386111111111113,0.07183534532973246,0.07179052190244348,0.07179176839909326,-0.44823427288981366,-0.4357693063919421
2050-10-08,24.405555555555555,0.07183601313554605,0.07179123157333757,0.0717924573578644,-0.4478156220848184,-0.4355577768165586
2050-10-15,24.425,0.07183667833658733,0.07179194011431099,0.07179314631663554,-0.44738222276338724,-0.43532019951789125
2050-10-22,24.444444444444443,0.07183734094241455,0.07179264752806012,0.07179383527540667,-0.446934143544242,-0.43505667007878723
2050-10-29,24.46388888888889,0.07183800096255454,0.07179335381727282,0.07179452423417781,-0.446471452817121,-0.43476728376720675
2050-11-05,24.483333333333334,0.07183865840650273,0.07179405898462837,0.07179521319294896,-0.44599421874361167,-0.43445213553774953
2050-11-12,24.502777777777776,0.07183931328372332,0.07179476303279753,0.07179590215172009,-0.4455025092579834,-0.43411132003234876
2050-11-19,24.522222222222222,0.07183996560364932,0.07179546596444264,0.07179659111049123,-0.444996392066771,-0.43374493158082617
2050-11-26,24.541666666666668,0.0718406153756825,0.07179616778221758,0.07179728006926236,-0.4444759346491911,-0.43335306420130837
2050-12-03,24.56111111111111,0.07184126260919371,0.0717968684887678,0.07179796902803351,-0.4439412042590851,-0.432935811602031
2050-12-10,24.580555555555556,0.07184190731352279,0.07179756808673043,0.07179865798680465,-0.44339226792353137,-0.4324932671813386
2050-12-17,24.6,0.07184254949797872,0.07179826657873421,0.07179934694557578,-0.4428291924450656,-0.43202552402935024
2050-12-24,24.619444444444444,0.07184318917183961,0.07179896396739963,0.07180003590434693,-0.44225204439987675,-0.4315326749268489
2050-12-31,24.63888888888889,0.07184382634435295,0.07179966025533883,0.07180072486311806,-0.44166089014113785,-0.43101481234888994
2051-01-07,24.658333333333335,0.07184446102473549,0.07180035544515581,0.0718014138218892,-0.44105579579678533,-0.43047202846285826
2051-01-14,24.677777777777777,0.07184509322217346,0.07180104953944627,0.07180210278066033,-0.4404368272718784,-0.42990441513124367
2051-01-21,24.697222222222223,0.07184572294582263,0.07180174254079781,0.07180279173943148,-0.4398040502481826,-0.42931206391150223
2051-01-28,24.716666666666665,0.07184635020480831,0.07180243445178984,0.07180348069820261,-0.43915753018472503,-0.4286950660570277
2051-02-04,24.73611111111111,0.07184697500822552,0.07180312527499366,0.07180416965697375,-0.438497332318627,-0.4280535125177065
2051-02-11,24.755555555555556,0.07184759736513903,0.07180381501297253,0.0718048586157449,-0.4378235216649651,-0.4273874939413058
2051-02-18,24.775,0.07184821728458343,0.07180450366828163,0.07180554757451603,-0.4371361630180204,-0.42669710067402833
2051-02-25,24.794444444444444,0.07184883477556323,0.07180519124346814,0.07180623653328716,-0.436435320950862,-0.42598242276065124
2051-03-04,24.81388888888889,0.07184944984705294,0.07180587774107121,0.0718069254920583,-0.43572105981729004,-0.4252435499463303
2051-03-11,24.833333333333332,0.07185006250799715,0.07180656316362212,0.07180761445082945,-0.4349934437503089,-0.42448057167701614
2051-03-18,24.852777777777778,0.07185067276731057,0.07180724751364417,0.0718083034096006,-0.4342525366639316,-0.4236935770997319
2051-03-25,24.872222222222224,0.07185128063387816,0.07180793079365279,0.07180899236837172,-0.4334984022537347,-0.42288265506437717
2051-04-01,24.891666666666666,0.07185188611655519,0.07180861300615553,0.07180968132714285,-0.4327311039965809,-0.4220478941233119
2051-04-08,24.91111111111111,0.07185248922416729,0.07180929415365213,0.071810370285914,-0.4319507051515903,-0.42118938253288274
2051-04-15,24.930555555555557,0.07185308996551061,0.07180997423863454,0.07181105924468514,-0.4311572687606957,-0.42030720825467216
2051-04-22,24.95,0.07185368834935178,0.0718106532635869,0.07181174820345629,-0.43035085764878134,-0.4194014589549433
2051-04-29,24.969444444444445,0.07185428438442812,0.07181133123098568,0.07181243716222742,-0.42953153442437664,-0.4184722220069992
2051-05-06,24.988888888888887,0.0718548780794476,0.07181200814329956,0.07181312612099855,-0.42869936148035026,-0.41751958449048887
2051-05-13,25.008333333333333,0.07185546944308902,0.07181268400298961,0.0718138150797697,-0.4278544009940488,-0.4165436331932115
2051-05-20,25.02777777777778,0.07185605848400199,0.07181335881250922,0.07181450403854084,-0.4269967149277132,-0.4155444546115328
2051-05-27,25.04722222222222,0.07185664521080708,0.07181403257430417,0.07181519299731197,-0.42612636502903367,-0.4145221349510786
2051-06-03,25.066666666666666,0.07185722963209587,0.07181470529081264,0.0718158819560831,-0.4252434128322602,-0.41347676012770673
2051-06-10,25.086111111111112,0.07185781175643108,0.07181537696446529,0.07181657091485424,-0.42434791965792473,-0.4124084157683394
2051-06-17,25.105555555555554,0.07185839159234654,0.07181604759768519,0.07181725987362539,-0.42343994661353523,-0.41131718721151844
2051-06-24,25.125,0.07185896914834737,0.07181671719288792,0.07181794883239653,-0.42251955459454704,-0.4102031595083766
2051-07-01,25.144444444444446,0.07185954443291,0.07181738575248164,0.07181863779116765,-0.42158680428353024,-0.4090664174234704
2051-07-08,25.163888888888888,0.07186011745448227,0.07181805327886705,0.0718193267499388,-0.4206417561522513,-0.40790704543477996
2051-07-15,25.183333333333334,0.07186068822148353,0.07181871977443736,0.07182001570870994,-0.4196844704616731,-0.4067251277359296
2051-07-22,25.20277777777778,0.07186125674230467,0.0718193852415785,0.07182070466748108,-0.41871500726167743,-0.4055207482359102
2051-07-29,25.22222222222222,0.07186182302530822,0.07182004968266899,0.07182139362625223,-0.4177334263923138,-0.4042939905599119
2051-08-05,25.241666666666667,0.07186238707882846,0.07182071310008001,0.07182208258502336,-0.4167397874844936,-0.4030449380509893
2051-08-12,25.261111111111113,0.07186294891117141,0.07182137549617547,0.07182277154379449,-0.4157341499594347,-0.401773673769229
2051-08-19,25.280555555555555,0.071863508530615,0.07182203687331198,0.07182346050256563,-0.4147165730301883,-0.40048028049369244
2051-08-26,25.3,0.07186406594540914,0.07182269723383893,0.07182414946133678,-0.41368711570219374,-0.39916484072366476
2051-09-02,25.319444444444443,0.0718646211637757,0.07182335658009847,0.07182483842010791,-0.4126458367723074,-0.39782743667796105
2051-09-09,25.33888888888889,0.07186517419390871,0.07182401491442558,0.07182552737887904,-0.4115927948313003,-0.39646815029673044
2051-09-16,25.358333333333334,0.07186572504397438,0.07182467223914808,0.07182621633765018,-0.4105280482630258,-0.39508706324201115
2051-09-23,25.377777777777776,0.07186627372211116,0.07182532855658663,0.07182690529642133,-0.40945165524525207,-0.3936842568982857
2051-09-30,25.397222222222222,0.07186682023642983,0.07182598386905481,0.07182759425519247,-0.4083636737502172,-0.392259812373591
2051-10-07,25.416666666666668,0.0718673645950136,0.0718266381788591,0.07182828321396359,-0.40726416154490686,-0.3908138105000736
2051-10-14,25.43611111111111,0.07186790680591817,0.07182729148829893,0.07182897217273473,-0.40615317619244196,-0.3893463318344059
2051-10-21,25.455555555555556,0.07186844687717184,0.07182794379966674,0.07182966113150588,-0.4050307750509685,-0.3878574566595905
2051-10-28,25.475,0.07186898481677548,0.07182859511524792,0.07183035009027701,-0.4038970152756005,-0.3863472649846822
2051-11-04,25.494444444444444,0.07186952063270273,0.0718292454373209,0.07183103904904815,-0.4027519538182811,-0.3848158365457599
2051-11-11,25.51388888888889,0.07187005433290002,0.07182989476815721,0.07183172800781928,-0.4015956474280602,-0.38326325080731416
2051-11-18,25.533333333333335,0.07187058592528667,0.07183054311002138,0.07183241696659043,-0.40042815265289855,-0.381689586962386
2051-11-25,25.552777777777777,0.07187111541775491,0.07183119046517113,0.07183310592536157,-0.39924952583786366,-0.3800949239333995
2051-12-02,25.572222222222223,0.07187164281817002,0.07183183683585724,0.0718337948841327,-0.39805982312776655,-0.37847934037313347
2051-12-09,25.591666666666665,0.0718721681343704,0.07183248222432372,0.07183448384290385,-0.3968591004668842,-0.37684291466555386
2051-12-16,25.61111111111111,0.07187269137416757,0.0718331266328077,0.07183517280167498,-0.39564741359868205,-0.3751857249259527
2051-12-23,25.630555555555556,0.07187321254534637,0.07183377006353958,0.07183586176044612,-0.39442481806789553,-0.3735078490024746
2051-12-30,25.65,0.07187373165566495,0.07183441251874294,0.07183655071921725,-0.3931913692201139,-0.37180936447694934
2052-01-06,25.669444444444444,0.07187424871285479,0.07183505400063467,0.0718372396779884,-0.39194712220122496,-0.37009034866392065
2052-01-13,25.68888888888889,0.07187476372462098,0.07183569451142491,0.07183792863675953,-0.3906921319607459,-0.36835087861453175
2052-01-20,25.708333333333332,0.07187527669864206,0.07183633405331714,0.07183861759553067,-0.38942645324918645,-0.3665910311138887
2052-01-27,25.727777777777778,0.07187578764257027,0.07183697262850819,0.07183930655430182,-0.3881501406208243,-0.36481088268452977
2052-02-03,25.747222222222224,0.0718762965640315,0.07183761023918821,0.07183999551307295,-0.3868632484328727,-0.3630105095854541
2052-02-10,25.766666666666666,0.07187680347062544,0.07183824688754076,0.07184068447184408,-0.3855658308468679,-0.3611899878136482
2052-02-17,25.78611111111111,0.07187730836992567,0.07183888257574284,0.07184137343061522,-0.384257941828392,-0.3593493931045022
2052-02-24,25.805555555555557,0.07187781126947963,0.07183951730596484,0.07184206238938637,-0.3829396351479053,-0.3574888009326427
2052-03-02,25.825,0.07187831217680886,0.07184015108037066,0.07184275134815751,-0.3816109643819954,-0.3556082865134591
2052-03-09,25.844444444444445,0.07187881109940888,0.07184078390111764,0.07184344030692864,-0.3802719829124057,-0.35370792480241
2052-03-16,25.863888888888887,0.07187930804474943,0.0718414157703567,0.07184412926569977,-0.37892274392728464,-0.3517877904965494
2052-03-23,25.883333333333333,0.07187980302027447,0.07184204669023223,0.07184481822447092,-0.37756330042243436,-0.3498479580354985
2052-03-30,25.90277777777778,0.07188029603340224,0.0718426766628822,0.07184550718324206,-0.37619370520033946,-0.347888501601723
2052-04-06,25.92222222222222,0.07188078709152536,0.07184330569043819,0.0718461961420132,-0.3748140108716935,-0.3459094951216435
2052-04-13,25.941666666666666,0.07188127620201093,0.07184393377502536,0.07184688510078434,-0.37342426985567667,-0.3439110122659128
2052-04-20,25.961111111111112,0.07188176337220056,0.07184456091876251,0.07184757405955547,-0.37202453438051064,-0.34189312645094283
2052-04-27,25.980555555555554,0.07188224860941043,0.07184518712376212,0.07184826301832661,-0.37061485648318127,-0.33985591083821043
2052-05-04,26.0,0.07188273192093145,0.07184581239213031,0.07184895197709776,-0.36919528801138135,-0.3377994383368943
2052-05-11,26.019444444444446,0.0718832133140292,0.07184643672596694,0.0718496409358689,-0.367765880622678,-0.3357237816030423
2052-05-18,26.038888888888888,0.07188369279594417,0.07184706012736558,0.07185032989464002,-0.36632668578590044,-0.33362901304151427
2052-05-25,26.058333333333334,0.07188417037389168,0.07184768259841356,0.07185101885341116,-0.36487775478113993,-0.3315152048051495
2052-06-01,26.07777777777778,0.07188464605506202,0.07184830414119196,0.07185170781218231,-0.3634191387005825,-0.32938242879712587
2052-06-08,26.09722222222222,0.07188511984662053,0.07184892475777571,0.07185239677095345,-0.3619508884482314,-0.327230756670821
2052-06-15,26.116666666666667,0.07188559175570769,0.07184954445023352,0.07185308572972458,-0.3604730547417112,-0.32506025983106146
2052-06-22,26.136111111111113,0.07188606178943911,0.07185016322062793,0.07185377468849571,-0.3589856881118514,-0.3228710094339837
2052-06-29,26.155555555555555,0.0718865299549057,0.07185078107101538,0.07185446364726686,-0.35748883890324157,-0.3206630763884222
2052-07-06,26.175,0.07188699625917369,0.07185139800344618,0.071855152606038,-0.3559825572750641,-0.31843653135688044
2052-07-13,26.194444444444443,0.0718874607092847,0.07185201401996459,0.07185584156480913,-0.35446689320109415,-0.3161914447556702
2052-07-20,26.21388888888889,0.07188792331225587,0.07185262912260873,0.07185653052358028,-0.35294189647136487,-0.31392788675588257
2052-07-27,26.233333333333334,0.07188838407507978,0.07185324331341077,0.07185721948235141,-0.3514076166900859,-0.3116459272836658
2052-08-03,26.252777777777776,0.07188884300472477,0.07185385659439678,0.07185790844112255,-0.34986410327994544,-0.309345636022168
2052-08-10,26.272222222222222,0.07188930010813477,0.07185446896758686,0.0718585973998937,-0.34831140547905703,-0.30702708241070464
2052-08-17,26.291666666666668,0.07188975539222953,0.07185508043499517,0.07185928635866483,-0.3467495723435965,-0.3046903356469788
2052-08-24,26.31111111111111,0.07189020886390461,0.07185569099862983,0.07185997531743596,-0.3451786527478018,-0.30233546468652617
2052-08-31,26.330555555555556,0.07189066053003144,0.07185630066049313,0.0718606642762071,-0.3435986953831405,-0.299962538243409
2052-09-07,26.35,0.07189111039745752,0.0718569094225814,0.07186135323497825,-0.3420097487612239,-0.29757162479271404
2052-09-14,26.369444444444444,0.07189155847300631,0.07185751728688504,0.07186204219374939,-0.3404118612126972,-0.29516279256916467
2052-09-21,26.38888888888889,0.07189200476347746,0.07185812425538866,0.07186273115252052,-0.3388050808879328,-0.2927361095693415
2052-09-28,26.408333333333335,0.07189244927564675,0.071858730330071,0.07186342011129165,-0.3371894557575861,-0.29029164355098835
2052-10-05,26.427777777777777,0.07189289201626627,0.07185933551290494,0.0718641090700628,-0.3355650336132887,-0.28782946203467774
2052-10-12,26.447222222222223,0.07189333299206443,0.0718599398058576,0.07186479802883393,-0.3339318620683429,-0.2853496323050597
2052-10-19,26.466666666666665,0.07189377220974603,0.0718605432108903,0.07186548698760507,-0.33228998855730496,-0.28285222140961297
2052-10-26,26.48611111111111,0.07189420967599236,0.07186114572995862,0.07186617594637622,-0.330639460337373,-0.28033729616142034
2052-11-02,26.505555555555556,0.07189464539746128,0.07186174736501239,0.07186686490514735,-0.3289803244889422,-0.2778049231393076
2052-11-09,26.525,0.0718950793807872,0.07186234811799568,0.07186755386391849,-0.32731262791518834,-0.27525516868701083
2052-11-16,26.544444444444444,0.07189551163258127,0.07186294799084694,0.07186824282268962,-0.32563641734331683,-0.272688098916507
2052-11-23,26.56388888888889,0.07189594215943139,0.0718635469854989,0.07186893178146077,-0.32395173932484034,-0.27010377970621
2052-11-30,26.583333333333332,0.07189637096790227,0.07186414510387865,0.0718696207402319,-0.3222586402362726,-0.26750227670374604
2052-12-07,26.602777777777778,0.07189679806453554,0.07186474234790761,0.07187030969900304,-0.3205571662792672,-0.26488365532498226
2052-12-14,26.622222222222224,0.07189722345584976,0.07186533871950165,0.07187099865777419,-0.31884736348103404,-0.2622479807556921
2052-12-21,26.641666666666666,0.07189764714834054,0.07186593422057101,0.07187168761654532,-0.3171292776953105,-0.2595953179522492
2052-12-28,26.66111111111111,0.07189806914848063,0.07186652885302033,0.07187237657531646,-0.3154029546029169,-0.25692573164162735
2053-01-04,26.680555555555557,0.07189848946271989,0.07186712261874877,0.0718730655340876,-0.31366843971120106,-0.254239286322927
2053-01-11,26.7,0.07189890809748548,0.07186771551964985,0.07187375449285874,-0.311925778356259,-0.25153604626737547
2053-01-18,26.719444444444445,0.07189932505918184,0.07186830755761171,0.07187444345162988,-0.3101750157012695,-0.24881607551957563
2053-01-25,26.738888888888887,0.0718997403541908,0.07186889873451689,0.07187513241040101,-0.3084161967391308,-0.24607943789792253
2053-02-01,26.758333333333333,0.07190015398887166,0.07186948905224252,0.07187582136917216,-0.30664936629135053,-0.24332619699501956
2053-02-08,26.77777777777778,0.07190056596956118,0.07187007851266027,0.07187651032794329,-0.3048745690091559,-0.24055641617892753
2053-02-15,26.79722222222222,0.07190097630257379,0.07187066711763632,0.07187719928671443,-0.30309184937474254,-0.23777015859358097
2053-02-22,26.816666666666666,0.0719013849942015,0.07187125486903151,0.07187788824548556,-0.301301251699887,-0.23496748715934324
2053-03-01,26.836111111111112,0.07190179205071409,0.07187184176870126,0.07187857720425671,-0.29950282012830565,-0.2321484645738392
2053-03-08,26.855555555555554,0.0719021974783591,0.07187242781849561,0.07187926616302784,-0.2976965986349611,-0.22931315331264912
2053-03-15,26.875,0.07190260128336197,0.07187301302025924,0.07187995512179898,-0.29588263102731105,-0.22646161562986378
2053-03-22,26.894444444444446,0.07190300347192603,0.07187359737583152,0.07188064408057013,-0.2940609609451694,-0.2235939135590559
2053-03-29,26.913888888888888,0.07190340405023261,0.07187418088704647,0.07188133303934126,-0.29223163186140044,-0.2207101089135577
2053-04-05,26.933333333333334,0.0719038030244411,0.07187476355573288,0.0718820219981124,-0.29039468708219607,-0.21781026328701603
2053-04-12,26.95277777777778,0.07190420040068908,0.07187534538371418,0.07188271095688353,-0.2885501697490189,-0.21489443805547404
2053-04-19,26.97222222222222,0.07190459618509225,0.07187592637280858,0.07188339991565468,-0.2866981228366594,-0.2119626943757058
2053-04-26,26.991666666666667,0.07190499038374457,0.07187650652482905,0.07188408887442582,-0.28483858915517857,-0.20901509318743683
2053-05-03,27.011111111111113,0.0719053830027184,0.07187708584158335,0.07188477783319695,-0.2829716113504632,-0.2060516952144542
2053-05-10,27.030555555555555,0.07190577404806446,0.07187766432487402,0.0718854667919681,-0.28109723190436475,-0.20307256096363524
2053-05-17,27.05,0.07190616352581193,0.07187824197649845,0.07188615575073923,-0.27921549313483784,-0.20007775072702905
2053-05-24,27.069444444444443,0.07190655144196853,0.07187881879824878,0.07188684470951037,-0.2773264371974671,-0.19706732458157905
2053-05-31,27.08888888888889,0.07190693780252055,0.07187939479191212,0.0718875336682815,-0.2754301060843567,-0.19404134239051074
2053-06-07,27.108333333333334,0.07190732261343301,0.07187996995927039,0.07188822262705263,-0.27352654162621226,-0.190999863803748
2053-06-14,27.127777777777776,0.0719077058806496,0.07188054430210038,0.07188891158582378,-0.2716157854922019,-0.1879429482581907
2053-06-21,27.147222222222222,0.07190808761009282,0.07188111782217384,0.07188960054459492,-0.26969787918981747,-0.1848706549789636
2053-06-28,27.166666666666668,0.07190846780766405,0.07188169052125742,0.07189028950336607,-0.26777286406626244,-0.18178304297983283
2053-07-05,27.18611111111111,0.07190884647924357,0.07188226240111273,0.0718909784621372,-0.2658407813084518,-0.17868017106376088
2053-07-12,27.205555555555556,0.07190922363069067,0.0718828334634963,0.07189166742090833,-0.26390167194370595,-0.17556209782346177
2053-07-19,27.225,0.07190959926784372,0.07188340371015974,0.07189235637967947,-0.26195557683988957,-0.17242888164251124
2053-07-26,27.244444444444444,0.07190997339652017,0.07188397314284953,0.07189304533845062,-0.26000253670638296,-0.16928058069548557
2053-08-02,27.26388888888889,0.07191034602251668,0.07188454176330726,0.07189373429722175,-0.25804259209422087,-0.16611725294934931
2053-08-09,27.283333333333335,0.07191071715160918,0.07188510957326953,0.07189442325599289,-0.2560757833965088,-0.16293895616290022
2053-08-16,27.302777777777777,0.0719110867895529,0.071885676574468,0.07189511221476402,-0.25410215084897825,-0.1597457478887121
2053-08-23,27.322222222222223,0.07191145494208245,0.07188624276862939,0.07189580117353517,-0.2521217345306803,-0.1565376854728573
2053-08-30,27.341666666666665,0.0719118216149119,0.07188680815747549,0.07189649013230631,-0.2501345743641248,-0.1533148260558781
2053-09-06,27.36111111111111,0.07191218681373485,0.07188737274272324,0.07189717909107744,-0.2481407101161126,-0.15007722657403577
2053-09-13,27.380555555555556,0.07191255054422442,0.07188793652608466,0.07189786804984857,-0.2461401813975972,-0.14682494375847788
2053-09-20,27.4,0.07191291281203344,0.07188849950926694,0.07189855700861972,-0.2441330276649334,-0.14355803413718116
2053-09-27,27.419444444444444,0.07191327362279439,0.07188906169397243,0.07189924596739086,-0.24211928821959994,-0.1402765540352291
2053-10-04,27.43888888888889,0.07191363298211956,0.07188962308189861,0.071899934926162,-0.24009900220944846,-0.1369805595755058
2053-10-11,27.458333333333332,0.07191399089560103,0.07189018367473819,0.07190062388493314,-0.23807220862842593,-0.1336701066789736
2053-10-18,27.477777777777778,0.07191434736881086,0.0718907434741791,0.07190131284370427,-0.23603894631754607,-0.13034525106592199
2053-10-25,27.497222222222224,0.07191470240730098,0.07189130248190446,0.07190200180247541,-0.23399925396516696,-0.12700604825569006
2053-11-01,27.516666666666666,0.07191505601660335,0.07189186069959266,0.07190269076124656,-0.23195317010685224,-0.1236525535679156
2053-11-08,27.53611111111111,0.07191540820223008,0.07189241812891735,0.07190337972001769,-0.22990073312731396,-0.12028482212392277
2053-11-15,27.555555555555557,0.0719157589696734,0.0718929747715474,0.07190406867878883,-0.22784198125999633,-0.11690290884561194
2053-11-22,27.575,0.07191610832440572,0.07189353062914706,0.07190475763755996,-0.22577695258652053,-0.11350686845754132
2053-11-29,27.594444444444445,0.07191645627187974,0.07189408570337583,0.07190544659633111,-0.22370568503918276,-0.11009675548637188
2053-12-06,27.613888888888887,0.07191680281752855,0.07189463999588855,0.07190613555510225,-0.22162821639998276,-0.10667262426294899
2053-12-13,27.633333333333333,0.07191714796676557,0.07189519350833541,0.07190682451387338,-0.2195445843015953,-0.10323452892188612
2053-12-20,27.65277777777778,0.07191749172498474,0.07189574624236196,0.07190751347264451,-0.21745482622778645,-0.09978252340225868
2053-12-27,27.67222222222222,0.07191783409756046,0.07189629819960912,0.07190820243141566,-0.21535897951341365,-0.09631666144802042
2054-01-03,27.691666666666666,0.07191817508984778,0.07189684938171317,0.0719088913901868,-0.213257081346091,-0.09283699660980749
2054-01-10,27.711111111111112,0.07191851470718237,0.07189739979030586,0.07190958034895793,-0.21114916876507905,-0.08934358224438332
2054-01-17,27.730555555555554,0.07191885295488061,0.07189794942701432,0.07191026930772908,-0.20903527866295013,-0.08583647151533258
2054-01-24,27.75,0.07191918983823965,0.07189849829346112,0.07191095826650021,-0.2069154477853108,-0.08231571739444887
2054-01-31,27.769444444444446,0.0719195253625375,0.07189904639126429,0.07191164722527135,-0.20478971273205082,-0.07878137266145724
2054-02-07,27.788888888888888,0.07191985953303304,0.07189959372203736,0.0719123361840425,-0.20265810995678812,-0.0752334899054019
2054-02-14,27.808333333333334,0.07192019235496608,0.07190014028738932,0.07191302514281363,-0.2005206757675626,-0.07167212152450753
2054-02-21,27.82777777777778,0.0719205238335575,0.07190068608892465,0.07191371410158477,-0.19837744632850152,-0.06809731972728938
2054-02-28,27.84722222222222,0.07192085397400924,0.07190123112824336,0.0719144030603559,-0.196228457658848,-0.06450913653338608
2054-03-07,27.866666666666667,0.07192118278150439,0.07190177540694102,0.07191509201912705,-0.19407374563365498,-0.06090762377342074
2054-03-14,27.886111111111113,0.07192151026120719,0.07190231892660873,0.07191578097789818,-0.19191334598461784,-0.05729283309011124
2054-03-21,27.905555555555555,0.07192183641826319,0.07190286168883313,0.07191646993666932,-0.18974729430062953,-0.05366481593868655
2054-03-28,27.925,0.07192216125779922,0.07190340369519649,0.07191715889544045,-0.18757562602736422,-0.05002362358771939
2054-04-04,27.944444444444443,0.07192248478492358,0.07190394494727663,0.0719178478542116,-0.18539837646949775,-0.046369307119820125
2054-04-11,27.96388888888889,0.07192280700472586,0.07190448544664702,0.07191853681298274,-0.1832155807884872,-0.042701917431220426
2054-04-18,27.983333333333334,0.0719231279222773,0.07190502519487672,0.07191922577175387,-0.1810272740057628,-0.03902150523427128
2054-04-25,28.002777777777776,0.0719234475426306,0.07190556419353047,0.07191991473052502,-0.17883349100120127,-0.03532812105577765
2054-05-02,28.022222222222222,0.07192376587082011,0.07190610244416865,0.07192060368929615,-0.17663426651465253,-0.031621815239635254
2054-05-09,28.041666666666668,0.07192408291186189,0.0719066399483473,0.07192129264806729,-0.17442963514593957,-0.0279026379459979
2054-05-16,28.06111111111111,0.07192439867075369,0.07190717670761816,0.07192198160683842,-0.17221963135527485,-0.024170639152665263
2054-05-23,28.080555555555556,0.0719247131524751,0.07190771272352867,0.07192267056560957,-0.17000428946437052,-0.020425868655360446
2054-05-30,28.1,0.07192502636198751,0.07190824799762198,0.07192335952438071,-0.16778364365532816,-0.01666837606800753
2054-06-06,28.119444444444444,0.0719253383042343,0.07190878253143698,0.07192404848315184,-0.16555772797313684,-0.012898210824535683
2054-06-13,28.13888888888889,0.07192564898414075,0.07190931632650831,0.07192473744192299,-0.16332657632442404,-0.009115422177630172
2054-06-20,28.158333333333335,0.07192595840661423,0.07190984938436636,0.07192542640069412,-0.16109022247870475,-0.005320059201091576
2054-06-27,28.177777777777777,0.07192626657654415,0.07191038170653731,0.07192611535946526,-0.15884870006838137,-0.001512170788864342
2054-07-04,28.197222222222223,0.07192657349880213,0.07191091329454309,0.07192680431823639,-0.1566020425904091,0.0023081943426039864
2054-07-11,28.216666666666665,0.07192687917824193,0.07191144414990153,0.07192749327700754,-0.15435028340407553,0.006140987656028107
2054-07-18,28.23611111111111,0.07192718361969964,0.07191197427412614,0.07192818223577867,-0.15209345573502508,0.009986160790231846
2054-07-25,28.255555555555556,0.07192748682799363,0.0719125036687264,0.07192887119454981,-0.1498315926723448,0.01384366556181349
2054-08-01,28.275,0.07192778880792465,0.07191303233520754,0.07192956015332096,-0.14756472717106228,0.01771345396306412
2054-08-08,28.294444444444444,0.07192808956427593,0.0719135602750707,0.07193024911209209,-0.14529289205228446,0.021595478161551274
2054-08-15,28.31388888888889,0.07192838910181315,0.0719140874898129,0.07193093807086323,-0.14301612000250374,0.025489690500812845
2054-08-22,28.333333333333332,0.07192868742528456,0.07191461398092701,0.07193162702963436,-0.14073444357554088,0.029396043497997848
2054-08-29,28.352777777777778,0.07192898453942102,0.07191513974990184,0.0719323159884055,-0.13844789519185108,0.03331448984483787
2054-09-05,28.372222222222224,0.07192928044893608,0.07191566479822212,0.07193300494717664,-0.13615650713963423,0.0372449824055654
2054-09-12,28.391666666666666,0.07192957515852598,0.0719161891273685,0.07193369390594778,-0.1338603115748349,0.041187474218024045
2054-09-19,28.41111111111111,0.07192986867286973,0.07191671273881756,0.07193438286471893,-0.1315593405216975,0.04514191849200322
2054-09-26,28.430555555555557,0.07193016099662923,0.07191723563404188,0.07193507182349006,-0.12925362587346,0.04910826860826667
2054-10-03,28.45,0.07193045213444924,0.07191775781450999,0.0719357607822612,-0.126943199392493,0.05308647811966272
2054-10-10,28.469444444444445,0.07193074209095747,0.0719182792816864,0.07193644974103233,-0.12462809271071573,0.05707650074862625
2054-10-17,28.488888888888887,0.07193103087076463,0.07191880003703165,0.07193713869980348,-0.1223083373298739,0.061078290388427714
2054-10-24,28.508333333333333,0.07193131847846454,0.07191932008200226,0.07193782765857461,-0.11998396462278849,0.06509180110067514
2054-10-31,28.52777777777778,0.07193160491863408,0.07191983941805082,0.07193851661734575,-0.11765500583266197,0.06911698711670189
2054-11-07,28.54722222222222,0.0719318901958333,0.07192035804662592,0.0719392055761169,-0.11532149207391096,0.07315380283590134
2054-11-14,28.566666666666666,0.07193217431460557,0.07192087596917221,0.07193989453488803,-0.11298345433355395,0.07720220282461665
2054-11-21,28.586111111111112,0.0719324572794774,0.07192139318713046,0.07194058349365917,-0.11064092346940724,0.08126214181766733
2054-11-28,28.605555555555554,0.07193273909495877,0.07192190970193749,0.0719412724524303,-0.10829393021286049,0.08533357471529612
2054-12-05,28.625,0.07193301976554302,0.07192242551502619,0.07194196141120143,-0.1059425051683216,0.08941645658414044
2054-12-12,28.644444444444446,0.07193329929570688,0.0719229406278256,0.07194265036997258,-0.10358667881280037,0.0935107426569548
2054-12-19,28.663888888888888,0.07193357768991065,0.07192345504176086,0.07194333932874372,-0.10122648149799018,0.09761638833066799
2054-12-26,28.683333333333334,0.07193385495259819,0.07192396875825323,0.07194402828751487,-0.09886194344957411,0.10173334916679933
2055-01-02,28.70277777777778,0.0719341310881969,0.07192448177872017,0.071944717246286,-0.09649309476736367,0.10586158089090358
2055-01-09,28.72222222222222,0.07193440610111797,0.07192499410457526,0.07194540620505713,-0.09411996542710299,0.11000103939159955
2055-01-16,28.741666666666667,0.07193467999575619,0.07192550573722825,0.07194609516382827,-0.09174258527935852,0.11415168072084758
2055-01-23,28.761111111111113,0.07193495277649022,0.07192601667808513,0.07194678412259942,-0.08936098405090687,0.11831346109200669
2055-01-30,28.780555555555555,0.07193522444768248,0.07192652692854802,0.07194747308137055,-0.08697519134459597,0.12248633688066723
2055-02-06,28.8,0.07193549501367934,0.07192703649001529,0.07194816204014169,-0.08458523664045536,0.1266702646235407
2055-02-13,28.819444444444443,0.07193576447881107,0.07192754536388156,0.07194885099891284,-0.08219114929514104,0.130865201017627
2055-02-20,28.83888888888889,0.07193603284739193,0.07192805355153765,0.07194953995768397,-0.07979295854276813,0.1350711029203533
2055-02-27,28.858333333333334,0.07193630012372024,0.07192856105437063,0.0719502289164551,-0.07739069349602112,0.1392879273486025
2055-03-06,28.877777777777776,0.0719365663120784,0.07192906787376387,0.07195091787522624,-0.07498438314532119,0.14351563147843582
2055-03-13,28.897222222222222,0.071936831416733,0.07192957401109698,0.07195160683399737,-0.07257405636021397,0.14775417264370483
2055-03-20,28.916666666666668,0.07193709544193481,0.07193007946774586,0.07195229579276852,-0.07015974188950835,0.15200350833702303
2055-03-27,28.93611111111111,0.07193735839191885,0.07193058424508277,0.07195298475153966,-0.06774146836086015,0.15626359620810049
2055-04-03,28.955555555555556,0.07193762027090445,0.07193108834447617,0.07195367371031079,-0.06531926428271495,0.16053439406346626
2055-04-10,28.975,0.07193788108309532,0.07193159176729098,0.07195436266908194,-0.06289315804333673,0.16481585986619085
2055-04-17,28.994444444444444,0.07193814083267958,0.07193209451488838,0.07195505162785307,-0.06046317791191802,0.16910795173491477
2055-04-24,29.01388888888889,0.0719383995238298,0.0719325965886259,0.07195574058662421,-0.058029352038996285,0.1734106279441261
2055-05-01,29.033333333333335,0.07193865716070312,0.07193309798985746,0.07195642954539536,-0.05559170845659267,0.17772384692235632
2055-05-08,29.052777777777777,0.0719389137474412,0.07193359871993335,0.07195711850416649,-0.05315027507848957,0.1820475672528743
2055-05-15,29.072222222222223,0.07193916928817032,0.07193409878020021,0.07195780746293763,-0.050705079701063305,0.1863817476731311
2055-05-22,29.091666666666665,0.0719394237870015,0.07193459817200115,0.07195849642170876,-0.04825615000342287,0.19072634707267833
2055-05-29,29.11111111111111,0.07193967724803041,0.07193509689667565,0.07195918538047989,-0.045803513547548746,0.1950813244948335
2055-06-05,29.130555555555556,0.07193992967533754,0.07193559495555958,0.07195987433925104,-0.04334719777954188,0.1994466391350147
2055-06-12,29.15,0.07194018107298822,0.07193609234998533,0.07196056329802218,-0.0408872300289298,0.2038222503396303
2055-06-19,29.169444444444444,0.07194043144503262,0.07193658908128164,0.07196125225679333,-0.03842363750977684,0.2082081176070505
2055-06-26,29.18888888888889,0.07194068079550588,0.07193708515077381,0.07196194121556446,-0.03595644732068415,0.2126042005858031
2055-07-03,29.208333333333332,0.07194092912842812,0.07193758055978353,0.07196263017433559,-0.03348568644589989,0.2170104590747124
2055-07-10,29.227777777777778,0.07194117644780446,0.07193807530962902,0.07196331913310673,-0.03101138175434781,0.22142685302276033
2055-07-17,29.247222222222224,0.07194142275762515,0.07193856940162495,0.07196400809187788,-0.02853356000198648,0.2258533425272824
2055-07-24,29.266666666666666,0.07194166806186554,0.07193906283708255,0.071964697050649,-0.02605224782986637,0.23028988783466153
2055-07-31,29.28611111111111,0.07194191236448616,0.07193955561730954,0.07196538600942015,-0.023567471766211545,0.23473644933991178
2055-08-07,29.305555555555557,0.07194215566943284,0.07194004774361015,0.0719660749681913,-0.021079258226835984,0.23919298758459662
2055-08-14,29.325,0.0719423979806366,0.07194053921728519,0.07196676392696243,-0.01858763351417214,0.24365946325821675
2055-08-21,29.344444444444445,0.07194263930201387,0.07194103003963198,0.07196745288573357,-0.01609262381893628,0.24813583719696108
2055-08-28,29.363888888888887,0.07194287963746644,0.07194152021194447,0.0719681418445047,-0.013594255219712137,0.25262207038259654
2055-09-04,29.383333333333333,0.07194311899088153,0.0719420097355131,0.07196883080327583,-0.011092553684338702,0.25711812394302314
2055-09-11,29.40277777777778,0.07194335736613185,0.07194249861162495,0.07196951976204699,-0.008587545068938773,0.2616239591514413
2055-09-18,29.42222222222222,0.07194359476707564,0.07194298684156371,0.07197020872081812,-0.006079255119306737,0.26613953742482543
2055-09-25,29.441666666666666,0.07194383119755672,0.07194347442660963,0.07197089767958927,-0.0035677094709085644,0.27066482032545025
2055-10-02,29.461111111111112,0.07194406666140454,0.0719439613680396,0.0719715866383604,-0.0010529336494369268,0.27519976955853176
2055-10-09,29.480555555555554,0.07194430116243426,0.07194444766712718,0.07197227559713153,0.0014650469291888069,0.2797443469726435
2055-10-16,29.5,0.07194453470444674,0.07194493332514251,0.07197296455590267,0.003986206957712346,0.2842985145593002
2055-10-23,29.519444444444446,0.0719447672912286,0.0719454183433524,0.07197365351467382,0.006510521237956812,0.2888622344521252
2055-10-30,29.538888888888888,0.07194499892655237,0.07194590272302037,0.07197434247344495,0.009037964679992072,0.29343546892574013
2055-11-06,29.558333333333334,0.07194522961417635,0.07194638646540656,0.07197503143221609,0.011568512302134737,0.2980181803974302
2055-11-13,29.57777777777778,0.07194545935784484,0.07194686957176782,0.07197572039098724,0.01410213922983794,0.30261033142395255
2055-11-20,29.59722222222222,0.07194568816128805,0.07194735204335771,0.07197640934975837,0.01663882069666278,0.30721188470320127
2055-11-27,29.616666666666667,0.07194591602822227,0.07194783388142649,0.07197709830852951,0.01917853204219666,0.3118228030724035
2055-12-04,29.636111111111113,0.07194614296234984,0.07194831508722109,0.07197778726730064,0.02172124871246961,0.31644304950798063
2055-12-11,29.655555555555555,0.07194636896735919,0.07194879566198524,0.07197847622607177,0.024266946260509403,0.32107258712582576
2055-12-18,29.675,0.07194659404692492,0.07194927560695939,0.07197916518484293,0.026815600344676227,0.32571137918005477
2055-12-25,29.694444444444443,0.07194681820470789,0.0719497549233807,0.07197985414361406,0.029367186728107564,0.3303593890617573
2056-01-01,29.71388888888889,0.07194704144435514,0.07195023361248316,0.0719805431023852,0.03192168128024475,0.33501658030066217
2056-01-08,29.733333333333334,0.07194726376950007,0.07195071167549748,0.07198123206115634,0.034479059974057424,0.33968291656263916
2056-01-15,29.752777777777776,0.07194748518376241,0.07195118911365116,0.07198192101992747,0.03703929888743129,0.3443583616505319
2056-01-22,29.772222222222222,0.0719477056907483,0.07195166592816851,0.07198260997869861,0.03960237420205792,0.3490428795030476
2056-01-29,29.791666666666668,0.07194792529405034,0.07195214212027065,0.07198329893746974,0.04216826220315717,0.353736434194063
2056-02-05,29.81111111111111,0.07194814399724755,0.07195261769117549,0.07198398789624089,0.04473693927933842,0.35843898993331846
2056-02-12,29.830555555555556,0.07194836180390558,0.07195309264209779,0.07198467685501203,0.04730838192204545,0.36315051106447505
2056-02-19,29.85,0.07194857871757665,0.07195356697424908,0.07198536581378316,0.049882566724307464,0.3678709620651144
2056-02-26,29.869444444444444,0.07194879474179952,0.07195404068883784,0.0719860547725543,0.05245947038323706,0.372600307547849
2056-03-04,29.88888888888889,0.07194900988009977,0.07195451378706934,0.07198674373132544,0.05503906969572814,0.3773385122567141
2056-03-11,29.908333333333335,0.07194922413598957,0.0719549862701457,0.07198743269009658,0.05762134156123144,0.38208554107008186
2056-03-18,29.927777777777777,0.07194943751296796,0.07195545813926595,0.07198812164886771,0.06020626297981169,0.3868413589974695
2056-03-25,29.947222222222223,0.07194965001452072,0.07195592939562599,0.07198881060763886,0.06279381105270265,0.39160593118134357
2056-04-01,29.966666666666665,0.07194986164412057,0.07195640004041866,0.07198949956641,0.06538396298091942,0.39637922289434413
2056-04-08,29.98611111111111,0.07195007240522706,0.07195687007483363,0.07199018852518113,0.06797669606567469,0.40116119954067275
2056-04-15,30.005555555555556,0.07195028230128674,0.07195733950005756,0.07199087748395228,0.07057198770824002,0.40595182665539853
2056-04-22,30.025,0.07195049133573314,0.07195780831727398,0.0719915664427234,0.07316981540841927,0.410751069902654
2056-04-29,30.044444444444444,0.0719506995119868,0.07195827652766337,0.07199225540149454,0.07577015676579757,0.41555889507743915
2056-05-06,30.06388888888889,0.07195090683345542,0.07195874413240319,0.07199294436026568,0.0783729894776597,0.42037526810256853
2056-05-13,30.083333333333332,0.07195111330353376,0.0719592111326678,0.07199363331903683,0.08097829134037782,0.4252001550306139
2056-05-20,30.102777777777778,0.07195131892560384,0.07195967752962859,0.07199432227780797,0.08358604024746863,0.43003352204126766
2056-05-27,30.122222222222224,0.07195152370303477,0.07196014332445386,0.0719950112365791,0.08619621419084234,0.4348753354432855
2056-06-03,30.141666666666666,0.07195172763918307,0.07196060851830893,0.07199570019535023,0.08880879125858221,0.4397255616715723
2056-06-10,30.16111111111111,0.07195193073739249,0.07196107311235612,0.07199638915412138,0.09142374963633237,0.4445841672888473
2056-06-17,30.180555555555557,0.07195213300099411,0.07196153710775476,0.0719970781128925,0.09404106760646513,0.44945111898397894
2056-06-24,30.2,0.07195233443330648,0.07196200050566115,0.07199776707166365,0.0966607235466932,0.45432638357170707
2056-07-01,30.219444444444445,0.07195253503763555,0.07196246330722868,0.0719984560304348,0.09928269593131867,0.4592099279925044
2056-07-08,30.238888888888887,0.07195273481727474,0.0719629255136077,0.07199914498920594,0.10190696332956772,0.46410171931202115
2056-07-15,30.258333333333333,0.07195293377550506,0.07196338712594565,0.07199983394797707,0.10453350440586817,0.4690017247201139
2056-07-22,30.27777777777778,0.071953131915595,0.07196384814538703,0.0720005229067482,0.10716229792026577,0.4739099115319556
2056-07-29,30.29722222222222,0.07195332924080078,0.07196430857307337,0.07200121186551936,0.10979332272592623,0.4788262471858151
2056-08-05,30.316666666666666,0.07195352575436617,0.07196476841014329,0.07200190082429048,0.1124265577712169,0.48375069924305736
2056-08-12,30.336111111111112,0.07195372145952271,0.07196522765773249,0.07200258978306162,0.11506198209776386,0.4886832353891146
2056-08-19,30.355555555555554,0.07195391635948967,0.07196568631697375,0.07200327874183277,0.11769957484086824,0.49362382343098865
2056-08-26,30.375,0.07195411045747407,0.07196614438899696,0.0720039677006039,0.12033931522881236,0.49857243129822204
2056-09-02,30.394444444444446,0.07195430375667085,0.07196660187492912,0.07200465665937504,0.12298118258272095,0.5035290270419268
2056-09-09,30.413888888888888,0.07195449626026273,0.07196705877589434,0.07200534561814617,0.12562515631600601,0.5084935788343681
2056-09-16,30.433333333333334,0.07195468797142038,0.07196751509301384,0.07200603457691732,0.1282712159346444,0.5134660549693804
2056-09-20,30.444444444444443,0.07195479716608258,0.07196777558394928,0.07200642826764368,0.129784178666964,0.5163110156110318
