date,act360_years,true_zero_rate,log_linear_zero_rate,linear_continuous_zero_rate,cubic_continuous_zero_rate,log_linear_error_bp,linear_continuous_zero_error_bp,cubic_continuous_zero_error_bp
2026-09-19,0.002777777777777778,0.07798057162230178,0.07741270445085471,0.07741270445086106,0.07739842215958236,-5.678671714470646,-5.6786717144072245,-5.821494627194223
2026-09-26,0.022222222222222223,0.07784546898459506,0.07741270445086208,0.07741270445086106,0.07743341162179325,-4.327645337329766,-4.327645337340035,-4.120573628018098
2026-10-03,0.041666666666666664,0.07771192218783371,0.07741270445086008,0.07741270445086106,0.07745682976579267,-2.992177369736254,-2.99217736972654,-2.550924220410394
2026-10-10,0.06111111111111111,0.07757991434596145,0.07741270445086111,0.07741270445086106,0.07745855168814555,-1.6720989510034256,-1.6720989510039808,-1.2136265781589883
2026-10-17,0.08055555555555556,0.07744942876416296,0.0774127044508607,0.07741270445086106,0.07742845248541691,-0.36724313302261,-0.3672431330190018,-0.20976278746046018
2026-10-24,0.1,0.0773204489365812,0.07731457064825922,0.07735476875236168,0.07735673770779491,-0.05878288321978231,0.34319815780475826,0.3628877121371332
2026-10-31,0.11944444444444445,0.07719295854406308,0.07713884267615921,0.0772195854558631,0.07724453011405849,-0.5411586790386724,0.2662691180002619,0.5157156999541224
2026-11-07,0.1388888888888889,0.07706694145193284,0.07701231853624636,0.07708440215936455,0.07710610941280165,-0.5462291568647526,0.17460707431707356,0.39167960868807805
2026-11-14,0.15833333333333333,0.07694238170779319,0.0769168705008741,0.07694921886286597,0.07695653861009574,-0.2551120691908493,0.06837155072783596,0.14156902302553398
2026-11-21,0.17777777777777778,0.07681926353935353,0.07682685458719826,0.07681635901623741,0.07681087144018957,0.07591047844729415,-0.029045231161178853,-0.08392099163964661
2026-11-28,0.19722222222222222,0.07669757135228503,0.07667104321650409,0.07669743986882896,0.07667945155149893,-0.2652813578093993,-0.0013148345606728284,-0.18119800786101092
2026-12-05,0.21666666666666667,0.07657728972810235,0.0765431979892679,0.0765785207214205,0.07656026325303908,-0.34091738834451935,0.012309933181547938,-0.1702647506326982
2026-12-12,0.2361111111111111,0.07645840342207147,0.07643640962298834,0.07645960157401205,0.076449288140164,-0.21993799083130927,0.011981519405790397,-0.09115281907473571
2026-12-19,0.25555555555555554,0.07634089736114329,0.07634587166027265,0.07634068242660358,0.07634250780822761,0.049742991293649785,-0.0021493453970788945,0.016104470843270047
2026-12-26,0.275,0.076224756641913,0.0761965025678048,0.07622791040977853,0.07623603753696141,-0.28254074108197136,0.03153767865526902,0.11280895048412787
2027-01-02,0.29444444444444445,0.0761099665286044,0.07601668354422289,0.07611974874089102,0.0761282380858747,-0.9328298438150695,0.09782212286618686,0.1827155727029961
2027-01-09,0.3138888888888889,0.07599651245107933,0.07585914298374,0.07601158707200349,0.07601933344048788,-1.373694673393322,0.15074620924163118,0.22820989408547931
2027-01-16,0.3333333333333333,0.07588438000287152,0.07571998215531314,0.07590342540311598,0.0759096039844181,-1.6439784755838127,0.19045400244457888,0.25223981546571017
2027-01-23,0.3527777777777778,0.0757735549392448,0.07559616189064992,0.07579526373422846,0.07579933010128248,-1.7739304859487603,0.2170879498365752,0.257751620376806
2027-01-30,0.37222222222222223,0.0756640231752752,0.07548527807154821,0.07568710206534095,0.07568879217469818,-1.7874510372697938,0.23078890065753033,0.24768999422983273
2027-02-06,0.39166666666666666,0.0755557707839568,0.07538540399335049,0.07557894039645344,0.07557827058828233,-1.7036679060630777,0.2316961249664018,0.22499804325532002
2027-02-13,0.4111111111111111,0.07544878399433091,0.07529497746309045,0.07547077872756591,0.07546804572565208,-1.5380653124046073,0.21994733234997899,0.19261731321162934
2027-02-20,0.4305555555555556,0.0753430491896382,0.07521271849040219,0.0753626170586784,0.07535839797042455,-1.3033069923601426,0.19567869040199026,0.15348780786350602
2027-02-27,0.45,0.0752385529054938,0.07513756831782283,0.07525445538979089,0.07524960770621691,-1.0098458767097973,0.15902484297086739,0.1105480072310927
2027-03-06,0.46944444444444444,0.07513528182808477,0.0750686436033272,0.07514629372090337,0.07514195531664626,-0.6663822475756753,0.11011892818602043,0.06673488561495522
2027-03-13,0.4888888888888889,0.07503322279238969,0.07500520153657529,0.07503813205201586,0.07503572118532979,-0.28021255814400514,0.049092596261651744,0.0249839294010068
2027-03-20,0.5083333333333333,0.07493236278042051,0.07494661296126878,0.07492997038312835,0.07493118569588461,0.1425018084827423,-0.023923972921613412,-0.011770845358971549
2027-03-27,0.5277777777777778,0.07483268891948557,0.0748333894130812,0.07483301757074472,0.07482860624675862,0.007004935956289593,0.003286512591516022,-0.04082672726946068
2027-04-03,0.5472222222222223,0.07473418848047439,0.07470546929491373,0.07474054830096266,0.07472801443009719,-0.28719185560660554,0.06359820488271994,-0.06174050377200091
2027-04-10,0.5666666666666667,0.07463684887616341,0.07458632800838501,0.07464807903118062,0.074629313672742,-0.5052086777840303,0.11230155017208365,-0.07535203421407677
2027-04-17,0.5861111111111111,0.07454065765954251,0.07447509183091527,0.07455560976139855,0.07453240593048396,-0.6556582862723981,0.14952101856036126,-0.08251729058550428
2027-04-24,0.6055555555555555,0.07444560252216222,0.0743709992611728,0.0744631404916165,0.07443719315911394,-0.7460326098941705,0.17537969454278768,-0.08409363048272889
2027-05-01,0.625,0.07435167129250124,0.07427338356243664,0.07437067122183444,0.0743435773144228,-0.7828773006460232,0.18999929333199383,-0.08093978078438369
2027-05-08,0.6444444444444445,0.07425885193435393,0.07418165846621044,0.07427820195205238,0.07425146035220143,-0.7719346814348549,0.19350017698455124,-0.07391582152502241
2027-05-15,0.6638888888888889,0.07416713254523767,0.07409530638817316,0.07418573268227033,0.07416074422824069,-0.7182615706451123,0.18600137032656616,-0.06388316996980281
2027-05-22,0.6833333333333333,0.07407650135481983,0.07401386865604043,0.07409326341248827,0.07407133089833147,-0.6263269877940236,0.16762057668442965,-0.05170456488359787
2027-05-29,0.7027777777777777,0.07398694672336395,0.07393693735967785,0.07400079414270622,0.07398312231826464,-0.5000936368609876,0.13847419342266631,-0.03824405099314698
2027-06-05,0.7222222222222222,0.07389845714019509,0.07386414851773486,0.07390832487292416,0.07389602044383106,-0.3430862246023292,0.09867732729068601,-0.02436696364030433
2027-06-12,0.7416666666666667,0.0738110212221839,0.07379517631918962,0.0738158556031421,0.07380992723082164,-0.15844902994277543,0.04834380958204654,-0.010939913622637354
2027-06-19,0.7611111111111111,0.07372462771224941,0.07372972824757722,0.07372338633336005,0.07372474463502722,0.05100535327803857,-0.01241378889363376,0.0011692277780694926
2027-06-26,0.7805555555555556,0.07363926547788008,0.07364288674646427,0.07363870760619494,0.07364037798701414,0.036212685841918724,-0.005578716851389887,0.011125091340657978
2027-07-03,0.8,0.07355492350967302,0.07354222549186648,0.07355987178599255,0.0735567893030303,-0.12698017806539452,0.04948276319527434,0.01865793357286316
2027-07-10,0.8194444444444444,0.07347159091989118,0.07344634138155465,0.07348103596579016,0.07347398763525649,-0.25249538336533095,0.09445045898975879,0.023967153653103868
2027-07-17,0.8388888888888889,0.073389256941038,0.07335490222999917,0.07340220014558776,0.07339198345960694,-0.3435471103882537,0.12943204549767384,0.027265185689462346
2027-07-24,0.8583333333333333,0.07330791092444981,0.07326760595262405,0.07332336432538537,0.07331078725199584,-0.40304971825763647,0.15453400935561135,0.028763275460308435
2027-07-31,0.8777777777777778,0.07322754233890523,0.07318417723184147,0.07324452850518298,0.07323040948833745,-0.43365107063764174,0.16986166277752068,0.028671494322202173
2027-08-07,0.8972222222222223,0.07314814076925169,0.07310436461660375,0.07316569268498059,0.07315086064454597,-0.4377615264794521,0.17551915728900025,0.0271987529427975
2027-08-14,0.9166666666666666,0.07306969591504874,0.07302793799110335,0.0730868568647782,0.0730721511965356,-0.41757923945381914,0.17160949729463915,0.02455281486860028
2027-08-21,0.9361111111111111,0.07299219758922794,0.07295468635894711,0.07300802104457581,0.07299429162022056,-0.37511230280826147,0.15823455347868665,0.02094030992619289
2027-08-28,0.9555555555555556,0.07291563571676915,0.07288441589786701,0.07292918522437342,0.0729172923915151,-0.3121981890213954,0.13549507604265765,0.016566747459562103
2027-09-04,0.975,0.07284000033339302,0.07281694824720045,0.07285034940417102,0.07284116398633343,-0.23052086192576482,0.1034907077800129,0.011636529404085438
2027-09-11,0.9944444444444445,0.07276528158426941,0.07275211899628062,0.07277151358396863,0.07276591688058974,-0.13162587988793661,0.06231999699221613,0.006352963203282158
2027-09-18,1.0138888888888888,0.07269146972274154,0.07268977634676584,0.07269267776376624,0.07269156155019826,-0.016933759757059574,0.012080410247000684,0.0009182745672187131
2027-09-25,1.0333333333333334,0.07261855510906588,0.07261021341114406,0.07262465021539355,0.0726181082280465,-0.08341697921826485,0.06095106327666522,-0.004468810193836159
2027-10-02,1.0527777777777778,0.07254652820916731,0.07250798263840359,0.07257103369612711,0.07254555911813941,-0.3854557076371501,0.24505486959799927,-0.009690910278969955
2027-10-09,1.0722222222222222,0.07247537959340938,0.07240945971752417,0.07251741717686067,0.07247390674841836,-0.659198758852092,0.42037583451282057,-0.014728449910239583
2027-10-16,1.0916666666666666,0.07240509993537982,0.07231444651901699,0.07246380065759424,0.07240314307076141,-0.906534163628292,0.5870072221442202,-0.019568646184020544
2027-10-23,1.1111111111111112,0.0723356800106906,0.07222275878245765,0.07241018413832778,0.07233326003704658,-1.1292122823294837,0.7450412763718162,-0.02419973644016138
2027-10-30,1.1305555555555555,0.07226711069579272,0.07213422492381433,0.07235656761906135,0.0722642495991519,-1.3288577197839713,0.8945692326862986,-0.02861096640827121
2027-11-06,1.15,0.07219938296680557,0.07204868496377241,0.07230295109979491,0.07219610370895542,-1.5069800303316172,1.035681329893401,-0.03279257850152817
2027-11-13,1.1694444444444445,0.07213248789836027,0.07196598956297191,0.07224933458052847,0.0721288143183352,-1.66498335388357,1.168466821682007,-0.03673580025065348
2027-11-20,1.1888888888888889,0.07206641666245735,0.07188599915191717,0.07219571806126203,0.07206237337916928,-1.8041751054018174,1.2930139880468206,-0.040432832880688
2027-11-27,1.2083333333333333,0.07200116052733815,0.07180858314489627,0.07214210154199559,0.07199677284333565,-1.9257738244188305,1.4094101465743358,-0.043876840025020014
2027-12-04,1.2277777777777779,0.07193671085637016,0.07173361922859557,0.07208848502272915,0.07193200466271242,-2.030916277745848,1.5177416635898944,-0.047061936577358354
2027-12-11,1.2472222222222222,0.07187305910694561,0.07166099271725757,0.0720348685034627,0.07186806078917757,-2.120663896880426,1.618093965170958,-0.049983177680401614
2027-12-18,1.2666666666666666,0.07181019682939381,0.07159059596723245,0.07198125198419628,0.07180493317460919,-2.1960086216135655,1.710551548024658,-0.05263654784620764
2027-12-25,1.2861111111111112,0.07174811566590639,0.07152232784463797,0.07192763546492983,0.0717426137708853,-2.2578782126841945,1.7951979902344761,-0.055018950210899975
2028-01-01,1.3055555555555556,0.07168680734947581,0.07145609324058874,0.07187401894566339,0.07168109452988392,-2.307141088870729,1.872115961875781,-0.057128195918992875
2028-01-08,1.325,0.07162626370284672,0.07139180262911132,0.07182040242639695,0.07162036740348313,-2.3446107373539804,1.941387235502301,-0.058962993635947036
2028-01-15,1.3444444444444446,0.07156647663747989,0.0713293716634204,0.07176678590713051,0.07156042434356094,-2.371049740594877,2.00309269650617,-0.06052293918951124
2028-01-22,1.363888888888889,0.07150743815252897,0.07126872080673077,0.07171316938786408,0.0715012573019954,-2.3871734579819504,2.057312353351132,-0.06180850533568649
2028-01-29,1.3833333333333333,0.07144914033382946,0.07120977499420522,0.07165955286859764,0.07144285823066457,-2.393653396242368,2.104125347681812,-0.06282103164889641
2028-02-05,1.4027777777777777,0.07139157535290004,0.07115246332301692,0.0716059363493312,0.07138521908144646,-2.3911202988312343,2.143609964311566,-0.06356271453580864
2028-02-12,1.4222222222222223,0.07133473546595599,0.07109671876783773,0.07155231983006476,0.07132833180621913,-2.380166981182652,2.175843641087638,-0.06403659736864409
2028-02-19,1.4416666666666667,0.07127861301293456,0.07104247791934933,0.07149870331079831,0.07127218835686061,-2.361350935852352,2.2009029786375365,-0.06424656073950041
2028-02-26,1.461111111111111,0.07122320041653205,0.07098968074363433,0.07144508679153187,0.07121678068524895,-2.3351967289771123,2.218863749998273,-0.06419731283097141
2028-03-04,1.4805555555555556,0.07116849018125276,0.07093827036052723,0.07139147027226544,0.0711621007432622,-2.302198207255329,2.2298009101268113,-0.06389437990569902
2028-03-11,1.5,0.07111447489246926,0.07088819283920439,0.071337853752999,0.07110814048277837,-2.262820532648729,2.23378860529741,-0.06334409690889053
2028-03-18,1.5194444444444444,0.07106114721549414,0.0708393970094694,0.07128423723373256,0.07105489185567553,-2.217502060247456,2.230900182384199,-0.06255359818616024
2028-03-25,1.538888888888889,0.07100849989466283,0.070791834287345,0.07123062071446612,0.07100234681383169,-2.166656073178258,2.22120819803287,-0.06153080831142188
2028-04-01,1.5583333333333333,0.07095652575242777,0.0707454585137228,0.07117700419519968,0.07095049730912492,-2.1106723870496777,2.204784427719125,-0.06028443302844022
2028-04-08,1.5777777777777777,0.07090521768846328,0.07070022580494344,0.07112338767593324,0.07089933529343326,-2.0499188351984223,2.181699874699572,-0.058823950300213035
2028-04-15,1.5972222222222223,0.07085456867878134,0.07065609441429081,0.0710697711566668,0.07084885271863474,-1.9847426449053074,2.152024778854511,-0.05715960146604471
2028-04-22,1.6166666666666667,0.07080457177485812,0.0706130246034821,0.07101615463740037,0.07079904153660739,-1.9154717137602473,2.115828625422478,-0.05530238250728292
2028-04-29,1.636111111111111,0.07075522010277085,0.07057097852332082,0.07096253811813392,0.07074989369922927,-1.8424157945003128,2.073180153630699,-0.053264035415889754
2028-05-06,1.6555555555555554,0.07070650686234534,0.07052992010276059,0.07090892159886748,0.07070140115837842,-1.7658675958474868,2.0241473652214683,-0.05105703966917785
2028-05-13,1.675,0.07065842532631356,0.07048981494569599,0.07085530507960106,0.07065355586593286,-1.6861038061756484,1.9687975328749885,-0.048694603806964665
2028-05-20,1.6944444444444444,0.0706109688394816,0.07045063023485908,0.07080168856033461,0.07060634977377067,-1.6033860462252858,1.9071972085300815,-0.04619065710934067
2028-05-27,1.7138888888888888,0.07056413081790748,0.07041233464225838,0.07074807204106817,0.07055977483376985,-1.5179617564910208,1.8394122316069128,-0.043559841376300534
2028-06-03,1.7333333333333334,0.07051790474808886,0.07037489824564552,0.07069445552180173,0.07051382299780846,-1.4300650244333801,1.765507737128691,-0.04081750280396368
2028-06-10,1.7527777777777778,0.07047228418616072,0.07033829245054227,0.07064083900253529,0.07046848621776451,-1.33991735618455,1.6855481637456649,-0.03797968396210272
2028-06-17,1.7722222222222221,0.07042726275710243,0.07030248991740047,0.07058722248326885,0.07042375644551611,-1.2477283970195596,1.5995972616641985,-0.03506311586312649
2028-06-24,1.7916666666666667,0.07038283415395453,0.07026746449350522,0.0705336059640024,0.07037962563294124,-1.153696604493104,1.5077181004787,-0.03208521013292609
2028-07-01,1.8111111111111111,0.07033899213704502,0.07023319114926417,0.07047998944473596,0.07033608573191796,-1.0580098778084635,1.4099730769094598,-0.029064051270538682
2028-07-08,1.8305555555555555,0.07029573053322456,0.07019964591855785,0.07042637292546954,0.07029312869432432,-0.9608461466671658,1.3064239224497287,-0.026018389002457898
2028-07-15,1.85,0.07025304323511139,0.07016680584285134,0.0703727564062031,0.07025074647203834,-0.8623739226004679,1.1971317109170376,-0.02296763073048047
2028-07-22,1.8694444444444445,0.07021092420034482,0.070134648918794,0.07031913988693665,0.07020893101693808,-0.7627528155082497,1.0821568659183378,-0.01993183406739929
2028-07-29,1.8888888888888888,0.07016936745084805,0.07010315404905544,0.07026552336767021,0.07016767428090158,-0.662134017926086,0.961559168221604,-0.016931699464706185
2028-08-05,1.9083333333333334,0.07012836707209959,0.0700723009961675,0.07021190684840378,0.07012696821580686,-0.5606607593208746,0.8353977630419507,-0.013988562927308434
2028-08-12,1.9277777777777778,0.07008791721241359,0.07004207033915914,0.07015829032913734,0.07008680477353198,-0.45846873254443143,0.7037311672375424,-0.01112438881609168
2028-08-19,1.9472222222222222,0.07004801208222866,0.07001244343279003,0.07010467380987088,0.07004717590595497,-0.35568649438627586,0.5666172764222377,-0.008361762736941447
2028-08-26,1.9666666666666666,0.07000864595340535,0.06998340236920221,0.07005105729060446,0.07000807356495388,-0.25243584203138436,0.42411337199108057,-0.005723884514696742
2028-09-02,1.9861111111111112,0.06996981315853183,0.06995492994182456,0.06999744077133802,0.06996948970240674,-0.1488321670727044,0.2762761280618309,-0.0032345612509254718
2028-09-09,2.0055555555555555,0.06993150809023814,0.0699270096113766,0.06994382425207157,0.0699314162701916,-0.04498478861539312,0.1231616183343387,-0.0009182004653829345
2028-09-16,2.025,0.06989372520051852,0.06989962547383169,0.06989020773280513,0.0698938452201865,0.05900273313166893,-0.03517467713390343,0.0012001966798180774
2028-09-23,2.0444444444444443,0.06985645900006175,0.0698675154380581,0.06984842823340687,0.06985676855993077,0.11056437996342927,-0.08030766654884558,0.0030955986901615162
2028-09-30,2.063888888888889,0.06981970405758968,0.0698290806223002,0.06982243142716614,0.06982018013584809,0.09376564710519841,0.02727369576460692,0.004760782584128931
2028-10-07,2.0833333333333335,0.06978345499920355,0.06979136325643644,0.06979643462092543,0.06978407601050636,0.07908257232888682,0.1297962172187861,0.006210113028121134
2028-10-14,2.102777777777778,0.06974770650773815,0.06975434343762962,0.06977043781468471,0.06974845237841135,0.06636929891473686,0.22731306946563445,0.007458706731966469
2028-10-21,2.1222222222222222,0.06971245332212367,0.06971800199246583,0.06974444100844399,0.06971330543406885,0.05548670342164774,0.3198768632031723,0.008521119451848636
2028-10-28,2.1416666666666666,0.06967769023675516,0.069682320443842,0.06971844420220329,0.06967863137198467,0.04630207086839255,0.40753965448128704,0.009411352295124464
2028-11-04,2.161111111111111,0.06964341210086962,0.06964728097964072,0.06969244739596256,0.06964442638666457,0.03868878771101647,0.49035295092939024,0.010142857949507755
2028-11-11,2.1805555555555554,0.06960961381793031,0.06961286642308126,0.06966645058972183,0.06961068667261434,0.03252605150952381,0.5683677179152413,0.010728546840366171
2028-11-18,2.2,0.06957629034501855,0.06957906020464273,0.06964045378348112,0.06957740842433979,0.027698596241770845,0.6416343846256389,0.011180793212384188
2028-11-25,2.2194444444444446,0.06954343669223281,0.06954584633546353,0.0696144569772404,0.06954458783634669,0.024096432307135762,0.7102028500759194,0.011511441138783995
2028-12-02,2.238888888888889,0.06951104792209473,0.06951320938212609,0.06958846017099968,0.06951222110314084,0.021614600313607513,0.7741224890495113,0.011731810461157455
2028-12-09,2.2583333333333333,0.06947911914896243,0.06948113444274527,0.06956246336475896,0.069480304419228,0.02015293782839378,0.8334421579653251,0.011852702655745784
2028-12-16,2.2777777777777777,0.0694476455384507,0.06944960712428074,0.06953646655851825,0.069448833979114,0.01961585830032031,0.8882102006754766,0.011884406632967082
2028-12-23,2.297222222222222,0.06941662230685812,0.06941861352100183,0.06951046975227754,0.06941780597730461,0.019912141437095077,0.938474454194177,0.011836704464918135
2028-12-30,2.316666666666667,0.06938604472060088,0.06938814019403693,0.06948447294603682,0.06938721660830559,0.02095473436047879,0.9842822543594532,0.01171887704709551
2029-01-06,2.3361111111111112,0.06935590809565349,0.06935817415194423,0.0694584761397961,0.06935706206662276,0.022660562907367288,1.0256804414260356,0.011539709692670597
2029-01-13,2.3555555555555556,0.06932620779699603,0.06932870283224453,0.06943247933355538,0.06932733854676189,0.024950352485036964,1.062715365593575,0.01130749765862471
2029-01-20,2.375,0.06929693923806793,0.06929971408386158,0.06940648252731466,0.06929804224322877,0.027748457936543902,1.095432892467274,0.01103005160846271
2029-01-27,2.3944444444444444,0.06926809788022831,0.06927119615041755,0.06938048572107394,0.06926916935052921,0.030982701892390274,1.123878408456347,0.01071470300900712
2029-02-03,2.4138888888888888,0.06923967923222264,0.06924313765433626,0.06935448891483323,0.06924071606316895,0.03458422113619686,1.1480968261058655,0.010368309463076875
2029-02-10,2.433333333333333,0.0692116788496558,0.06921552758170836,0.06932849210859252,0.06921267857565383,0.038487320525582014,1.1681325893671268,0.009997259980271123
2029-02-17,2.452777777777778,0.06918409233447129,0.06918835526787631,0.06930249530235179,0.06918505308248961,0.04262933405024816,1.1840296788050153,0.009607480183221329
2029-02-24,2.4722222222222223,0.06915691533443667,0.0691616103837001,0.06927649849611107,0.06915783577818209,0.04695049263425677,1.1958316167440253,0.009204437454168879
2029-03-03,2.4916666666666667,0.06913014354263503,0.0691352829224653,0.06925050168987035,0.06913102285723705,0.05139379830279567,1.2035814723532212,0.008793146020202869
2029-03-10,2.511111111111111,0.06910377269696254,0.06910936318740007,0.06922450488362963,0.06910461051416025,0.05590490437537565,1.2073218666709684,0.008378171977158066
2029-03-17,2.5305555555555554,0.06907779857963187,0.06908384177976726,0.06919850807738892,0.06907859494345754,0.06043200135391613,1.2070949775705442,0.007963638256752725
2029-03-24,2.55,0.06905221701668152,0.06905870958750136,0.0691725112711482,0.06905297233963464,0.06492570819846555,1.2029425446667685,0.007553229531276351
2029-03-31,2.5694444444444446,0.06902702387749093,0.06903395777436167,0.06914651446490748,0.06902773889719739,0.06933896870731093,1.1949058741654583,0.007150197064570429
2029-04-07,2.588888888888889,0.06900221507430129,0.06900957776957382,0.06912051765866675,0.06900289081065156,0.07362695272530861,1.1830258436545948,0.0067573635026407786
2029-04-14,2.6083333333333334,0.068977786561742,0.06898556125793515,0.06909452085242604,0.06897842427450292,0.07774696193146857,1.1673429068403962,0.006377127609175082
2029-04-21,2.6277777777777778,0.06895373433636279,0.06896190017035878,0.06906852404618533,0.06895433548325727,0.08165833995987803,1.147897098225381,0.00601146894485538
2029-04-28,2.647222222222222,0.0689300544361712,0.06893858667483492,0.06904252723994461,0.06893062063142041,0.08532238663719327,1.124728037734113,0.005661952492130862
2029-05-05,2.6666666666666665,0.06890674294017565,0.06891561316778747,0.0690165304337039,0.06890727591349813,0.08870227611812442,1.0978749352824613,0.0053297332247570495
2029-05-12,2.686111111111111,0.06888379596793384,0.06889297226580586,0.06899053362746317,0.0688842975239962,0.09176297872018346,1.0673765952932956,0.005015560623627957
2029-05-19,2.7055555555555557,0.06886120967910639,0.06887065679773363,0.06896453682122246,0.0688616816574204,0.09447118627242679,1.033271421160692,0.004719783140150202
2029-05-26,2.725,0.06883898027301583,0.06884865979709566,0.06893854001498173,0.06883942450827653,0.09679524079833635,0.9955974196590445,0.004442352607020306
2029-06-02,2.7444444444444445,0.06881710398821073,0.06882697449484729,0.06891254320874102,0.06881752227107038,0.09870506636561194,0.9543922053029119,0.004182828596543953
2029-06-09,2.763888888888889,0.06879557710203489,0.06880559431242957,0.0688865464025003,0.06879597114030774,0.10017210394674958,0.9096930046541274,0.003940382728440106
2029-06-16,2.783333333333333,0.06877439593020171,0.06878451285511547,0.06886054959625958,0.0687747673104944,0.1011692491376115,0.8615366605786712,0.0037138029268524164
2029-06-23,2.8027777777777776,0.06875355682637341,0.0687637239056333,0.06883455279001886,0.06875390697613612,0.10167079259895684,0.8099596364545547,0.0035014976271230402
2029-06-30,2.8222222222222224,0.06873305618174531,0.06874322141805342,0.06880855598377815,0.06873338633173871,0.10165236308104508,0.7549980203283568,0.003301499933994201
2029-07-07,2.841666666666667,0.06871289042463494,0.06872299951192624,0.06878255917753742,0.06871320157180798,0.10109087291307328,0.6966875290248531,0.0031114717304048245
2029-07-14,2.861111111111111,0.06869305602007576,0.06870305246665905,0.06875656237129671,0.06869334889084966,0.0999644658328247,0.6350635122094606,0.0029287077389639204
2029-07-21,2.8805555555555555,0.0686735494694161,0.06868337471612065,0.068730565565056,0.06867382448336959,0.0982524670455065,0.5701609563989185,0.0027501395348517033
2029-07-28,2.9,0.0686543673099223,0.06866396084346306,0.06870456875881528,0.06865462454387353,0.09593533540755428,0.5020144889297806,0.0025723395122301262
2029-08-04,2.9194444444444443,0.06863550611438675,0.06864480557615005,0.06867857195257455,0.06863574526686728,0.09299461763298544,0.4306583818780574,0.0023915248052730487
2029-08-11,2.938888888888889,0.06861696249074047,0.06862590378118334,0.06865257514633384,0.06861718284685663,0.08941290442876504,0.35612655593375564,0.002203561161595591
2029-08-18,2.9583333333333335,0.06859873308167015,0.0686072504605167,0.06862657834009313,0.06859893347834733,0.08517378846550905,0.27845258422976027,0.0020039667718296794
2029-08-25,2.977777777777778,0.06858081456423981,0.0685888407466498,0.0686005815338524,0.06858099335584522,0.08026182409984206,0.19766969612589058,0.0017879160540967831
2029-09-01,2.9972222222222222,0.06856320364951664,0.06857066989839375,0.06857458472761169,0.06856335867385607,0.07466248877111004,0.11381078095049069,0.0015502433943492822
2029-09-08,3.0166666666666666,0.0685458970822014,0.06855273329680034,0.06854858792137097,0.06854602562688565,0.06836214598932022,0.026908391695668055,0.0012854468424416954
2029-09-15,3.036111111111111,0.06852889164026307,0.06853502644124741,0.06852259111513025,0.06852899040943977,0.061348009843392726,-0.06300525132826862,0.0009876917669848773
2029-09-22,3.0555555555555554,0.06851218413457764,0.06851861793407907,0.0685011146324303,0.06851224922132061,0.06433799501423532,-0.11069502147340038,0.0006508674296745731
2029-09-29,3.075,0.0684957714085713,0.06850508245059035,0.06849093895858231,0.06849579872378073,0.09311042019052862,-0.04832449988986798,0.0002731520942766963
2029-10-06,3.0944444444444446,0.06847965033786763,0.06849171707192109,0.0684807632847343,0.06847963639107259,0.12066734053461925,0.011129468666798426,-0.00013946795038299875
2029-10-13,3.113888888888889,0.06846381782993893,0.06847851861145109,0.06847058761088631,0.06846375978020519,0.14700781512153038,0.067697809473799,-0.0005804973374212707
2029-10-20,3.1333333333333333,0.06844827082376165,0.06846548396166072,0.0684604119370383,0.06844816644818758,0.17213137899069197,0.12141113276659121,-0.0010437557407261266
2029-10-27,3.1527777777777777,0.06843300628947571,0.0684526100916915,0.06845023626319031,0.06843285395202874,0.19603802215786836,0.17229973714602553,-0.0015233744697640272
2029-11-03,3.172222222222222,0.06841802122804788,0.06843989404499685,0.06844006058934232,0.06841781984873768,0.21872816948972917,0.22039361294440285,-0.0020137931019958977
2029-11-10,3.191666666666667,0.06840331267093903,0.06842733293707833,0.06842988491549432,0.06840306169532344,0.24020266139290758,0.2657224455528129,-0.0025097561559550563
2029-11-17,3.2111111111111112,0.0683888776797752,0.06841492395330415,0.06841970924164632,0.068388577048795,0.2604627352895128,0.3083156187112801,-0.0030063098019339485
2029-11-24,3.2305555555555556,0.06837471334602242,0.06840266434680665,0.06840953356779832,0.0683743634661614,0.2795100078423207,0.34820221775894167,-0.0034987986102796853
2029-12-01,3.25,0.06836081679066558,0.06839055143645531,0.06839935789395032,0.06836041850443159,0.2973464578973073,0.38541103284744915,-0.003982862339935167
2029-12-08,3.2694444444444444,0.06834718516389064,0.0683785826049017,0.06838918222010233,0.06834673972061463,0.31397441011063454,0.4199705621169003,-0.004454432760148119
2029-12-15,3.2888888888888888,0.06833381564477069,0.06836675529669418,0.06837900654625433,0.06833332467171953,0.32939651923497015,0.45190901483638246,-0.004909730511593047
2029-12-22,3.308333333333333,0.06832070544095571,0.06835506701645885,0.06836883087240633,0.06832017091475528,0.34361575503141784,0.48125431450621314,-0.005345262004269324
2029-12-29,3.327777777777778,0.06830785178836578,0.06834351532714446,0.06835865519855833,0.06830727600673091,0.3566353877867967,0.5080341019254864,-0.00575781634870598
2030-01-05,3.3472222222222223,0.06829525195088787,0.06833209784832832,0.06834847952471032,0.06829463750465539,0.3684589744044897,0.532275738224508,-0.006144462324775279
2030-01-12,3.3666666666666667,0.06828290322007614,0.06832081225458102,0.06833830385086234,0.06828225296553778,0.3790903450487382,0.5540063078619817,-0.00650254538367423
2030-01-19,3.386111111111111,0.0682708029148557,0.06830965627388745,0.06832812817701434,0.06827011994638706,0.3885335903175413,0.5732526215863898,-0.006829684686404658
2030-01-26,3.4055555555555554,0.06825894838122973,0.06829862768612183,0.06831795250316634,0.06825823600421224,0.39679304892098477,0.5900412193661497,-0.007123770174866095
2030-02-02,3.425,0.06824733699199007,0.068287724321575,0.06830777682931832,0.06824659869602234,0.4038732958493163,0.6043983732825775,-0.007382959677226797
2030-02-09,3.4444444444444446,0.06823596614643097,0.06827694405953108,0.06829760115547034,0.06823520557882637,0.4097791310010701,0.616350090393708,-0.007605676046046339
2030-02-16,3.463888888888889,0.06822483327006638,0.06826628482689262,0.06828742548162234,0.06822405420963333,0.414515568262358,0.6259221155595351,-0.007790604330537576
2030-02-23,3.4833333333333334,0.06821393581435022,0.06825574459685144,0.06827724980777435,0.06821314214545224,0.41808782501220887,0.6331399342413002,-0.007936688979776063
2030-03-02,3.5027777777777778,0.06820327125639997,0.0682453213876037,0.06826707413392634,0.06820246694329211,0.42050131203730245,0.638028775263727,-0.008043131078522281
2030-03-09,3.522222222222222,0.06819283709872354,0.06823501326110791,0.06825689846007835,0.06819202616016193,0.42176162384374716,0.6406136135481133,-0.008109385616072995
2030-03-16,3.5416666666666665,0.06818263086894912,0.06822481832188346,0.06824672278623034,0.06818181735307073,0.42187452934341896,0.6409191728122543,-0.008135158783839636
2030-03-23,3.561111111111111,0.06817265011955814,0.06821473471584867,0.06823654711238235,0.06817183807902752,0.4208459629052863,0.6389699282420558,-0.00812040530623337
2030-03-30,3.5805555555555557,0.06816289242762139,0.06820476062919671,0.06822637143853436,0.06816208589504132,0.41868201575326336,0.6347901091297015,-0.008065325800693524
2030-04-06,3.6,0.068153355394538,0.06819489428730799,0.06821619576468635,0.06815255835812109,0.41538892769990565,0.6284037014835098,-0.007970364169079813
2030-04-13,3.6194444444444445,0.06814403664577762,0.06818513395369744,0.06820602009083834,0.0681432530252759,0.4109730791981847,0.6198344506072595,-0.007836205017236475
2030-04-20,3.638888888888889,0.0681349338306253,0.06817547792899567,0.06819584441699036,0.06813416745351472,0.40544098370370873,0.6091058636506497,-0.007663771105781425
2030-04-27,3.658333333333333,0.06812604462192949,0.06816592454996272,0.06818566874314236,0.06812529919984657,0.39879928033226264,0.5962412121286731,-0.007454220829206104
2030-05-04,3.6777777777777776,0.06811736671585272,0.06815647218853285,0.06817549306929435,0.06811664582128048,0.3910547268012876,0.5812635344162875,-0.0072089457224533415
2030-05-11,3.6972222222222224,0.06810889783162538,0.06814711925088959,0.06816531739544636,0.06810820487482543,0.3822141926421163,0.5641956382097801,-0.00692956799955291
2030-05-18,3.716666666666667,0.06810063571130201,0.06813786417656996,0.06815514172159837,0.06809997391749047,0.3722846526794943,0.5450601029635682,-0.006617938115432986
2030-05-25,3.736111111111111,0.06809257811952059,0.06812870543759642,0.06814496604775036,0.06809195050628453,0.36127318075826476,0.5238792822977179,-0.0062761323606219666
2030-06-01,3.7555555555555555,0.06808472284326449,0.06811964153763593,0.06813479037390237,0.06808413219821671,0.34918694371444126,0.5006753063788172,-0.005906450477738412
2030-06-08,3.775,0.06807706769162705,0.06811067101118495,0.06812461470005436,0.06807651655029599,0.3360331955790108,0.4754700842730941,-0.0055114133105937935
2030-06-15,3.7944444444444443,0.06806961049557902,0.0681017924227796,0.06811443902620637,0.06806910111953135,0.32181927200572447,0.44828530627344376,-0.005093760476748699
2030-06-22,3.813888888888889,0.06806234910773845,0.06809300436622982,0.06810426335235836,0.06806188346293182,0.3065525849137163,0.41914244619911667,-0.004656448066298058
2030-06-29,3.8333333333333335,0.06805528140214329,0.06808430546387689,0.06809408767851037,0.06805486113750642,0.2902406173360683,0.38806276367084336,-0.0042026463686895
2030-07-06,3.852777777777778,0.06804840527402653,0.06807569436587359,0.06808391200466238,0.06804803170026415,0.27289091847057523,0.3550673063584808,-0.0037357376238278395
2030-07-13,3.8722222222222222,0.06804171863959395,0.06806716974948583,0.06807373633081437,0.06804139270821402,0.2545110989188304,0.32017691220423417,-0.003259313799269803
2030-07-20,3.8916666666666666,0.06803521943580434,0.06805873031841529,0.06806356065696637,0.06803494171836505,0.23510882610947026,0.28341221162020425,-0.002777174392953885
2030-07-27,3.911111111111111,0.06802890562015218,0.06805037480214232,0.06805338498311837,0.06802867628772623,0.21469181990141362,0.24479362966192686,-0.0022933242595224446
2030-08-03,3.9305555555555554,0.06802277517045278,0.06804210195528834,0.06804320930927038,0.06802259397330658,0.1932678483555772,0.20434138817596037,-0.0018119714620401517
2030-08-10,3.95,0.06801682608462997,0.06803391055699688,0.06803303363542237,0.06801669233211512,0.1708447236691002,0.16207550792401992,-0.0013375251485536754
2030-08-17,3.9694444444444446,0.06801105638050599,0.0680257994103332,0.06802285796157438,0.06801096892116083,0.14743029827207765,0.11801581068393574,-0.0008745934515497211
2030-08-24,3.988888888888889,0.06800546409559392,0.06801776734170105,0.06801268228772638,0.06800542129745275,0.12303246107125965,0.07218192132452117,-0.00042798141169919646
2030-08-31,4.008333333333334,0.06800004728689232,0.06800981320027673,0.06800250661387838,0.06800004701799987,0.0976591338440469,0.024593269860595512,-2.688924499727463e-06
2030-09-07,4.027777777777778,0.06799480403068237,0.06800193585745924,0.06799233094003039,0.06799484363981123,0.07131826776876626,-0.02473090651974874,0.000396091288656919
2030-09-14,4.0472222222222225,0.06798973242232696,0.06799413420633664,0.0679821552661824,0.06798980871989581,0.04401784009677723,-0.07577156144564223,0.0007629756884619532
2030-09-21,4.066666666666666,0.06798483057607249,0.06798728482661881,0.0679732645576705,0.06798493981573503,0.02454250546318759,-0.11566018401992784,0.0010923966253795214
2030-09-28,4.086111111111111,0.06798009662485245,0.06798574156834301,0.06797208364117534,0.06798023472479367,0.056449434905625484,-0.08012983677113672,0.0013809994121871672
2030-10-05,4.105555555555555,0.06797552872009359,0.0679842129282106,0.06797090272468018,0.06797569187425656,0.08684208117004655,-0.04625995413412576,0.0016315416297152385
2030-10-12,4.125,0.0679711250315239,0.06798269869950024,0.067969721808185,0.06797130979334869,0.1157366797634174,-0.014032233388999726,0.0018476182478410763
2030-10-19,4.144444444444445,0.06796688374698312,0.06798119867937034,0.06796854089168983,0.06796708701129507,0.14314932387224366,0.01657144706707081,0.0020326431195150096
2030-10-26,4.163888888888889,0.06796280307223508,0.06797971266876797,0.06796735997519467,0.06796302205732069,0.16909596532888038,0.04556902959584885,0.0021898508560658225
2030-11-02,4.183333333333334,0.06795888123078228,0.06797824047234118,0.06796617905869949,0.06795911346065057,0.19359241558894458,0.07297827917210342,0.0023222986829385395
2030-11-09,4.2027777777777775,0.06795511646368249,0.06797678189835327,0.06796499814220433,0.0679553597505097,0.2166543467077564,0.09881678521839188,0.0024328682721175277
2030-11-16,4.222222222222222,0.06795150702936745,0.06797533675859943,0.06796381722570916,0.06795175945612311,0.23829729231983343,0.12310196341708268,0.0025242675566472528
2030-11-23,4.241666666666666,0.06794805120346359,0.06797390486832598,0.06796263630921398,0.06794831110671574,0.258536648623936,0.1458510575039207,0.0025990325215607957
2030-11-30,4.261111111111111,0.06794474727861469,0.06797248604615153,0.0679614553927188,0.06794501323151264,0.27738767536839015,0.1670811410411921,0.0026595289795428023
2030-12-07,4.280555555555556,0.06794159356430658,0.06797108011399033,0.06796027447622363,0.06794186435973877,0.29486549683752084,0.18680911917048904,0.0027079543218899715
2030-12-14,4.3,0.0679385883866938,0.0679696868969779,0.06795909355972847,0.06793886302061919,0.31098510284099934,0.20505173034673918,0.0027463392539284204
2030-12-21,4.319444444444445,0.06793573008842808,0.06796830622339832,0.0679579126432333,0.06793600774337885,0.32576134970235815,0.22182554805211252,0.0027765495076714775
2030-12-28,4.338888888888889,0.06793301702848899,0.06796693792461399,0.06795673172673813,0.06793329705724277,0.33920896125000377,0.2371469824914707,0.002800287537824131
2031-01-04,4.358333333333333,0.0679304475820161,0.06796558183499662,0.06795555081024296,0.06793072949143596,0.35134252980517644,0.25103228226852625,0.0028190941984973517
2031-01-11,4.377777777777778,0.06792802014014336,0.06796423779186063,0.0679543698937478,0.0679283035751834,0.3621765171726854,0.263497536044377,0.002834350400354735
2031-01-18,4.397222222222222,0.0679257331098351,0.06796290563539799,0.06795318897725262,0.06792601783771009,0.3717252556288686,0.2745586741752237,0.0028472787498567964
2031-01-25,4.416666666666667,0.06792358491372388,0.06796158520861491,0.06795200806075746,0.06792387080824104,0.38000294891024633,0.284231470335794,0.0028589451715743674
2031-02-01,4.436111111111111,0.06792157398995029,0.0679602763572701,0.06795082714426229,0.06792186101600126,0.38702367319815023,0.29253154312000595,0.0028702605096853073
2031-02-08,4.455555555555556,0.0679196987920043,0.06795897892981483,0.06794964622776711,0.06791998699021573,0.39280137810529525,0.2994743576281711,0.002881982114344428
2031-02-15,4.475,0.0679179577885685,0.06795769277733434,0.06794846531127195,0.06791824726010949,0.397349887658327,0.3050752270344903,0.002894715409873516
2031-02-22,4.4944444444444445,0.0679163494633631,0.0679564177534909,0.06794728439477678,0.0679166403549075,0.40068290127801,0.30934931413678646,0.0029089154440775644
2031-03-01,4.513888888888889,0.06791487231499257,0.06795515371446827,0.06794610347828162,0.06791516480383478,0.4028139947569176,0.3123116328904163,0.0029248884220178795
2031-03-08,4.533333333333333,0.06791352485679394,0.06795390051891766,0.06794492256178644,0.06791381913611631,0.4037566212371224,0.3139770499249739,0.002942793223686957
2031-03-15,4.552777777777778,0.06791230561668697,0.06795265802790496,0.06794374164529127,0.06791260188097713,0.4035241121798372,0.31436028604295285,0.0029626429015605638
2031-03-22,4.572222222222222,0.06791121313702564,0.0679514261048596,0.0679425607287961,0.06791151156764219,0.40212967833963553,0.31347591770466976,0.0029843061655210334
2031-03-29,4.591666666666667,0.06791024597445168,0.06795020461552424,0.06794137981230093,0.06791054672533653,0.3995864107256275,0.31133837849250945,0.0030075088484904366
2031-04-05,4.611111111111111,0.06790940269974934,0.06794899342790615,0.06794019889580577,0.06790970588328514,0.39590728156818633,0.30796196056434577,0.0030318353580471857
2031-04-12,4.6305555555555555,0.06790868189770201,0.06794779241222965,0.0679390179793106,0.06790898757071304,0.39110514527637696,0.30336081608586807,0.003056730110279071
2031-04-19,4.65,0.06790808216695034,0.06794660144088978,0.06793783706281542,0.06790839031684517,0.38519273939441323,0.297548958650834,0.003081498948370731
2031-04-26,4.669444444444444,0.0679076021198518,0.067945420388407,0.06793665614632026,0.0679079126509066,0.37818268555186996,0.2905402646845301,0.003105310547868445
2031-05-03,4.688888888888889,0.06790724038234207,0.06794424913138317,0.06793547522982508,0.06790755310212229,0.37008749041098077,0.282348474830163,0.0031271978022384683
2031-05-10,4.708333333333333,0.06790699559379756,0.0679430875484587,0.06793429431332992,0.06790731019971726,0.3609195466112991,0.27298719532359295,0.003146059196906803
2031-05-17,4.727777777777778,0.06790686640689982,0.06794193552027034,0.06793311339683475,0.0679071824729165,0.3506911337051999,0.2624698993493324,0.0031606601667844014
2031-05-24,4.747222222222222,0.06790685148750113,0.06794079292941065,0.06793193248033957,0.06790716845094501,0.3394144190951853,0.25080992838447114,0.0031696344388043585
2031-05-31,4.766666666666667,0.0679069495144918,0.06793965966038776,0.06793075156384441,0.06790726666302781,0.32710145895953335,0.23802049352608656,0.003171485360026205
2031-06-07,4.786111111111111,0.06790715917966873,0.06793853559958679,0.06792957064734924,0.06790747563838988,0.31376419918058285,0.22411467680505393,0.0031645872114460794
2031-06-14,4.805555555555555,0.06790747918760555,0.06793742063523164,0.06792838973085408,0.0679077939062562,0.2994144762609452,0.2091054324852848,0.003147186506541333
2031-06-21,4.825,0.06790790825552401,0.06793631465734794,0.0679272088143589,0.06790821999585184,0.2840640182392995,0.193005588348949,0.003117403278296571
2031-06-28,4.844444444444444,0.06790844511316704,0.06793521755772708,0.06792602789786373,0.06790875243640174,0.26772444560035913,0.17582784696684728,0.0030732323469395695
2031-07-05,4.863888888888889,0.06790908850267285,0.06793412922989073,0.06792484698136855,0.0679093897571309,0.25040727217873204,0.15758478695698797,0.003012544580460741
2031-07-12,4.883333333333334,0.06790983717845074,0.0679330495690565,0.06792366606487339,0.06791013048726437,0.23212390605764632,0.1382888642265101,0.00293308813625881
2031-07-19,4.902777777777778,0.06791068990705794,0.06793197847210423,0.06792248514837822,0.06791097315602711,0.21288565046295727,0.11795241320278205,0.002832489691684259
2031-07-26,4.9222222222222225,0.06791164546707812,0.06793091583754327,0.06792130423188306,0.06791191629264413,0.19270370465146458,0.09658764804937325,0.002708255660149872
2031-08-02,4.941666666666666,0.06791270264900089,0.06792986156548021,0.06792012331538788,0.06791295842634043,0.17158916479326214,0.07420666386995234,0.002557773395445162
2031-08-09,4.961111111111111,0.06791386025510288,0.06792881555758788,0.06791894239889272,0.06791409808634102,0.14955302485006317,0.050821437898446176,0.0023783123814791196
2031-08-16,4.980555555555555,0.06791511709932993,0.06792777771707453,0.06791776148239755,0.06791533380187088,0.12660617744603142,0.026443830676153857,0.002167025409532952
2031-08-23,5.0,0.06791647200718065,0.06792674794865404,0.06791658056590238,0.06791666410215504,0.10275941473389394,0.0010855872173420877,0.0019209497438554823
2031-08-30,5.019444444444445,0.06791792381559121,0.06792572615851683,0.06791539964940721,0.0679180875164185,0.07802342925619654,-0.025241661840008645,0.0016370082728256463
2031-09-06,5.038888888888889,0.06791947137282134,0.06792471225430131,0.06791421873291204,0.06791960257388623,0.05240881479975923,-0.05252639909303358,0.0013120106488739847
2031-09-13,5.058333333333334,0.06792111353834164,0.06792370614506603,0.06791303781641687,0.06792120780378323,0.025926067243886575,-0.08075721924766244,0.0009426544159141237
2031-09-20,5.0777777777777775,0.06792284918272204,0.0679227077412625,0.0679118568999217,0.06792290173533454,-0.0014144145954464449,-0.10992282800340036,0.0005255261249781373
2031-09-27,5.097222222222222,0.06792467718752151,0.06792734788353662,0.0679150968391789,0.06792468294460448,0.02670696015102947,-0.09580348342613787,5.757082963131488e-05
2031-10-04,5.116666666666666,0.0679265964451789,0.06793419657074434,0.06792010512073708,0.0679265504678072,0.07600125565443427,-0.06491324441817992,-0.00045977371701533265
2031-10-11,5.136111111111111,0.06792860585890503,0.0679409934020187,0.06792511340229525,0.06792850360233303,0.12387543113667743,-0.03492456609785477,-0.0010225657200158
2031-10-18,5.155555555555556,0.06793070434257586,0.0679477389640916,0.06793012168385341,0.06793054164857006,0.17034621515740755,-0.005826587224505575,-0.0016269400580914972
2031-10-25,5.175,0.06793289082062688,0.06795443383487679,0.06793512996541158,0.06793266390690637,0.2154301424990568,0.022391447846992207,-0.0022691372050798186
2031-11-01,5.194444444444445,0.0679351642279486,0.06796107858363472,0.06794013824696975,0.06793486967772998,0.25914355686121326,0.049740190211505775,-0.0029455021861857222
2031-11-08,5.213888888888889,0.0679375235097831,0.0679676737711339,0.06794514652852793,0.06793715826142903,0.30150261350794794,0.07623018744823407,-0.0036524835407558687
2031-11-15,5.233333333333333,0.06793996762162191,0.06797421994980882,0.0679501548100861,0.06793952895839152,0.3425232818690671,0.10187188464183539,-0.004386632303926552
2031-11-22,5.252777777777778,0.06794249552910467,0.06798071766391393,0.06795516309164426,0.06794198106900558,0.38222134809265396,0.12667562539592225,-0.00514460099090841
2031-11-29,5.272222222222222,0.06794510620791906,0.06798716744967477,0.06796017137320243,0.06794451389365924,0.4206124175570869,0.1506516528336499,-0.005923142598202036
2031-12-06,5.291666666666667,0.06794779864370185,0.06799356983543524,0.0679651796547606,0.06794712673274059,0.4577119173339306,0.17381011058748008,-0.00671910961258515
2031-12-13,5.311111111111111,0.06795057183194085,0.06799992534180209,0.06797018793631876,0.06794981888663769,0.4935350986123854,0.19616104377909171,-0.007529453031618338
2031-12-20,5.330555555555556,0.067953424777878,0.06800623448178583,0.06797519621787693,0.06795258965573861,0.5280970390783568,0.21771439998929942,-0.008351221393865238
2031-12-27,5.35,0.06795635649641352,0.06801249776093898,0.06798020449943509,0.06795543834043144,0.5614126452546664,0.2384800302157597,-0.009181559820770069
2032-01-03,5.3694444444444445,0.06795936601201098,0.06801871567749093,0.06798521278099327,0.06795836424110421,0.5934966547994913,0.25846768982290547,-0.010017709067694502
2032-01-10,5.388888888888889,0.06796245235860349,0.0680248887224801,0.06799022106255143,0.06796136665814503,0.6243636387660845,0.27768703947939066,-0.010857004584530205
2032-01-17,5.408333333333333,0.06796561457950076,0.06803101737988333,0.06799522934410959,0.06796444489194195,0.6540280038257185,0.29614764608831834,-0.011696875588107503
2032-01-24,5.427777777777778,0.06796885172729734,0.06803710212674222,0.06800023762566776,0.06796759824288305,0.6825039944487188,0.3138589837041461,-0.012534844142930712
2032-01-31,5.447222222222222,0.0679721628637816,0.06804314343328696,0.06800524590722593,0.06797082601135637,0.709805695053578,0.3308304344432078,-0.013368524252321823
2032-02-07,5.466666666666667,0.06797554705984589,0.06804914176305753,0.0680102541887841,0.06797412749775003,0.7359470321163797,0.3470712893821615,-0.014195620958584731
2032-02-14,5.486111111111111,0.06797900339539747,0.0680550975730221,0.06801526247034227,0.06797750200245206,0.7609417762462212,0.36259074944797187,-0.015013929454132935
2032-02-21,5.5055555555555555,0.06798253095927054,0.06806101131369327,0.06802027075190044,0.06798094882585057,0.7848035442273305,0.37739792629901125,-0.015821334199694892
2032-02-28,5.525,0.06798612884913907,0.06806688342924158,0.06802527903345859,0.06798446726833357,0.8075458010251002,0.39150184319519665,-0.016615808055009396
2032-03-06,5.544444444444444,0.06798979617143065,0.06807271435760669,0.06803028731501677,0.06798805663028919,0.8291818617603419,0.4049114358611883,-0.017395411414655726
2032-03-13,5.563888888888889,0.06799353204124123,0.06807850453060632,0.06803529559657494,0.06799171621210544,0.8497248936509272,0.4176355533370979,-0.01815829135790037
2032-03-20,5.583333333333333,0.0679973355822506,0.06808425437404274,0.0680403038781331,0.06799544531417047,0.8691879179213713,0.42968295882503393,-0.018902680801319294
2032-03-27,5.602777777777778,0.06800120592663912,0.0680899643078073,0.06804531215969128,0.06799924323687226,0.8875838116817469,0.4410623305216299,-0.019626897668628684
2032-04-03,5.622222222222222,0.06800514221500494,0.06809563474598258,0.06805032044124945,0.06800310928059895,0.9049253097764831,0.4517822624451606,-0.020329344059821786
2032-04-10,5.641666666666667,0.06800914359628224,0.06810126609694249,0.06805532872280762,0.06800704274573857,0.9212250066024941,0.4618512652537765,-0.021008505436681535
2032-04-17,5.661111111111111,0.0680132092276605,0.06810685876345027,0.06806033700436577,0.06801104293267923,0.9364953578976098,0.4712777670526358,-0.02166294981273409
2032-04-24,5.680555555555555,0.06801733827450435,0.06811241314275458,0.06806534528592395,0.06801510914180894,0.9507486825023614,0.4800701141960406,-0.022291326954027024
2032-05-01,5.7,0.06802152991027434,0.06811792962668352,0.06807035356748212,0.06801924067351584,0.9639971640917899,0.48823657207777704,-0.022892367585042317
2032-05-08,5.719444444444444,0.06802578331644868,0.06812340860173677,0.06807536184904028,0.06802343682818793,0.9762528528808878,0.49578532591604274,-0.02346488260751567
2032-05-15,5.738888888888889,0.06803009768244564,0.06812885044917592,0.06808037013059845,0.06802769690621333,0.9875276673028399,0.5027244815281051,-0.024007762323141613
2032-05-22,5.758333333333334,0.06803447220554677,0.06813425554511283,0.06808537841215662,0.0680320202079801,0.9978333956606189,0.5090620660984368,-0.024519975666686955
2032-05-29,5.777777777777778,0.06803890609082106,0.06813962426059632,0.06809038669371478,0.06803640603387628,1.0071816977526293,0.5148060289372758,-0.025000569447708454
2032-06-05,5.7972222222222225,0.06804339855104974,0.06814495696169709,0.06809539497527295,0.06804085368428998,1.0155841064735105,0.5199642422321071,-0.02544866759754405
2032-06-12,5.816666666666666,0.06804794880665191,0.06815025400959085,0.06810040325683113,0.06804536245960927,1.023052029389404,0.5245445017922068,-0.025863470426434887
2032-06-19,5.836111111111111,0.068052556085611,0.06815551576064002,0.0681054115383893,0.06804993166022219,1.0295967502901848,0.5285545277829151,-0.026244253888141333
2032-06-26,5.855555555555555,0.06805721962340196,0.0681607425664735,0.06811041981994745,0.06805456058651681,1.035229430715462,0.5320019654549146,-0.026590368851497903
2032-07-03,5.875,0.06806193866291915,0.06816593477406507,0.06811542810150562,0.06805924853888125,1.0399611114592089,0.534894385864626,-0.026901240379045843
2032-07-10,5.894444444444445,0.06806671245440506,0.0681710927258101,0.0681204363830638,0.0680639948177035,1.0438027140503847,0.5372392865873876,-0.027176367015518954
2032-07-17,5.913888888888889,0.06807154025537973,0.06817621675960098,0.06812544466462196,0.06806879872337171,1.0467650422124608,0.5390440924223083,-0.02741532008021519
2032-07-24,5.933333333333334,0.06807642133057096,0.06818130720890071,0.06813045294618013,0.0680736595562739,1.0488587832975516,0.540316156091708,-0.02761774297060926
2032-07-31,5.9527777777777775,0.06808135495184513,0.0681863644028154,0.0681354612277383,0.06807857661679816,1.0500945097027814,0.5410627589316763,-0.027783350469712254
2032-08-07,5.972222222222222,0.06808634039813882,0.06819138866616505,0.06814046950929646,0.06808354920533254,1.050482680262227,0.5412911115763863,-0.02791192806286813
2032-08-14,5.991666666666666,0.06809137695539118,0.0681963803195532,0.06814547779085464,0.06808857662226515,1.0500336416202627,0.5410083546346367,-0.028003331260240127
2032-08-21,6.011111111111111,0.06809646391647681,0.06820133967943517,0.0681504860724128,0.068093658167984,1.0487576295836742,0.5402215593598714,-0.028057484928040166
2032-08-28,6.030555555555556,0.06810160058113963,0.06820626705818478,0.06815549435397097,0.06809879314287723,1.0466647704514276,0.5389377283133989,-0.028074382624060368
2032-09-04,6.05,0.06810678625592709,0.06821116276416009,0.06816050263552914,0.06810398084733285,1.043765082330006,0.5371637960205344,-0.028054085942363916
2032-09-11,6.069444444444445,0.06811202025412535,0.06821602710176754,0.06816551091708731,0.06810922058173897,1.0400684764218238,0.5349066296195248,-0.027996723863804585
2032-09-18,6.088888888888889,0.068117301895695,0.06822086037152533,0.06817051919864547,0.06811451164648363,1.0355847583033706,0.5321730295047844,-0.027902492113623945
2032-09-25,6.108333333333333,0.06812263050720736,0.06822566287012505,0.06817552748020364,0.06811985334195493,1.0303236291768492,0.5289697299627749,-0.02777165252432212
2032-10-02,6.127777777777778,0.06812800542178162,0.06823043489049248,0.0681805357617618,0.06812524496854092,1.024294687108629,0.5253033998019185,-0.02760453240699401
2032-10-09,6.147222222222222,0.06813342597902249,0.0682351767218472,0.06818554404331997,0.06813068582662968,1.0175074282471608,0.5211806429748778,-0.02740152392807782
2032-10-16,6.166666666666667,0.0681388915249585,0.06823988864976095,0.06819055232487814,0.06813617521660925,1.009971248024516,0.5166079991963946,-0.027163083492487416
2032-10-23,6.186111111111111,0.06814440141198105,0.06824457095621499,0.0681955606064363,0.06814171243886774,1.0016954423393287,0.5115919445525252,-0.026889731133128425
2032-10-30,6.205555555555556,0.06814995499878387,0.06824922391965633,0.06820056888799447,0.06814729679379322,0.992689208724612,0.5061388921059895,-0.026582049906520577
2032-11-06,6.225,0.06815555165030336,0.06825384781505296,0.06820557716955264,0.06815292758177373,0.9829616474960057,0.5002551924927767,-0.02624068529633039
2032-11-13,6.2444444444444445,0.06816119073765925,0.068258442913948,0.0682105854511108,0.06815860410319736,0.9725217628875349,0.49394713451555994,-0.025866344618846737
2032-11-20,6.263888888888889,0.06816687163809614,0.06826300948451289,0.06821559373266897,0.06816432565845217,0.9613784641675227,0.48722094572836716,-0.025459796439697424
2032-11-27,6.283333333333333,0.06817259373492547,0.06826754779159949,0.06822060201422715,0.06817009154792623,0.949540566740209,0.48008279301681167,-0.025021869992369883
2032-12-04,6.302777777777778,0.06817835641746813,0.0682720580967913,0.06822561029578532,0.0681759010720076,0.9370167932316875,0.47253878317193854,-0.02455345460519731
2032-12-11,6.322222222222222,0.06818415908099763,0.06827654065845383,0.06823061857734349,0.06818175353108441,0.9238157745619646,0.46459496345852,-0.024055499132230596
2032-12-18,6.341666666666667,0.06819000112668389,0.0682809957317838,0.06823562685890165,0.06818764822554466,0.9099460509991164,0.45625732217766113,-0.023529011392298127
2032-12-25,6.361111111111111,0.06819588196153756,0.06828542356885757,0.06824063514045982,0.06819358445577645,0.8954160732001226,0.44753178922260495,-0.022975057611118732
2033-01-01,6.3805555555555555,0.06820180099835492,0.06828982441867884,0.06824564342201798,0.06819956152216783,0.8802342032392108,0.43842423663065233,-0.022394761870908608
2033-01-08,6.4,0.06820775765566342,0.06829419852722513,0.06825065170357617,0.0682055787251069,0.8644087156170488,0.4289404791274487,-0.02178930556526182
2033-01-15,6.419444444444444,0.06821375135766752,0.06829854613749381,0.06825565998513432,0.0682116353649817,0.8479477982628603,0.41908627466794024,-0.021159926858194122
2033-01-22,6.438888888888889,0.06821978153419544,0.06830286748954686,0.06826066826669248,0.06821773074218034,0.830859553514196,0.40886732497039113,-0.020507920151097148
2033-01-29,6.458333333333333,0.06822584762064612,0.0683071628205553,0.06826567654825066,0.06822386415709085,0.8131519990917102,0.39828927604540487,-0.019834635552745672
2033-02-05,6.477777777777778,0.06823194905793692,0.06831143236484241,0.06827068482980883,0.06823003491010131,0.7948330690549232,0.38735771871911684,-0.019141478356105024
2033-02-12,6.497222222222222,0.06823808529245178,0.06831567635392645,0.068275693111367,0.0682362423015998,0.7759106147467443,0.3760781891522236,-0.018429908519718152
2033-02-19,6.516666666666667,0.06824425577598983,0.06831989501656241,0.06828070139292516,0.0682424856319744,0.7563924057257809,0.36445616935332215,-0.017701440154366255
2033-02-26,6.536111111111111,0.06825045996571476,0.0683240885787832,0.06828570967448333,0.06824876420161313,0.7362861306843549,0.35249708768572696,-0.016957641016251968
2033-03-05,6.555555555555555,0.06825669732410432,0.06832825726393997,0.0682907179560415,0.06825507731090413,0.7155993983565256,0.3402063193717886,-0.01620013200184789
2033-03-12,6.575,0.06826296731890066,0.06833240129274178,0.06829572623759966,0.06826142426023542,0.6943397384111261,0.32758918698999606,-0.015430586652459555
2033-03-19,6.594444444444444,0.06826926942306107,0.06833652088329452,0.06830073451915783,0.06826780434999509,0.6725146023345285,0.31465096096763845,-0.014650730659759859
2033-03-26,6.613888888888889,0.06827560311470908,0.06834061625113928,0.068305742800716,0.06827421688057118,0.6501313643020312,0.3013968600691641,-0.013862341378956256
2033-04-02,6.633333333333334,0.06828196787708625,0.06834468760928981,0.06831075108227416,0.06828066115235182,0.6271973220356442,0.28783205187912775,-0.01306724734431719
2033-04-09,6.652777777777778,0.06828836319850433,0.06834873516826954,0.06831575936383233,0.06828713646572503,0.6037196976521608,0.27396165328000266,-0.012267327793025196
2033-04-16,6.6722222222222225,0.06829478857229787,0.0683527591361478,0.06832076764539051,0.06829364212107888,0.5797056384992949,0.2597907309263847,-0.011464512189862663
2033-04-23,6.691666666666666,0.06830124349677745,0.06835675971857552,0.06832577592694868,0.06830017741880148,0.5551622179807147,0.2453243017122575,-0.01066077975966917
2033-04-30,6.711111111111111,0.06830772747518322,0.06836073711882032,0.06833078420850684,0.06830674165928087,0.530096436370947,0.23056733323617573,-0.00985815902354581
2033-05-07,6.730555555555555,0.06831424001563895,0.0683646915378008,0.06833579249006501,0.06831333414290514,0.5045152216184845,0.21552474426062007,-0.009058727338112638
2033-05-14,6.75,0.06832078063110653,0.06836862317412049,0.06834080077162318,0.06831995417006231,0.47842543013959515,0.20020140516649465,-0.008264610442121345
2033-05-21,6.769444444444445,0.06832734883934108,0.06837253222410104,0.06834580905318134,0.06832660104114051,0.45183384759964196,0.18460213840262862,-0.007477982005704709
2033-05-28,6.788888888888889,0.06833394416284617,0.06837641888181493,0.06835081733473951,0.06833327405652778,0.42474718968760206,0.16873171893333483,-0.006701063183928158
2033-06-04,6.808333333333334,0.06834056612882985,0.06838028333911755,0.06835582561629767,0.0683399725166122,0.3971721028769859,0.15259487467819688,-0.005936122176586345
2033-06-11,6.8277777777777775,0.0683472142691609,0.06838412578567885,0.06836083389785585,0.06834669572178183,0.36911516517940113,0.13619628694949704,-0.005185473790775275
2033-06-18,6.847222222222222,0.06835388812032547,0.06838794640901422,0.06836584217941402,0.06835344297242475,0.34058288688743055,0.11954059088548075,-0.004451479007211434
2033-06-25,6.866666666666666,0.0683605872233844,0.06839174539451515,0.06837085046097219,0.06836021356892902,0.3115817113075181,0.10263237587793128,-0.0037365445537673736
2033-07-02,6.886111111111111,0.06836731112393069,0.06839552292547918,0.06837585874253035,0.06836700681168272,0.28211801548494453,0.08547618599669127,-0.003043122479701177
2033-07-09,6.905555555555556,0.06837405937204752,0.06839927918313933,0.06838086702408852,0.0683738220010739,0.25219811091811706,0.06807652041002088,-0.0023737097361309356
2033-07-16,6.925,0.06838083152226676,0.06840301434669306,0.06838587530564669,0.06838065843749067,0.22182824426300596,0.05043783379926614,-0.001730847760950116
2033-07-23,6.944444444444445,0.06838762713352768,0.0684067285933309,0.06839088358720485,0.06838751542132104,0.1910145980321687,0.03256453677172311,-0.0011171220663797055
2033-07-30,6.963888888888889,0.06839444576913623,0.06841042209826435,0.06839589186876302,0.06839439225295316,0.15976329128128408,0.014460996267950943,-0.0005351618306836947
2033-08-06,6.983333333333333,0.06840128699672468,0.06841409503475346,0.06840090015032119,0.06840128823277503,0.12808038028777613,-0.003868464034939567,1.236050345410078e-05
2033-08-13,7.002777777777778,0.0684081503882117,0.06841774757413392,0.06840590843187935,0.06840820266117476,0.0959718592222214,-0.02241956332346695,0.0005227296305532203
2033-08-20,7.022222222222222,0.06841503551976268,0.06842137988584378,0.06841091671343752,0.06841513483854038,0.06344366081101338,-0.04118806325156821,0.000993187777020843
2033-08-27,7.041666666666667,0.06842194197175062,0.06842499213744951,0.06841592499499569,0.06842208406526001,0.030501656988896064,-0.06016976754938397,0.001420935093893183
2033-09-03,7.061111111111111,0.06842886932871732,0.06842858449467192,0.06842093327655385,0.06842904964172168,-0.0028483404540535773,-0.07936052163468044,0.0018031300436094355
2033-09-10,7.080555555555556,0.06843581717933492,0.06843215712141132,0.06842594155811203,0.0684360308683135,-0.03660057923599025,-0.098756212228851,0.0021368897858142777
2033-09-17,7.1,0.06844278511636792,0.06843571017977265,0.0684309498396702,0.06844302704542349,-0.07074936595269365,-0.11835276697721997,0.0024192905556663646
2033-09-24,7.1194444444444445,0.0684497727366354,0.06844220375775782,0.06843698492002233,0.06845003748030726,-0.07568978877575683,-0.12787816613069047,0.002647436718600238
2033-10-01,7.138888888888889,0.06845677964097384,0.06845259778297733,0.06844438906543311,0.06845706170710221,-0.0418185799651305,-0.123905755407272,0.0028206612837089473
2033-10-08,7.158333333333333,0.06846380543420004,0.06846293534084989,0.06845179321084388,0.06846409953337401,-0.008700933501470942,-0.12012223356158702,0.002940991739724952
2033-10-15,7.177777777777778,0.06847084972507471,0.06847321689028195,0.06845919735625465,0.06847115078296681,0.023671652072398963,-0.11652368820058712,0.0030105789210199685
2033-10-22,7.197222222222222,0.06847791212626603,0.06848344288522076,0.06846660150166543,0.06847821527972481,0.055307589547359814,-0.11310624600593955,0.0030315345878051403
2033-10-29,7.216666666666667,0.06848499225431395,0.06849361377472112,0.06847400564707622,0.06848529284749218,0.08621520407162131,-0.10986607237736812,0.0030059317822350717
2033-11-05,7.236111111111111,0.0684920897295946,0.06850373000301108,0.06848140979248699,0.06849238331011308,0.1164027341647722,-0.1067993710761328,0.0029358051847894195
2033-11-12,7.2555555555555555,0.06849920417628508,0.06851379200955678,0.06848881393789776,0.06849948649143169,0.14587833271698103,-0.10390238387322781,0.0028231514660748136
2033-11-19,7.275,0.06850633522232863,0.06852380022912591,0.06849621808330852,0.0685066022152922,0.17465006797279248,-0.10117139020104915,0.0026699296357124425
2033-11-26,7.294444444444444,0.0685134824994002,0.0685337550918504,0.06850362222871931,0.06851373030553877,0.20272592450201743,-0.0986027068089479,0.0024780613856745237
2033-12-03,7.313888888888889,0.06852064564287219,0.06854365702328812,0.06851102637413008,0.06852087058601558,0.2301138041592432,-0.09619268742114273,0.00224943143389833
2033-12-10,7.333333333333333,0.06852782429178063,0.06855350644448335,0.06851843051954085,0.06852802288056681,0.2568215270272456,-0.09393772239782439,0.001985887861793989
2033-12-17,7.352777777777778,0.0685350180887917,0.0685633037720266,0.06852583466495162,0.06853518701303662,0.28285683234902104,-0.09183423840083971,0.0016892424492542801
2033-12-24,7.372222222222222,0.0685422266801685,0.06857304941811336,0.0685332388103624,0.06854236280726922,0.3082273794485779,-0.0898786980610411,0.0013612710071664313
2033-12-31,7.391666666666667,0.06854944971573824,0.06858274379060174,0.06854064295577317,0.06854955008710874,0.3329407486349356,-0.08806759965077071,0.001003713704927911
2034-01-07,7.411111111111111,0.06855668684885963,0.06859238729306961,0.06854804710118395,0.06855674867639937,0.3570044420998786,-0.08639747675676102,0.0006182753974071087
2034-01-14,7.430555555555555,0.06856393773639062,0.06860198032487032,0.06855545124659472,0.0685639583989853,0.3804258847969755,-0.08486489795900276,0.0002066259467692344
2034-01-21,7.45,0.06857120203865658,0.06861152328118812,0.06856285539200549,0.06857117907871067,0.4032124253154634,-0.08346646651086198,-0.00022959945902845114
2034-01-28,7.469444444444444,0.06857847941941853,0.06862101655309225,0.06857025953741627,0.0685784105394197,0.4253713367372014,-0.08219882002252765,-0.0006887999882965179
2034-02-04,7.488888888888889,0.06858576954584196,0.06863046052759028,0.06857766368282704,0.06858565260495653,0.44690981748321534,-0.0810586301491778,-0.001169408854334586
2034-02-11,7.508333333333334,0.06859307208846571,0.06863985558768104,0.06858506782823783,0.06859290509916535,0.46783499215330426,-0.08004260227886806,-0.0016698930035974335
2034-02-18,7.527777777777778,0.06860038672117129,0.06864920211240602,0.0685924719736486,0.06860016784589032,0.48815391234732775,-0.07914747522694277,-0.0021887528096897757
2034-02-25,7.5472222222222225,0.06860771312115244,0.06865850047690052,0.06859987611905936,0.06860744066897564,0.5078735574808035,-0.07837002093072365,-0.002724521767916155
2034-03-04,7.566666666666666,0.06861505096888498,0.0686677510524439,0.06860728026447013,0.06861472339226549,0.5270008355891254,-0.0777070441485006,-0.0032757661949656125
2034-03-11,7.586111111111111,0.06862239994809702,0.0686769542065088,0.06861468440988092,0.06862201583960399,0.5455425841177641,-0.07715538216102047,-0.0038410849302616956
2034-03-18,7.605555555555555,0.06862975974573927,0.06868611030281008,0.06862208855529169,0.06862931783483536,0.5635055707080283,-0.07671190447589016,-0.0044191090391165755
2034-03-25,7.625,0.0686371300519559,0.06869521970135241,0.06862949270070245,0.06863662920180379,0.5808964939650607,-0.07637351253447777,-0.005008501521158726
2034-04-01,7.644444444444445,0.06864451056005542,0.06870428275847779,0.06863689684611322,0.06864394976435342,0.5977219842236148,-0.07613713942200562,-0.005607957020009602
2034-04-08,7.663888888888889,0.06865190096648201,0.06871329982691166,0.06864430099152401,0.06865127934632843,0.6139886042964837,-0.07599974958000244,-0.006216201535735877
2034-04-15,7.683333333333334,0.06865930097078703,0.068722271255809,0.06865170513693478,0.068658617771573,0.6297028502197377,-0.07595833852250267,-0.006831992140216014
2034-04-22,7.7027777777777775,0.06866671027560087,0.06873119739079916,0.06865910928234555,0.06866596486393131,0.6448711519829731,-0.07600993255321709,-0.007454116695559954
2034-04-29,7.722222222222222,0.06867412858660499,0.06874007857403042,0.06866651342775633,0.06867332044724753,0.6594998742542879,-0.07615158848658932,-0.008081393574610463
2034-05-06,7.741666666666666,0.06868155561250427,0.06874891514421347,0.0686739175731671,0.06868068434536583,0.6735953170919351,-0.07638039337176661,-0.008712671384497606
2034-05-13,7.761111111111111,0.06868899106499968,0.06875770743666478,0.06868132171857788,0.06868805638213038,0.6871637166509792,-0.07669346421795842,-0.009346828692968767
2034-05-20,7.780555555555556,0.06869643465876102,0.06876645578334874,0.06868872586398865,0.06869543638138538,0.7002112458771859,-0.07708794772368077,-0.009982773756384011
2034-05-27,7.8,0.06870388611140014,0.06877516051291961,0.06869613000939942,0.06870282416697497,0.7127440151946662,-0.07756102000724963,-0.010619444251735999
2034-06-03,7.819444444444445,0.06871134514344429,0.06878382195076259,0.0687035341548102,0.06871021956274335,0.7247680731829742,-0.07810988634088245,-0.011255807009363794
2034-06-10,7.838888888888889,0.06871881147830973,0.06879244041903441,0.06871093830022097,0.0687176223925347,0.7362894072468484,-0.07873178088757538,-0.011890857750246342
2034-06-17,7.858333333333333,0.06872628484227564,0.06880101623670327,0.06871834244563174,0.06872503248019318,0.7473139442763788,-0.07942396643895178,-0.012523620824544945
2034-06-24,7.877777777777778,0.06873376496445814,0.06880954971958814,0.06872574659104252,0.06873244964956297,0.7578475512999561,-0.08018373415616398,-0.0131531489516723
2034-07-01,7.897222222222222,0.0687412515767848,0.06881804118039758,0.0687331507364533,0.06873987372448825,0.7678960361277853,-0.08100840331509707,-0.01377852296549631
2034-07-08,7.916666666666667,0.06874874441396914,0.068826490928768,0.06874055488186406,0.06874730452881318,0.7774651479885986,-0.08189532105074004,-0.014398851559543902
2034-07-15,7.936111111111111,0.06875624321348546,0.06883489927130108,0.06874795902727485,0.06875474188638193,0.7865605781562368,-0.08284186210613664,-0.015013271035257958
2034-07-22,7.955555555555556,0.06876374771554401,0.06884326651160115,0.06875536317268562,0.0687621856210387,0.7951879605713752,-0.08384542858397293,-0.015620945053168578
2034-07-29,7.975,0.06877125766306622,0.06885159295031142,0.06876276731809638,0.06876963555662766,0.8033528724520067,-0.08490344969830366,-0.0162210643855909
2034-08-05,7.9944444444444445,0.06877877280166024,0.06885987888515029,0.06877017146350717,0.06877709151699295,0.8110608349004567,-0.08601338153071958,-0.016812846672931148
2034-08-12,8.01388888888889,0.06878629287959677,0.06886812461094659,0.06877757560891794,0.0687845533259788,0.8183173134981847,-0.08717270678831879,-0.01739553617971512
2034-08-19,8.033333333333333,0.068793817647785,0.06887633041967475,0.0687849797543287,0.06879202080742933,0.8251277188975337,-0.08837893456292711,-0.01796840355672291
2034-08-26,8.052777777777777,0.06880134685974885,0.06888449660048906,0.06879238389973949,0.06879949378518875,0.8314974074020987,-0.08962960009364918,-0.018530745601041954
2034-09-02,8.072222222222223,0.0688088802716034,0.06889262343975781,0.06879978804515026,0.06880697208310123,0.8374316815441818,-0.09092226453136232,-0.019081885021671185
2034-09-09,8.091666666666667,0.06881641764203159,0.06890071122109669,0.06880719219056103,0.06881445552501095,0.842935790651006,-0.09225451470556978,-0.019621170206374217
2034-09-16,8.11111111111111,0.06882395873226103,0.06890876022540172,0.06881459633597181,0.06882194393476204,0.8480149314069041,-0.0936239628922253,-0.02014797498992027
2034-09-23,8.130555555555556,0.06883150330604115,0.06891677073088195,0.06882200048138257,0.06882943713619877,0.8526742484080141,-0.09502824658585984,-0.020661698423851682
2034-09-30,8.15,0.06883905112962044,0.06892474301309132,0.06882940462679335,0.06883693495316522,0.8569188347087864,-0.09646502827087566,-0.021161764552218854
2034-10-07,8.169444444444444,0.0688466019717241,0.06893267734496035,0.06883680877220413,0.06884443720950559,0.8607537323625236,-0.09793199519964046,-0.02164762218509475
2034-10-14,8.188888888888888,0.06885415560353156,0.06894057399682726,0.06884421291761492,0.06885194372906407,0.8641839329570633,-0.09942685916641825,-0.022118744674864965
2034-10-21,8.208333333333334,0.06886171179865459,0.06894843323646878,0.06885161706302567,0.06885945433568484,0.8672143781418562,-0.10094735628921048,-0.02257462969751378
2034-10-28,8.227777777777778,0.06886927033311535,0.06895625532913019,0.06885902120843646,0.06886696885321206,0.8698499601483833,-0.10249124678896049,-0.023014799032938793
2034-11-04,8.247222222222222,0.06887683098532471,0.06896404053755541,0.06886642535384722,0.06887448710548989,0.8720955223069649,-0.1040563147748641,-0.023438798348179857
2034-11-11,8.266666666666667,0.06888439353606086,0.06897178912201628,0.068873829499258,0.06888200891636255,0.8739558595541319,-0.1056403680287088,-0.02384619698314605
2034-11-18,8.286111111111111,0.06889195776844796,0.06897950134034157,0.06888123364466876,0.06888953410967417,0.8754357189361128,-0.10724123779198846,-0.024236587737869186
2034-11-25,8.305555555555555,0.06889952346793513,0.06898717744794558,0.06888863779007955,0.06889706250926896,0.8765398001045477,-0.10885677855579368,-0.02460958666170021
2034-12-02,8.325,0.06890709042227551,0.06899481769785644,0.06889604193549032,0.06890459393899107,0.8772727558092885,-0.110484867851951,-0.024964832844448503
2034-12-09,8.344444444444445,0.06891465842150567,0.06900242234074373,0.0689034460809011,0.0689121282226847,0.8776391923806526,-0.11212340604568882,-0.02530198820974161
2034-12-16,8.363888888888889,0.06892222725792503,0.06900999162494606,0.06891085022631187,0.06891966518419397,0.8776436702102874,-0.11377031613163391,-0.025620737310605435
2034-12-23,8.383333333333333,0.06892979672607555,0.06901752579649802,0.06891825437172264,0.06892720464736313,0.8772907042246814,-0.11542354352911399,-0.025920787124211753
2034-12-30,8.402777777777779,0.06893736662272171,0.06902502509915684,0.06892565851713342,0.0689347464360363,0.876584764351318,-0.11708105588287276,-0.026201866854119737
2035-01-06,8.422222222222222,0.06894493674683046,0.06903248977442872,0.06893306266254419,0.06894229037405766,0.8755302759826111,-0.11874084286267461,-0.026463727727937814
2035-01-13,8.441666666666666,0.06895250689955153,0.0690399200615947,0.06894046680795496,0.06894983628527142,0.8741316204317895,-0.12040091596568492,-0.026706142801091737
2035-01-20,8.46111111111111,0.0689600768841978,0.0690473161977363,0.06894787095336574,0.06895738399352172,0.8723931353850356,-0.1220593083205157,-0.026928906760731453
2035-01-27,8.480555555555556,0.06896764650622603,0.06905467841776064,0.06895527509877653,0.06896493332265273,0.8703191153461298,-0.12371407449501826,-0.027131835732968623
2035-02-03,8.5,0.06897521557321744,0.06906200695442537,0.06896267924418728,0.06897248409650866,0.8679138120792906,-0.12536329030157778,-0.027314767087754932
2035-02-10,8.519444444444444,0.06898278389485887,0.06906930203836324,0.06897008338959806,0.06898003613893366,0.8651814350436882,-0.1270050526080979,-0.027477559252087058
2035-02-17,8.53888888888889,0.06899035128292381,0.06907656389810618,0.06897748753500883,0.06898758927377191,0.8621261518236556,-0.12863747914981793,-0.027620091519048318
2035-02-24,8.558333333333334,0.06899791755125373,0.06908379276010936,0.0689848916804196,0.06899514332486759,0.8587520885562638,-0.13025870834126874,-0.027742263861429972
2035-03-03,8.577777777777778,0.06900548251573947,0.06909098884877439,0.06899229582583039,0.06900269811606487,0.8550633303491817,-0.13186689909086557,-0.02784399674604643
2035-03-10,8.597222222222221,0.06901304599430307,0.06909815238647293,0.06899969997124115,0.06901025347120793,0.8510639216986748,-0.13346023061910905,-0.027925230951381108
2035-03-17,8.616666666666667,0.06902060780687934,0.06910528359356936,0.06900710411665192,0.06901780921414093,0.8467578669002496,-0.13503690227414933,-0.02798592738412209
2035-03-24,8.636111111111111,0.06902816777539805,0.0691123826884434,0.06901450826206271,0.06902536516870807,0.8421491304534678,-0.13659513335345652,-0.02802606689986109
2035-03-31,8.655555555555555,0.06903572572376593,0.06911944988751252,0.06902191240747348,0.0690329211587535,0.8372416374659297,-0.13813316292451971,-0.028045650124347565
2035-04-07,8.675,0.06904328147784902,0.06912648540525375,0.06902931655288425,0.0690404770081214,0.8320392740472637,-0.13964924964776637,-0.028044697276269348
2035-04-14,8.694444444444445,0.06905083486545513,0.06913348945422552,0.06903672069829503,0.06904803254065595,0.82654588770395,-0.14114167160100832,-0.02802324799183742
2035-04-21,8.713888888888889,0.06905838571631641,0.06914046224508905,0.0690441248437058,0.06905558758020132,0.8207652877263716,-0.1426087261061082,-0.02798136115089722
2035-04-28,8.733333333333333,0.0690659338620722,0.06914740398662937,0.06905152898911657,0.06906314195060168,0.8147012455717029,-0.14404872955633974,-0.02791911470526043
2035-05-05,8.752777777777778,0.06907347913625192,0.06915431488577631,0.06905893313452735,0.06907069547570123,0.8083574952438832,-0.14546001724569102,-0.027836605506897927
2035-05-12,8.772222222222222,0.06908102137425812,0.06916119514762493,0.06906633727993812,0.06907824797934412,0.8017377336681786,-0.14684094319997176,-0.027733949140018588
2035-05-19,8.791666666666666,0.06908856041334978,0.06916804497545592,0.06907374142534889,0.06908579928537453,0.7948456210614407,-0.1481898800088921,-0.027611279752454143
2035-05-26,8.811111111111112,0.06909609609262564,0.06917486457075549,0.06908114557075967,0.06909334921763664,0.7876847812984811,-0.14950521865966793,-0.0274687498899584
2035-06-02,8.830555555555556,0.0691036282530078,0.06918165413323524,0.06908854971617044,0.06910089759997463,0.7802588022744195,-0.1507853683735405,-0.027306530331616674
2035-06-09,8.85,0.06911115673722534,0.06918841386085163,0.06909595386158121,0.06910844425623265,0.77257123626287,-0.15202875644132474,-0.027124809926920568
2035-06-16,8.869444444444444,0.0691186813897982,0.06919514394982516,0.069103358006992,0.06911598901025491,0.7646256002696861,-0.15323382806201047,-0.026923795432842734
2035-06-23,8.88888888888889,0.06912620205702108,0.06920184459465942,0.06911076215240276,0.06912353168588557,0.7564253763833739,-0.1543990461831679,-0.02670371135507499
2035-06-30,8.908333333333333,0.06913371858694768,0.06920851598815983,0.06911816629781353,0.06913107210696878,0.7479740121214828,-0.1555228913414919,-0.026464799788988858
2035-07-07,8.927777777777777,0.06914123082937489,0.0692151583214521,0.06912557044322432,0.06913861009734876,0.7392749207721372,-0.15660386150570527,-0.026207320261290024
2035-07-14,8.947222222222223,0.0691487386358271,0.06922177178400042,0.06913297458863508,0.06914614548086964,0.7303314817332096,-0.1576404719201563,-0.0259315495745871
2035-07-21,8.966666666666667,0.06915624185954097,0.06922835656362572,0.06914037873404585,0.06915367808137562,0.7211470408474696,-0.15863125495119146,-0.025637781653486957
2035-07-28,8.98611111111111,0.0691637403554499,0.06923491284652311,0.06914778287945664,0.06916120772271088,0.711724910732181,-0.159574759932557,-0.02532632739013496
2035-08-04,9.005555555555556,0.06917123398016893,0.06924144081727968,0.0691551870248674,0.06916873422871958,0.7020683711074505,-0.16046955301524113,-0.024997514493502182
2035-08-11,9.025,0.06917872259197971,0.0692479406588917,0.06916259117027818,0.0691762574232459,0.6921806691198573,-0.16131421701537363,-0.02465168733811751
2035-08-18,9.044444444444444,0.06918620605081556,0.06925441255278181,0.06916999531568896,0.069183777130134,0.6820650196624756,-0.16210735126601095,-0.024289206815575337
2035-08-25,9.063888888888888,0.06919368421824668,0.06926085667881582,0.06917739946109973,0.06919129317322809,0.6717246056914261,-0.1628475714694766,-0.02391045018590443
2035-09-01,9.083333333333334,0.0692011569574655,0.06926727321531938,0.0691848036065105,0.06919880537637231,0.6611625785388209,-0.16353350954997903,-0.023515810931851178
2035-09-08,9.102777777777778,0.0692086241332722,0.06927366233909454,0.06919220775192128,0.06920631356341087,0.6503820582234865,-0.16416381350914389,-0.023105698613301584
2035-09-15,9.122222222222222,0.06921608561206027,0.06928002422543582,0.06919961189733205,0.0692138175581879,0.639386133755443,-0.1647371472822401,-0.02268053872378495
2035-09-22,9.141666666666667,0.06922354126180232,0.06928635904814635,0.06920701604274282,0.06922131718454763,0.6281778634403823,-0.1652521905949611,-0.02224077254683876
2035-09-29,9.161111111111111,0.06923099095203579,0.0692926669795537,0.0692144201881536,0.06922881226633418,0.6167602751791512,-0.16570763882187145,-0.021786857016120598
2035-10-06,9.180555555555555,0.06923843455384915,0.06929894819052543,0.06922182433356437,0.06923630262739175,0.6051363667627929,-0.16610220284776767,-0.02131926457399347
2035-10-13,9.2,0.06924587193986784,0.06930520285048461,0.06922922847897514,0.0692437880915645,0.5933091061677276,-0.1664346089269575,-0.020838483033303046
2035-10-20,9.219444444444445,0.0692533029842406,0.06931143112742492,0.06923663262438592,0.06925126848269664,0.5812814318433002,-0.16670359854670247,-0.020345015439571235
2035-10-27,9.238888888888889,0.06926072756262579,0.06931763318792597,0.0692440367697967,0.0692587436246323,0.5690562530018262,-0.16690792829093803,-0.019839379934855073
2035-11-03,9.258333333333333,0.06926814555217786,0.06932380919716777,0.06925144091520746,0.0692662133412157,0.5566364498990617,-0.16704636970399367,-0.019322109621605632
2035-11-10,9.277777777777779,0.069275556831534,0.0693299593189457,0.06925884506061825,0.06927367745629098,0.5440248741170328,-0.1671177091575049,-0.018793752430135147
2035-11-17,9.297222222222222,0.06928296128080079,0.06933608371568482,0.06926624920602902,0.06928113579370233,0.5312243488403423,-0.16712074771774166,-0.01825487098455758
2035-11-24,9.316666666666666,0.06929035878154106,0.06934218254845423,0.06927365335143978,0.06928858817729393,0.5182376691316437,-0.16705430101279783,-0.01770604247136598
2035-12-01,9.33611111111111,0.06929774921676088,0.06934825597698124,0.06928105749685057,0.06929603443090993,0.505067602203646,-0.16691719910311154,-0.017147858509536373
2035-12-08,9.355555555555556,0.06930513247089652,0.06935430415966519,0.06928846164226134,0.06930347437839453,0.4917168876866773,-0.16670828635184654,-0.016580925019937798
2035-12-15,9.375,0.06931250842980179,0.06936032725359134,0.0692958657876721,0.06931090784359191,0.47818823789555487,-0.1664264212968003,-0.016005862098766865
2035-12-22,9.394444444444444,0.0693198769807351,0.0693663254145444,0.06930326993308289,0.0693183346503462,0.4644843380929853,-0.16607047652217322,-0.015423303889039452
2035-12-29,9.41388888888889,0.0693272380123471,0.06937229879702203,0.06931067407849366,0.06932575462250162,0.45060784674935683,-0.1656393385343624,-0.014833898454719163
2036-01-05,9.433333333333334,0.06933459141466802,0.06937824755424797,0.06931807822390443,0.06933316758390234,0.4365613957994785,-0.16513190763595142,-0.014238307656788685
2036-01-12,9.452777777777778,0.06934193707909543,0.06938417183818528,0.06932548236931521,0.06934057335839253,0.4223475908984864,-0.1645470978021979,-0.013637207029043585
2036-01-19,9.472222222222221,0.0693492748983818,0.06939007179954926,0.06933288651472598,0.06934797176981633,0.40796901167455824,-0.16388383655821515,-0.013031285654718783
2036-01-26,9.491666666666667,0.06935660476662253,0.06939594758782011,0.06934029066013675,0.06935536264201797,0.39342821197579925,-0.1631410648578191,-0.01242124604561301
2036-02-02,9.511111111111111,0.06936392657924371,0.06940179935125577,0.06934769480554753,0.0693627457988416,0.3787277201205974,-0.16231773696182006,-0.011807804021213286
2036-02-09,9.530555555555555,0.06937124023299031,0.06940762723690418,0.0693550989509583,0.06937012106413137,0.36387003913868066,-0.16141282032006155,-0.011191688589345938
2036-02-16,9.55,0.06937854562591425,0.06941343139061566,0.06936250309636907,0.0693774882617315,0.3488576470141169,-0.16042529545179374,-0.010573641827521518
2036-02-23,9.569444444444445,0.06938584265736274,0.0694192119570552,0.06936990724177985,0.06938484721548614,0.3336929969245672,-0.1593541558288225,-0.00995441876594505
2036-03-01,9.588888888888889,0.06939313122796649,0.06942496907971421,0.06937731138719062,0.06939219774923945,0.318378517477208,-0.15819840775865845,-0.009334787270387501
2036-03-08,9.608333333333333,0.06940041123962837,0.06943070290092278,0.0693847155326014,0.06939953968683565,0.30291661294409855,-0.1569570702697476,-0.008715527927138922
2036-03-15,9.627777777777778,0.06940768259551179,0.06943641356186103,0.06939211967801218,0.06940687285211888,0.28730966349241327,-0.15562917499614692,-0.008097433929071807
2036-03-22,9.647222222222222,0.06941494520002948,0.0694421012025709,0.06939952382342295,0.06941419706893333,0.2715600254141193,-0.15421376606539194,-0.007481310961565679
2036-03-29,9.666666666666666,0.06942219895883218,0.06944776596196758,0.06940692796883371,0.06942151216112316,0.25567003135398836,-0.15270989998469875,-0.006867977090235788
2036-04-05,9.686111111111112,0.06942944377879758,0.06945340797785077,0.0694143321142445,0.06942881795253254,0.23964199053191915,-0.15111664553077442,-0.00625826265032714
2036-04-12,9.705555555555556,0.0694366795680191,0.0694590273869159,0.06942173625965527,0.06943611426700567,0.22347818896789606,-0.14943308363837837,-0.005653010134304415
2036-04-19,9.725,0.06944390623579519,0.06946462432476506,0.06942914040506604,0.06944340092838672,0.20718088969876036,-0.14765830729152052,-0.005053074084715448
2036-04-26,9.744444444444444,0.06945112369261829,0.06947019892591817,0.06943654455047682,0.06945067776051983,0.19075233299886696,-0.1457914214146594,-0.004459320984556703
2036-05-03,9.76388888888889,0.06945833185016405,0.06947575132382341,0.06944394869588759,0.06945794458724922,0.17419473659366358,-0.1438315427645942,-0.0038726291483326403
2036-05-10,9.783333333333333,0.06946553062128087,0.0694812816508682,0.06945135284129836,0.06946520123241905,0.15751029587326992,-0.1417777998251324,-0.003293888618249863
2036-05-17,9.802777777777777,0.06947271991997911,0.0694867900383894,0.06945875698670914,0.06947244751987348,0.14070118410286492,-0.1396293326996756,-0.0027240010562479267
2036-05-24,9.822222222222223,0.06947989966142064,0.06949227661668399,0.06946616113211991,0.0694796832734567,0.12376955263349032,-0.13738529300727498,-0.0021638796393608217
2036-05-31,9.841666666666667,0.06948706976190856,0.06949774151501922,0.06947356527753068,0.0694869083170129,0.10671753110660931,-0.13504484377882542,-0.001614448956605008
2036-06-07,9.86111111111111,0.06949423013887683,0.06950318486164267,0.06948096942294146,0.0694941224743862,0.08954722765838752,-0.13260715935367595,-0.0010766449062837857
2036-06-14,9.880555555555556,0.06950138071088,0.06950860678379249,0.06948837356835223,0.06950132556942085,0.07226072912494552,-0.13007142527762805,-0.0005514145914875535
2036-06-21,9.9,0.06950852139758316,0.06951400740770718,0.06949577771376302,0.06950851742596095,0.05486010124011731,-0.127436838201489,-3.971622211662584e-05
2036-06-28,9.919444444444444,0.06951565211975187,0.06951938685863533,0.06950318185917378,0.06951569786785074,0.03734738883459654,-0.12470260578087422,0.0004574809886470632
2036-07-05,9.938888888888888,0.06952277279924222,0.06952474526084551,0.06951058600458455,0.06952286671893435,0.019724616032862352,-0.12186794657670363,0.0009391969212069196
2036-07-12,9.958333333333334,0.06952988335899095,0.0695300827376356,0.06951799014999532,0.06953002380305595,0.001993786446496948,-0.11893208995625293,0.0014044406500268725
2036-07-19,9.977777777777778,0.06953698372300567,0.06953539941134244,0.0695253942954061,0.06953716894405976,-0.015843116632219267,-0.11589427599559277,0.0018522105409146672
2036-07-26,9.997222222222222,0.06954407381635513,0.06954069540335106,0.06953279844081688,0.06954430196578991,-0.033784130040737104,-0.11275375538258303,0.002281494347750046
2036-08-02,10.016666666666667,0.06955115356515973,0.06954597083410397,0.06954020258622766,0.06955142269209061,-0.05182731055763945,-0.10950978932069977,0.0026912693087965955
2036-08-09,10.036111111111111,0.0695582228965818,0.06955122582311025,0.06954760673163843,0.06955853094680602,-0.06997073471542992,-0.10616164943369477,0.003080502242180927
2036-08-16,10.055555555555555,0.06956528173881629,0.06955646048895463,0.0695550108770492,0.06956562655378029,-0.08821249861665215,-0.10270861767094908,0.003448149639984077
2036-08-23,10.075,0.06957233002108136,0.06956167494930636,0.06956241502245997,0.06957270933685765,-0.10655071775000913,-0.09914998621393667,0.003793157762888022
2036-08-30,10.094444444444445,0.06957936767360909,0.06956686932092807,0.06956981916787074,0.06957977911988221,-0.1249835268102295,-0.09548505738352087,0.004114462731213964
2036-09-06,10.113888888888889,0.06958639462763622,0.06957204371968444,0.0695772233132815,0.06958683572669819,-0.14350907951779512,-0.09171314354711191,0.004410990619707622
2036-09-13,10.133333333333333,0.06959341081539516,0.06957719826055084,0.0695846274586923,0.06959387898114978,-0.16212554844324822,-0.08783356702860012,0.0046816575462182985
2036-09-20,10.152777777777779,0.06960041617010476,0.06958233305762186,0.06959203160410307,0.0696009087070811,-0.18083112482900066,-0.0838456600169013,0.004925369763431053
2036-09-27,10.172222222222222,0.06960741062596146,0.06958947389438791,0.06959800656661064,0.0696079247394675,-0.17936731573547915,-0.09404059350820448,0.005141135060449109
2036-10-04,10.191666666666666,0.06961439411813036,0.06959739620569583,0.06960340985595691,0.06961492702263676,-0.16997912434535412,-0.10984262173455162,0.005329045063978688
2036-10-11,10.21111111111111,0.06962136658273636,0.06960528834498028,0.0696088131453032,0.0696219155629839,-0.16078237756081415,-0.12553437433157622,0.005489802475389105
2036-10-18,10.230555555555556,0.06962832795685549,0.06961315048427831,0.06961421643464949,0.06962889036761644,-0.15177472577176943,-0.14111522205997873,0.005624107609486506
2036-10-25,10.25,0.06963527817850612,0.06962098279432155,0.06961961972399576,0.06963585144364177,-0.14295384184570548,-0.1565845451036163,0.005732651356532559
2036-11-01,10.269444444444444,0.06964221718664051,0.06962878544454856,0.06962502301334204,0.0696427987981674,-0.13431742091951637,-0.1719417329847095,0.005816115268841848
2036-11-08,10.28888888888889,0.06964914492113619,0.06963655860311706,0.06963042630268833,0.06964973243830076,-0.1258631801913379,-0.18718618447863267,0.005875171645713939
2036-11-15,10.308333333333334,0.06965606132278745,0.06964430243691594,0.06963582959203461,0.06965665237114932,-0.11758885871515634,-0.2023173075284268,0.005910483618642992
2036-11-22,10.327777777777778,0.06966296633329716,0.06965201711157734,0.06964123288138091,0.06966355860382051,-0.10949221719819269,-0.21733451916250424,0.005922705233474268
2036-11-29,10.347222222222221,0.06966985989526825,0.06965970279148834,0.06964663617072718,0.06967045114342181,-0.10157103779911969,-0.23223724541068802,0.005912481535613745
2036-12-06,10.366666666666667,0.06967674195219559,0.06966735963980267,0.06965203946007346,0.06967732999706067,-0.09382312392919312,-0.24702492122122277,0.005880448650796843
2036-12-13,10.386111111111111,0.06968361244845779,0.06967498781845229,0.06965744274941975,0.06968419517184456,-0.08624630005504841,-0.26169699038042227,0.005827233867661263
2036-12-20,10.405555555555555,0.06969047132930907,0.06968258748815871,0.06966284603876603,0.0696910466748809,-0.07883841150357895,-0.2762529054303742,0.005753455718238154
2036-12-27,10.425,0.06969731854087133,0.06969015880844447,0.06966824932811232,0.06969788451327719,-0.07159732426861853,-0.2906921275901142,0.005659724058582061
2037-01-03,10.444444444444445,0.06970415403012606,0.06969770193764405,0.0696736526174586,0.06970470869414085,-0.06452092482012173,-0.30501412667457983,0.0055466401478743155
2037-01-10,10.463888888888889,0.06971097774490653,0.06970521703291507,0.06967905590680488,0.06971151922457937,-0.05760711991459333,-0.31921838101647837,0.005414796728359095
2037-01-17,10.483333333333333,0.06971778963388994,0.06971270425024922,0.06968445919615117,0.0697183161117002,-0.050853836407183106,-0.33330437738773866,0.00526477810250392
2037-01-24,10.502777777777778,0.06972458964658965,0.06972016374448298,0.06968986248549744,0.06972509936261076,-0.04425902106669488,-0.34727161092207304,0.005097160211131602
2037-01-31,10.522222222222222,0.0697313777333475,0.06972759566930824,0.06969526577484374,0.06973186898441855,-0.037820640392677296,-0.36111958503767805,0.004912510710441964
2037-02-07,10.541666666666666,0.06973815384532618,0.06973500017728304,0.06970066906419002,0.06973862498423102,-0.03153668043140434,-0.3748478113616005,0.004711389048339676
2037-02-14,10.561111111111112,0.06974491793450163,0.06974237741984182,0.0697060723535363,0.0697453673691556,-0.02540514659810089,-0.38845580965327087,0.004494346539651861
2037-02-21,10.580555555555556,0.06975166995365559,0.06974972754730589,0.06971147564288259,0.06975209614629979,-0.019424063496947808,-0.40194310772997954,0.004261926442039599
2037-02-28,10.6,0.06975840985636814,0.06975705070889351,0.06971687893222886,0.069758811322771,-0.013591474746221799,-0.4153092413927695,0.004014664028578752
2037-03-07,10.619444444444444,0.06976513759701031,0.06976434705273009,0.06972228222157516,0.06976551290567672,-0.007905442802186302,-0.4285537543514961,0.0037530866640878013
2037-03-14,10.63888888888889,0.06977185313073679,0.06977161672585812,0.06972768551092143,0.06977220090212438,-0.002364048786729356,-0.44167619815363435,0.0034777138759045645
2037-03-21,10.658333333333333,0.06977855641347869,0.0697788598742471,0.06973308880026771,0.06977887531922147,0.0030346076841658576,-0.45467613210975477,0.0031890574278548023
2037-03-28,10.677777777777777,0.06978524740193626,0.06978607664280323,0.069738492089614,0.06978553616407542,0.008292408669730023,-0.4675531232226082,0.00288762139158405
2037-04-04,10.697222222222223,0.06979192605357193,0.06979326717537916,0.06974389537896028,0.06979218344379369,0.013411218072328923,-0.4803067461164878,0.0025739022176118898
2037-04-11,10.716666666666667,0.06979859232660304,0.06980043161478348,0.06974929866830656,0.06979881716548374,0.01839288180441323,-0.49293658296478693,0.002248388806941337
2037-04-18,10.73611111111111,0.06980524617999503,0.0698075701027902,0.06975470195765285,0.06980543733625304,0.023239227951721286,-0.5054422234218592,0.001911562580031445
2037-04-25,10.755555555555556,0.06981188757345433,0.06981468278014816,0.06976010524699913,0.06981204396320902,0.027952066938286002,-0.5178232645519643,0.001563897546880133
2037-05-02,10.775,0.06981851646742152,0.06982176978659013,0.06976550853634542,0.06981863705345916,0.032533191686168195,-0.5300793107609891,0.001205860376413126
2037-05-09,10.794444444444444,0.06982513282306457,0.06982883126084218,0.0697709118256917,0.0698252166141109,0.03698437777602259,-0.5422099737287245,0.0008379104632361134
2037-05-16,10.813888888888888,0.06983173660227193,0.06983586734063246,0.06977631511503798,0.0698317826522717,0.041307383605304615,-0.5542148723394758,0.0004604999977175783
2037-05-23,10.833333333333334,0.06983832776764597,0.06984287816270043,0.06978171840438427,0.06983833517504905,0.045503950544673044,-0.5660936326169763,7.407403079806585e-05
2037-05-30,10.852777777777778,0.06984490628249612,0.06984986386280552,0.06978712169373055,0.06984487418955036,0.049575803093976356,-0.5778458876556924,-0.0003209294575923227
2037-06-06,10.872222222222222,0.06985147211083248,0.069856824575736,0.06979252498307684,0.06985139970288311,0.053524649035185945,-0.5894712775564304,-0.0007240794937246608
2037-06-13,10.891666666666667,0.06985802521735907,0.06986376043531757,0.06979792827242312,0.06985791172215473,0.05735217958505179,-0.6009694493594453,-0.0011349520433190374
2037-06-20,10.911111111111111,0.06986456556746748,0.06987067157442202,0.0698033315617694,0.06986441025447274,0.06106006954539889,-0.6123400569807425,-0.001553129947429177
2037-06-27,10.930555555555555,0.06987109312723035,0.06987755812497566,0.06980873485111569,0.06987089530694453,0.06464997745314616,-0.6235827611465738,-0.0019782028581882827
2037-07-04,10.95,0.06987760786339506,0.06988442021796772,0.06981413814046197,0.06987736688667759,0.0681235457265783,-0.6346972293308495,-0.0024097671746936555
2037-07-11,10.969444444444445,0.06988410974337725,0.06989125798345866,0.06981954142980826,0.06988382500077935,0.07148240081411572,-0.6456831356899118,-0.0028474259790300938
2037-07-18,10.988888888888889,0.0698905987352547,0.06989807155058841,0.06982494471915454,0.0698902696563573,0.07472815333711691,-0.6565401610016119,-0.003290788973958625
2037-07-25,11.008333333333333,0.06989707480776104,0.06990486104758446,0.06983034800850083,0.06989670086051888,0.07786239823420749,-0.6672679926021663,-0.003739472421576684
2037-08-01,11.027777777777779,0.06990353793027954,0.06991162660176996,0.0698357512978471,0.06990311862037155,0.08088671490422139,-0.6778663243243999,-0.004193099079896623
2037-08-08,11.047222222222222,0.06990998807283698,0.0699183683395716,0.06984115458719338,0.06990952294302277,0.08380266734622777,-0.6883348564359903,-0.004651298142061
2037-08-15,11.066666666666666,0.06991642520609768,0.06992508638652754,0.06984655787653966,0.06991591383557998,0.08661180429858639,-0.69867329558021,-0.005113705177084427
2037-08-22,11.08611111111111,0.06992284930135742,0.06993178086729523,0.06985196116588595,0.06992229130515065,0.0893156593781419,-0.7088813547147244,-0.005579962067681077
2037-08-29,11.105555555555556,0.06992926033053737,0.06993845190565902,0.06985736445523223,0.06992865535884225,0.09191575121650364,-0.718958753051363,-0.006049716951145312
2037-09-05,11.125,0.06993565826617833,0.06994509962453789,0.06986276774457852,0.06993500600376219,0.09441358359563168,-0.7289052159981102,-0.006522624161342527
2037-09-12,11.144444444444444,0.06994204308143477,0.06995172414599297,0.0698681710339248,0.06994134324701798,0.096810645582035,-0.7387204750997078,-0.006998344167924442
2037-09-19,11.16388888888889,0.06994841475006901,0.06995832559123495,0.06987357432327108,0.06994766709571705,0.09910841165944317,-0.7484042679792302,-0.007476543519568946
2037-09-26,11.183333333333334,0.06995477324644547,0.0699649040806316,0.06987897761261737,0.06995397755696688,0.10130834186133919,-0.7579563382810461,-0.007956894785970947
2037-10-03,11.202777777777778,0.06996111854552492,0.06997145973371492,0.06988438090196365,0.0699602746378749,0.10341188190002293,-0.7673764356126711,-0.008439076500249554
2037-10-10,11.222222222222221,0.06996745062285883,0.06997799266918855,0.06988978419130994,0.06996655834554856,0.10542046329720112,-0.7766643154889785,-0.008922773102743031
2037-10-17,11.241666666666667,0.06997376945458374,0.06998450300493485,0.06989518748065622,0.06997282868709534,0.10733550351110788,-0.785819739275162,-0.009407674883971096
2037-10-24,11.261111111111111,0.0699800750174156,0.0699909908580219,0.0699005907700025,0.06997908566962269,0.10915840606307015,-0.7948424741309468,-0.009893477929123762
2037-10-31,11.280555555555555,0.06998636728864437,0.06999745634471075,0.06990599405934879,0.06998532930023807,0.11089056066379555,-0.8037322929557722,-0.010379884062966527
2037-11-07,11.3,0.06999264624612841,0.0700038995804621,0.06991139734869507,0.06999155958604894,0.1125333433368847,-0.8124889743334196,-0.010866600794745551
2037-11-14,11.319444444444445,0.06999891186828908,0.0700103206799434,0.06991680063804136,0.06999777653416274,0.11408811654317619,-0.8211123024771949,-0.011353341263370398
2037-11-21,11.338888888888889,0.07000516413410535,0.07001671975703548,0.06992220392738763,0.07000398015168693,0.11555622930134457,-0.8296020671771931,-0.011839824184123326
2037-11-28,11.358333333333333,0.07001140302310842,0.0700230969248394,0.06992760721673393,0.07001017044572898,0.1169390173098861,-0.8379580637449258,-0.012325773794397143
2037-12-05,11.377777777777778,0.07001762851537646,0.07002945229568307,0.0699330105060802,0.07001634742339634,0.11823780306605136,-0.8461800929626673,-0.012810919801237164
2037-12-12,11.397222222222222,0.07002384059152926,0.0700357859811278,0.06993841379542648,0.07002251109179645,0.11945389598533307,-0.8542679610278048,-0.013294997328050506
2037-12-19,11.416666666666666,0.0700300392327231,0.07004209809197491,0.06994381708477276,0.0700286614580368,0.12058859251803944,-0.8622214795034333,-0.0137777468631195
2037-12-26,11.436111111111112,0.07003622442064555,0.07004838873827213,0.06994922037411905,0.07003479852922481,0.12164317626572885,-0.8700404652650651,-0.014258914207421203
2038-01-02,11.455555555555556,0.07004239613751023,0.07005465802932004,0.06995462366346533,0.07004092231246797,0.1226189180980608,-0.8777247404490041,-0.014738250422585697
2038-01-09,11.475,0.07004855436605188,0.07006090607367838,0.06996002695281162,0.07004703281487372,0.12351707626492847,-0.8852741324026636,-0.015215511781629942
2038-01-16,11.494444444444444,0.07005469908952122,0.07006713297917228,0.0699654302421579,0.0700531300435495,0.12433889651053409,-0.8926884736332186,-0.015690459717193628
2038-01-23,11.51388888888889,0.07006083029167996,0.07007333885289853,0.06997083353150418,0.07005921400560282,0.12508561218566028,-0.899967601757784,-0.016162860771440357
2038-01-30,11.533333333333333,0.07006694795679579,0.07007952380123167,0.06997623682085047,0.07006528470814108,0.1257584443588311,-0.9071113594531777,-0.01663248654706906
2038-02-06,11.552777777777777,0.07007305206963754,0.0700856879298301,0.06998164011019675,0.07007134215827177,0.12635860192553028,-0.9141195944079028,-0.017099113657770282
2038-02-13,11.572222222222223,0.07007914261547024,0.07009183134364208,0.06998704339954304,0.07007738636310233,0.1268872817183908,-0.9209921592720494,-0.01756252367909883
2038-02-20,11.591666666666667,0.0700852195800503,0.07009795414691168,0.06999244668888932,0.07008341732974023,0.12734566861377639,-0.927728911609832,-0.018022503100734166
2038-02-27,11.61111111111111,0.07009128294962072,0.07010405644318467,0.0699978499782356,0.07008943506529292,0.12773493563947302,-0.9343297138511564,-0.01847884327804694
2038-03-06,11.630555555555556,0.07009733271090621,0.0701101383353144,0.07000325326758189,0.07009543957686784,0.12805624408196437,-0.9407944332431861,-0.018931340383665507
2038-03-13,11.65,0.07010336885110867,0.07011619992546755,0.07000865655692816,0.07010143087157247,0.12831074358884975,-0.9471229418051008,-0.019379795361956775
2038-03-20,11.669444444444444,0.07010939135790235,0.07012224131512983,0.07001405984627444,0.07010740895651427,0.12849957227473174,-0.9533151162791076,-0.019824013880870295
2038-03-27,11.688888888888888,0.07011540021942927,0.07012826260511168,0.07001946313562074,0.07011337383880067,0.12862385682405053,-0.9593708380853383,-0.020263806286002772
2038-04-03,11.708333333333334,0.07012139542429457,0.07013426389555384,0.07002486642496702,0.07011932552553915,0.12868471259266934,-0.9652899932754977,-0.020698987554246262
2038-04-10,11.727777777777778,0.07012737696156202,0.07014024528593296,0.07003026971431331,0.07012526402383716,0.12868324370945983,-0.9710724724870667,-0.021129377248546577
2038-04-17,11.747222222222222,0.07013334482074936,0.07014620687506702,0.07003567300365958,0.07013118934080216,0.1286205431766385,-0.9767181708977835,-0.02155479947196781
2038-04-24,11.766666666666667,0.07013929899182399,0.07015214876112086,0.07004107629300588,0.07013710148354159,0.12849769296871538,-0.9822269881810952,-0.02197508282397731
2038-05-01,11.786111111111111,0.07014523946519836,0.07015807104161147,0.07004647958235216,0.07014300045916293,0.1283157641310262,-0.9875988284620274,-0.02239006035437141
2038-05-08,11.805555555555555,0.0701511662317256,0.07016397381341341,0.07005188287169845,0.07014888627477361,0.12807581687812597,-0.9928336002715255,-0.02279956951983797
2038-05-15,11.825,0.07015707928269513,0.07016985717276403,0.07005728616104472,0.07015475893748112,0.12777890068899067,-0.9979312165041276,-0.023203452140102554
2038-05-22,11.844444444444445,0.07016297860982838,0.07017572121526874,0.07006268945039101,0.07016061845439289,0.12742605440360655,-1.002891594373695,-0.023601554354907295
2038-05-29,11.863888888888889,0.07016886420527442,0.07018156603590622,0.07006809273973728,0.07016646483261639,0.12701830631803301,-1.0077146553713612,-0.02399372658029586
2038-06-05,11.883333333333333,0.07017473606160567,0.07018739172903342,0.07007349602908358,0.07017229807925908,0.1265566742775226,-1.0124003252208469,-0.024379823465869865
2038-06-12,11.902777777777779,0.07018059417181369,0.07019319838839078,0.07007889931842985,0.0701781182014284,0.1260421657708899,-1.0169485338383522,-0.024759703852877957
2038-06-19,11.922222222222222,0.07018643852930503,0.07019898610710716,0.07008430260777614,0.07018392520623182,0.1254757780212723,-1.0213592152889805,-0.025133230732166112
2038-06-26,11.941666666666666,0.07019226912789696,0.07020475497770494,0.07008970589712242,0.07018971910077679,0.12485849807980509,-1.0256323077453833,-0.02550027120171161
2038-07-03,11.96111111111111,0.07019808596181343,0.07021050509210475,0.0700951091864687,0.07019549989217078,0.12419130291319025,-1.029767753447236,-0.025860696426516228
2038-07-10,11.980555555555556,0.0702038890256809,0.07021623654163053,0.07010051247581499,0.07020126758752122,0.12347515949640009,-1.0337654986590505,-0.026214381596695313
2038-07-17,12.0,0.07020967831452431,0.07022194941701436,0.07010591576516126,0.0702070221939356,0.12271102490052366,-1.037625493630484,-0.02656120588709343
2038-07-24,12.019444444444444,0.07021545382376308,0.07022764380840109,0.07011131905450754,0.07021276371852135,0.12189984638005802,-1.0413476925554,-0.02690105241731633
2038-07-31,12.03888888888889,0.07022121554920704,0.07023331980535326,0.07011672234385384,0.07021849216838594,0.12104256146214243,-1.0449320535320383,-0.02723380821106902
2038-08-07,12.058333333333334,0.07022696348705255,0.07023897749685569,0.07012212563320011,0.07022420755063681,0.12014009803135162,-1.048378538524436,-0.02755936415743676
2038-08-14,12.077777777777778,0.07023269763387852,0.07024461697132016,0.0701275289225464,0.07022990987238144,0.11919337441643196,-1.0516871133212091,-0.02787761497077823
2038-08-21,12.097222222222221,0.07023841798664245,0.07025023831659002,0.07013293221189269,0.07023559914072727,0.11820329947578867,-1.0548577474975285,-0.028188459151728962
2038-08-28,12.116666666666667,0.0702441245426767,0.07025584161994476,0.07013833550123898,0.07024127536278178,0.11717077268061371,-1.0578904143772327,-0.028491798949176195
2038-09-04,12.136111111111111,0.0702498172996846,0.0702614269681045,0.07014373879058526,0.0702469385456524,0.11609668419898522,-1.0607850909934158,-0.028787540322094962
2038-09-11,12.155555555555555,0.07025549625573659,0.07026699444723446,0.07014914207993153,0.07025258869644659,0.1149819149787179,-1.0635417580505402,-0.029075592899996394
2038-09-18,12.175,0.0702611614092665,0.07027254414294948,0.07015454536927782,0.0702582258222718,0.11382733682979707,-1.0661603998868285,-0.029355869946984248
2038-09-25,12.194444444444445,0.07026681275906786,0.07027807614031824,0.0701599486586241,0.07026384993023552,0.11263381250375959,-1.068641004437626,-0.029628288323452212
2038-10-02,12.213888888888889,0.0702724503042901,0.07028359052386776,0.07016535194797038,0.07026946102744519,0.11140219577668309,-1.0709835631970976,-0.029892768449030216
2038-10-09,12.233333333333333,0.0702780740444349,0.07028908737758766,0.07017075523731667,0.07027505912100825,0.11013333152759541,-1.073188071182285,-0.03014923426650218
2038-10-16,12.252777777777778,0.07028368397935258,0.0702945667849344,0.07017615852666295,0.07028064421803219,0.10882805581813315,-1.0752545268963298,-0.03039761320391965
2038-10-23,12.272222222222222,0.07028928010923846,0.07030002882883546,0.07018156181600924,0.07028621632562443,0.10748719596997969,-1.0771829322922533,-0.03063783614032367
2038-10-30,12.291666666666666,0.07029486243462932,0.07030547359169369,0.07018696510535552,0.07029177545089244,0.10611157064369103,-1.0789732927379836,-0.030869837368829867
2038-11-06,12.311111111111112,0.07030043095639966,0.07031090115539128,0.0701923683947018,0.0702973216009437,0.10470198991613389,-1.0806256169786088,-0.03109355455971352
2038-11-13,12.330555555555556,0.07030598567575848,0.0703163116012939,0.07019777168404809,0.07030285478288562,0.10325925535417668,-1.0821399171039026,-0.03130892872862945
2038-11-20,12.35,0.0703115265942455,0.07032170501025485,0.07020317497339437,0.0703083750038257,0.10178416009351543,-1.0835162085112704,-0.03151590419803174
2038-11-27,12.369444444444444,0.07031705371372785,0.07032708146261905,0.07020857826274066,0.07031388227087138,0.10027748891208721,-1.084754509871888,-0.03171442856469975
2038-12-04,12.38888888888889,0.07032256703639657,0.07033244103822693,0.07021398155208694,0.07031937659113012,0.09874001830362245,-1.0858548430962844,-0.03190445266448849
2038-12-11,12.408333333333333,0.07032806656476326,0.07033778381641854,0.07021938484143322,0.07032485797170936,0.09717251655286252,-1.0868172333003412,-0.03208593053902198
2038-12-18,12.427777777777777,0.07033355230165657,0.07034310987603735,0.07022478813077951,0.07033032641971658,0.09557574380786305,-1.087641708770598,-0.032258819399888505
2038-12-25,12.447222222222223,0.07033902425021903,0.0703484192954342,0.07023019142012579,0.07033578194225922,0.09395045215174203,-1.0883283009323341,-0.03242307959810953
2039-01-01,12.466666666666667,0.07034448241390351,0.07035371215247106,0.07023559470947208,0.07034122454644474,0.09229738567553825,-1.088877044314318,-0.03257867458764108
2039-01-08,12.48611111111111,0.07034992679647015,0.07035898852452495,0.07024099799881836,0.07034665423938062,0.09061728054801654,-1.089287976517861,-0.03272557089525896
2039-01-15,12.505555555555556,0.07035535740198287,0.0703642484884916,0.07024640128816463,0.07035207102817428,0.08891086508727719,-1.0895611381823989,-0.03286373808586429
2039-01-22,12.525,0.07036077423480629,0.07036949212078922,0.07025180457751092,0.07035747491993319,0.08717885982931217,-1.0896965729537134,-0.032993148730980915
2039-01-29,12.544444444444444,0.07036617729960246,0.0703747194973623,0.0702572078668572,0.07036286592176481,0.08542197759850434,-1.0896943274525672,-0.033113778376420155
2039-02-05,12.563888888888888,0.0703715666013276,0.07037993069368509,0.07026261115620348,0.0703682440407766,0.08364092357493469,-1.0895544512411204,-0.03322560550994558
2039-02-12,12.583333333333334,0.07037694214522905,0.07038512578476538,0.07026801444554977,0.07037360928407602,0.08183639536335496,-1.089276996792815,-0.033328611530325514
2039-02-19,12.602777777777778,0.07038230393684206,0.07039030484514805,0.07027341773489605,0.07037896165877053,0.08000908305993981,-1.0888620194600407,-0.03342278071527538
2039-02-26,12.622222222222222,0.07038765198198668,0.07039546794891861,0.07027882102424235,0.07038430117196756,0.0781596693193165,-1.088309577443325,-0.03350810019120409
2039-03-05,12.641666666666667,0.07039298628676473,0.0704006151697068,0.07028422431358863,0.0703896278307746,0.07628882942076198,-1.0876197317609415,-0.03358455990129516
2039-03-12,12.661111111111111,0.0703983068575567,0.07040574658069004,0.07028962760293492,0.07039494164229906,0.07439723133342846,-1.086792546217824,-0.03365215257636334
2039-03-19,12.680555555555555,0.07040361370101866,0.07041086225459686,0.07029503089228119,0.07040024261364845,0.07248553578198536,-1.0858280873747572,-0.03371087370210302
2039-03-26,12.7,0.0704089068240794,0.07041596226371045,0.07030043418162747,0.0704055307519302,0.0705543963105959,-1.0847264245192334,-0.0337607214918878
2039-04-02,12.719444444444445,0.07041418623393728,0.07042104667987197,0.07030583747097376,0.07041080606425178,0.06860445934689374,-1.0834876296351992,-0.03380169685499035
2039-04-09,12.738888888888889,0.07041945193805736,0.0704261155744839,0.07031124076032004,0.07041606855772062,0.06663636426540442,-1.082111777373218,-0.03383380336743902
2039-04-16,12.758333333333333,0.07042470394416853,0.07043116901851355,0.07031664404966631,0.07042131823944421,0.064650743450273,-1.0805989450221598,-0.03385704724315208
2039-04-23,12.777777777777779,0.07042994226026039,0.07043620708249615,0.07032204733901261,0.07042655511652998,0.06264822235757528,-1.0789492124778366,-0.03387143730410047
2039-04-30,12.797222222222222,0.07043516689458064,0.07044122983653826,0.07032745062835888,0.0704317791960854,0.06062941957624135,-1.0771626622176067,-0.033876984952413425
2039-05-07,12.816666666666666,0.07044037785563195,0.07044623735032103,0.07033285391770516,0.07043699048521793,0.05859494689078315,-1.0752393792679005,-0.033873704140263694
2039-05-14,12.83611111111111,0.07044557515216936,0.07045122969310338,0.07033825720705145,0.070442188991035,0.05654540934027508,-1.0731794511791015,-0.03386161134349974
2039-05-21,12.855555555555556,0.07045075879319725,0.0704562069337252,0.07034366049639773,0.07044737472064411,0.05448140527955503,-1.0709829679951544,-0.03384072553139217
2039-05-28,12.875,0.07045592878796675,0.07046116914061051,0.07034906378574401,0.07045254768115267,0.052403526437649894,-1.0686500222273354,-0.03381106814082102
2039-06-04,12.894444444444444,0.0704610851459728,0.07046611638177062,0.0703544670750903,0.07045770787966818,0.05031235797828271,-1.0661807088249708,-0.033772663046161
2039-06-11,12.91388888888889,0.07046622787695152,0.07047104872480722,0.07035987036443658,0.07046285532329806,0.04820847855704913,-1.0635751251493464,-0.03372553653457899
2039-06-18,12.933333333333334,0.07047135699087749,0.07047596623691543,0.07036527365378287,0.0704679900191498,0.0460924603794266,-1.0608333709462292,-0.03366971727689072
2039-06-25,12.952777777777778,0.07047647249796093,0.07048086898488692,0.07037067694312915,0.07047311197433084,0.043964869259893735,-1.057955548317835,-0.033605236300915386
2039-07-02,12.972222222222221,0.0704815744086452,0.07048575703511291,0.07037608023247544,0.07047822119594863,0.041826264677025105,-1.0549417616977086,-0.03353212696580177
2039-07-09,12.991666666666667,0.07048666273360399,0.07049063045358708,0.07038148352182172,0.07048331769111064,0.03967719983094531,-1.0517921178226919,-0.03345042493343997
2039-07-16,13.011111111111111,0.0704917374837388,0.07049548930590868,0.070386886811168,0.07048840146692431,0.037518221698840115,-1.0485067257079428,-0.033360168144869196
2039-07-23,13.030555555555555,0.07049679867017625,0.07050033365728539,0.07039229010051429,0.07049347253049712,0.035349871091439056,-1.0450856966195965,-0.03326139679127316
2039-07-30,13.05,0.07050184630426554,0.07050516357253625,0.07039769338986057,0.07049853088893653,0.0331726827071388,-1.0415291440496466,-0.03315415329011029
2039-08-06,13.069444444444445,0.07050688039757588,0.07050997911609454,0.07040309667920686,0.07050357654934994,0.030987185186542865,-1.0378371836902711,-0.03303848225943984
2039-08-13,13.088888888888889,0.07051190096189397,0.07051478035201068,0.07040849996855314,0.07050860951884487,0.02879390116714009,-1.0340099334082975,-0.03291443049099896
2039-08-20,13.108333333333333,0.07051690800922142,0.07051956734395504,0.07041390325789942,0.07051362980452876,0.02659334733617902,-1.030047513219945,-0.032782046926610464
2039-08-27,13.127777777777778,0.07052190155177226,0.07052434015522076,0.07041930654724571,0.07051863741350904,0.02438603448493004,-1.0259500452655668,-0.032641382632231375
2039-09-03,13.147222222222222,0.0705268816019705,0.07052909884872656,0.07042470983659199,0.07052363235289322,0.022172467560588327,-1.021717653785087,-0.032492490772834115
2039-09-10,13.166666666666666,0.07053184817244766,0.07053384348701948,0.07043011312593828,0.0705286146297887,0.019953145718176746,-1.0173504650938525,-0.03233542658964694
2039-09-17,13.186111111111112,0.07053680127604028,0.07053857413227761,0.07043551641528456,0.07053358425130296,0.017728562373281465,-1.0128486075572374,-0.03217024737323104
2039-09-24,13.205555555555556,0.07054174092578759,0.07054329084631286,0.07044091970463084,0.07053854122454345,0.015499205252705872,-1.0082122115674663,-0.03199701244141484
2039-10-01,13.225,0.070546667134929,0.07054799369057359,0.07044632299397711,0.07054348555661764,0.013265556445818394,-1.0034414095189126,-0.0318157831136201
2039-10-08,13.244444444444444,0.07055157991690185,0.0705526827261473,0.07045172628332341,0.070548417254633,0.011028092454512528,-0.9985363357843668,-0.03162662268851868
2039-10-15,13.26388888888889,0.07055647928533895,0.07055735801376334,0.07045712957266968,0.07055333632569695,0.008787284243860771,-0.993497126692694,-0.031429596420023964
2039-10-22,13.283333333333333,0.0705613652540663,0.07056201961379535,0.07046253286201597,0.07055824277691698,0.006543597290548098,-0.9883239205032979,-0.03122477149314351
2039-10-29,13.302777777777777,0.07056623783710068,0.07056666758626412,0.07046793615136226,0.07056313661540052,0.004297491634358552,-0.9830168573841946,-0.03101221700163581
2039-11-05,13.322222222222223,0.07057109704864756,0.07057130199083995,0.07047333944070854,0.07056801784825503,0.0020494219239719502,-0.9775760793902244,-0.03079200392525072
2039-11-12,13.341666666666667,0.07057594290309857,0.07057592288684528,0.07047874273005482,0.07057288648258798,-0.00020016253293730912,-0.9720017304375161,-0.030564205105859665
2039-11-19,13.36111111111111,0.07058077541502937,0.07058053033325726,0.0704841460194011,0.07057774252550683,-0.0024508177211279847,-0.9662939562826711,-0.03032889522538995
2039-11-26,13.380555555555556,0.07058559459919743,0.07058512438871017,0.07048954930874739,0.07058258598411903,-0.0047021048725504055,-0.9604529045004195,-0.030086150784036647
2039-12-03,13.4,0.07059040047053976,0.07058970511149801,0.07049495259809367,0.07058741686553202,-0.006953590417496658,-0.954478724460861,-0.02983605007736423
2039-12-10,13.419444444444444,0.07059519304417067,0.07059427255957688,0.07050035588743996,0.07059223517685329,-0.00920484593783244,-0.9483715673071214,-0.029578673173824566
2039-12-17,13.438888888888888,0.07059997233537968,0.07059882679056746,0.07050575917678624,0.07059704092519027,-0.011455448122171807,-0.942131585934397,-0.029314101894079014
2039-12-24,13.458333333333334,0.07060473835962933,0.07060336786175746,0.07051116246613252,0.0706018341176504,-0.013704978718692695,-0.9357589349680284,-0.029042419789210294
2039-12-31,13.477777777777778,0.07060949113255291,0.07060789583010396,0.07051656575547881,0.0706066147613412,-0.015953024489478995,-0.9292537707410176,-0.028763712117130247
2040-01-07,13.497222222222222,0.07061423066995255,0.07061241075223583,0.07052196904482509,0.07061138286337006,-0.01819917716722186,-0.9226162512745995,-0.028478065824955046
2040-01-14,13.516666666666667,0.0706189569877969,0.0706169126844561,0.07052737233417138,0.07061613843084447,-0.020443033407896438,-0.9158465362552048,-0.028185569524302734
2040-01-21,13.536111111111111,0.07062367010221914,0.07062140168274429,0.07053277562351765,0.0706208814708719,-0.02268419474843464,-0.9089447870148926,-0.027886313472419433
2040-01-28,13.555555555555555,0.07062837002951493,0.0706258778027587,0.07053817891286394,0.07062561199055975,-0.02492226756231619,-0.9019111665098389,-0.027580389551778994
2040-02-04,13.575,0.07063305678614025,0.07063034109983875,0.07054358220221021,0.07063032999701553,-0.02715686301502096,-0.8947458393003538,-0.02726789124718465
2040-02-11,13.594444444444445,0.07063773038870946,0.07063479162900724,0.07054898549155651,0.0706350354973467,-0.029387597022256795,-0.8874489715295086,-0.02694891362758911
2040-02-18,13.613888888888889,0.07064239085399322,0.07063922944497265,0.07055438878090278,0.0706397284986607,-0.031614090205689394,-0.8800207309044017,-0.026623553325277882
2040-02-25,13.633333333333333,0.0706470381989165,0.0706436546021313,0.07055979207024907,0.07064440900806496,-0.033835967852002824,-0.8724612866743697,-0.02629190851546892
2040-03-03,13.652777777777779,0.07065167244055659,0.07064806715456967,0.07056519535959535,0.07064907703266698,-0.036052859869184495,-0.8647708096123918,-0.025954078896051058
2040-03-10,13.672222222222222,0.07065629359614109,0.07065246715606653,0.07057059864894163,0.07065373257957419,-0.03826440074558568,-0.8569494719945503,-0.025610165668987772
2040-03-17,13.691666666666666,0.07066090168304609,0.07065685466009515,0.07057600193828792,0.07065837565589406,-0.04047022950939838,-0.8489974475817119,-0.025260271520333166
2040-03-24,13.71111111111111,0.07066549671879402,0.07066122971982547,0.0705814052276342,0.07066300626873404,-0.0426699896854954,-0.8409149115981562,-0.024904500599831625
2040-03-31,13.730555555555556,0.07067007872105188,0.07066559238812624,0.07058680851698049,0.07066762442520158,-0.04486332925643377,-0.8327020407139507,-0.024542958503015466
2040-04-07,13.75,0.07067464770762934,0.07066994271756717,0.07059221180632677,0.07067223013240416,-0.04704990062165404,-0.8243590130256606,-0.02417575225177604
2040-04-14,13.769444444444444,0.07067920369647676,0.07067428076042102,0.07059761509567306,0.07067682339744921,-0.04922936055737348,-0.8158860080370589,-0.023802990275489933
2040-04-21,13.78888888888889,0.07068374670568335,0.07067860656866569,0.07060301838501934,0.07068140422744419,-0.051401370176618055,-0.8072832066401137,-0.02342478239159007
2040-04-28,13.808333333333334,0.07068827675347536,0.07068292019398632,0.07060842167436562,0.07068597262949658,-0.05356559489036461,-0.7985507910973633,-0.023041239787802148
2040-05-05,13.827777777777778,0.07069279385821416,0.07068722168777733,0.07061382496371191,0.07069052861071382,-0.05572170436826673,-0.7896889450224875,-0.02265247500340961
2040-05-12,13.847222222222221,0.0706972980383945,0.07069151110114444,0.07061922825305819,0.07069507217820337,-0.05786937250062962,-0.7806978533630993,-0.022258601911351317
2040-05-19,13.866666666666667,0.07070178931264263,0.07069578848490676,0.07062463154240448,0.07069960333907267,-0.06000827735871961,-0.7715777023815928,-0.021859735699625293
2040-05-26,13.886111111111111,0.07070626769971453,0.07070005388959873,0.07063003483175076,0.0707041221004292,-0.06213810115798801,-0.7623286796376583,-0.02145599285324762
2040-06-02,13.905555555555555,0.07071073321849414,0.07070430736547213,0.07063543812109704,0.0707086284693804,-0.06425853022004602,-0.7529509739709339,-0.021047491137321517
2040-06-09,13.925,0.0707151858879916,0.0707085489624981,0.07064084141044333,0.07071312245303375,-0.06636925493491708,-0.7434447754826878,-0.020634349578441125
2040-06-16,13.944444444444445,0.07071962572734145,0.07071277873036903,0.07064624469978961,0.0707176040584967,-0.068469969724122,-0.7338102755183318,-0.020216688447483033
2040-06-23,13.963888888888889,0.07072405275580097,0.07071699671850051,0.0706516479891359,0.07072207329287666,-0.07056037300459672,-0.7240476666507678,-0.01979462924309172
2040-06-30,13.983333333333333,0.07072846699274844,0.07072120297603328,0.07065705127848218,0.07072653016328116,-0.07264016715163857,-0.7141571426626248,-0.019368294672805764
2040-07-07,14.002777777777778,0.07073286845768137,0.07072539755183517,0.07066245456782846,0.07073097467681762,-0.07470905846199138,-0.7041388985290498,-0.018937808637514708
2040-07-14,14.022222222222222,0.07073725717021491,0.07072958049450288,0.07066785785717475,0.07073540684059348,-0.07676675712026126,-0.69399313040161,-0.01850329621425062
2040-07-21,14.041666666666666,0.0707416331500801,0.07073375185236401,0.07067326114652102,0.07073982666171623,-0.07881297716089142,-0.6837200355908069,-0.018064883638702067
2040-07-28,14.061111111111112,0.07074599641712226,0.07073791167347879,0.07067866443586732,0.07074423414729332,-0.0808474364347167,-0.6733198125494222,-0.017622698289393446
2040-08-04,14.080555555555556,0.0707503469912993,0.07074206000564195,0.07068406772521359,0.07074862930443218,-0.08286985657343648,-0.6627926608571144,-0.01717686867117041
2040-08-11,14.1,0.0707546848926801,0.07074619689638467,0.07068947101455987,0.0707530121402403,-0.08487996295422628,-0.6521387812022383,-0.01672752439799141
2040-08-18,14.119444444444444,0.07075901014144294,0.07075032239297621,0.07069487430390616,0.0707573826618251,-0.08687748466726375,-0.6413583753678287,-0.016274796178356032
2040-08-25,14.13888888888889,0.07076332275787385,0.07075443654242584,0.07070027759325244,0.07076174087629408,-0.08886215448006274,-0.6304516462141141,-0.015818815797680186
2040-09-01,14.158333333333333,0.07076762276236502,0.07075853939148462,0.07070568088259872,0.07076608679075466,-0.09083370880402786,-0.6194187976629739,-0.015359716103585663
2040-09-08,14.177777777777777,0.0707719101754132,0.07076263098664706,0.07071108417194501,0.07077042041231432,-0.09279188766142532,-0.6082600346819789,-0.014897630988830457
2040-09-15,14.197222222222223,0.07077618501761823,0.07076671137415302,0.07071648746129129,0.07077474174808052,-0.09473643465207626,-0.5969755632694029,-0.014432695377153415
2040-09-22,14.216666666666667,0.07078044730968139,0.07077078059998937,0.07072189075063758,0.0707790508051607,-0.09666709692018882,-0.5855655904381252,-0.013965045206898452
2040-09-29,14.23611111111111,0.07078469707240392,0.07077483870989174,0.07072729403998386,0.0707833475906623,-0.09858362512188412,-0.5740303242006417,-0.013494817416304095
2040-10-06,14.255555555555556,0.0707889343266855,0.07077888574934618,0.07073269732933014,0.0707876321116928,-0.10048577339313858,-0.5623699735535226,-0.013022149926988913
2040-10-13,14.275,0.07079315909352268,0.070782921763591,0.07073810061867643,0.07079190437535968,-0.10237329931689354,-0.5505847484625626,-0.012547181630073734
2040-10-20,14.294444444444444,0.07079737139400748,0.07078694679761828,0.07074350390802271,0.07079616438877036,-0.10424596389196905,-0.5386748598476543,-0.01207005237119363
2040-10-27,14.313888888888888,0.07080157124932583,0.07079096089617565,0.07074890719736898,0.07080041215903231,-0.10610353150183882,-0.5266405195684942,-0.01159090293523235
2040-11-03,14.333333333333334,0.07080575868075613,0.07079496410376795,0.07075431048671527,0.07080464769325298,-0.10794576988173987,-0.5144819404086232,-0.011109875031473093
2040-11-10,14.352777777777778,0.07080993370966782,0.07079895646465884,0.07075971377606155,0.07080887099853984,-0.10977245008980674,-0.5021993360626587,-0.010627111279720713
2040-11-17,14.372222222222222,0.07081409635751985,0.07080293802287238,0.07076511706540783,0.07081308208200035,-0.11158334647473622,-0.4897929211201968,-0.010142755195036157
2040-11-24,14.391666666666667,0.07081824664585937,0.07080690882219479,0.07077052035475412,0.07081728095074194,-0.11337823664581137,-0.4772629110524895,-0.009656951174275008
2040-12-01,14.411111111111111,0.0708223845963202,0.07081086890617592,0.0707759236441004,0.07082146761187208,-0.11515690144278667,-0.46460952219801177,-0.009169844481238254
2040-12-08,14.430555555555555,0.07082651023062152,0.07081481831813093,0.07078132693344669,0.07082564207249824,-0.11691912490591205,-0.45183297174830606,-0.0086815812327945
2040-12-15,14.45,0.07083062357056635,0.0708187571011418,0.07078673022279297,0.07082980433972785,-0.11866469424554049,-0.4389334777338272,-0.008192308385002178
2040-12-22,14.469444444444445,0.07083472463804033,0.07082268529805898,0.07079213351213925,0.07083395442066841,-0.1203933998135398,-0.4259112590107583,-0.007702173719231764
2040-12-29,14.488888888888889,0.07083881345501022,0.07082660295150282,0.07079753680148554,0.07083809232242733,-0.12210503507401049,-0.4127665352468557,-0.007211325828981874
2041-01-05,14.508333333333333,0.0708428900435226,0.07083051010386525,0.07080294009083182,0.07084221805211208,-0.12379939657344852,-0.3994995269077095,-0.006719914105168812
2041-01-12,14.527777777777779,0.07084695442570252,0.07083440679731123,0.07080834338017811,0.07084633161683013,-0.12547628391285093,-0.38611045524411525,-0.006228088723914116
2041-01-19,14.547222222222222,0.07085100662375213,0.07083829307378026,0.07081374666952439,0.07085043302368893,-0.1271354997187113,-0.37259954227736314,-0.005736000631972882
2041-01-26,14.566666666666666,0.0708550466599494,0.07084216897498793,0.07081914995887068,0.07085452227979593,-0.12877684961470903,-0.3589670107873033,-0.005243801534798864
2041-02-02,14.58611111111111,0.07085907455664688,0.07084603454242738,0.07082455324821696,0.07085859939225858,-0.13040014219492524,-0.34521308429916187,-0.004751643882944245
2041-02-09,14.605555555555556,0.07086309033627017,0.07084988981737082,0.07082995653756324,0.07086266436818438,-0.13200518899345037,-0.3313379870692468,-0.004259680857904291
2041-02-16,14.625,0.07086709402131688,0.07085373484087089,0.07083535982690953,0.07086671721468074,-0.13359180445995933,-0.3173419440735681,-0.0037680663614314547
2041-02-23,14.644444444444444,0.07087108563435528,0.07085756965376228,0.0708407631162558,0.07087075793885513,-0.13515980593001298,-0.3032251809947928,-0.003276955001518811
2041-03-02,14.66388888888889,0.0708750651980229,0.07086139429666305,0.0708461664056021,0.070874786547815,-0.1367090135985516,-0.2889879242080895,-0.00278650207907738
2041-03-09,14.683333333333334,0.07087903273502552,0.07086520880997611,0.07085156969494837,0.07087880304866784,-0.13823925049408214,-0.27463040077155276,-0.0022968635768338963
2041-03-16,14.702777777777778,0.07088298826813572,0.07086901323389065,0.07085697298429466,0.07088280744852106,-0.13975034245064522,-0.26015283841052117,-0.0018081961465632457
2041-03-23,14.722222222222221,0.07088693182019172,0.07087280760838355,0.07086237627364093,0.07088679975448216,-0.1412421180817247,-0.2455554655078629,-0.0013206570956270092
2041-03-30,14.741666666666667,0.07089086341409623,0.0708765919732207,0.07086777956298722,0.07089077997365856,-0.14271440875526786,-0.2308385110900979,-0.0008344043767039011
2041-04-06,14.761111111111111,0.07089478307281512,0.07088036636795855,0.0708731828523335,0.07089474811315775,-0.1441670485656521,-0.21600220481615695,-0.0003495965736344253
2041-04-13,14.780555555555555,0.0708986908193763,0.07088413083194536,0.0708785861416798,0.07089870418008716,-0.1455998743093989,-0.20104677696503037,0.00013360710857113212
2041-04-20,14.8,0.07090258667686852,0.07088788540432259,0.07088398943102607,0.07090264818155424,-0.14701272545936117,-0.18597245842452703,0.000615046857194157
2041-04-27,14.819444444444445,0.07090647066844019,0.0708916301240263,0.07088939272037237,0.0709065801246665,-0.14840544413891044,-0.17077948067822923,0.001094562263048715
2041-05-04,14.838888888888889,0.07091034281729819,0.07089536502978844,0.07089479600971864,0.07091050001653133,-0.14977787509751206,-0.1554680757955007,0.0015719923314450046
2041-05-11,14.858333333333333,0.07091420314670675,0.07089909016013822,0.07090019929906492,0.07091440786425622,-0.15112986568532882,-0.1400384764183027,0.002047175494679365
2041-05-18,14.877777777777778,0.07091805167998629,0.07090280555340343,0.0709056025884112,0.07091830367494863,-0.1524612658285185,-0.12449091575078564,0.002519949623414064
2041-05-25,14.897222222222222,0.07092188844051227,0.07090651124771179,0.07091100587775749,0.07092218745571599,-0.15377192800480888,-0.10882562754777059,0.002990152037224414
2041-06-01,14.916666666666666,0.0709257134517141,0.07091020728099214,0.07091640916710377,0.0709260592136658,-0.1550617072196281,-0.09304284610323066,0.0034576195170887836
2041-06-08,14.936111111111112,0.07092952673707398,0.07091389369097588,0.07092181245645006,0.07092991895590547,-0.15633046098098569,-0.07714280623918879,0.00392218831496427
2041-06-15,14.955555555555556,0.07093332832012587,0.07091757051519815,0.07092721574579633,0.07093376668954249,-0.15757804927726826,-0.061125743295448176,0.00438369416613793
2041-06-22,14.975,0.07093711822445428,0.07092123779099914,0.07093261903514263,0.07093760242168431,-0.15880433455142673,-0.044991893116547166,0.004841972300329012
2041-06-29,14.994444444444444,0.07094089647369331,0.07092489555552535,0.07093802232448891,0.07094142615943838,-0.16000918167960454,-0.028741492043987682,0.005296857450709513
2041-07-06,15.01388888888889,0.07094466309152547,0.07092854384573087,0.0709434256138352,0.07094523790991218,-0.16119245794601889,-0.012374776902773776,0.005748183867088086
2041-07-13,15.033333333333333,0.0709484181016807,0.07093218269837857,0.07094882890318148,0.07094903768021311,-0.16235403302131135,0.004108015007747712,0.006195785324097924
2041-07-20,15.052777777777777,0.07095216152793526,0.0709358121500414,0.07095423219252775,0.07095282547744869,-0.1634937789386781,0.02070664592485061,0.006639495134241891
2041-07-27,15.072222222222223,0.07095589339411071,0.07093943223710356,0.07095963548187405,0.07095660130872634,-0.1646115700715267,0.03742087763339286,0.007079146156357963
2041-08-03,15.091666666666667,0.07095961372407286,0.07094304299576172,0.07096503877122033,0.07096036518115353,-0.16570728311141036,0.0542504714746983,0.007514570806721466
2041-08-10,15.11111111111111,0.07096332254173073,0.07094664446202625,0.0709704420605666,0.07096411710183771,-0.16678079704471327,0.07119518835876915,0.007945601069869745
2041-08-17,15.130555555555556,0.07096701987103558,0.0709502366717225,0.0709758453499129,0.07096785707788633,-0.1678319931308625,0.08825478877316772,0.008372068507483954
2041-08-24,15.15,0.07097070573597987,0.07095381966049172,0.07098124863925917,0.07097158511640687,-0.1688607548815113,0.10542903279300853,0.00879380427004639
2041-08-31,15.169444444444444,0.07097438016059626,0.0709573934637926,0.07098665192860545,0.07097530122450678,-0.16986696803666934,0.12271768009192163,0.009210639105167173
2041-09-07,15.188888888888888,0.07097804316895663,0.07096095811690213,0.07099205521795175,0.0709790054092935,-0.17085052054499617,0.14012048995121207,0.009622403368686472
2041-09-14,15.208333333333334,0.07098169478517108,0.07096451365491697,0.07099745850729802,0.07098269767787449,-0.1718113025410417,0.15763722126943547,0.010028927034111401
2041-09-21,15.227777777777778,0.07098533503338698,0.07096802378051884,0.07100244301991523,0.07098637803736686,-0.17311252868149052,0.17107986528250296,0.010430039798781099
2041-09-28,15.247222222222222,0.07098896393778803,0.07097130723793853,0.07100491487215806,0.0709900464997869,-0.17656699849502577,0.15950934370026482,0.010825619988635848
2041-10-05,15.266666666666667,0.07099258152259325,0.07097458233138372,0.07100738672440086,0.07099370309000637,-0.1799919120952509,0.14805201807618906,0.011215674131231923
2041-10-12,15.286111111111111,0.07099618781205604,0.07097784909277216,0.07100985857664369,0.07099734783498025,-0.18338719283875204,0.13670764587650486,0.011600229242181292
2041-10-19,15.305555555555555,0.07099978283046333,0.07098110755385945,0.0710123304288865,0.07100098076166338,-0.18675276603888347,0.1254759842315989,0.011979312000420794
2041-10-26,15.325,0.07100336660213456,0.07098435774623996,0.07101480228112932,0.07100460189701074,-0.19008855894606103,0.11435678994753395,0.012352948761812366
2041-11-02,15.344444444444445,0.0710069391514208,0.07098759970134795,0.07101727413337214,0.07100821126797723,-0.19339450072847209,0.10334981951340416,0.012721165564277825
2041-11-09,15.363888888888889,0.07101050050270377,0.07099083345045858,0.07101974598561495,0.07101180890151775,-0.1966705224519527,0.0924548291117433,0.013083988139733771
2041-11-16,15.383333333333333,0.0710140506803951,0.07099405902468883,0.07102221783785775,0.07101539482458721,-0.19991655706264044,0.08167157462657393,0.01344144192116925
2041-11-23,15.402777777777779,0.07101758970893529,0.07099727645499858,0.07102468969010058,0.07101896906414056,-0.20313253936712905,0.0709998116528443,0.01379355205263777
2041-11-30,15.422222222222222,0.07102111761279287,0.07100048577219152,0.0710271615423434,0.07102253164713268,-0.20631840601345597,0.06043929550531013,0.014140343398139077
2041-12-07,15.441666666666666,0.0710246344164635,0.07100368700691628,0.0710296333945862,0.07102608260051851,-0.2094740954722285,0.04998978122700004,0.014481840550084613
2041-12-14,15.46111111111111,0.07102814014446922,0.07100688018966726,0.07103210524682903,0.07102962195125298,-0.21259954801955416,0.03965102359809736,0.014818067837624183
2041-12-21,15.480555555555556,0.07103163482135737,0.07101006535078562,0.07103457709907184,0.07103314972629096,-0.21569470571747296,0.02942277714468311,0.015149049335944076
2041-12-28,15.5,0.07103511847169999,0.07101324252046032,0.07103704895131464,0.0710366659525874,-0.21875951239674896,0.019304796146507597,0.015474808874038626
2042-01-04,15.519444444444444,0.07103859112009277,0.071016411728729,0.07103952080355747,0.07104017065709722,-0.22179391363771894,0.009296834646982388,0.01579537004456344
2042-01-11,15.53888888888889,0.07104205279115433,0.07101957300547894,0.07104199265580027,0.07104366386677531,-0.22479785675391661,-0.0006013535405746673,0.016110756209802846
2042-01-18,15.558333333333334,0.07104550350952535,0.07102272638044804,0.0710444645080431,0.07104714560857663,-0.22777129077306002,-0.010390014822531102,0.016420990512772127
2042-01-25,15.577777777777778,0.07104894329986775,0.0710258718832257,0.0710469363602859,0.07105061590945602,-0.23071416642039821,-0.02006939581841727,0.016726095882768632
2042-02-01,15.597222222222221,0.07105237218686392,0.07102900954325381,0.07104940821252873,0.07105407479636848,-0.23362643610108647,-0.02963974335190578,0.017026095045641343
2042-02-08,15.616666666666667,0.07105579019521582,0.07103213938982753,0.07105188006477153,0.07105752229626887,-0.2365080538829778,-0.039101304442901164,0.017321010530452208
2042-02-15,15.636111111111111,0.07105919734964432,0.07103526145209642,0.07105435191701436,0.07106095843611214,-0.2393589754789982,-0.048454326299629535,0.01761086467821915
2042-02-22,15.655555555555555,0.07106259367488826,0.07103837575906512,0.07105682376925718,0.07106438324285318,-0.24217915823146474,-0.057699056310867025,0.017895679649132523
2042-03-01,15.675,0.0710659791957038,0.07104148233959441,0.07105929562149997,0.07106779674344692,-0.24496856109390563,-0.066835742038307,0.018175477431159326
2042-03-08,15.694444444444445,0.07106935393686355,0.07104458122240205,0.07106176747374279,0.07107119896484827,-0.24772714461496204,-0.0758646312075395,0.018450279847259665
2042-03-15,15.713888888888889,0.07107271792315586,0.07104767243606362,0.0710642393259856,0.07107458993401217,-0.2504548709224286,-0.08478597170263891,0.018720108563019533
2042-03-22,15.733333333333333,0.07107607117938405,0.07105075600901346,0.07106671117822844,0.0710779696778935,-0.2531517037059061,-0.09360001155617192,0.01898498509442237
2042-03-29,15.752777777777778,0.07107941373036564,0.0710538319695455,0.07106918303047123,0.07108133822344721,-0.25581760820139743,-0.10230699894406281,0.019244930815759398
2042-04-05,15.772222222222222,0.07108274560093159,0.07105690034581416,0.07107165488271404,0.07108469559762819,-0.2584525511742375,-0.11090718217546258,0.019499966966013416
2042-04-12,15.791666666666666,0.07108606681592564,0.07105996116583521,0.07107412673495686,0.07108804182739135,-0.26105650090424426,-0.11940080968775302,0.019750114657185458
2042-04-19,15.811111111111112,0.07108937740020346,0.07106301445748654,0.07107659858719968,0.07109137693969166,-0.2636294271692041,-0.12778813003780365,0.019995394881927586
2042-04-26,15.830555555555556,0.07109267737863206,0.07106606024850917,0.07107907043944249,0.07109470096148397,-0.2661713012289124,-0.13606939189572675,0.020235828519094
2042-05-03,15.85,0.07109596677608897,0.0710690985665079,0.07108154229168531,0.07109801391972322,-0.26868209581074054,-0.1442448440365507,0.02047143634248405
2042-05-10,15.869444444444444,0.07109924561746155,0.07107212943895229,0.07108401414392812,0.07110131584136435,-0.2711617850925663,-0.15231473533425244,0.020702239028058678
2042-05-17,15.88888888888889,0.07110251392764635,0.0710751528931774,0.07108648599617094,0.07110460675336223,-0.2736103446895899,-0.16027931475412482,0.020928257158797647
2042-05-24,15.908333333333333,0.07110577173154833,0.07107816895638466,0.07108895784841375,0.07110788668267183,-0.27602775163670934,-0.16813883134583762,0.02114951123496911
2042-05-31,15.927777777777777,0.07110901905408022,0.07108117765564272,0.07109142970065657,0.07111115565624804,-0.2784139843750588,-0.17589353423649867,0.021366021678154157
2042-06-07,15.947222222222223,0.07111225592016183,0.0710841790178881,0.0710939015528994,0.07111441370104576,-0.2807690227372983,-0.18354367262440885,0.021577808839295942
2042-06-14,15.966666666666667,0.07111548235471937,0.07108717306992622,0.0710963734051422,0.07111766084401992,-0.28309284793151535,-0.19108949577170686,0.021784893005499795
2042-06-21,15.98611111111111,0.07111869838268478,0.071090159838432,0.07109884525738502,0.07112089711212546,-0.28538544252776354,-0.19853125299756913,0.021987294406833335
2042-06-28,16.005555555555556,0.07112190402899508,0.07109313934995079,0.07110131710962783,0.07112412253231726,-0.28764679044293584,-0.20586919367251988,0.022185033221738815
2042-07-05,16.025,0.07112509931859169,0.07109611163089909,0.07110378896187064,0.07112733713155026,-0.289876876926054,-0.21310356721052082,0.02237812958563734
2042-07-12,16.044444444444444,0.07112828427641979,0.0710990767075653,0.07110626081411345,0.07113054093677935,-0.29207568854494603,-0.22023462306342,0.022566603595647328
2042-07-19,16.06388888888889,0.07113145892742771,0.07110203460611057,0.07110873266635627,0.07113373397495948,-0.2942432131713968,-0.22726261071442933,0.022750475317662167
2042-07-26,16.083333333333332,0.07113462329656624,0.07110498535256957,0.07111120451859909,0.07113691627304553,-0.29637943996671523,-0.2341877796714631,0.022929764792872787
2042-08-02,16.102777777777778,0.07113777740878806,0.07110792897285113,0.0711136763708419,0.07114008785799246,-0.29848435936924433,-0.241010379461587,0.02310449204401266
2042-08-09,16.122222222222224,0.07114092128904703,0.0711108654927392,0.07111614822308472,0.07114324875675514,-0.3005579630782629,-0.2477306596231077,0.02327467708104769
2042-08-16,16.141666666666666,0.07114405496229767,0.07111379493789342,0.07111862007532753,0.07114639899628852,-0.3026002440424669,-0.2543488697014096,0.02344033990853145
2042-08-23,16.16111111111111,0.07114717845349448,0.07111671733384994,0.07112109192757035,0.0711495386035475,-0.3046111964453979,-0.26086525924132187,0.023601500530184838
2042-08-30,16.180555555555557,0.0711502917875914,0.0711196327060222,0.07112356377981316,0.07115266760548701,-0.30659081569198166,-0.26728007778240026,0.02375817895611254
2042-09-06,16.2,0.07115339498954107,0.07112254107970158,0.07112603563205597,0.07115578602906195,-0.30853909839492766,-0.27359357485101654,0.023910395208770474
2042-09-13,16.219444444444445,0.07115648808429446,0.0711254424800582,0.07112850748429879,0.07115889390122725,-0.31045604236265567,-0.2798059999567504,0.02405816932782301
2042-09-20,16.238888888888887,0.0711595710968001,0.07112833693214167,0.0711309793365416,0.07116199124893781,-0.31234164658430763,-0.28591760258503407,0.02420152137708187
2042-09-27,16.258333333333333,0.07116264405200354,0.07113122446088169,0.07113345118878442,0.07116507809914856,-0.31419591121850665,-0.29192863219118514,0.024340471450196022
2042-10-04,16.27777777777778,0.07116570697484682,0.07113410509108886,0.07113592304102723,0.0711681544788144,-0.316018837579618,-0.2978393381959654,0.02447503967578646
2042-10-11,16.29722222222222,0.07116875989026789,0.07113697884745546,0.07113839489327003,0.07117122041489027,-0.3178104281242877,-0.30364996997850335,0.02460524622382998
2042-10-18,16.316666666666666,0.0711718028232,0.07113984575455591,0.07114086674551286,0.07117427593433107,-0.31957068644089537,-0.3093607768714368,0.024731111310655196
2042-10-25,16.336111111111112,0.07117483579857119,0.07114270583684777,0.07114333859775568,0.07117732106409173,-0.3212996172341498,-0.3149720081550844,0.02485265520546509
2042-11-01,16.355555555555554,0.0711778588413037,0.07114555911867222,0.07114581044999849,0.07118035583112714,-0.32299722631481953,-0.32048391305217194,0.024969898234361576
2042-11-08,16.375,0.0711808719763135,0.07114840562425484,0.0711482823022413,0.07118338026239225,-0.3246635205865489,-0.3258967407220037,0.025082860787561945
2042-11-15,16.394444444444446,0.07118387522850965,0.07115124537770631,0.07115075415448412,0.07118639438484194,-0.326298508033368,-0.3312107402553277,0.025191563322868316
2042-11-22,16.413888888888888,0.0711868686227938,0.07115407840302301,0.07115322600672694,0.07118939822543116,-0.32790219770789664,-0.33642616066864584,0.025296026373577973
2042-11-29,16.433333333333334,0.0711898521840597,0.07115690472408777,0.07115569785896975,0.07119239181111481,-0.3294745997192705,-0.34154325089949533,0.025396270551120148
2042-12-06,16.45277777777778,0.07119282593719263,0.07115972436467054,0.07115816971121257,0.07119537516884782,-0.3310157252209289,-0.34656225980062016,0.02549231655185613
2042-12-13,16.47222222222222,0.07119578990706893,0.07116253734842898,0.07116064156345539,0.07119834832558507,-0.33252558639951246,-0.35148343613539135,0.02558418516138139
2042-12-20,16.491666666666667,0.07119874411855542,0.07116534369890924,0.0711631134156982,0.07120131130828151,-0.3340041964618179,-0.3563070285722558,0.02567189726090935
2042-12-27,16.511111111111113,0.07120168859650894,0.07116814343954651,0.071165585267941,0.07120426414389205,-0.33545156962425104,-0.36103328567932413,0.025755473831157172
2043-01-03,16.530555555555555,0.07120462336577583,0.07117093659366573,0.07116805712018383,0.07120720685937161,-0.3368677211010307,-0.3656624559200683,0.0258349359577581
2043-01-10,16.55,0.07120754845119147,0.07117372318448222,0.07117052897242664,0.07121013948167508,-0.3382526670925312,-0.3701947876483258,0.02591030483611867
2043-01-17,16.569444444444443,0.07121046387757968,0.07117650323510233,0.07117300082466946,0.0712130620377574,-0.33960642477348646,-0.3746305291021934,0.0259816017772474
2043-01-24,16.58888888888889,0.07121336966975242,0.07117927676852406,0.07117547267691227,0.0712159745545735,-0.3409290122835529,-0.3789699284015291,0.026048848210807884
2043-01-31,16.608333333333334,0.0712162658525091,0.07118204380763772,0.07117794452915507,0.07121887705907826,-0.34222044871384805,-0.38321323354031933,0.026112065691502595
2043-02-07,16.627777777777776,0.07121915245063626,0.07118480437522658,0.0711804163813979,0.07122176957822661,-0.3434807540968199,-0.3873606923836259,0.026171275903513758
2043-02-14,16.647222222222222,0.07122202948890705,0.07118755849396739,0.0711828882336407,0.07122465213897348,-0.3447099493965322,-0.3914125526634227,0.02622650066438914
2043-02-21,16.666666666666668,0.07122489699208068,0.07119030618643116,0.07118536008588353,0.07122752476827378,-0.3459080564952033,-0.3953690619715178,0.026277761931009502
2043-02-28,16.68611111111111,0.07122775498490211,0.0711930474750836,0.07118783193812633,0.07123038749308241,-0.3470750981850179,-0.3992304677577496,0.026325081803058037
2043-03-07,16.705555555555556,0.07123060349210152,0.07119578238228591,0.07119030379036916,0.07123324034035432,-0.3482110981560538,-0.40299701732360305,0.02636848252801638
2043-03-14,16.725,0.07123344253839378,0.07119851093029528,0.07119277564261196,0.07123608333704438,-0.3493160809850404,-0.4066689578181848,0.02640798650602183
2043-03-21,16.744444444444444,0.07123627214847818,0.07120123314126545,0.07119524749485479,0.07123891651010755,-0.3503900721273101,-0.4102465362339214,0.026443616293753136
2043-03-28,16.76388888888889,0.0712390923470378,0.07120394903724746,0.0711977193470976,0.07124173988649872,-0.3514330979034752,-0.4137299994021182,0.02647539460914894
2043-04-04,16.783333333333335,0.07124190315873923,0.07120665864019013,0.07120019119934042,0.07124455349317282,-0.3524451854909627,-0.4171195939881023,0.026503344335987444
2043-04-11,16.802777777777777,0.07124470460823204,0.07120936197194067,0.07120266305158322,0.07124735735708476,-0.35342636291374463,-0.42041556648816925,0.02652748852721709
2043-04-18,16.822222222222223,0.07124749672014839,0.07121205905424527,0.07120513490382605,0.07125015150518946,-0.35437665903123583,-0.423618163223477,0.026547850410646445
2043-04-25,16.841666666666665,0.07125027951910258,0.07121474990874974,0.07120760675606885,0.07125293596444181,-0.35529610352844077,-0.42672763033727024,0.026564453392274867
2043-05-02,16.86111111111111,0.07125305302969069,0.071217434557,0.07121007860831166,0.07125571076179678,-0.3561847269069329,-0.4297442137903007,0.026577321060872183
2043-05-09,16.880555555555556,0.07125581727649012,0.07122011302044269,0.07121255046055448,0.07125847592420924,-0.3570425604743077,-0.43266815935638636,0.026586477191170577
2043-05-16,16.9,0.07125857228405917,0.07122278532042581,0.0712150223127973,0.07126123147863411,-0.35786963633363533,-0.4354997126186644,0.026591945749415702
2043-05-23,16.919444444444444,0.07126131807693667,0.07122545147819913,0.07121749416504011,0.07126397745202634,-0.35866598737541167,-0.43823911896556655,0.026593750896697355
2043-05-30,16.93888888888889,0.07126405467964159,0.07122811151491491,0.07121996601728293,0.07126671387134081,-0.3594316472667336,-0.4408866235865172,0.02659191699228014
2043-06-06,16.958333333333332,0.07126678211667256,0.07123076545162842,0.07122243786952574,0.07126944076353245,-0.3601666504414458,-0.44344247146818616,0.026586468598877033
2043-06-13,16.977777777777778,0.07126950041250764,0.07123341330929839,0.07122490972176856,0.07127215815555618,-0.3608710320925079,-0.4459069073907418,0.026577430485424935
2043-06-20,16.997222222222224,0.07127220959160373,0.07123605510878774,0.07122738157401137,0.07127486607436691,-0.36154482815992095,-0.44828017592354885,0.026564827631803123
2043-06-27,17.016666666666666,0.07127490967839635,0.07123869087086393,0.0712298534262542,0.07127756454691958,-0.3621880753242046,-0.4505625214215603,0.026548685232302693
2043-07-04,17.03611111111111,0.07127760069729924,0.07124132061619969,0.071232325278497,0.07128025360016904,-0.3628008109955727,-0.45275418802240286,0.02652902869798579
2043-07-11,17.055555555555557,0.07128028267270388,0.07124394436537346,0.07123479713073982,0.0712829332610703,-0.3633830733042187,-0.45485541964054854,0.026505883664179608
2043-07-18,17.075,0.07128295562897924,0.07124656213886991,0.07123726898298263,0.0712856035565782,-0.363934901093238,-0.45686645996606545,0.026479275989643725
2043-07-25,17.094444444444445,0.07128561959047135,0.07124917395708054,0.07123974083522544,0.0712882645136477,-0.36445633390808085,-0.45878755245906677,0.026449231763508996
2043-08-01,17.113888888888887,0.07128827458150298,0.07125177984030415,0.07124221268746826,0.07129091615923368,-0.36494741198836445,-0.46061894034721274,0.02641577730694289
2043-08-08,17.133333333333333,0.07129092062637324,0.07125437980874745,0.07124468453971107,0.07129355852029108,-0.3654081762578809,-0.4623608666216861,0.026378939178423044
2043-08-15,17.15277777777778,0.07129355774935726,0.07125697388252543,0.07124715639195389,0.07129619162377482,-0.3658386683183523,-0.46401357403372256,0.026338744175541384
2043-08-22,17.17222222222222,0.07129618597470583,0.07125956208166206,0.0712496282441967,0.07129881549663981,-0.36623893043763456,-0.46557730509128037,0.026295219339861342
2043-08-29,17.191666666666666,0.07129880532664506,0.07126214442609066,0.07125210009643952,0.07130143016584095,-0.3666090055440274,-0.4670523020554318,0.02624839195886075
2043-09-05,17.211111111111112,0.07130141582937606,0.07126472093565453,0.07125457194868233,0.07130403565833318,-0.3669489372153112,-0.4684388069373102,0.026198289571205402
2043-09-12,17.230555555555554,0.07130401750707455,0.07126729163010734,0.07125704380092514,0.07130663200107142,-0.36725876967208526,-0.46973706149408545,0.026144939968691938
2043-09-19,17.25,0.07130661038389055,0.0712698565291137,0.07125951565316796,0.07130921922101058,-0.36753854776847006,-0.4709473072259107,0.02608837120027241
2043-09-26,17.269444444444446,0.0713091944839481,0.0712724156522497,0.07126198750541077,0.07131179734510554,-0.3677883169839191,-0.4720697853732858,0.026028611574413496
2043-10-03,17.288888888888888,0.07131176983134489,0.07127496901900332,0.07126445935765359,0.07131436640031126,-0.3680081234157251,-0.47310473691303256,0.025965689663676184
2043-10-10,17.308333333333334,0.07131433645015191,0.07127751664877499,0.0712669312098964,0.07131692641358263,-0.3681980137691665,-0.47405240255510295,0.02589963430721376
2043-10-17,17.32777777777778,0.07131689436441323,0.07128005856087806,0.07126940306213922,0.07131947741187461,-0.3683580353516791,-0.47491302274008107,0.025830474613824927
2043-10-24,17.34722222222222,0.07131944359814556,0.07128259477453924,0.07127187491438203,0.07132201942214206,-0.3684882360631414,-0.4756868376352974,0.025758239965006924
2043-10-31,17.366666666666667,0.07132198417533807,0.07128512530889922,0.07127434676662485,0.07132455247133994,-0.36858866438851945,-0.476374087132192,0.025682960018702516
2043-11-07,17.386111111111113,0.07132451611995198,0.07128765018301297,0.07127681861886766,0.07132707658642312,-0.36865936939009525,-0.4769750108432613,0.025604664711381675
2043-11-14,17.405555555555555,0.07132703945592034,0.07129016941585038,0.07127929047111048,0.07132959179434656,-0.36870040069955645,-0.47748984809858896,0.025523384262204907
2043-11-21,17.425,0.07132955420714766,0.07129268302629664,0.07128176232335329,0.07133209812206516,-0.3687118085102248,-0.4779188379437638,0.025439149174966147
2043-11-28,17.444444444444443,0.07133206039750968,0.07129519103315274,0.0712842341755961,0.07133459559653384,-0.36869364356942325,-0.4782622191358554,0.025351990241562206
2043-12-05,17.46388888888889,0.07133455805085302,0.07129769345513591,0.07128670602783893,0.0713370842447075,-0.3686459571711209,-0.4785202301409164,0.025261938544768325
2043-12-12,17.483333333333334,0.07133704719099493,0.07130019031088015,0.07128917788008174,0.07133956409354107,-0.36856880114774504,-0.4786931091319002,0.025169025461430072
2043-12-19,17.502777777777776,0.071339527841723,0.07130268161893669,0.07129164973232455,0.07134203516998948,-0.36846222786310334,-0.4787810939844983,0.02507328266482256
2043-12-26,17.522222222222222,0.0713420000267949,0.0713051673977743,0.07129412158456737,0.07134449750100762,-0.3683262902060003,-0.4787844222753357,0.024974742127148453
2044-01-02,17.541666666666668,0.07134446376993807,0.07130764766577999,0.07129659343681019,0.07134695111355041,-0.3681610415808001,-0.4787033312787792,0.024873436123423742
2044-01-09,17.56111111111111,0.07134691909484944,0.07131012244125925,0.071299065289053,0.07134939603457278,-0.3679665359018758,-0.4785380579644394,0.024769397233420642
2044-01-16,17.580555555555556,0.0713493660251952,0.0713125917424366,0.0713015371412958,0.07135183229102965,-0.3677428275859762,-0.4782888389939788,0.024662658344443145
2044-01-23,17.6,0.07135180458461053,0.07131505558745604,0.07130400899353861,0.07135425990987591,-0.36748997154487095,-0.4779559107191689,0.02455325265382502
2044-01-30,17.619444444444444,0.0713542347966993,0.0713175139943815,0.07130648084578144,0.0713566789180665,-0.36720802317799506,-0.47753950917869825,0.02444121367198293
2044-02-06,17.63888888888889,0.07135665668503381,0.07131996698119719,0.07130895269802426,0.07135908934255634,-0.366897038366204,-0.47703987009553583,0.02432657522533077
2044-02-13,17.658333333333335,0.07135907027315462,0.07132241456580816,0.07131142455026707,0.07136149121030032,-0.36655707346455735,-0.4764572288755431,0.02420937145697355
2044-02-20,17.677777777777777,0.07136147558457018,0.07132485676604067,0.07131389640250989,0.07136388454825339,-0.3661881852951021,-0.4757918206028944,0.024089636832119732
2044-02-27,17.697222222222223,0.07136387264275665,0.07132729359964261,0.0713163682547527,0.07136626938337041,-0.36579043114035037,-0.4750438800395218,0.023967406137664904
2044-03-05,17.716666666666665,0.07136626147115761,0.071329725084284,0.07131884010699552,0.07136864574260637,-0.36536386873606275,-0.4742136416209519,0.02384271448760411
2044-03-12,17.73611111111111,0.07136864209318396,0.07133215123755736,0.07132131195923833,0.07137101365291612,-0.36490855626597485,-0.4733013394563057,0.023715597321644077
2044-03-19,17.755555555555556,0.0713710145322134,0.07133457207697809,0.07132378381148113,0.07137337314125464,-0.36442455235305427,-0.47230720732260867,0.023586090412419658
2044-03-26,17.775,0.07137337881159048,0.07133698761998504,0.07132625566372396,0.07137572423457679,-0.3639119160543658,-0.4712314786652072,0.023454229863134612
2044-04-02,17.794444444444444,0.07137573495462621,0.07133939788394078,0.07132872751596678,0.07137806695983752,-0.3633707068542713,-0.4700743865942991,0.02332005211311272
2044-04-09,17.81388888888889,0.07137808298459787,0.07134180288613205,0.07133119936820959,0.0713804013439917,-0.3628009846581848,-0.468836163882852,0.023183593938352898
2044-04-16,17.833333333333332,0.07138042292474878,0.07134420264377028,0.0713336712204524,0.07138272741399432,-0.36220280978493946,-0.46751704296382757,0.023044892455414967
2044-04-23,17.852777777777778,0.07138275479828803,0.07134659717399183,0.07133614307269522,0.07138504519680024,-0.3615762429619307,-0.46611725592810016,0.022903985122113557
2044-04-30,17.872222222222224,0.07138507862839041,0.07134898649385853,0.07133861492493804,0.0713873547193644,-0.3609213453188709,-0.4646370345237627,0.022760909739877322
2044-05-07,17.891666666666666,0.07138739443819596,0.07135137062035804,0.07134108677718085,0.07138965600864171,-0.36023817837918526,-0.4630766101511308,0.022615704457495944
2044-05-14,17.91111111111111,0.07138970225081,0.07135374957040422,0.07134355862942365,0.07139194909158708,-0.35952680405779147,-0.4614362138634365,0.02246840777084258
2044-05-21,17.930555555555557,0.07139200208930271,0.07135612336083762,0.07134603048166646,0.07139423399515543,-0.35878728465096876,-0.4597160763625263,0.022319058527175972
2044-05-28,17.95,0.07139429397670906,0.07135849200842573,0.0713485023339093,0.07139651074630168,-0.3580196828333049,-0.45791642799761223,0.022167695926250675
2044-06-04,17.969444444444445,0.07139657793602854,0.07136085552986356,0.0713509741861521,0.07139877937198075,-0.3572240616497857,-0.4560374987643001,0.022014359522121163
2044-06-11,17.988888888888887,0.07139885399022494,0.07136321394177388,0.07135344603839491,0.07140103989914756,-0.35640048451066053,-0.4540795183002877,0.02185908922619495
2044-06-18,18.008333333333333,0.07140112216222624,0.0713655672607077,0.07135591789063772,0.071403292354757,-0.35554901518547455,-0.4520427158852258,0.02170192530751014
2044-06-25,18.02777777777778,0.07140338247492432,0.07136791550314457,0.07135838974288056,0.07140553676576401,-0.35466971779751777,-0.44992732043766526,0.021542908396898763
2044-07-02,18.04722222222222,0.07140563495117483,0.07137025868549308,0.07136086159512336,0.07140777315912349,-0.35376265681744123,-0.4477335605146404,0.02138207948657045
2044-07-09,18.066666666666666,0.07140787961379688,0.07137259682409115,0.07136333344736617,0.07141000156179038,-0.35282789705728956,-0.44546166430708967,0.021219479934969643
2044-07-16,18.086111111111112,0.07141011648557306,0.07137492993520644,0.07136580529960898,0.07141222200071957,-0.35186550366619884,-0.4431118596408268,0.021055151465110278
2044-07-23,18.105555555555554,0.07141234558924905,0.07137725803503675,0.0713682771518518,0.07141443450286601,-0.3508755421230414,-0.44068437397251636,0.020889136169571776
2044-07-30,18.125,0.07141456694753354,0.07137958113971031,0.07137074900409462,0.07141663909518456,-0.34985807823226245,-0.43817943438911877,0.020721476510221493
2044-08-06,18.144444444444446,0.07141678058309803,0.07138189926528629,0.07137322085633743,0.07141883580463021,-0.34881317811735757,-0.4355972676059472,0.020552215321822942
2044-08-13,18.163888888888888,0.07141898651857664,0.07138421242775507,0.07137569270858024,0.0714210246581578,-0.3477409082157379,-0.4329380999640309,0.020381395811619463
2044-08-20,18.183333333333334,0.07142118477656596,0.0713865206430386,0.07137816456082306,0.07142320568272231,-0.3466413352735953,-0.4302021574290049,0.020209061563497555
2044-08-27,18.20277777777778,0.07142337537962484,0.07138882392699085,0.07138063641306587,0.07142537890527861,-0.34551452633993507,-0.42738966558972247,0.020035256537709323
2044-09-03,18.22222222222222,0.07142555835027427,0.07139112229539807,0.07138310826530869,0.07142754435278166,-0.34436054876199607,-0.42450084965575674,0.01986002507392559
2044-09-10,18.241666666666667,0.07142773371099716,0.07139341576397923,0.0713855801175515,0.07142970205218632,-0.3431794701792834,-0.42153593445656834,0.019683411891652236
2044-09-17,18.261111111111113,0.07142990148423818,0.07139570434838637,0.07138805196979432,0.07143185203044757,-0.3419713585181561,-0.4184951444385909,0.01950546209383841
2044-09-24,18.280555555555555,0.07143206169240367,0.07139798806420487,0.07139052382203713,0.07143399431452027,-0.34073628198794115,-0.41537870366537,0.019326221166043878
2044-10-01,18.3,0.0714342143578614,0.07140026692695393,0.07139299567427995,0.07143612893135937,-0.3394743090746888,-0.41218683581450977,0.019145734979630902
2044-10-08,18.319444444444443,0.0714363595029404,0.07140254095208685,0.07139546752652276,0.07143825590791976,-0.33818550853548235,-0.40891976417642417,0.01896404979356836
2044-10-15,18.33888888888889,0.07143849714993092,0.0714048101549914,0.07139793937876558,0.0714403752711564,-0.3368699493952465,-0.4055777116533654,0.01878121225484808
2044-10-22,18.358333333333334,0.07144062732108411,0.07140707455099009,0.0714004112310084,0.07144248704802417,-0.33552770094022466,-0.4021609007570648,0.018597269400566496
2044-10-29,18.377777777777776,0.07144275003861204,0.07140933415534066,0.07140288308325121,0.071444591265478,-0.33415883271381563,-0.39866955360831624,0.018412268659590003
2044-11-05,18.397222222222222,0.07144486532468744,0.07141158898323631,0.07140535493549402,0.07144668795047279,-0.3327634145113001,-0.3951038919342009,0.018226257853526384
2044-11-12,18.416666666666668,0.07144697320144358,0.07141383904980608,0.07140782678773684,0.07144877712996348,-0.3313415163749833,-0.39146413706739325,0.018039285198945265
2044-11-19,18.43611111111111,0.07144907369097414,0.07141608437011522,0.07141029863997965,0.07145085883090496,-0.32989320858919924,-0.3877505099449119,0.01785139930821078
2044-11-26,18.455555555555556,0.07145116681533308,0.07141832495916542,0.07141277049222247,0.07145293308025218,-0.32841856167656336,-0.38396323110603814,0.01766264919100813
2044-12-03,18.475,0.07145325259653447,0.07142056083189524,0.07141524234446528,0.07145499990496001,-0.32691764639228293,-0.38010252069189954,0.017473084255453797
2044-12-10,18.494444444444444,0.07145533105655236,0.07142279200318048,0.07141771419670809,0.07145705933198342,-0.3253905337187446,-0.37616859844269435,0.017282754310593562
2044-12-17,18.51388888888889,0.07145740221732069,0.07142501848783435,0.07142018604895091,0.07145911138827729,-0.3238372948634327,-0.3721616836978303,0.017091709565986157
2044-12-24,18.533333333333335,0.07145946610073312,0.07142724030060796,0.07142265790119373,0.07146115610079654,-0.3222580012515741,-0.368081995393843,0.016900000634201273
2044-12-31,18.552777777777777,0.07146152272864288,0.07142945745619053,0.07142512975343654,0.07146319349649609,-0.32065272452350135,-0.36392975206342437,0.01670767853206856
2045-01-07,18.572222222222223,0.07146357212286268,0.07143166996920981,0.07142760160567935,0.07146522360233086,-0.31902153652868526,-0.35970517183334105,0.016514794681787848
2045-01-14,18.591666666666665,0.0714656143051646,0.07143387785423234,0.07143007345792217,0.07146724644525577,-0.317364509322543,-0.35540847242429563,0.01632140091176182
2045-01-21,18.61111111111111,0.0714676492972799,0.0714360811257638,0.07143254531016498,0.07146926205222572,-0.31568171516102583,-0.3510398711492613,0.01612754945812256
2045-01-28,18.630555555555556,0.071469677120899,0.07143827979824925,0.0714350171624078,0.07147127045019565,-0.3139732264974271,-0.3465995849119552,0.015933292966535673
2045-02-04,18.65,0.07147169779767124,0.0714404738860736,0.07143748901465061,0.07147327166612046,-0.31223911597641485,-0.3420878302062835,0.015738684492200283
2045-02-11,18.669444444444444,0.0714737113492049,0.07144266340356173,0.07143996086689343,0.07147526572695506,-0.31047945643167263,-0.337504823114676,0.015543777501653144
2045-02-18,18.68888888888889,0.07147571779706695,0.07144484836497898,0.07144243271913624,0.07147725265965438,-0.3086943208796544,-0.3328507793071145,0.015348625874295196
2045-02-25,18.708333333333332,0.07147771716278305,0.0714470287845314,0.07144490457137906,0.07147923249117333,-0.3068837825165316,-0.328125914039884,0.015153283902807901
2045-03-04,18.727777777777778,0.07147970946783738,0.07144920467636595,0.07144737642362187,0.07148120524846682,-0.30504791471430703,-0.3233304421551564,0.014957806294402243
2045-03-11,18.747222222222224,0.07148169473367254,0.07145137605457098,0.07144984827586469,0.0714831709584898,-0.3031867910155417,-0.31846457807849227,0.014762248172622838
2045-03-18,18.766666666666666,0.07148367298168948,0.07145354293317642,0.0714523201281075,0.07148512964819713,-0.30130048513057894,-0.31352853581981255,0.014566665076515273
2045-03-25,18.78611111111111,0.07148564423324733,0.0714557053261541,0.07145479198035032,0.07148708134454379,-0.2993890709322711,-0.3085225289700677,0.014371112964650656
2045-04-01,18.805555555555557,0.07148760850966336,0.07145786324741808,0.07145726383259313,0.07148902607448462,-0.29745262245278736,-0.30344677070234805,0.014175648212627623
2045-04-08,18.825,0.07148956583221287,0.07146001671082497,0.07145973568483595,0.07149096386497462,-0.29549121387903443,-0.29830147376924687,0.013980327617513222
2045-04-15,18.844444444444445,0.07149151622212907,0.0714621657301741,0.07146220753707876,0.07149289474296865,-0.2935049195497419,-0.2930868505031381,0.01378520839576125
2045-04-22,18.863888888888887,0.07149345970060297,0.07146431031920798,0.07146467938932158,0.07149481873542166,-0.29149381394991125,-0.28780311281395576,0.013590348186820478
2045-04-29,18.883333333333333,0.07149539628878339,0.07146645049161249,0.07146715124156439,0.07149673586928851,-0.2894579717090118,-0.2824504721900267,0.013395805051191756
2045-05-06,18.90277777777778,0.0714973260077767,0.0714685862610172,0.07146962309380721,0.07149864617152418,-0.28739746759501306,-0.27702913969487875,0.01320163747486891
2045-05-13,18.92222222222222,0.07149924887864686,0.07147071764099565,0.07147209494605002,0.07150054966908354,-0.28531237651216457,-0.2715393259684895,0.013007904366701961
2045-05-20,18.941666666666666,0.07150116492241532,0.07147284464506565,0.07147456679829284,0.07150244638892155,-0.28320277349669354,-0.2659812412247886,0.012814665062282904
2045-05-27,18.961111111111112,0.0715030741600609,0.07147496728668956,0.07147703865053565,0.07150433635799308,-0.2810687337133355,-0.26035509525249023,0.01262197932186404
2045-06-03,18.980555555555554,0.07150497661251966,0.07147708557927458,0.07147951050277845,0.07150621960325308,-0.2789103324507547,-0.25466109741204,0.012429907334243762
2045-06-10,19.0,0.07150687230068495,0.07147919953617303,0.07148198235502128,0.07150809615165646,-0.2767276451191847,-0.2488994566367253,0.012238509715101209
2045-06-17,19.019444444444446,0.0715087612454072,0.07148130917068261,0.0714844542072641,0.07150996603015812,-0.27452074724584885,-0.24307038143100979,0.012047847509216725
2045-06-24,19.038888888888888,0.07151064346749395,0.07148341449604671,0.0714869260595069,0.07151182926571299,-0.27228971447232353,-0.23717407987039474,0.01185798219047185
2045-07-01,19.058333333333334,0.07151251898770963,0.07148551552545467,0.07148939791174971,0.071513685885276,-0.2700346225496808,-0.23121075959919857,0.011668975663653436
2045-07-08,19.07777777777778,0.07151438782677569,0.07148761227204205,0.07149186976399254,0.07151553591580204,-0.26775554733640683,-0.22518062783152826,0.011480890263482202
2045-07-15,19.09722222222222,0.0715162500053703,0.07148970474889092,0.07149434161623534,0.07151737938424604,-0.2654525647938222,-0.21908389134961403,0.01129378875738829
2045-07-22,19.116666666666667,0.07151810554412846,0.07149179296903013,0.07149681346847817,0.0715192163175629,-0.26312575098330626,-0.2129207565029767,0.011107734344401043
2045-07-29,19.136111111111113,0.07151995446364183,0.07149387694543559,0.07149928532072097,0.07152104674270755,-0.26077518206241157,-0.20669142920856642,0.010922790657230674
2045-08-05,19.155555555555555,0.0715217967844587,0.07149595669103045,0.0715017571729638,0.0715228706866349,-0.25840093428250444,-0.20039611494909737,0.010739021761990708
2045-08-12,19.175,0.07152363252708394,0.07149803221868554,0.0715042290252066,0.0715246881762999,-0.2560030839839078,-0.1940350187733253,0.010556492159585762
2045-08-19,19.194444444444443,0.07152546171197888,0.07150010354121948,0.07150670087744943,0.0715264992386574,-0.25358170759395837,-0.18760834529452097,0.010375266785295212
2045-08-26,19.21388888888889,0.07152728435956127,0.07150217067139901,0.07150917272969223,0.0715283039006624,-0.25113688162256564,-0.1811162986903314,0.010195411011271194
2045-09-02,19.233333333333334,0.07152910049020526,0.07150423362193922,0.07151164458193505,0.07153010218926972,-0.24866868266040787,-0.17455908270208598,0.010016990644595714
2045-09-09,19.252777777777776,0.07153091012424133,0.0715062924055039,0.07151411643417786,0.07153189413143436,-0.24617718737435235,-0.1679369006346576,0.00984007193033376
2045-09-16,19.272222222222222,0.07153271328195612,0.07150834703470565,0.07151658828642068,0.07153367975411118,-0.24366247250467987,-0.16124995535438114,0.009664721550561861
2045-09-23,19.291666666666668,0.07153450998359258,0.07151039752210628,0.07151906013866349,0.07153545908425514,-0.24112461486300307,-0.15449844929085743,0.009491006625617082
2045-09-30,19.31111111111111,0.07153630024934973,0.07151244388021698,0.07152153199090631,0.07153723214882111,-0.23856369132754796,-0.1476825844341778,0.009318994713819473
2045-10-07,19.330555555555556,0.07153808409938268,0.0715144861214986,0.07152400384314912,0.07153899897476407,-0.23597977884079469,-0.14080256233561794,0.00914875381383129
2045-10-14,19.35,0.07153986155380263,0.0715165242583619,0.07152647569539194,0.07154075958903887,-0.23337295440725714,-0.13385858410680518,0.00898035236243655
2045-10-21,19.369444444444444,0.07154163263267667,0.07151855830316785,0.07152894754763475,0.07154251401860046,-0.23074329508820934,-0.12685085041916344,0.008813859237871702
2045-10-28,19.38888888888889,0.07154339735602794,0.07152058826822774,0.07153141939987757,0.07154426229040374,-0.22809087800196304,-0.11977956150363567,0.00864934375802151
2045-11-04,19.408333333333335,0.07154515574383541,0.07152261416580363,0.07153389125212038,0.07154600443140365,-0.22541578031776144,-0.11264491715026748,0.00848687568236195
2045-11-11,19.427777777777777,0.0715469078160339,0.07152463600810842,0.0715363631043632,0.0715477404685551,-0.2227180792548078,-0.10544711670695817,0.0083265252119602
2045-11-18,19.447222222222223,0.07154865359251403,0.07152665380730618,0.07153883495660601,0.07154947042881298,-0.2199978520785184,-0.0981863590801546,0.008168362989474653
2045-11-25,19.466666666666665,0.07155039309312222,0.07152866757551239,0.07154130680884882,0.07155119433913222,-0.21725517609830214,-0.09086284273401857,0.008012460099987573
2045-12-02,19.48611111111111,0.07155212633766056,0.07153067732479418,0.07154377866109164,0.07155291222646776,-0.21449012866381345,-0.08347676568917772,0.007858888071976544
2045-12-09,19.505555555555556,0.07155385334588686,0.07153268306717053,0.07154625051333446,0.0715546241177745,-0.21170278716328705,-0.07602832552397465,0.007707718876343028
2045-12-16,19.525,0.07155557413751455,0.07153468481461257,0.07154872236557727,0.07155633004000733,-0.2088932290197909,-0.06851771937280149,0.00755902492780014
2045-12-23,19.544444444444444,0.07155728873221268,0.07153668257904379,0.07155119421782008,0.0715580300201212,-0.20606153168886698,-0.060945143925961176,0.007412879085288981
2045-12-30,19.56388888888889,0.07155899714960587,0.07153867637234025,0.0715536660700629,0.07155972408507102,-0.20320777265617207,-0.053310795429667435,0.00726935465156231
2046-01-06,19.583333333333332,0.07156069940927426,0.07154066620633089,0.07155613792230571,0.0715614122618117,-0.20033202943373074,-0.04561486968548967,0.007128525374433536
2046-01-13,19.602777777777778,0.07156239553075351,0.07154265209279766,0.07155860977454853,0.07156309457729816,-0.1974343795585476,-0.037857562049797844,0.006990465446499172
2046-01-20,19.622222222222224,0.07156408553353479,0.07154463404347583,0.07156108162679134,0.07156477105848531,-0.19451490058955412,-0.03003906743445639,0.006855249505277605
2046-01-27,19.641666666666666,0.07156576943706468,0.07154661207005425,0.07156355347903416,0.07156644173232808,-0.19157367010427806,-0.022159580305158855,0.006722952634041768
2046-02-03,19.66111111111111,0.07156744726074515,0.07154858618417546,0.07156602533127697,0.07156810662578136,-0.1886107656969005,-0.014219294681844241,0.006593650362096692
2046-02-10,19.680555555555557,0.07156911902393363,0.07155055639743602,0.07156849718351979,0.07156976576580011,-0.18562626497617418,-0.006218404138419453,0.006467418664779512
2046-02-17,19.7,0.07157078474594288,0.07155252272138671,0.0715709690357626,0.07157141917933921,-0.18262024556167655,0.0018428981972407055,0.006344333963320681
2046-02-24,19.719444444444445,0.07157244444604097,0.07155448516753272,0.07157344088800542,0.07157306689335358,-0.17959278508242194,0.009964419644542533,0.0062244731260929775
2046-03-03,19.738888888888887,0.07157409814345135,0.07155644374733396,0.07157591274024823,0.07157470893479813,-0.17654396117394722,0.018145967968785648,0.006107913467778836
2046-03-10,19.758333333333333,0.07157574585735275,0.07155839847220519,0.07157838459249105,0.07157634533062782,-0.17347385147567507,0.026387351382967106,0.005994732750619347
2046-03-17,19.77777777777778,0.07157738760687914,0.07156034935351625,0.07158085644473387,0.0715779761077975,-0.17038253362883227,0.03468837854736506,0.005885009183581591
2046-03-24,19.79722222222222,0.07157902341111981,0.0715622964025924,0.07158332829697668,0.07157960129326216,-0.16727008527409049,0.043048858568706105,0.005778821423468861
2046-03-31,19.816666666666666,0.07158065328911924,0.07156423963071439,0.0715858001492195,0.07158122091397663,-0.16413658404851317,0.05146860100266326,0.005676248573949216
2046-04-07,19.836111111111112,0.07158227725987718,0.0715661790491187,0.07158827200146231,0.07158283499689591,-0.16098210758472287,0.05994741585135799,0.005577370187359598
2046-04-14,19.855555555555554,0.07158389534234852,0.0715681146689979,0.07159074385370512,0.07158444356897485,-0.1578067335061828,0.06848511356599696,0.0054822662633180475
2046-04-21,19.875,0.07158550755544343,0.07157004650150067,0.07159321570594794,0.07158604665716845,-0.15461053942761316,0.07708150504506794,0.005391017250111485
2046-04-28,19.894444444444446,0.0715871139180272,0.07157197455773213,0.07159568755819075,0.0715876442884315,-0.15139360295068904,0.08573640163545004,0.005303704043030377
2046-05-05,19.913888888888888,0.07158871444892034,0.07157389884875406,0.07159815941043357,0.07158923648971904,-0.14815600166279141,0.0944496151322749,0.005220407987005515
2046-05-12,19.933333333333334,0.07159030916689849,0.07157581938558503,0.07160063126267638,0.07159082328798592,-0.1448978131345091,0.1032209577789267,0.0051412108743875695
2046-05-19,19.95277777777778,0.07159189809069243,0.07157773617920068,0.07160310311491919,0.07159240471018707,-0.1416191149174184,0.1120502422675973,0.0050661949464736455
2046-05-26,19.97222222222222,0.07159348123898811,0.07157964924053392,0.07160557496716201,0.0715939807832774,-0.13831998454186256,0.12093728173900864,0.004995442892952173
2046-06-02,19.991666666666667,0.07159505863042664,0.07158155858047507,0.07160804681940482,0.07159555153421185,-0.1350004995157028,0.12988188978171888,0.004929037852041684
2046-06-09,20.011111111111113,0.07159663028360419,0.07158346420987222,0.07161051867164764,0.0715971169899453,-0.1316607373197387,0.13888388043448163,0.004867063411045924
2046-06-16,20.030555555555555,0.07159819621707213,0.07158536613953123,0.07161299052389045,0.07159867717743269,-0.12830077540895712,0.1479430681831928,0.004809603605659962
2046-06-23,20.05,0.0715997564493369,0.07158726438021613,0.07161546237613327,0.07160023212362895,-0.12492069120767502,0.1570592679636662,0.004756742920525303
2046-06-30,20.069444444444443,0.07160131099886011,0.07158915894264918,0.07161793422837608,0.07160178185548896,-0.12152056210926188,0.16623229515969062,0.004708566288535998
2046-07-07,20.08888888888889,0.07160285988405844,0.07159104983751116,0.0716204060806189,0.07160332639996767,-0.11810046547280906,0.1754619656045564,0.004665159092226423
2046-07-14,20.108333333333334,0.07160440312330373,0.0715929370754415,0.0716228779328617,0.07160486578401996,-0.11466047862229711,0.18474809557980643,0.0046266071623835
2046-07-21,20.127777777777776,0.0716059407349229,0.07159482066703854,0.07162534978510451,0.07160640003460077,-0.11120067884354268,0.19409050181620757,0.004592996778740588
2046-07-28,20.147222222222222,0.07160747273719802,0.07159670062285972,0.07162782163734735,0.07160792917866504,-0.10772114338294947,0.20348900149333438,0.004564414670255035
2046-08-04,20.166666666666668,0.0716089991483663,0.07159857695342174,0.07163029348959014,0.07160945324316763,-0.1042219494455654,0.2129434122384588,0.004540948013304069
2046-08-11,20.18611111111111,0.07161051998662005,0.07160044966920079,0.07163276534183298,0.07161097225506351,-0.10070317419258457,0.22245355212932583,0.0045226844345991335
2046-08-18,20.205555555555556,0.07161203527010672,0.07160231878063274,0.07163523719407577,0.07161248624130755,-0.0971648947398207,0.23201923969054516,0.004509712008271549
2046-08-25,20.225,0.07161354501692893,0.07160418429811327,0.0716377090463186,0.0716139952288547,-0.09360718815659697,0.24164029389664443,0.004502119257676629
2046-09-01,20.244444444444444,0.07161504924514439,0.07160604623199823,0.0716401808985614,0.07161549924465985,-0.09003013146158256,0.2513165341701262,0.0044999951545610095
2046-09-08,20.26388888888889,0.07161654797276602,0.07160790459260362,0.07164265275080423,0.07161699831567794,-0.0864338016240418,0.26104778038202325,0.00450342911920143
2046-09-15,20.283333333333335,0.07161804121776187,0.07160975939020593,0.07164512460304705,0.07161849246886388,-0.08281827555939314,0.27083385285175954,0.0045125110201271745
2046-09-22,20.302777777777777,0.0716195289980552,0.07161137490834729,0.07164708705715508,0.0716199817311041,-0.081540897079041,0.2755805909988862,0.004527330488973691
2046-09-29,20.322222222222223,0.0716210113315244,0.07161239858213546,0.07164777601592622,0.07162146612331757,-0.08612749388944851,0.26764684401811567,0.00454791793169651
2046-10-06,20.341666666666665,0.07162248823600313,0.07161342029887964,0.07164846497469733,0.07162294565590968,-0.0906793712349141,0.2597673869420003,0.0045741990654935005
2046-10-13,20.36111111111111,0.07162395972928022,0.07161444006418666,0.07164915393346845,0.07162442033821559,-0.09519665093563057,0.2519420418822804,0.004606089353681453
2046-10-20,20.380555555555556,0.07162542582909971,0.07161545788364193,0.07164984289223957,0.07162589017957047,-0.09967945457781124,0.24417063139853257,0.0046435047075521485
2046-10-27,20.4,0.0716268865531609,0.07161647376280957,0.0716505318510107,0.07162735518930947,-0.10412790351341239,0.23645297849789193,0.00468636148567847
2046-11-03,20.419444444444444,0.07162834191911838,0.0716174877072325,0.07165122080978181,0.07162881537676778,-0.10854211885874543,0.22878890663435847,0.004734576494053178
2046-11-10,20.43888888888889,0.07162979194458194,0.07161849972243256,0.07165190976855293,0.07163027075128056,-0.11292222149378306,0.22117823970990713,0.00478806698622769
2046-11-17,20.458333333333332,0.0716312366471167,0.07161950981391056,0.07165259872732406,0.07163172132218297,-0.11726833206132659,0.2136208020736552,0.004846750662756971
2046-11-24,20.477777777777778,0.0716326760442431,0.0716205179871465,0.07165328768609518,0.0716331670988102,-0.12158057096603447,0.20611641852075202,0.004910545670921973
2046-12-01,20.497222222222224,0.07163411015343688,0.07162152424759947,0.07165397664486631,0.07163460809049739,-0.12585905837400602,0.19866491429432198,0.004979370605145972
2046-12-08,20.516666666666666,0.07163553899212916,0.07162252860070799,0.07165466560363742,0.07163604430657972,-0.1301039142116711,0.19126611508268887,0.005053144505606788
2046-12-15,20.53611111111111,0.07163696257770638,0.07162353105188986,0.07165535456240855,0.07163747575639234,-0.13431525816523515,0.18391984702173514,0.005131786859624565
2046-12-22,20.555555555555557,0.07163838092751043,0.07162453160654249,0.07165604352117967,0.07163890244927046,-0.13849320967943002,0.1766259366924039,0.005215217600273991
2046-12-29,20.575,0.07163979405883857,0.0716255302700428,0.07165673247995079,0.0716403243945492,-0.14263788795765286,0.16938421112222546,0.005303357106384299
2047-01-05,20.594444444444445,0.07164120198894351,0.07162652704774745,0.0716574214387219,0.07164174160156375,-0.14674941196057834,0.16219449778392958,0.005396126202400486
2047-01-12,20.613888888888887,0.07164260473503344,0.0716275219449929,0.07165811039749304,0.07164315407964929,-0.1508279004053259,0.15505662459600056,0.005493446158522097
2047-01-19,20.633333333333333,0.07164400231427201,0.07162851496709544,0.07165879935626415,0.07164456183814097,-0.1548734717657374,0.14797041992142823,0.005595238689592996
2047-01-26,20.65277777777778,0.07164539474377839,0.07162950611935139,0.07165948831503527,0.07164596488637394,-0.15888624427001785,0.1409357125688182,0.005701425955517703
2047-02-02,20.67222222222222,0.0716467820406273,0.0716304954070371,0.0716601772738064,0.0716473632336834,-0.1628663359019844,0.13395233179100408,0.005811930560983836
2047-02-09,20.691666666666666,0.07164816422184903,0.07163148283540914,0.07166086623257753,0.0716487568894045,-0.16681386439884593,0.12702010728504742,0.005926675554768224
2047-02-16,20.711111111111112,0.07164954130442944,0.0716324684097043,0.07166155519134865,0.07165014586287241,-0.1707289472513418,0.12013886919209904,0.0060455844297369055
2047-02-23,20.730555555555554,0.07165091330531005,0.07163345213513975,0.07166224415011976,0.0716515301634223,-0.17461170170304796,0.11330844809712137,0.006168581122428796
2047-03-02,20.75,0.07165228024138803,0.07163443401691307,0.0716629331088909,0.07165290980038934,-0.17846224474968309,0.10652867502861096,0.006295590013055685
2047-03-09,20.769444444444446,0.07165364212951622,0.07163541406020238,0.07166362206766201,0.07165428478310867,-0.18228069313841466,0.09979938145790457,0.006426535924530796
2047-03-16,20.788888888888888,0.07165499898650318,0.07163639227016647,0.07166431102643313,0.07165565512091551,-0.1860671633671651,0.0931203992994567,0.006561344123301449
2047-03-23,20.808333333333334,0.07165635082911324,0.07163736865194478,0.07166499998520424,0.07165702082314498,-0.18982177168461178,0.08649156091000698,0.006699940317406172
2047-03-30,20.82777777777778,0.07165769767406649,0.07163834321065765,0.07166568894397538,0.07165838189913228,-0.19354463408838285,0.07991269908885767,0.006842250657862481
2047-04-06,20.84722222222222,0.07165903953803884,0.07163931595140621,0.07166637790274649,0.07165973835821256,-0.1972358663263063,0.07338364707648592,0.0069882017371403204
2047-04-13,20.866666666666667,0.07166037643766208,0.07164028687927267,0.07166706686151761,0.07166109020972096,-0.2008955838941895,0.06690423855523764,0.007137720588745733
2047-04-20,20.886111111111113,0.07166170838952388,0.07164125599932025,0.07166775582028874,0.0716624374629927,-0.2045239020362355,0.060474307648633596,0.007290734688192302
2047-04-27,20.905555555555555,0.07166303541016777,0.07164222331659334,0.07166844477905987,0.07166378012736295,-0.2081209357443492,0.05409368892095312,0.007447171951752152
2047-05-04,20.925,0.07166435751609335,0.07164318883611763,0.07166913373783099,0.07166511821216681,-0.21168679975716587,0.047762217376401406,0.007606960734651835
2047-05-11,20.944444444444443,0.07166567472375612,0.0716441525629001,0.07166982269660209,0.0716664517267395,-0.2152216085601899,0.04147972845966463,0.007770029833709113
2047-05-18,20.96388888888889,0.07166698704956767,0.07164511450192916,0.07167051165537323,0.07166778068041618,-0.21872547638510098,0.03524605805563241,0.007936308485112509
2047-05-25,20.983333333333334,0.07166829450989563,0.07164607465817474,0.07167120061414435,0.071669105082532,-0.22219851720892136,0.029061042487177335,0.008105726363727417
2047-06-01,21.002777777777776,0.07166959712106377,0.07164703303658836,0.07167188957291547,0.07167042494242216,-0.2256408447541547,0.02292451851695909,0.008278213583928773
2047-06-08,21.022222222222222,0.07167089489935202,0.07164798964210323,0.07167257853168658,0.07167174026942179,-0.2290525724879533,0.016836323345620352,0.008453700697658162
2047-06-15,21.041666666666668,0.07167218786099647,0.0716489444796343,0.07167326749045771,0.07167305107286609,-0.2324338136217019,0.010796294612480661,0.00863211869622793
2047-06-22,21.06111111111111,0.07167347602218946,0.07164989755407841,0.07167395644922883,0.07167435736209021,-0.23578468111046247,0.004804270393732324,0.00881339900754563
2047-06-29,21.080555555555556,0.07167475939907962,0.07165084887031428,0.07167464540799995,0.07167565914642932,-0.23910528765339056,-0.0011399107967269284,0.008997473496946684
2047-07-06,21.1,0.07167603800777188,0.0716517984332027,0.07167533436677108,0.07167695643521857,-0.24239574569179245,-0.0070364100079878256,0.00918427446691683
2047-07-13,21.119444444444444,0.07167731186432756,0.07165274624758651,0.07167602332554221,0.07167824923779316,-0.24565616741051288,-0.012885387853517338,0.009373734655981902
2047-07-20,21.13888888888889,0.07167858098476435,0.07165369231829079,0.07167671228431331,0.07167953756348823,-0.24888666473557586,-0.01868700451032601,0.009565787238846601
2047-07-27,21.158333333333335,0.07167984538505644,0.07165463665012282,0.07167740124308444,0.07168082142163897,-0.25208734933612753,-0.024441419719939406,0.009760365825284278
2047-08-03,21.177777777777777,0.07168110508113444,0.07165557924787226,0.07167809020185557,0.07168210082158051,-0.2552583326217994,-0.03014879278867566,0.009957404460692043
2047-08-10,21.197222222222223,0.0716823600888856,0.0716565201163112,0.07167877916062669,0.07168337577264806,-0.2583997257439574,-0.035809282589033264,0.010156837624702986
2047-08-17,21.216666666666665,0.07168361042415367,0.0716574592601942,0.07167946811939781,0.07168464628417678,-0.26151163959459156,-0.04142304755858084,0.010358600231186177
2047-08-24,21.23611111111111,0.07168485610273909,0.07165839668425847,0.07168015707816892,0.07168591236550183,-0.26459418480617725,-0.04699024570162247,0.010562627627414
2047-08-31,21.255555555555556,0.07168609714039896,0.0716593323932238,0.07168084603694005,0.07168717402595837,-0.26764747175153647,-0.052511034589058925,0.010768855594062154
2047-09-07,21.275,0.07168733355284712,0.07166026639179282,0.07168153499571117,0.07168843127488156,-0.27067161054300515,-0.05798557135949789,0.010977220344376981
2047-09-14,21.294444444444444,0.07168856535575419,0.0716611986846509,0.07168222395448229,0.07168968412160659,-0.27366671103284945,-0.0634140127189764,0.011187658524036692
2047-09-21,21.31388888888889,0.07168979256474758,0.07166212927646637,0.0716829129132534,0.07169093257546862,-0.2766328828121556,-0.06879651494179351,0.0114001072103187
2047-09-28,21.333333333333332,0.07169101519541167,0.07166305817189052,0.07168360187202454,0.07169217664580278,-0.2795702352115237,-0.07413323387134296,0.011614503911128171
2047-10-05,21.352777777777778,0.07169223326328765,0.07166398537555765,0.07168429083079567,0.07169341634194432,-0.2824788772999576,-0.07942432491983564,0.011830786566663365
2047-10-12,21.372222222222224,0.07169344678387378,0.0716649108920853,0.07168497978956678,0.07169465167322832,-0.285358917884726,-0.08466994306996489,0.01204889354539107
2047-10-19,21.391666666666666,0.07169465577262528,0.07166583472607413,0.07168566874833791,0.07169588264899,-0.2882104655115014,-0.08987024287365752,0.012268763647238501
2047-10-26,21.41111111111111,0.07169586024495453,0.07166675688210815,0.07168635770710903,0.07169710927856453,-0.29103362846380487,-0.09502537845498815,0.012490336099985067
2047-11-02,21.430555555555557,0.07169706021623096,0.07166767736475466,0.07168704666588015,0.07169833157128705,-0.293828514763006,-0.10013550350809752,0.012713550560927711
2047-11-09,21.45,0.07169825570178126,0.07166859617856447,0.07168773562465126,0.07169954953649273,-0.2965952321679066,-0.10520077129996808,0.012938347114660464
2047-11-16,21.469444444444445,0.07169944671688931,0.07166951332807187,0.0716884245834224,0.07170076318351674,-0.2993338881744634,-0.11022133466917494,0.013164666274323444
2047-11-23,21.488888888888887,0.07170063327679631,0.07167042881779473,0.07168911354219351,0.07170197252169427,-0.30204459001578754,-0.1151973460279676,0.013392448979659966
2047-11-30,21.508333333333333,0.07170181539670077,0.07167134265223463,0.07168980250096463,0.07170317756036045,-0.3047274446614512,-0.12012895736143725,0.013621636596738984
2047-12-07,21.52777777777778,0.07170299309175866,0.0716722548358768,0.07169049145973574,0.07170437830885049,-0.30738255881859744,-0.12501632022918208,0.013852170918232654
2047-12-14,21.54722222222222,0.07170416637708338,0.07167316537319039,0.07169118041850688,0.07170557477649951,-0.3100100389298588,-0.12985958576502976,0.014083994161334656
2047-12-21,21.566666666666666,0.0717053352677458,0.07167407426862835,0.071691869377278,0.07170676697264274,-0.3126099911746061,-0.1346589046780089,0.01431704896928676
2047-12-28,21.586111111111112,0.07170649977877445,0.0716749815266276,0.07169255833604912,0.07170795490661527,-0.3151825214685322,-0.13941442725332043,0.01455127840818693
2048-01-04,21.605555555555554,0.07170765992515542,0.07167588715160912,0.07169324729482024,0.07170913858775232,-0.3177277354629582,-0.14412630335178256,0.014786625969070988
2048-01-11,21.625,0.07170881572183246,0.07167679114797795,0.07169393625359136,0.07171031802538903,-0.32024573854511074,-0.14879468241107974,0.015023035565692178
2048-01-18,21.644444444444446,0.07170996718370716,0.07167769352012333,0.07169462521236249,0.0717114932288606,-0.32273663583826107,-0.1534197134467341,0.01526045153438238
2048-01-25,21.663888888888888,0.0717111143256388,0.07167859427241871,0.0716953141711336,0.07171266420750216,-0.3252005322008922,-0.15800154505196673,0.01549881863363578
2048-02-01,21.683333333333334,0.07171225716244461,0.0716794934092219,0.07169600312990473,0.07171383097064891,-0.3276375322271152,-0.1625403253988078,0.015738082042998647
2048-02-08,21.70277777777778,0.07171339570889967,0.07168039093487505,0.07169669208867585,0.071714993527636,-0.33004774024625316,-0.16703620223823545,0.015978187363208107
2048-02-15,21.72222222222222,0.07171452997973704,0.07168128685370478,0.07169738104744697,0.07171615188779859,-0.3324312603225632,-0.17148932290073082,0.01621908061549826
2048-02-22,21.741666666666667,0.07171565998964786,0.07168218117002224,0.0716980700062181,0.07171730606047187,-0.33478819625620826,-0.17589983429766587,0.016460708240073618
2048-02-29,21.761111111111113,0.07171678575328133,0.07168307388812313,0.07169875896498921,0.07171845605499097,-0.33711865158200793,-0.18026788292116458,0.016703017096386663
2048-03-07,21.780555555555555,0.0717179072852448,0.07168396501228788,0.07169944792376035,0.07171960188069111,-0.339422729569161,-0.1845936148445193,0.016945954463137847
2048-03-14,21.8,0.07171902460010386,0.07168485454678158,0.07170013688253146,0.07172074354690741,-0.34170053322277183,-0.18887717572399487,0.017189468035500033
2048-03-21,21.819444444444443,0.07172013771238238,0.07168574249585417,0.07170082584130258,0.07172188106297507,-0.34395216528204653,-0.19311871079799592,0.01743350592692261
2048-03-28,21.83888888888889,0.07172124663656253,0.07168662886374041,0.0717015148000737,0.07172301443822923,-0.34617772822112536,-0.1973183648883159,0.017678016667049823
2048-04-04,21.858333333333334,0.07172235138708491,0.07168751365466003,0.07170220375884483,0.07172414368200508,-0.3483773242488053,-0.20147628240083093,0.017922949201720773
2048-04-11,21.877777777777776,0.0717234519783486,0.07168839687281772,0.07170289271761594,0.07172526880363776,-0.3505510553088176,-0.2055926073266101,0.018168252891581638
2048-04-18,21.897222222222222,0.07172454842471117,0.07168927852240327,0.07170358167638707,0.07172638981246249,-0.35269902307899503,-0.20966748324094397,0.018413877513195898
2048-04-25,21.916666666666668,0.07172564074048882,0.07169015860759159,0.07170427063515819,0.07172750671781437,-0.3548213289722435,-0.21370105330625888,0.018659773255574885
2048-05-02,21.93611111111111,0.07172672893995635,0.07169103713254277,0.07170495959392931,0.07172861952902862,-0.356918074135848,-0.21769346027045167,0.01890589072267579
2048-05-09,21.955555555555556,0.07172781303734735,0.07169191410140219,0.07170564855270044,0.07172972825544038,-0.35898935945161137,-0.2216448464691101,0.01915218093034854
2048-05-16,21.975,0.0717288930468541,0.07169278951830052,0.07170633751147155,0.07173083290638481,-0.3610352855358545,-0.22555535382551284,0.019398595307029698
2048-05-23,21.994444444444444,0.07172996898262785,0.07169366338735389,0.07170702647024269,0.07173193349119711,-0.36305595273955493,-0.22942512385160096,0.019645085692632236
2048-05-30,22.01388888888889,0.07173104085877863,0.0716945357126638,0.0717077154290138,0.07173303001921243,-0.3650514611482081,-0.23325429764825545,0.01989160433799042
2048-06-06,22.033333333333335,0.07173210868937552,0.07169540649831736,0.07170840438778492,0.07173412249976592,-0.36702191058154976,-0.23704301590599108,0.02013810390402715
2048-06-13,22.052777777777777,0.07173317248844664,0.07169627574838719,0.07170909334655605,0.07173521094219278,-0.3689674005945276,-0.24079141890592792,0.020384537461337615
2048-06-20,22.072222222222223,0.0717342322699792,0.07169714346693161,0.07170978230532717,0.07173629535582815,-0.37088803047591323,-0.2444996465203464,0.02063085848949542
2048-06-27,22.091666666666665,0.07173528804791961,0.07169800965799461,0.07171047126409828,0.0717373757500072,-0.3727838992499677,-0.2481678382132424,0.020877020875942343
2048-07-04,22.11111111111111,0.07173633983617349,0.071698874325606,0.07171116022286941,0.07173845213406513,-0.3746551056749148,-0.25179613304074366,0.02112297891640469
2048-07-11,22.130555555555556,0.07173738764860581,0.0716997374737814,0.07171184918164053,0.07173952451733706,-0.37650174824405136,-0.25538466965277506,0.02136868731253405
2048-07-18,22.15,0.07173843149904084,0.07170059910652232,0.07171253814041165,0.0717405929091582,-0.3783239251851922,-0.2589335862919484,0.021614101173572653
2048-07-25,22.169444444444444,0.07173947140126238,0.07170145922781626,0.07171322709918278,0.07174165731886367,-0.3801217344612251,-0.2624430207960604,0.021859176012883896
2048-08-01,22.18888888888889,0.07174050736901369,0.07170231784163673,0.07171391605795388,0.07174271775578868,-0.3818952737695558,-0.26591311059809275,0.022103867749895256
2048-08-08,22.208333333333332,0.07174153941599765,0.07170317495194332,0.07171460501672501,0.07174377422926839,-0.3836446405432181,-0.2693439927263508,0.0223481327074615
2048-08-15,22.227777777777778,0.07174256755587674,0.07170403056268176,0.07171529397549614,0.07174482674863795,-0.3853699319497639,-0.27273580380599016,0.022591927612142237
2048-08-22,22.247222222222224,0.07174359180227319,0.071704884677784,0.07171598293426726,0.07174587532323255,-0.3870712448918179,-0.2760886800592943,0.02283520959364682
2048-08-29,22.266666666666666,0.071744612168769,0.07170573730116825,0.07171667189303839,0.07174691996238733,-0.3887486760074943,-0.2794027573060909,0.02307793618330778
2048-09-05,22.28611111111111,0.07174562866890602,0.07170658843673904,0.07171736085180949,0.07174796067543747,-0.39040232166984157,-0.28267817096527814,0.02332006531449715
2048-09-12,22.305555555555557,0.07174664131618608,0.0717074380883873,0.07171804981058062,0.07174899747171815,-0.3920322779878138,-0.2859150560545476,0.023561555320683603
2048-09-19,22.325,0.07174765012407092,0.07170828625999037,0.07171873876935175,0.0717500303605645,-0.3936386408054382,-0.28911354719163285,0.023802364935848752
2048-09-26,22.344444444444445,0.0717486551059824,0.07170913295541213,0.07171942772812287,0.07175105935131172,-0.3952215057026476,-0.29227377859528114,0.024042453293238175
2048-10-03,22.363888888888887,0.07174965627530253,0.07170997817850303,0.071720116686894,0.07175208445329498,-0.39678096799500295,-0.2953958840852533,0.024281779924528735
2048-10-10,22.383333333333333,0.07175065364537346,0.07171082193310008,0.0717208056456651,0.07175310567584944,-0.39831712273383224,-0.29847999708357276,0.02452030475982858
2048-10-17,22.40277777777778,0.07175164722949767,0.07171166422302704,0.07172149460443623,0.07175412302831025,-0.39983006470636906,-0.30152625061438676,0.024757988125734265
2048-10-24,22.42222222222222,0.07175263704093801,0.07171250505209435,0.07172218356320735,0.07175513652001261,-0.4013198884365854,-0.30453477730660317,0.02499479074602462
2048-10-31,22.441666666666666,0.07175362309291766,0.0717133444240993,0.07172287252197848,0.07175614616029166,-0.40278668818366503,-0.30750570939180877,0.025230673739995435
2048-11-07,22.461111111111112,0.0717546053986204,0.07171418234282599,0.0717235614807496,0.07175715195848256,-0.40423055794408524,-0.3104391787080163,0.025465598621626784
2048-11-14,22.480555555555554,0.07175558397119049,0.07171501881204541,0.07172425043952071,0.07175815392392053,-0.4056515914507841,-0.3133353166977215,0.025699527300415692
2048-11-21,22.5,0.07175655882373284,0.07171585383551557,0.07172493939829183,0.07175915206594066,-0.4070498821727442,-0.3161942544101237,0.025932422078184247
2048-11-28,22.519444444444446,0.07175752996931316,0.07171668741698146,0.07172562835706296,0.07176014639387818,-0.4084255233169354,-0.3190161225019583,0.02616424565018982
2048-12-05,22.538888888888888,0.07175849742095779,0.07171751956017518,0.07172631731583409,0.07176113691706824,-0.40977860782609454,-0.3218010512369418,0.02639496110456996
2048-12-12,22.558333333333334,0.07175946119165405,0.0717183502688159,0.07172700627460521,0.071762123644846,-0.411109228381501,-0.3245491704884085,0.02662453191942804
2048-12-19,22.57777777777778,0.07176042129435012,0.07171917954661006,0.07172769523337633,0.07176310658654662,-0.4124174774006173,-0.3272606097379227,0.026852921965053733
2048-12-26,22.59722222222222,0.07176137774195518,0.07172000739725128,0.07172838419214746,0.07176408575150528,-0.41370344703903217,-0.3299354980772218,0.02708009550100865
2049-01-02,22.616666666666667,0.07176233054733953,0.07172083382442052,0.07172907315091857,0.07176506114905715,-0.4149672291901829,-0.3325739642096037,0.02730601717612635
2049-01-09,22.636111111111113,0.07176327972333459,0.07172165883178604,0.07172976210968969,0.07176603278853738,-0.4162089154854942,-0.33517613644895583,0.027530652027957236
2049-01-16,22.655555555555555,0.07176422528273298,0.07172248242300355,0.07173045106846082,0.07176700067928116,-0.4174285972942393,-0.3377421427215588,0.027753965481797094
2049-01-23,22.675,0.07176516723828866,0.07172330460171625,0.07173114002723194,0.07176796483062364,-0.4186263657240952,-0.34027211056719686,0.027975923349854437
2049-01-30,22.694444444444443,0.07176610560271691,0.07172412537155474,0.07173182898600307,0.07176892525190001,-0.41980231162169757,-0.3427661671384641,0.028196491830972947
2049-02-06,22.71388888888889,0.07176704038869451,0.07172494473613733,0.07173251794477419,0.07176988195244541,-0.4209565255718084,-0.3452244392032622,0.02841563750896614
2049-02-13,22.733333333333334,0.07176797160885971,0.07172576269906983,0.0717332069035453,0.07177083494159502,-0.4220890978988423,-0.3476470531441067,0.0286333273530337
2049-02-20,22.752777777777776,0.07176889927581238,0.07172657926394581,0.07173389586231643,0.071771784228684,-0.42320011866575635,-0.35003413495951485,0.02884952871609614
2049-02-27,22.772222222222222,0.07176982340211405,0.07172739443434652,0.07173458482108755,0.07177272982304753,-0.4242896776752991,-0.35238581026497684,0.02906420933479481
2049-03-06,22.791666666666668,0.071770744000288,0.07172820821384099,0.07173527377985867,0.07177367173402076,-0.42535786447014945,-0.3547022042933723,0.029277337327549002
2049-03-13,22.81111111111111,0.07177166108281932,0.07172902060598611,0.07173596273862978,0.07177460997093887,-0.42640476833208374,-0.35698344189538656,0.029488881195527394
2049-03-20,22.830555555555556,0.07177257466215503,0.07172983161432663,0.07173665169740091,0.07177554454313702,-0.42743047828405767,-0.35922964754117603,0.029698809819872496
2049-03-27,22.85,0.07177348475070405,0.07173064124239524,0.07173734065617204,0.0717764754599504,-0.4284350830881245,-0.36144094532009063,0.02990709246350476
2049-04-03,22.869444444444444,0.07177439136083741,0.0717314494937126,0.07173802961494316,0.07177740273071416,-0.42941867124807187,-0.3636174589424779,0.030113698767514352
2049-04-10,22.88888888888889,0.07177529450488823,0.07173225637178743,0.07173871857371428,0.07177832636476346,-0.430381331008034,-0.3657593117395441,0.030318598752271386
2049-04-17,22.908333333333335,0.07177619419515187,0.07173306188011654,0.0717394075324854,0.07177924637143346,-0.43132315035332436,-0.36786662666474235,0.030521762815899356
2049-04-24,22.927777777777777,0.07177709044388592,0.07173386602218484,0.07174009649125652,0.07178016276005934,-0.43224421701071325,-0.3699395262939109,0.03072316173427514
2049-05-01,22.947222222222223,0.07177798326331034,0.07173466880146548,0.07174078545002764,0.07178107553997629,-0.43314461844856655,-0.3719781328269389,0.030922766659502443
2049-05-08,22.966666666666665,0.07177887266560751,0.0717354702214198,0.07174147440879877,0.07178198472051944,-0.4340244418771233,-0.37398256808734986,0.03112054911935669
2049-05-15,22.98611111111111,0.07177975866292231,0.07173627028549746,0.07174216336756989,0.07178289031102397,-0.43488377424849567,-0.3759529535242445,0.031316481016591124
2049-05-22,23.005555555555556,0.07178064126736228,0.07173706899713646,0.071742852326341,0.07178379232082506,-0.43572270225819554,-0.37788941021271727,0.0315105346278266
2049-05-29,23.025,0.0717815204909975,0.07173786635976315,0.07174354128511214,0.07178469075925786,-0.43654131234346916,-0.3797920588535786,0.03170268260369036
2049-06-05,23.044444444444444,0.07178239634586084,0.07173866237679236,0.07174423024388325,0.07178558563565755,-0.4373396906848237,-0.381661019775853,0.03189289796715067
2049-06-12,23.06388888888889,0.071783268843948,0.07173945705162736,0.07174491920265437,0.07178647695935929,-0.4381179232064436,-0.3834964129363627,0.032081154112822974
2049-06-19,23.083333333333332,0.07178413799721758,0.07174025038766,0.0717456081614255,0.07178736473969825,-0.4388760955757742,-0.385298357920838,0.03226742480669231
2049-06-26,23.102777777777778,0.0717850038175911,0.07174104238827067,0.07174629712019662,0.0717882489860096,-0.4396142932043545,-0.3870669739448884,0.032451684185003105
2049-07-03,23.122222222222224,0.07178586631695319,0.07174183305682844,0.07174698607896773,0.07178912970762849,-0.4403326012475395,-0.3888023798545581,0.032633906753010145
2049-07-10,23.141666666666666,0.07178672550715152,0.07174262239669096,0.07174767503773886,0.07179000691389012,-0.44103110460561035,-0.39050469412660327,0.03281406738595005
2049-07-17,23.16111111111111,0.07178758139999705,0.07174341041120473,0.07174836399650997,0.07179088061412964,-0.4417098879232195,-0.39217403487085134,0.03299214132584938
2049-07-24,23.180555555555557,0.07178843400726398,0.07174419710370494,0.07174905295528111,0.0717917508176822,-0.442369035590362,-0.39381051982867454,0.033168104182218494
2049-07-31,23.2,0.07178928334068987,0.07174498247751561,0.07174974191405223,0.07179261753388297,-0.4430086317426529,-0.39541426637645927,0.03334193193094137
2049-08-07,23.219444444444445,0.07179012941197574,0.07174576653594963,0.07175043087282335,0.07179348077206715,-0.44362876026105,-0.39698539152394074,0.0335136009141368
2049-08-14,23.238888888888887,0.07179097223278606,0.07174654928230881,0.07175111983159448,0.07179434054156988,-0.4442295047725475,-0.3985240119158684,0.0336830878382155
2049-08-21,23.258333333333333,0.071791811814749,0.07174733071988394,0.07175180879036558,0.07179519685172636,-0.44481094865059245,-0.40003024383422625,0.03385036977360256
2049-08-28,23.27777777777778,0.07179264816945631,0.07174811085195475,0.07175249774913672,0.0717960497118717,-0.4453731750156398,-0.40150420319587377,0.034015424153904794
2049-09-04,23.29722222222222,0.07179348130846355,0.07174888968179008,0.07175318670790784,0.07179689913134112,-0.44591626673473606,-0.40294600555712545,0.034178228775633146
2049-09-11,23.316666666666666,0.07179431124329007,0.07174966721264785,0.07175387566667896,0.07179774511946976,-0.44644030642221333,-0.4043557661111141,0.03433876179695372
2049-09-18,23.336111111111112,0.07179513798541916,0.0717504434477751,0.07175456462545007,0.07179858768559279,-0.4469453764405218,-0.405733599690844,0.03449700173629999
2049-09-25,23.355555555555554,0.07179596154629808,0.0717512183904081,0.07175525358422119,0.07179942683904537,-0.44743155889981345,-0.40707962076891313,0.03465292747292792
2049-10-02,23.375,0.07179678193733818,0.07175199204377229,0.07175594254299233,0.0718002625891627,-0.4478989356589136,-0.4083939434584849,0.03480651824511183
2049-10-09,23.394444444444446,0.07179759916991492,0.07175276441108247,0.07175663150176344,0.07180109494527992,-0.44834758832448807,-0.4096766815148145,0.03495775365000564
2049-10-16,23.413888888888888,0.07179841325536802,0.07175353549554266,0.07175732046053457,0.07180192391673221,-0.44877759825368013,-0.41092794833455515,0.03510661364183876
2049-10-23,23.433333333333334,0.07179922420500151,0.07175430530034634,0.07175800941930568,0.07180274951285472,-0.4491890465517512,-0.41214785695825595,0.03525307853205484
2049-10-30,23.45277777777778,0.07180003203008375,0.07175507382867634,0.0717586983780768,0.07180357174298262,-0.44958201407416243,-0.41333652006952937,0.03539712898861791
2049-11-06,23.47222222222222,0.07180083674184765,0.07175584108370496,0.07175938733684793,0.0718043906164511,-0.44995658142685246,-0.4144940499971328,0.03553874603448581
2049-11-13,23.491666666666667,0.07180163835149056,0.07175660706859402,0.07176007629561905,0.07180520614259531,-0.4503128289654046,-0.4156205587151074,0.03567791104747142
2049-11-20,23.511111111111113,0.07180243687017455,0.07175737178649483,0.07176076525439018,0.07180601833075041,-0.45065083679726725,-0.4167161578437495,0.03581460575857731
2049-11-27,23.530555555555555,0.07180323230902637,0.07175813524054832,0.0717614542131613,0.0718068271902516,-0.45097068478050506,-0.41778095865072085,0.03594881225227331
2049-12-04,23.55,0.07180402467913748,0.07175889743388504,0.07176214317193241,0.071807632730434,-0.4512724525243539,-0.4188150720506323,0.0360805129652475
2049-12-11,23.569444444444443,0.07180481399156428,0.07175965836962522,0.07176283213070354,0.07180843496063281,-0.45155621939060864,-0.41981860860740294,0.036209690685296
2049-12-18,23.58888888888889,0.07180560025732811,0.0717604180508788,0.07176352108947466,0.07180923389018318,-0.45182206449320694,-0.4207916785345378,0.03633632855062907
2049-12-25,23.608333333333334,0.07180638348741532,0.07176117648074541,0.07176421004824578,0.07181002952842029,-0.4520700666990618,-0.4217343916954053,0.03646041004973233
2050-01-01,23.627777777777776,0.07180716369277731,0.07176193366231459,0.07176489900701691,0.0718108218846793,-0.4523003046272289,-0.42264685760406984,0.0365819190198402
2050-01-08,23.647222222222222,0.07180794088433075,0.07176268959866564,0.07176558796578802,0.0718116109682954,-0.45251285665112717,-0.42352918542723494,0.0367008396465196
2050-01-15,23.666666666666668,0.0718087150729575,0.07176344429286774,0.07176627692455914,0.07181239678860371,-0.4527078008975671,-0.42438148398354913,0.03681715646214334
2050-01-22,23.68611111111111,0.0718094862695048,0.07176419774798003,0.07176696588333026,0.07181317935493944,-0.4528852152477225,-0.42520386174541014,0.036930854346445274
2050-01-29,23.705555555555556,0.07181025448478531,0.0717649499670516,0.07176765484210139,0.07181395867663773,-0.45304517733713023,-0.42599642683924244,0.037041918524161055
2050-02-05,23.725,0.07181101972957718,0.07176570095312153,0.07176834380087252,0.07181473476303378,-0.453187764556523,-0.4267592870466075,0.03715033456599959
2050-02-12,23.744444444444444,0.07181178201462417,0.07176645070921896,0.07176903275964364,0.07181550762346273,-0.45331305405210687,-0.4274925498053139,0.037256088385589914
2050-02-19,23.76388888888889,0.07181254135063564,0.0717671992383631,0.07176972171841475,0.07181627726725974,-0.45342112272542257,-0.4281963222088625,0.03735916624100777
2050-02-26,23.783333333333335,0.07181329774828676,0.07176794654356328,0.07177041067718588,0.07181704370376,-0.45351204723487193,-0.42887071100880525,0.037459554732416356
2050-03-05,23.802777777777777,0.0718140512182185,0.07176869262781906,0.071771099635957,0.07181780694229868,-0.45358590399446896,-0.4295158226150231,0.037557240801788794
2050-03-12,23.822222222222223,0.07181480177103775,0.07176943749412011,0.07177178859472812,0.07181856699221092,-0.45364276917633783,-0.4301317630962809,0.03765221173179789
2050-03-19,23.841666666666665,0.07181554941731733,0.07177018114544644,0.07177247755349925,0.07181932386283192,-0.45368271870890875,-0.4307186381807826,0.037744455145954925
2050-03-26,23.86111111111111,0.07181629416759618,0.07177092358476825,0.07177316651227036,0.07182007756349681,-0.4537058282792772,-0.4312765532581142,0.037833959006389195
2050-04-02,23.880555555555556,0.07181703603237935,0.07177166481504617,0.07177385547104148,0.07182082810354079,-0.4537121733318161,-0.4318056133786885,0.037920711614403135
2050-04-09,23.9,0.07181777502213817,0.07177240483923111,0.07177454442981261,0.071821575492299,-0.45370182907053525,-0.4323059232555493,0.038004701608390645
2050-04-16,23.919444444444444,0.07181851114731018,0.07177314366026445,0.07177523338858373,0.07182231973910665,-0.45367487045727684,-0.4327775872645101,0.03808591796466976
2050-04-23,23.93888888888889,0.07181924441829943,0.07177388128107795,0.07177592234735485,0.07182306085329887,-0.4536313722147689,-0.4332207094458196,0.038164349994429525
2050-04-30,23.958333333333332,0.07181997484547632,0.0717746177045939,0.07177661130612598,0.07182379884421082,-0.45357140882426594,-0.4336353935034676,0.03823998734497902
2050-05-07,23.977777777777778,0.07182070243917786,0.0717753529337251,0.07177730026489709,0.0718245337211777,-0.4534950545276306,-0.43402174280768313,0.03831281999835956
2050-05-14,23.997222222222224,0.07182142720970768,0.07177608697137489,0.07177798922366821,0.07182526549353466,-0.45340238332788885,-0.4343798603946569,0.03838283826981814
2050-05-21,24.016666666666666,0.0718221491673361,0.07177681982043722,0.07177867818243934,0.07182599417061686,-0.4532934689888135,-0.4347098489676515,0.0384500328075299
2050-05-28,24.03611111111111,0.07182286832230027,0.07177755148379669,0.07177936714121046,0.07182671976175947,-0.45316838503575707,-0.4350118108981116,0.03851439459204298
2050-06-04,24.055555555555557,0.07182358468480415,0.07177828196432857,0.07178005609998159,0.07182744227629768,-0.4530272047557904,-0.43528584822566385,0.0385759149353071
2050-06-11,24.075,0.07182429826501868,0.07177901126489883,0.0717807450587527,0.07182816172356664,-0.4528700011985354,-0.4355320626597825,0.03863458547956333
2050-06-18,24.094444444444445,0.07182500907308186,0.07177973938836416,0.07178143401752382,0.07182887811290152,-0.45269684717699765,-0.43575055558034426,0.03869039819665021
2050-06-25,24.113888888888887,0.07182571711909876,0.07178046633757208,0.07178212297629495,0.07182959145363749,-0.4525078152667339,-0.4359414280380447,0.038743345387309835
2050-07-02,24.133333333333333,0.07182642241314162,0.07178119211536095,0.07178281193506607,0.07183030175510968,-0.4523029778066845,-0.4361047807555085,0.03879341968063277
2050-07-09,24.15277777777778,0.07182712496525001,0.07178191672455993,0.0717835008938372,0.07183100902665332,-0.4520824069008389,-0.43624071412812215,0.038840614033086585
2050-07-16,24.17222222222222,0.07182782478543082,0.0717826401679891,0.07178418985260832,0.07183171327760354,-0.4518461744171254,-0.4363493282250053,0.038884921727266875
2050-07-23,24.191666666666666,0.07182852188365839,0.0717833624484595,0.07178487881137943,0.07183241451729552,-0.4515943519889376,-0.43643072278956585,0.03892633637134213
2050-07-30,24.211111111111112,0.07182921626987453,0.0717840835687731,0.07178556777015055,0.07183311275506442,-0.45132701101430195,-0.43648499723977774,0.038964851898914965
2050-08-06,24.230555555555554,0.0718299079539887,0.07178480353172292,0.07178625672892167,0.0718338080002454,-0.4510442226578204,-0.4365122506704011,0.03900046256694045
2050-08-13,24.25,0.07183059694587803,0.07178552234009297,0.07178694568769281,0.07183450026217364,-0.4507460578505318,-0.4365125818521498,0.03903316295614245
2050-08-20,24.269444444444446,0.0718312832553873,0.07178623999665838,0.07178763464646393,0.0718351895501843,-0.45043258728921787,-0.43648608923377297,0.039062947969903394
2050-08-27,24.288888888888888,0.07183196689232929,0.07178695650418537,0.07178832360523504,0.07183587587361255,-0.4501038814391789,-0.4364328709424714,0.039089812832598936
2050-09-03,24.308333333333334,0.07183264786648458,0.07178767186543132,0.07178901256400616,0.07183655924179355,-0.4497600105325683,-0.43635302478417515,0.03911375308973675
2050-09-10,24.32777777777778,0.07183332618760177,0.07178838608314479,0.07178970152277729,0.0718372396640625,-0.4494010445697805,-0.4362466482447924,0.03913476460726262
2050-09-17,24.34722222222222,0.07183400186539755,0.07178909916006558,0.07179039048154842,0.07183791714975452,-0.44902705331972825,-0.4361138384913199,0.03915284356961757
2050-09-24,24.366666666666667,0.07183467490955675,0.07178981109892468,0.07179107944031954,0.07183859170820481,-0.4486381063206757,-0.43595469237212026,0.039167986480570516
2050-10-01,24.386111111111113,0.07183534532973246,0.07179052190244446,0.07179176839909066,0.07183926334874853,-0.4482342728799604,-0.43576930641803235,0.039180190160720274
2050-10-08,24.405555555555555,0.07183601313554605,0.07179123157333855,0.07179245735786177,0.07183993208072083,-0.44781562207496517,-0.4355577768427876,0.03918945174777311
2050-10-15,24.425,0.07183667833658733,0.07179194011431198,0.07179314631663289,0.0718405979134569,-0.447382222753534,-0.4353201995443978,0.039195768695710065
2050-10-22,24.444444444444443,0.07183734094241455,0.07179264752806111,0.07179383527540402,0.0718412608562919,-0.44693414353438876,-0.4350566701052938,0.03919913877353798
2050-10-29,24.46388888888889,0.07183800096255454,0.07179335381727381,0.07179452423417514,0.07184192091856101,-0.44647145280726774,-0.4347672837939909,0.03919956006473435
2050-11-05,24.483333333333334,0.07183865840650273,0.07179405898462934,0.07179521319294625,0.07184257810959936,-0.4459942187338972,-0.4344521355648112,0.039197030966275914
2050-11-12,24.502777777777776,0.07183931328372332,0.07179476303279851,0.07179590215171738,0.07184323243874215,-0.4455025092481302,-0.43411132005941044,0.03919155018822229
2050-11-19,24.522222222222222,0.07183996560364932,0.07179546596444362,0.0717965911104885,0.07184388391532454,-0.44499639205691777,-0.4337449316081654,0.03918311675218944
2050-11-26,24.541666666666668,0.0718406153756825,0.07179616778221855,0.07179728006925962,0.07184453254868169,-0.44447593463947666,-0.4333530642287864,0.03917172999190477
2050-12-03,24.56111111111111,0.07184126260919371,0.07179686848876878,0.07179796902803075,0.07184517834814878,-0.44394120424937067,-0.4329358116296478,0.03915738955070913
2050-12-10,24.580555555555556,0.07184190731352279,0.07179756808673139,0.07179865798680186,0.07184582132306096,-0.4433922679139557,-0.432493267209233,0.039140095381695605
2050-12-17,24.6,0.07184254949797872,0.07179826657873518,0.071799346945573,0.07184646148275342,-0.4428291924353511,-0.4320255240572446,0.0391198477470156
2050-12-24,24.619444444444444,0.07184318917183961,0.07179896396740058,0.07180003590434411,0.07184709883656132,-0.4422520443903011,-0.4315326749550208,0.0390966472170462
2050-12-31,24.63888888888889,0.07184382634435295,0.07179966025533979,0.07180072486311523,0.0718477333938198,-0.4416608901315622,-0.43101481237720063,0.03907049466844725
2051-01-07,24.658333333333335,0.07184446102473549,0.07180035544515677,0.07180141382188636,0.07184836516386406,-0.44105579578720966,-0.4304720284913077,0.039041391285687954
2051-01-14,24.677777777777777,0.07184509322217346,0.07180104953944723,0.07180210278065748,0.07184899415602924,-0.4404368272623027,-0.4299044151598319,0.03900933855785493
2051-01-21,24.697222222222223,0.07184572294582263,0.07180174254079877,0.0718027917394286,0.07184962037965055,-0.4398040502386069,-0.42931206394022925,0.03897433827920738
2051-01-28,24.716666666666665,0.07184635020480831,0.07180243445179078,0.07180348069819972,0.0718502438440631,-0.43915753017528814,-0.4286950660858935,0.03893639254792802
2051-02-04,24.73611111111111,0.07184697500822552,0.07180312527499462,0.07180416965697084,0.07185086455860212,-0.4384973323090513,-0.42805351254684987,0.038895503765984385
2051-02-11,24.755555555555556,0.07184759736513903,0.07180381501297348,0.07180485861574196,0.07185148253260273,-0.4378235216555282,-0.42738749397072673,0.038851674637047084
2051-02-18,24.775,0.07184821728458343,0.07180450366828257,0.07180554757451309,0.07185209777540012,-0.4371361630085835,-0.42669710070344924,0.03880490816690618
2051-02-25,24.794444444444444,0.07184883477556323,0.07180519124346907,0.0718062365332842,0.07185271029632945,-0.4364353209415639,-0.4259824227902109,0.03875520766222218
2051-03-04,24.81388888888889,0.07184944984705294,0.07180587774107215,0.07180692549205533,0.07185332010472588,-0.43572105980785314,-0.42524354997602876,0.038702576729415794
2051-03-11,24.833333333333332,0.07185006250799715,0.07180656316362306,0.07180761445082645,0.0718539272099246,-0.434993443740872,-0.42448057170699216,0.03864701927452918
2051-03-18,24.852777777777778,0.07185067276731057,0.07180724751364512,0.07180830340959757,0.07185453162126075,-0.4342525366544947,-0.42369357712998545,0.03858853950183816
2051-03-25,24.872222222222224,0.07185128063387816,0.07180793079365372,0.07180899236836868,0.0718551333480695,-0.4334984022444366,-0.4228826550947695,0.03852714191343587
2051-04-01,24.891666666666666,0.07185188611655519,0.07180861300615646,0.07180968132713982,0.07185573239968604,-0.43273110398728276,-0.42204789415370425,0.03846283130853889
2051-04-08,24.91111111111111,0.07185248922416729,0.07180929415365306,0.07181037028591095,0.07185632878544551,-0.43195070514229217,-0.42118938256341387,0.03839561278223824
2051-04-15,24.930555555555557,0.07185308996551061,0.07180997423863546,0.07181105924468206,0.0718569225146831,-0.43115726875153637,-0.42030720828548085,0.03832549172494426
2051-04-22,24.95,0.07185368834935178,0.07181065326358782,0.07181174820345318,0.07185751359673397,-0.430350857639622,-0.41940145898602954,0.0382524738218315
2051-04-29,24.969444444444445,0.07185428438442812,0.0718113312309866,0.0718124371622243,0.07185810204093329,-0.4295315344152173,-0.4184722220382242,0.038176565051728506
2051-05-06,24.988888888888887,0.0718548780794476,0.07181200814330048,0.07181312612099543,0.07185868785661621,-0.4286993614711909,-0.4175195845217139,0.038097771686146364
2051-05-13,25.008333333333333,0.07185546944308902,0.07181268400299053,0.07181381507976654,0.07185927105311792,-0.42785440098488947,-0.4165436332247141,0.03801610028900115
2051-05-20,25.02777777777778,0.07185605848400199,0.07181335881251014,0.07181450403853767,0.07185985163977357,-0.42699671491855384,-0.41554445464317413,0.03793155771578127
2051-05-27,25.04722222222222,0.07185664521080708,0.07181403257430509,0.07181519299730879,0.07186042962591833,-0.42612636501987433,-0.4145221349828587,0.037844151112576
2051-06-03,25.066666666666666,0.07185722963209587,0.07181470529081356,0.07181588195607991,0.0718610050208874,-0.42524341282310085,-0.41347676015962564,0.03775388791524281
2051-06-10,25.086111111111112,0.07185781175643108,0.07181537696446619,0.07181657091485102,0.07186157783401588,-0.42434791964890417,-0.4124084158005359,0.037660775848019634
2051-06-17,25.105555555555554,0.07185839159234654,0.07181604759768609,0.07181725987362214,0.071862148074639,-0.42343994660451467,-0.41131718724399247,0.03756482292463503
2051-06-24,25.125,0.07185896914834737,0.07181671719288882,0.07181794883239329,0.0718627157520919,-0.4225195545855265,-0.4102031595408506,0.03746603744525512
2051-07-01,25.144444444444446,0.07185954443291,0.07181738575248255,0.0718186377911644,0.07186328087570974,-0.4215868042745097,-0.4090664174559444,0.037364427997454985
2051-07-08,25.163888888888888,0.07186011745448227,0.07181805327886794,0.07181932674993552,0.07186384345482771,-0.4206417561433695,-0.40790704546753154,0.0372600034544146
2051-07-15,25.183333333333334,0.07186068822148353,0.07181871977443825,0.07182001570870664,0.07186440349878097,-0.41968447045279134,-0.40672512776895875,0.0371527729743637
2051-07-22,25.20277777777778,0.07186125674230467,0.0718193852415794,0.07182070466747778,0.07186496101690468,-0.41871500725279565,-0.40552074826893936,0.03704274600002666
2051-07-29,25.22222222222222,0.07186182302530822,0.07182004968266988,0.0718213936262489,0.071865516018534,-0.417733426383432,-0.4042939905932186,0.036929932257789844
2051-08-05,25.241666666666667,0.07186238707882846,0.0718207131000809,0.07182208258502001,0.07186606851300412,-0.4167397874756118,-0.40304493808443476,0.03681434175659137
2051-08-12,25.261111111111113,0.07186294891117141,0.07182137549617634,0.07182277154379113,0.07186661850965018,-0.4157341499506917,-0.40177367380281326,0.036695984787643576
2051-08-19,25.280555555555555,0.071863508530615,0.07182203687331286,0.07182346050256225,0.07186716601780736,-0.41471657302144527,-0.40048028052755424,0.036574871923600316
2051-08-26,25.3,0.07186406594540914,0.0718226972338398,0.07182414946133338,0.07186771104681085,-0.41368711569345074,-0.39916484075766534,0.036451014017030436
2051-09-02,25.319444444444443,0.0718646211637757,0.07182335658009935,0.0718248384201045,0.07186825360599579,-0.41264583676356437,-0.3978274367121004,0.036324422200834094
2051-09-09,25.33888888888889,0.07186517419390871,0.07182401491442646,0.07182552737887561,0.07186879370469734,-0.4115927948225573,-0.3964681503310086,0.03619510788629987
2051-09-16,25.358333333333334,0.07186572504397438,0.07182467223914896,0.07182621633764674,0.07186933135225071,-0.4105280482542828,-0.39508706327642806,0.03606308276324355
2051-09-23,25.377777777777776,0.07186627372211116,0.07182532855658749,0.07182690529641786,0.07186986655799102,-0.40945165523664784,-0.39368425693298015,0.03592835879862033
2051-09-30,25.397222222222222,0.07186682023642983,0.07182598386905567,0.07182759425518898,0.07187039933125344,-0.408363673741613,-0.392259812408563,0.03579094823610851
2051-10-07,25.416666666666668,0.0718673645950136,0.07182663817885997,0.0718282832139601,0.07187092968137317,-0.4072641615363026,-0.3908138105349068,0.03565086359569314
2051-10-14,25.43611111111111,0.07186790680591817,0.0718272914882998,0.07182897217273124,0.07187145761768536,-0.40615317618369895,-0.38934633186937795,0.035508117671861905
2051-10-21,25.455555555555556,0.07186844687717184,0.0718279437996676,0.07182966113150235,0.07187198314952517,-0.4050307750423643,-0.38785745669484006,0.03536272353332759
2051-10-28,25.475,0.07186898481677548,0.07182859511524876,0.07183035009027347,0.07187250628622781,-0.40389701526713506,-0.38634726502007055,0.03521469452330561
2051-11-04,25.494444444444444,0.07186952063270273,0.07182924543732176,0.07183103904904459,0.07187302703712838,-0.4027519538096769,-0.3848158365814258,0.035064044256460924
2051-11-11,25.51388888888889,0.07187005433290002,0.07182989476815806,0.0718317280078157,0.07187354541156207,-0.40159564741959475,-0.38326325084311885,0.03491078662057334
2051-11-18,25.533333333333335,0.07187058592528667,0.07183054311002222,0.07183241696658683,0.07187406141886407,-0.4004281526444331,-0.38168958699832944,0.03475493577403954
2051-11-25,25.552777777777777,0.07187111541775491,0.07183119046517197,0.07183310592535797,0.07187457506836954,-0.3992495258293982,-0.38009492396948175,0.034596506146289396
2051-12-02,25.572222222222223,0.07187164281817002,0.07183183683585809,0.07183379488412908,0.07187508636941364,-0.3980598231193011,-0.3784793404093545,0.03443551243625942
2051-12-09,25.591666666666665,0.0718721681343704,0.07183248222432456,0.0718344838429002,0.07187559533133153,-0.39685910045841877,-0.37684291470205245,0.03427196961128254
2051-12-16,25.61111111111111,0.07187269137416757,0.07183312663280855,0.07183517280167132,0.07187610196345838,-0.3956474135902166,-0.37518572496259006,0.03410589290805954
2051-12-23,25.630555555555556,0.07187321254534637,0.07183377006354041,0.07183586176044245,0.07187660627512937,-0.39442481805956886,-0.3735078490392507,0.033937297830022306
2051-12-30,25.65,0.07187373165566495,0.07183441251874378,0.07183655071921356,0.07187710827567967,-0.39319136921164843,-0.37180936451386426,0.033766200147195
2052-01-06,25.669444444444444,0.07187424871285479,0.0718350540006355,0.0718372396779847,0.07187760797444444,-0.3919471221928983,-0.37009034870097435,0.03359261589647167
2052-01-13,25.68888888888889,0.07187476372462098,0.07183569451142574,0.07183792863675581,0.07187810538075882,-0.39069213195241925,-0.3683508786517242,0.0334165613784243
2052-01-20,25.708333333333332,0.07187527669864206,0.07183633405331798,0.07183861759552693,0.07187860050395802,-0.3894264532408598,-0.3665910311513587,0.03323805315952333
2052-01-27,25.727777777777778,0.07187578764257027,0.07183697262850902,0.07183930655429806,0.07187909335337718,-0.38815014061249764,-0.3648108827221386,0.03305710806908446
2052-02-03,25.747222222222224,0.0718762965640315,0.07183761023918904,0.07183999551306917,0.07187958393835149,-0.386863248424546,-0.3630105096232017,0.03287374319996261
2052-02-10,25.766666666666666,0.07187680347062544,0.07183824688754159,0.07184068447184029,0.0718800722682161,-0.38556583083854123,-0.36118998785153456,0.03268797590660899
2052-02-17,25.78611111111111,0.07187730836992567,0.07183888257574367,0.07184137343061142,0.07188055835230618,-0.38425794182006534,-0.35934939314252734,0.032499823805071104
2052-02-24,25.805555555555557,0.07187781126947963,0.07183951730596566,0.07184206238938254,0.07188104219995689,-0.3829396351397174,-0.3574888009709454,0.03230930477257643
2052-03-02,25.825,0.07187831217680886,0.07184015108037148,0.07184275134815366,0.07188152382050342,-0.3816109643738075,-0.35560828655203935,0.03211643694558952
2052-03-09,25.844444444444445,0.07187881109940888,0.07184078390111846,0.07184344030692479,0.07188200322328091,-0.3802719829042178,-0.35370792484099023,0.03192123872022834
2052-03-16,25.863888888888887,0.07187930804474943,0.07184141577035752,0.0718441292656959,0.07188248041762454,-0.37892274391909675,-0.35178779053526843,0.031723728751154034
2052-03-23,25.883333333333333,0.07187980302027447,0.07184204669023304,0.07184481822446703,0.07188295541286949,-0.37756330041424646,-0.3498479580743563,0.03152392595018316
2052-03-30,25.90277777777778,0.07188029603340224,0.071842676662883,0.07184550718323815,0.0718834282183509,-0.37619370519229034,-0.3478885016408584,0.03132184948670402
2052-04-06,25.92222222222222,0.07188078709152536,0.071843305690439,0.07184619614200927,0.07188389884340396,-0.3748140108636444,-0.3459094951609176,0.031117518786011322
2052-04-13,25.941666666666666,0.07188127620201093,0.07184393377502617,0.07184688510078038,0.07188436729736383,-0.37342426984762755,-0.3439110123054645,0.030910953529028617
2052-04-20,25.961111111111112,0.07188176337220056,0.07184456091876332,0.0718475740595515,0.07188483358956568,-0.3720245343724615,-0.3418931264906333,0.030702173651198095
2052-04-27,25.980555555555554,0.07188224860941043,0.07184518712376292,0.07184826301832263,0.07188529772934467,-0.37061485647513215,-0.3398559108780397,0.03049119934234179
2052-05-04,26.0,0.07188273192093145,0.07184581239213111,0.07184895197709376,0.07188575972603597,-0.36919528800333223,-0.3377994383768623,0.030278051045273813
2052-05-11,26.019444444444446,0.0718832133140292,0.07184643672596773,0.07184964093586488,0.07188621958897475,-0.36776588061476767,-0.33572378164328787,0.030062749455384008
2052-05-18,26.038888888888888,0.07188369279594417,0.07184706012736637,0.071850329894636,0.07188667732749618,-0.3663266857779901,-0.33362901308175985,0.02984531552008285
2052-05-25,26.058333333333334,0.07188417037389168,0.07184768259841434,0.07185101885340711,0.07188713295093543,-0.36487775477336837,-0.33151520484567265,0.029625770437552434
2052-06-01,26.07777777777778,0.07188464605506202,0.07184830414119275,0.07185170781217824,0.07188758646862764,-0.3634191386926722,-0.3293824288377878,0.029404135656191377
2052-06-08,26.09722222222222,0.07188511984662053,0.0718489247577765,0.07185239677094937,0.07188803788990801,-0.3619508884403211,-0.3272307567116217,0.02918043287475358
2052-06-15,26.116666666666667,0.07188559175570769,0.0718495444502343,0.07185308572972049,0.07188848722411169,-0.36047305473393965,-0.32506025987200093,0.02895468403998902
2052-06-22,26.136111111111113,0.07188606178943911,0.0718501632206287,0.0718537746884916,0.07188893448057387,-0.3589856881040798,-0.322871009475062,0.02872691134761518
2052-06-29,26.155555555555555,0.0718865299549057,0.07185078107101615,0.07185446364726272,0.0718893796686297,-0.35748883889547,-0.320663076429778,0.028497137239957837
2052-07-06,26.175,0.07188699625917369,0.07185139800344696,0.07185515260603385,0.07188982279761433,-0.35598255726729255,-0.318436531398375,0.02826538440636739
2052-07-13,26.194444444444443,0.0718874607092847,0.07185201401996535,0.07185584156480497,0.07189026387686294,-0.35446689319346136,-0.31619144479730354,0.02803167578238619
2052-07-20,26.21388888888889,0.07188792331225587,0.07185262912260951,0.0718565305235761,0.07189070291571072,-0.3529418964635933,-0.3139278867976547,0.02779603454849955
2052-07-27,26.233333333333334,0.07188838407507978,0.07185324331341154,0.07185721948234722,0.0718911399234928,-0.35140761668231435,-0.3116459273255767,0.027558484130274508
2052-08-03,26.252777777777776,0.07188884300472477,0.07185385659439754,0.07185790844111833,0.07189157490954437,-0.34986410327231265,-0.3093456360643565,0.027319048196000617
2052-08-10,26.272222222222222,0.07188930010813477,0.07185446896758763,0.07185859739988947,0.0718920078832006,-0.34831140547142425,-0.3070270824530319,0.02707775065835527
2052-08-17,26.291666666666668,0.07188975539222953,0.07185508043499593,0.07185928635866058,0.07189243885379663,-0.3467495723359637,-0.3046903356894448,0.026834615671073037
2052-08-24,26.31111111111111,0.07189020886390461,0.07185569099863061,0.07185997531743171,0.07189286783066769,-0.34517865274003023,-0.3023354647289922,0.02658966763074977
2052-08-31,26.330555555555556,0.07189066053003144,0.07185630066049391,0.07186066427620283,0.07189329482314886,-0.3435986953753689,-0.2999625382861526,0.02634293117420583
2052-09-07,26.35,0.07189111039745752,0.07185690942258215,0.07186135323497395,0.07189371984057538,-0.3420097487537299,-0.2975716248357352,0.026094431178624866
2052-09-14,26.369444444444444,0.07189155847300631,0.0718575172868858,0.07186204219374506,0.07189414289228238,-0.3404118612050644,-0.29516279261246336,0.02584419276072114
2052-09-21,26.38888888888889,0.07189200476347746,0.07185812425538943,0.0718627311525162,0.07189456398760503,-0.33880508088030004,-0.2927361096126402,0.02559224127576809
2052-09-28,26.408333333333335,0.07189244927564675,0.07185873033007176,0.07186342011128731,0.07189498313587853,-0.3371894557499533,-0.29029164359442583,0.025338602317737102
2052-10-05,26.427777777777777,0.07189289201626627,0.07185933551290569,0.07186410907005844,0.071895400346438,-0.3355650336057947,-0.287829462078254,0.025083301717354622
2052-10-12,26.447222222222223,0.07189333299206443,0.07185993980585835,0.07186479802882956,0.07189581562861863,-0.3339318620608489,-0.28534963234877475,0.02482636554196338
2052-10-19,26.466666666666665,0.07189377220974603,0.07186054321089105,0.07186548698760067,0.0718962289917556,-0.33228998854981096,-0.28285222145360556,0.024567820095661164
2052-10-26,26.48611111111111,0.07189420967599236,0.07186114572995937,0.0718661759463718,0.07189664044518404,-0.330639460329879,-0.2803372962055517,0.02430769191680282
2052-11-02,26.505555555555556,0.07189464539746128,0.07186174736501312,0.07186686490514292,0.07189704999823916,-0.328980324481587,-0.27780492318357775,0.024046007778832923
2052-11-09,26.525,0.0718950793807872,0.07186234811799642,0.07186755386391405,0.0718974576602561,-0.32731262790769433,-0.27525516873141975,0.023782794689036768
2052-11-16,26.544444444444444,0.07189551163258127,0.07186294799084768,0.07186824282268517,0.07189786344057005,-0.3256364173359616,-0.2726880989610547,0.02351807988770771
2052-11-23,26.56388888888889,0.07189594215943139,0.07186354698549964,0.07186893178145629,0.07189826734851615,-0.3239517393174851,-0.2701037797510353,0.02325189084759205
2052-11-30,26.583333333333332,0.07189637096790227,0.07186414510387938,0.07186962074022742,0.07189866939342957,-0.32225864022891737,-0.2675022767485713,0.022984255272917586
2052-12-07,26.602777777777778,0.07189679806453554,0.07186474234790835,0.07187030969899853,0.0718990695846455,-0.320557166271912,-0.26488365537008507,0.0227152010995324
2052-12-14,26.622222222222224,0.07189722345584976,0.07186533871950239,0.07187099865776965,0.0718994679314991,-0.3188473634736788,-0.2622479808010725,0.022444756493378293
2052-12-21,26.641666666666666,0.07189764714834054,0.07186593422057173,0.07187168761654078,0.07189986444332551,-0.31712927768809407,-0.2595953179976296,0.02217294984965812
2052-12-28,26.66111111111111,0.07189806914848063,0.07186652885302106,0.0718723765753119,0.07190025912945992,-0.31540295459570045,-0.2569257316872853,0.021899809792974567
2053-01-04,26.680555555555557,0.07189848946271989,0.07186712261874949,0.07187306553408301,0.07190065199923751,-0.3136684397039846,-0.2542392863687237,0.021625365176219935
2053-01-11,26.7,0.07189890809748548,0.07186771551965059,0.07187375449285414,0.07190104306199344,-0.3119257783489038,-0.25153604631331095,0.021349645079604684
2053-01-18,26.719444444444445,0.07189932505918184,0.07186830755761243,0.07187444345162526,0.07190143232706286,-0.31017501569405304,-0.24881607556578866,0.021072678810241108
2053-01-25,26.738888888888887,0.0718997403541908,0.07186889873451761,0.07187513241039639,0.07190181980378096,-0.30841619673191434,-0.24607943794413556,0.020794495901588217
2053-02-01,26.758333333333333,0.07190015398887166,0.07186948905224325,0.07187582136916751,0.07190220550148288,-0.3066493662841341,-0.24332619704151015,0.020515126112202742
2053-02-08,26.77777777777778,0.07190056596956118,0.07187007851266099,0.07187651032793863,0.07190258942950382,-0.30487456900193943,-0.2405564162255569,0.02023459942643302
2053-02-15,26.79722222222222,0.07190097630257379,0.07187066711763704,0.07187719928670976,0.07190297159717891,-0.3030918493675261,-0.23777015864034912,0.019952946051227105
2053-02-22,26.816666666666666,0.0719013849942015,0.07187125486903223,0.07187788824548087,0.07190335201384335,-0.3013012516926705,-0.23496748720625016,0.019670196418491992
2053-03-01,26.836111111111112,0.07190179205071409,0.07187184176870197,0.07187857720425199,0.0719037306888323,-0.299502820121228,-0.23214846462102368,0.019386381182040502
2053-03-08,26.855555555555554,0.0719021974783591,0.0718724278184963,0.0718792661630231,0.0719041076314809,-0.2976965986280222,-0.22931315335997238,0.019101531218007617
2053-03-15,26.875,0.07190260128336197,0.07187301302025995,0.07187995512179424,0.07190448285112436,-0.2958826310202334,-0.2264616156773258,0.018815677623879035
2053-03-22,26.894444444444446,0.07190300347192603,0.07187359737583222,0.07188064408056535,0.07190485635709781,-0.29406096093809175,-0.22359391360679548,0.01852885171779728
2053-03-29,26.913888888888888,0.07190340405023261,0.0718741808870472,0.07188133303933648,0.07190522815873643,-0.292231631854184,-0.22071010896129728,0.018241085038145366
2053-04-05,26.933333333333334,0.0719038030244411,0.07187476355573358,0.0718820219981076,0.0719055982653754,-0.2903946870752572,-0.21781026333503317,0.017952409342991693
2053-04-12,26.95277777777778,0.07190420040068908,0.07187534538371487,0.07188271095687873,0.0719059666863499,-0.28855016974208003,-0.21489443810349118,0.01766285660814715
2053-04-19,26.97222222222222,0.07190459618509225,0.07187592637280928,0.07188339991564985,0.07190633343099503,-0.2866981228297205,-0.2119626944240005,0.017372459027859
2053-04-26,26.991666666666667,0.07190499038374457,0.07187650652482974,0.07188408887442096,0.07190669850864605,-0.2848385891482397,-0.2090150932360091,0.017081249014810895
2053-05-03,27.011111111111113,0.0719053830027184,0.07187708584158405,0.07188477783319208,0.07190706192863805,-0.28297161134352433,-0.20605169526316525,0.01678925919651464
2053-05-10,27.030555555555555,0.07190577404806446,0.07187766432487472,0.0718854667919632,0.07190742370030623,-0.28109723189742586,-0.20307256101262383,0.016496522417669413
2053-05-17,27.05,0.07190616352581193,0.07187824197649913,0.07188615575073433,0.07190778383298575,-0.27921549312803773,-0.20007775077601764,0.016203071738218888
2053-05-24,27.069444444444443,0.07190655144196853,0.07187881879824948,0.07188684470950545,0.0719081423360118,-0.2773264371905282,-0.1970673246308452,0.015908940432657337
2053-05-31,27.08888888888889,0.07190693780252055,0.07187939479191281,0.07188753366827658,0.07190849921871952,-0.2754301060774178,-0.1940413424397769,0.015614161989613295
2053-06-07,27.108333333333334,0.07190732261343301,0.07187996995927107,0.0718882226270477,0.0719088544904441,-0.27352654161941214,-0.19099986385315293,0.015318770110878122
2053-06-14,27.127777777777776,0.0719077058806496,0.07188054430210106,0.07188891158581881,0.07190920816052067,-0.2716157854854018,-0.18794294830787317,0.015022798710712104
2053-06-21,27.147222222222222,0.07190808761009282,0.07188111782217452,0.07188960054458994,0.07190956023828443,-0.26969787918301735,-0.18487065502878486,0.01472628191612202
2053-06-28,27.166666666666668,0.07190846780766405,0.0718816905212581,0.07189028950336107,0.07190991073307054,-0.2677728640594623,-0.18178304302979287,0.01442925406491824
2053-07-05,27.18611111111111,0.07190884647924357,0.0718822624011134,0.07189097846213219,0.07191025965421416,-0.26584078130179045,-0.1786801711138597,0.014131749705853514
2053-07-12,27.205555555555556,0.07190922363069067,0.07188283346349698,0.0718916674209033,0.07191060701105047,-0.26390167193690584,-0.17556209787369936,0.013833803597929073
2053-07-19,27.225,0.07190959926784372,0.0718834037101604,0.07189235637967442,0.07191095281291462,-0.26195557683322823,-0.1724288816930264,0.013535450709006858
2053-07-26,27.244444444444444,0.07190997339652017,0.0718839731428502,0.07189304533844554,0.07191129706914182,-0.2600025366997216,-0.16928058074627828,0.013236726216503403
2053-08-02,27.26388888888889,0.07191034602251668,0.07188454176330793,0.07189373429721667,0.07191163978906716,-0.25804259208755953,-0.16611725300014202,0.01293766550475306
2053-08-09,27.283333333333335,0.07191071715160918,0.0718851095732702,0.0718944232559878,0.07191198098202586,-0.2560757833898475,-0.1629389562138317,0.012638304166812109
2053-08-16,27.302777777777777,0.0719110867895529,0.07188567657446866,0.07189511221475892,0.0719123206573531,-0.2541021508423169,-0.15974574793978236,0.012338678002099535
2053-08-23,27.322222222222223,0.07191145494208245,0.07188624276863004,0.07189580117353003,0.07191265882438402,-0.25212173452415776,-0.1565376855242051,0.012038823015703137
2053-08-30,27.341666666666665,0.0719118216149119,0.07188680815747615,0.07189649013230115,0.0719129954924538,-0.25013457435746345,-0.15331482610750347,0.011738775418934644
2053-09-06,27.36111111111111,0.07191218681373485,0.07188737274272389,0.07189717909107228,0.07191333067089759,-0.24814071010959005,-0.15007722662566114,0.011438571627386818
2053-09-13,27.380555555555556,0.07191255054422442,0.07188793652608531,0.0718978680498434,0.07191366436905057,-0.24614018139107463,-0.14682494381024203,0.01113824826148857
2053-09-20,27.4,0.07191291281203344,0.0718884995092676,0.07189855700861453,0.0719139965962479,-0.24413302765841083,-0.14355803418908408,0.010837842144700849
2053-09-27,27.419444444444444,0.07191327362279439,0.07188906169397308,0.07189924596738564,0.07191432736182476,-0.24211928821307738,-0.14027655408740958,0.010537390303794192
2053-10-04,27.43888888888889,0.07191363298211956,0.07188962308189925,0.07189993492615676,0.07191465667511632,-0.24009900220306468,-0.13698055962796385,0.010236929967599728
2053-10-11,27.458333333333332,0.07191399089560103,0.07189018367473884,0.07190062388492789,0.07191498454545772,-0.23807220862190337,-0.13367010673143165,0.0099364985668704
2053-10-18,27.477777777777778,0.07191434736881086,0.07189074347417974,0.07190131284369901,0.07191531098218416,-0.2360389463111623,-0.1303452511185188,0.00963613373303196
2053-10-25,27.497222222222224,0.07191470240730098,0.0718913024819051,0.07190200180247013,0.07191563599463079,-0.23399925395878318,-0.12700604830856443,0.009335873298044195
2053-11-01,27.516666666666666,0.07191505601660335,0.0718918606995933,0.07190269076124126,0.07191595959213276,-0.23195317010046845,-0.12365255362092875,0.009035755294123371
2053-11-08,27.53611111111111,0.07191540820223008,0.07189241812891797,0.07190337972001237,0.07191628178402527,-0.22990073312106896,-0.1202848221770747,0.008735817951938118
2053-11-15,27.555555555555557,0.0719157589696734,0.07189297477154805,0.07190406867878349,0.07191660257964347,-0.22784198125347377,-0.11690290889904142,0.008436099700748212
2053-11-22,27.575,0.07191610832440572,0.07189353062914769,0.07190475763755462,0.07191692198832254,-0.22577695258027553,-0.1135068685109708,0.008136639168265791
2053-11-29,27.594444444444445,0.07191645627187974,0.07189408570337646,0.07190544659632574,0.07191724001939764,-0.22370568503279897,-0.11009675554007892,0.007837475178990028
2053-12-06,27.613888888888887,0.07191680281752855,0.07189463999588919,0.07190613555509687,0.07191755668220393,-0.22162821639359898,-0.1066726243167948,0.00753864675379079
2053-12-13,27.633333333333333,0.07191714796676557,0.07189519350833605,0.07190682451386798,0.07191787198607658,-0.2195445842952115,-0.10323452897587071,0.0072401931100474215
2053-12-20,27.65277777777778,0.07191749172498474,0.0718957462423626,0.0719075134726391,0.07191818594035075,-0.21745482622140266,-0.09978252345638206,0.006942153660122186
2053-12-27,27.67222222222222,0.07191783409756046,0.07189629819960974,0.07190820243141023,0.07191849855436164,-0.21535897950716865,-0.09631666150228257,0.006644568011776597
2054-01-03,27.691666666666666,0.07191817508984778,0.0718968493817138,0.07190889139018135,0.07191880983744438,-0.213257081339846,-0.0928369966643472,0.006347475965950977
2054-01-10,27.711111111111112,0.07191851470718237,0.07189739979030647,0.07190958034895246,0.07191911979893416,-0.21114916875897283,-0.08934358229906181,0.006050917517874677
2054-01-17,27.730555555555554,0.07191885295488061,0.07189794942701493,0.0719102693077236,0.07191942844816614,-0.2090352786568439,-0.08583647157014984,0.005754932855261963
2054-01-24,27.75,0.07191918983823965,0.07189849829346172,0.07191095826649471,0.07191973579447547,-0.20691544777934334,-0.08231571744940491,0.005459562358173242
2054-01-31,27.769444444444446,0.0719195253625375,0.07189904639126492,0.07191164722526583,0.07192004184719734,-0.20478971272580582,-0.07878137271669083,0.005164846598459949
2054-02-07,27.788888888888888,0.07191985953303304,0.07189959372203798,0.07191233618403696,0.07192034661566692,-0.20265810995054312,-0.07523348996077428,0.0048708263387930995
2054-02-14,27.808333333333334,0.07192019235496608,0.07190014028738993,0.07191302514280808,0.07192065010921936,-0.20052067576145638,-0.07167212158001868,0.00457754253280207
2054-02-21,27.82777777777778,0.0719205238335575,0.07190068608892525,0.07191371410157921,0.07192095233718986,-0.19837744632253407,-0.06809731978293931,0.0042850363235480415
2054-02-28,27.84722222222222,0.07192085397400924,0.07190123112824397,0.07191440306035032,0.07192125330891352,-0.19622845765274177,-0.06450913658917479,0.003993349042830108
2054-03-07,27.866666666666667,0.07192118278150439,0.07190177540694162,0.07191509201912144,0.07192155303372558,-0.19407374562768753,-0.060907623829487,0.0037025222118791667
2054-03-14,27.886111111111113,0.07192151026120719,0.07190231892660934,0.07191578097789256,0.07192185152096119,-0.19191334597851162,-0.05729283314631628,0.0034125975399701414
2054-03-21,27.905555555555555,0.07192183641826319,0.07190286168883372,0.07191646993666369,0.07192214877995547,-0.18974729429466208,-0.05366481599503037,0.0031236169227566446
2054-03-28,27.925,0.07192216125779922,0.07190340369519709,0.07191715889543482,0.07192244482004365,-0.18757562602139677,-0.05002362364406321,0.00283562244421387
2054-04-04,27.944444444444443,0.07192248478492358,0.07190394494727723,0.07191784785420594,0.07192273965056085,-0.1853983764635303,-0.0463693071764415,0.002548656372752811
2054-04-11,27.96388888888889,0.07192280700472586,0.07190448544664761,0.07191853681297705,0.07192303328084228,-0.18321558078251976,-0.042701917488119356,0.002262761164134597
2054-04-18,27.983333333333334,0.0719231279222773,0.07190502519487732,0.07191922577174817,0.07192332572022306,-0.18102727399979535,-0.03902150529130899,0.001977979457584711
2054-04-25,28.002777777777776,0.0719234475426306,0.07190556419353107,0.0719199147305193,0.0719236169780384,-0.17883349099523382,-0.035328121112954136,0.001694354078013438
2054-05-02,28.022222222222222,0.07192376587082011,0.07190610244416924,0.07192060368929042,0.07192390706362344,-0.17663426650868508,-0.03162181529695052,0.0014119280332403061
2054-05-09,28.041666666666668,0.07192408291186189,0.07190663994834788,0.07192129264806155,0.07192419598631335,-0.1744296351401109,-0.02790263800345194,0.0011307445145491979
2054-05-16,28.06111111111111,0.07192439867075369,0.07190717670761874,0.07192198160683266,0.0719244837554433,-0.17221963134944618,-0.024170639210258082,0.0008508468961332394
2054-05-23,28.080555555555556,0.0719247131524751,0.07190771272352925,0.07192267056560378,0.07192477038034849,-0.17000428945854185,-0.02042586871323082,0.0005722787338457991
2054-05-30,28.1,0.07192502636198751,0.07190824799762255,0.07192335952437491,0.07192505587036403,-0.16778364364963827,-0.016668376126016682,0.00029508376520048785
2054-06-06,28.119444444444444,0.0719253383042343,0.07190878253143755,0.07192404848314603,0.07192534023482512,-0.16555772796744694,-0.012898210882683614,1.9305908260935922e-05
2054-06-13,28.13888888888889,0.07192564898414075,0.07190931632650888,0.07192473744191716,0.07192562348306693,-0.16332657631873415,-0.009115422235916881,-0.0002550107382204292
2054-06-20,28.158333333333335,0.07192595840661423,0.07190984938436694,0.07192542640068827,0.07192590562442461,-0.16109022247287608,-0.005320059259517063,-0.0005278218961901615
2054-06-27,28.177777777777777,0.07192626657654415,0.0719103817065379,0.07192611535945939,0.07192618666823335,-0.1588487000625527,-0.0015121708475673845,-0.0007990831080162408
2054-07-04,28.197222222222223,0.07192657349880213,0.07191091329454367,0.07192680431823051,0.07192646662382829,-0.15660204258458044,0.002308194283762166,-0.001068749738430963
2054-07-11,28.216666666666665,0.07192687917824193,0.07191144414990211,0.07192749327700163,0.0719267455005446,-0.15435028339824686,0.006140987596908731,-0.001336776973281939
2054-07-18,28.23611111111111,0.07192718361969964,0.07191197427412672,0.07192818223577276,0.0719270233077175,-0.15209345572919641,0.00998616073111247,-0.0016031198214749853
2054-07-25,28.255555555555556,0.07192748682799363,0.07191250366872698,0.07192887119454389,0.07192730005468208,-0.14983159266651613,0.013843665502555336,-0.0018677331155292354
2054-08-01,28.275,0.07192778880792465,0.07191303233520811,0.071929560153315,0.07192757575077355,-0.1475647271653724,0.01771345390352841,-0.002130571511022028
2054-08-08,28.294444444444444,0.07192808956427593,0.07191356027507127,0.07193024911208612,0.07192785040532707,-0.14529289204659457,0.021595478101876786,-0.0023915894886705757
2054-08-15,28.31388888888889,0.07192838910181315,0.07191408748981347,0.07193093807085725,0.07192812402767781,-0.14301611999681385,0.02548969044099958,-0.0026507413533605195
2054-08-22,28.333333333333332,0.07192868742528456,0.07191461398092756,0.07193162702962837,0.07192839662716094,-0.14073444356998976,0.029396043438045805,-0.002907981236227597
2054-08-29,28.352777777777778,0.07192898453942102,0.07191513974990241,0.0719323159883995,0.07192866821311163,-0.13844789518616119,0.03331448978474705,-0.003163263093963753
2054-09-05,28.372222222222224,0.07192928044893608,0.07191566479822267,0.07193300494717061,0.07192893879486502,-0.13615650713408312,0.0372449823453358,-0.003416540710621252
2054-09-12,28.391666666666666,0.07192957515852598,0.07191618912736905,0.07193369390594173,0.0719292083817563,-0.1338603115692838,0.04118747415751689,-0.003667767696780011
2054-09-19,28.41111111111111,0.07192986867286973,0.07191671273881811,0.07193438286471285,0.07192947698312065,-0.13155934051614637,0.04514191843121851,-0.0039168974907966
2054-09-26,28.430555555555557,0.07193016099662923,0.07191723563404243,0.07193507182348398,0.0719297446082932,-0.12925362586804767,0.04910826854748196,-0.0041638833603308
2054-10-03,28.45,0.07193045213444924,0.07191775781451054,0.0719357607822551,0.07193001126660915,-0.12694319938694187,0.05308647805860045,-0.004408678400819044
2054-10-10,28.469444444444445,0.07193074209095747,0.07191827928168694,0.07193644974102621,0.07193027696740367,-0.1246280927053034,0.0570765006874252,-0.00465123553797242
2054-10-17,28.488888888888887,0.07193103087076463,0.07191880003703219,0.07193713869979734,0.0719305417200119,-0.12230833732446156,0.06107829032708789,-0.004891507527360339
2054-10-24,28.508333333333333,0.07193131847846454,0.0719193200820028,0.07193782765856846,0.07193080553376902,-0.11998396461737615,0.06509180103919654,-0.0051294469552432
2054-10-31,28.52777777777778,0.07193160491863408,0.07191983941805136,0.07193851661733958,0.0719310684180102,-0.11765500582724964,0.06911698705494573,-0.005365006238849945
2054-11-07,28.54722222222222,0.0719318901958333,0.07192035804662644,0.0719392055761107,0.07193133038207059,-0.1153214920686374,0.0731538027740064,-0.005598137627210731
2054-11-14,28.566666666666666,0.07193217431460557,0.07192087596917275,0.07193989453488182,0.0719315914352854,-0.11298345432814161,0.07720220276258294,-0.005828793201712035
2054-11-21,28.586111111111112,0.0719324572794774,0.071921393187131,0.07194058349365294,0.07193185158698975,-0.1106409234639949,0.08126214175535607,-0.006056924876512992
2054-11-28,28.605555555555554,0.07193273909495877,0.07192190970193803,0.07194127245242407,0.07193211084651882,-0.10829393020744815,0.08533357465298486,-0.006282484399516841
2054-12-05,28.625,0.07193301976554302,0.07192242551502673,0.07194196141119519,0.07193236922320781,-0.10594250516290926,0.08941645652169039,-0.006505423352093365
2054-12-12,28.644444444444446,0.07193329929570688,0.07192294062782614,0.0719426503699663,0.07193262672639185,-0.10358667880738803,0.0935107425942272,-0.006725693150327894
2054-12-19,28.663888888888888,0.07193357768991065,0.07192345504176138,0.07194333932873744,0.07193288336540611,-0.10122648149271662,0.09761638826780161,-0.00694324504543764
2054-12-26,28.683333333333334,0.07193385495259819,0.07192396875825377,0.07194402828750855,0.07193313914958578,-0.09886194344416177,0.10173334910365539,-0.007158030124049253
2055-01-02,28.70277777777778,0.0719341310881969,0.0719244817787207,0.07194471724627968,0.071933394088266,-0.09649309476209011,0.10586158082775965,-0.007369999309031483
2055-01-09,28.72222222222222,0.07193440610111797,0.07192499410457578,0.0719454062050508,0.07193364819078196,-0.09411996542182943,0.11000103932831684,-0.007579103360050299
2055-01-16,28.741666666666667,0.07193467999575619,0.07192550573722878,0.07194609516382192,0.07193390146646883,-0.09174258527408496,0.11415168065728731,-0.007785292873568883
2055-01-23,28.761111111111113,0.07193495277649022,0.07192601667808564,0.07194678412259305,0.07193415392466175,-0.08936098404577208,0.11831346102830764,-0.007988518284651747
2055-01-30,28.780555555555555,0.07193522444768248,0.07192652692854853,0.07194747308136416,0.0719344055746959,-0.08697519133946119,0.12248633681682941,-0.008188729865854505
2055-02-06,28.8,0.07193549501367934,0.07192703649001582,0.0719481620401353,0.07193465642590646,-0.0845852366351818,0.1266702645595641,-0.008385877728750435
2055-02-13,28.819444444444443,0.07193576447881107,0.07192754536388209,0.07194885099890641,0.07193490648762857,-0.08219114928986748,0.13086520095337284,-0.008579911825040698
2055-02-20,28.83888888888889,0.07193603284739193,0.07192805355153817,0.07194953995767753,0.07193515576919743,-0.07979295853763335,0.13507110285596036,-0.008770781945027784
2055-02-27,28.858333333333334,0.07193630012372024,0.07192856105437116,0.07195022891644864,0.07193540427994818,-0.07739069349074756,0.1392879272840708,-0.008958437720529844
2055-03-06,28.877777777777776,0.0719365663120784,0.07192906787376438,0.07195091787521977,0.07193565202921602,-0.0749843831401864,0.14351563141376533,-0.009142828623770471
2055-03-13,28.897222222222222,0.071936831416733,0.0719295740110975,0.07195160683399089,0.07193589902633608,-0.07257405635507919,0.14775417257889556,-0.009323903969182812
2055-03-20,28.916666666666668,0.07193709544193481,0.07193007946774638,0.07195229579276202,0.07193614528064354,-0.07015974188437357,0.15200350827207498,-0.009501612912715673
2055-03-27,28.93611111111111,0.07193735839191885,0.07193058424508326,0.07195298475153314,0.07193639080147358,-0.06774146835586414,0.15626359614287488,-0.009675904452666195
2055-04-03,28.955555555555556,0.07193762027090445,0.07193108834447669,0.07195367371030426,0.07193663559816135,-0.06531926427758017,0.16053439399810188,-0.009846727430928848
2055-04-10,28.975,0.07193788108309532,0.07193159176729148,0.07195436266907539,0.07193687968004203,-0.06289315803834072,0.1648158598006877,-0.010014030532856655
2055-04-17,28.994444444444444,0.07193814083267958,0.07193209451488888,0.0719550516278465,0.07193712305645078,-0.06046317790692202,0.16910795166927284,-0.010177762287955083
2055-04-24,29.01388888888889,0.0719383995238298,0.0719325965886264,0.07195574058661763,0.07193736573672277,-0.05802935203400028,0.17341062787834538,-0.010337871070298377
2055-05-01,29.033333333333335,0.07193865716070312,0.07193309798985796,0.07195642954538875,0.07193760773019317,-0.055591708451596666,0.17772384685629805,-0.010494305099501
2055-05-08,29.052777777777777,0.0719389137474412,0.07193359871993385,0.07195711850415987,0.07193784904619714,-0.05315027507349357,0.18204756718667725,-0.010647012440578862
2055-05-15,29.072222222222223,0.07193916928817032,0.07193409878020071,0.071957807462931,0.07193808969406987,-0.0507050796960673,0.18638174760679527,-0.010795941004504428
2055-05-22,29.091666666666665,0.0719394237870015,0.07193459817200165,0.07195849642170211,0.07193832968314649,-0.04825614999842687,0.19072634700620372,-0.010941038550010829
2055-05-29,29.11111111111111,0.07193967724803041,0.07193509689667614,0.07195918538047323,0.07193856902276219,-0.04580351354269152,0.19508132442822013,-0.011082252682204086
2055-06-05,29.130555555555556,0.07193992967533754,0.07193559495556008,0.07195987433924436,0.07193880772225213,-0.043347197774545876,0.19944663906826254,-0.011219530854089665
2055-06-12,29.15,0.07194018107298822,0.07193609234998581,0.07196056329801548,0.07193904579095149,-0.040887230024072574,0.2038222502726006,-0.01135282036726637
2055-06-19,29.169444444444444,0.07194043144503262,0.07193658908128214,0.0719612522567866,0.07193928323819543,-0.03842363750478084,0.20820811753974322,-0.011482068371926335
2055-06-26,29.18888888888889,0.07194068079550588,0.0719370851507743,0.07196194121555771,0.07193952007331911,-0.03595644731582692,0.21260420051835704,-0.0116072218676877
2055-07-03,29.208333333333332,0.07194092912842812,0.07193758055978401,0.07196263017432884,0.07193975630565769,-0.03348568644104266,0.21701045900726634,-0.011728227704288496
2055-07-10,29.227777777777778,0.07194117644780446,0.07193807530962949,0.07196331913309996,0.07193999194454637,-0.031011381749629363,0.22142685295503672,-0.011845032580892756
2055-07-17,29.247222222222224,0.07194142275762515,0.07193856940162544,0.07196400809187108,0.07194022699932028,-0.028533559997129254,0.22585334245928124,-0.011957583048727294
2055-07-24,29.266666666666666,0.07194166806186554,0.07193906283708303,0.0719646970506422,0.07194046147931461,-0.026052247825147923,0.23028988776666037,-0.012065825509277595
2055-07-31,29.28611111111111,0.07194191236448616,0.07193955561731001,0.07196538600941334,0.07194069539386452,-0.023567471761493097,0.23473644927177184,-0.01216970621636948
2055-08-07,29.305555555555557,0.07194215566943284,0.07194004774361062,0.07196607496818445,0.07194092875230519,-0.021079258222117536,0.23919298751617912,-0.012269171276446666
2055-08-14,29.325,0.0719423979806366,0.07194053921728566,0.07196676392695557,0.07194116156397178,-0.018587633509453694,0.24365946318966047,-0.012364166648293207
2055-08-21,29.344444444444445,0.07194263930201387,0.07194103003963245,0.0719674528857267,0.07194139383819943,-0.016092623814217832,0.24813583712826603,-0.01245463814442127
2055-08-28,29.363888888888887,0.07194287963746644,0.07194152021194494,0.07196814184449782,0.07194162558432335,-0.013594255214993689,0.2526220703137627,-0.012540531430932367
2055-09-04,29.383333333333333,0.07194311899088153,0.07194200973551357,0.07196883080326894,0.07194185681167868,-0.011092553679620254,0.25711812387405053,-0.012621792028488787
2055-09-11,29.40277777777778,0.07194335736613185,0.07194249861162544,0.07196951976204005,0.07194208752960062,-0.008587545064081548,0.2616239590820524,-0.012698365312313609
2055-09-18,29.42222222222222,0.07194359476707564,0.0719429868415642,0.07197020872081118,0.0719423177474243,-0.006079255114449511,0.2661395373554365,-0.012770196513439691
2055-09-25,29.441666666666666,0.07194383119755672,0.0719434744266101,0.0719708976795823,0.07194254747448489,-0.0035677094661901165,0.27066482025578376,-0.012837230718293346
2055-10-02,29.461111111111112,0.07194406666140454,0.07194396136804007,0.07197158663835342,0.07194277672011756,-0.001052933644718479,0.2751997694887265,-0.01289941286980456
2055-10-09,29.480555555555554,0.07194430116243426,0.07194444766712764,0.07197227559712455,0.0719430054936575,0.0014650469337684768,0.2797443469028382,-0.01295668776768455
2055-10-16,29.5,0.07194453470444674,0.07194493332514296,0.07197296455589568,0.07194323380443986,0.003986206962153238,0.28429851448935617,-0.013009000068842091
2055-10-23,29.519444444444446,0.0719447672912286,0.07194541834335286,0.07197365351466678,0.0719434616617998,0.006510521242536482,0.28886223438176484,-0.013056294288077419
2055-10-30,29.538888888888888,0.07194499892655237,0.07194590272302083,0.07197434247343792,0.0719436890750725,0.009037964684571742,0.2934354688555185,-0.013098514798776106
2055-11-06,29.558333333333334,0.07194522961417635,0.07194638646540702,0.07197503143220904,0.07194391605359313,0.011568512306714407,0.29801818032693106,-0.01313560583221518
2055-11-13,29.57777777777778,0.07194545935784484,0.07194686957176828,0.07197572039098016,0.07194414260669685,0.01410213923441761,0.30261033135317583,-0.013167511479922345
2055-11-20,29.59722222222222,0.07194568816128805,0.07194735204335817,0.07197640934975127,0.0719443687437188,0.01663882070124245,0.30721188463228577,-0.01319417569242698
2055-11-27,29.616666666666667,0.07194591602822227,0.07194783388142693,0.0719770983085224,0.07194459447399422,0.019178532046637553,0.31182280300134924,-0.01321554228050914
2055-12-04,29.636111111111113,0.07194614296234984,0.07194831508722153,0.07197778726729352,0.07194481980685821,0.021721248716910502,0.3164430494367876,-0.013231554916309785
2055-12-11,29.655555555555555,0.07194636896735919,0.07194879566198568,0.07197847622606464,0.07194504475164597,0.024266946264950295,0.32107258705449393,-0.013242157132220544
2055-12-18,29.675,0.07194659404692492,0.07194927560695982,0.07197916518483577,0.07194526931769264,0.02681560034897834,0.3257113791084454,-0.01324729232282662
2055-12-25,29.694444444444443,0.07194681820470789,0.07194975492338114,0.0719798541436069,0.07194549351433341,0.029367186732548456,0.33035938899014794,-0.013246903744768002
2056-01-01,29.71388888888889,0.07194704144435514,0.0719502336124836,0.071980543102378,0.07194571735090347,0.031921681284546866,0.33501658022863645,-0.013240934516739467
2056-01-08,29.733333333333334,0.07194726376950007,0.07195071167549792,0.07198123206114913,0.07194594083673793,0.034479059978498316,0.33968291649061344,-0.013229327621433473
2056-01-15,29.752777777777776,0.07194748518376241,0.0719511891136516,0.07198192101992026,0.07194616398117198,0.037039298891872185,0.3443583615785062,-0.013212025904291158
2056-01-22,29.772222222222222,0.0719477056907483,0.07195166592816897,0.07198260997869138,0.07194638679354082,0.03960237420663759,0.3490428794307443,-0.013188972074890115
2056-01-29,29.791666666666668,0.07194792529405034,0.0719521421202711,0.0719832989374625,0.07194660928317959,0.04216826220759806,0.3537364341216209,-0.013160108707499507
2056-02-05,29.81111111111111,0.07194814399724755,0.07195261769117595,0.07198398789623363,0.07194683145942342,0.04473693928391809,0.35843898986073763,-0.013125378241357621
2056-02-12,29.830555555555556,0.07194836180390558,0.07195309264209822,0.07198467685500474,0.07194705333160754,0.047308381926347565,0.36315051099161666,-0.013084722980394314
2056-02-19,29.85,0.07194857871757665,0.07195356697424952,0.07198536581377586,0.07194727490906712,0.049882566728748357,0.3678709619921172,-0.01303808509531268
2056-02-26,29.869444444444444,0.07194879474179952,0.07195404068883827,0.07198605477254698,0.07194749620113726,0.052459470387539175,0.3726003074745743,-0.012985406622617601
2056-03-04,29.88888888888889,0.07194900988009977,0.07195451378706975,0.07198674373131811,0.07194771721715318,0.055039069699891474,0.3773385121834394,-0.012926629465864758
2056-03-11,29.908333333333335,0.07194922413598957,0.07195498627014611,0.07198743269008923,0.07194793796645005,0.05762134156539478,0.3820855409965296,-0.012861695395244288
2056-03-18,29.927777777777777,0.07194943751296796,0.07195545813926636,0.07198812164886034,0.071948158458363,0.06020626298397502,0.38684135892377847,-0.012790546049662455
2056-03-25,29.947222222222223,0.07194965001452072,0.07195592939562641,0.07198881060763147,0.07194837870222724,0.06279381105686599,0.39160593110751374,-0.01271312293479876
2056-04-01,29.966666666666665,0.07194986164412057,0.07195640004041907,0.07198949956640259,0.0719485987073779,0.06538396298508276,0.39637922282023674,-0.012629367426714166
2056-04-08,29.98611111111111,0.07195007240522706,0.07195687007483405,0.07199018852517372,0.07194881848315018,0.06797669606983803,0.40116119946656537,-0.012539220768797987
2056-04-15,30.005555555555556,0.07195028230128674,0.07195733950005798,0.07199087748394484,0.07194903803887921,0.07057198771240336,0.4059518265810136,-0.01244262407523733
2056-04-22,30.025,0.07195049133573314,0.0719578083172744,0.07199156644271595,0.07194925738390019,0.0731698154125826,0.41075106982813026,-0.01233951832949054
2056-04-29,30.044444444444444,0.0719506995119868,0.07195827652766379,0.07199225540148708,0.0719494765275483,0.0757701567699609,0.41555889500291543,-0.012229844384981092
2056-05-06,30.06388888888889,0.07195090683345542,0.0719587441324036,0.0719929443602582,0.07194969547915865,0.07837298948168425,0.42037526802776726,-0.01211354296773437
2056-05-13,30.083333333333332,0.07195111330353376,0.07195921113266822,0.07199363331902932,0.07194991424806645,0.08097829134454115,0.4252001549555351,-0.011990554673185772
2056-05-20,30.102777777777778,0.07195131892560384,0.07195967752962898,0.07199432227780045,0.07195013284360686,0.08358604025135441,0.43003352196605005,-0.011860819969788938
2056-05-27,30.122222222222224,0.07195152370303477,0.07196014332445426,0.07199501123657157,0.07195035127511504,0.0861962141948669,0.4348753353679291,-0.011724279197350418
2056-06-03,30.141666666666666,0.07195172763918307,0.07196060851830934,0.07199570019534268,0.07195056955192618,0.08880879126260677,0.4397255615960771,-0.011580872568972556
2056-06-10,30.16111111111111,0.07195193073739249,0.07196107311235654,0.07199638915411381,0.0719507876833754,0.09142374964049571,0.44458416721321337,-0.011430540170914716
2056-06-17,30.180555555555557,0.07195213300099411,0.07196153710775516,0.07199707811288493,0.0719510056787979,0.09404106761048969,0.4494511189082062,-0.011273221962038171
2056-06-24,30.2,0.07195233443330648,0.07196200050566157,0.07199776707165606,0.07195122354752886,0.09666072355085653,0.45432638349579557,-0.011108857776165326
2056-07-01,30.219444444444445,0.07195253503763555,0.07196246330722907,0.07199845603042718,0.07195144129890343,0.09928269593520445,0.4592099279163153,-0.010937387321108272
2056-07-08,30.238888888888887,0.07195273481727474,0.0719629255136081,0.0719991449891983,0.07195165894225677,0.10190696333359228,0.46410171923555454,-0.01075875017964023
2056-07-15,30.258333333333333,0.07195293377550506,0.07196338712594605,0.07199983394796941,0.07195187648692407,0.10453350440989273,0.46900172464350853,-0.010572885809911892
2056-07-22,30.27777777777778,0.071953131915595,0.07196384814538742,0.07200052290674053,0.07195209394224047,0.10716229792415155,0.47390991145521144,-0.01037973354531263
2056-07-29,30.29722222222222,0.07195332924080078,0.07196430857307376,0.07200121186551166,0.07195231131754115,0.10979332272981202,0.4788262471087934,-0.010179232596274623
2056-08-05,30.316666666666666,0.07195352575436617,0.07196476841014368,0.07200190082428277,0.0719525286221613,0.11242655777510269,0.48375069916603564,-0.00997132204874629
2056-08-12,30.336111111111112,0.07195372145952271,0.07196522765773289,0.0720025897830539,0.07195274586543603,0.11506198210178842,0.4886832353119541,-0.009755940866829071
2056-08-19,30.355555555555554,0.07195391635948967,0.07196568631697413,0.07200327874182504,0.07195296305670057,0.11769957484461524,0.4936238233536894,-0.009533027890973322
2056-08-26,30.375,0.07195411045747407,0.07196614438899736,0.07200396770059615,0.07195318020529004,0.12033931523283692,0.498572431220784,-0.00930252184033753
2056-09-02,30.394444444444446,0.07195430375667085,0.07196660187492951,0.07200465665936728,0.07195339732053964,0.12298118258660673,0.50352902696435,-0.009064361312094427
2056-09-09,30.413888888888888,0.07195449626026273,0.07196705877589472,0.0720053456181384,0.07195361441178452,0.1256251563198918,0.5084935787566525,-0.00881848478212488
2056-09-16,30.433333333333334,0.07195468797142038,0.07196751509301422,0.07200603457690952,0.07195383148835985,0.12827121593839141,0.5134660548913872,-0.008564830605295448
2056-09-20,30.444444444444443,0.07195479716608258,0.07196777558394965,0.07200642826763587,0.0719539555291234,0.12978417867071101,0.5163110155328998,-0.008416369591812689
