date,true_proxy_end_date,act360_years,true_1d_forward_proxy,cubic_instantaneous_forward,difference_bp
2026-09-19,2026-09-20,0.002777777777777778,0.07795021706625604,0.0774037650386545,-5.464520276015489
2026-09-26,2026-09-27,0.022222222222222223,0.07768129210563579,0.07746871594980581,-2.125761558299799
2026-10-03,2026-10-04,0.041666666666666664,0.07741701165802972,0.07748738158811123,0.7036993008151249
2026-10-10,2026-10-11,0.06111111111111111,0.07715730853822045,0.07741926233983057,2.6195380161012083
2026-10-17,2026-10-18,0.08055555555555556,0.0769021165123096,0.07722385859122369,3.2174207891408346
2026-10-24,2026-10-25,0.1,0.07665137028340929,0.07687289751261106,2.215272292017678
2026-10-31,2026-11-01,0.11944444444444445,0.07640500547853257,0.07645932155893478,0.5431608040221136
2026-11-07,2026-11-08,0.1388888888888889,0.07616295863540401,0.07605963617713546,-1.0332245826855102
2026-11-14,2026-11-15,0.15833333333333333,0.07592516718911035,0.07573409339149847,-1.9107379761187926
2026-11-21,2026-11-22,0.17777777777777778,0.07569156945971045,0.07554115576456549,-1.504136951449575
2026-11-28,2026-11-29,0.19722222222222222,0.07546210463920566,0.07541530304832783,-0.46801590877831867
2026-12-05,2026-12-06,0.21666666666666667,0.07523671277898991,0.07528538699851561,0.48674219525701723
2026-12-12,2026-12-13,0.2361111111111111,0.07501533477801914,0.0751353339965447,1.1999921852556827
2026-12-19,2026-12-20,0.25555555555555554,0.07479791237034128,0.07494907042383095,1.5115805348966949
2026-12-26,2026-12-27,0.275,0.07458438811294599,0.07472058241119522,1.3619429824923701
2027-01-02,2027-01-03,0.29444444444444445,0.07437470537449364,0.07448677086344616,1.120654889525119
2027-01-09,2027-01-10,0.3138888888888889,0.07416880832348482,0.07425388954185633,0.8508121837150218
2027-01-16,2027-01-17,0.3333333333333333,0.07396664191658964,0.07402305998089427,0.5641806430463359
2027-01-23,2027-01-24,0.3527777777777778,0.07376815188777641,0.07379540371502857,0.27251827252161576
2027-01-30,2027-01-31,0.37222222222222223,0.07357328473696079,0.07357204227872778,-0.012424582330056166
2027-02-06,2027-02-07,0.39166666666666666,0.07338198771905446,0.07335409720646047,-0.27890512593997663
2027-02-13,2027-02-14,0.4111111111111111,0.07319420883333372,0.07314269003269518,-0.5151880063854197
2027-02-20,2027-02-21,0.4305555555555556,0.07300989681248815,0.07293894229190048,-0.7095452058766827
2027-02-27,2027-02-28,0.45,0.07282900111254875,0.07274397551854495,-0.8502559400380694
2027-03-06,2027-03-07,0.46944444444444444,0.07265147190241628,0.0725589112470971,-0.9256065531917934
2027-03-13,2027-03-14,0.4888888888888889,0.07247726005330968,0.07238487101202555,-0.9238904128412717
2027-03-20,2027-03-21,0.5083333333333333,0.0723063171294136,0.07222297634779883,-0.833407816147741
2027-03-27,2027-03-28,0.5277777777777778,0.07213859537732681,0.07207170549442361,-0.6688988290319553
2027-04-03,2027-04-04,0.5472222222222223,0.07197404771686955,0.07192414308403487,-0.49904632834676943
2027-04-10,2027-04-11,0.5666666666666667,0.07181262773093167,0.07177949460739383,-0.3313312353783737
2027-04-17,2027-04-18,0.5861111111111111,0.0716542896565997,0.071637367887664,-0.1692176893569597
2027-04-24,2027-04-25,0.6055555555555555,0.07149898837532476,0.0714973707480089,-0.016176273158613474
2027-05-01,2027-05-02,0.625,0.07134667940396966,0.071359111011592,0.1243160762233464
2027-05-08,2027-05-09,0.6444444444444445,0.07119731888577618,0.07122219650157681,0.24877615800625308
2027-05-15,2027-05-16,0.6638888888888889,0.07105086358133228,0.07108623504112684,0.35371459794555915
2027-05-22,2027-05-23,0.6833333333333333,0.0709072708597791,0.0709508344534056,0.4356359362649165
2027-05-29,2027-05-30,0.7027777777777777,0.07076649869017793,0.07081560256157655,0.49103871398628596
2027-06-05,2027-06-06,0.7222222222222222,0.07062850563287704,0.07068014718880325,0.5164155592621289
2027-06-12,2027-06-13,0.7416666666666667,0.07049325083127833,0.07054407615824917,0.5082532697084363
2027-06-19,2027-06-20,0.7611111111111111,0.07036069400336409,0.07040699729307781,0.46303289713722773
2027-06-26,2027-06-27,0.7805555555555556,0.07023079543346356,0.07026923302515604,0.3843759169248895
2027-07-03,2027-07-04,0.8,0.07010351596449915,0.07013383023203236,0.3031426753320743
2027-07-10,2027-07-11,0.8194444444444444,0.06997881698959318,0.07000121949658085,0.22402506987664883
2027-07-17,2027-07-18,0.8388888888888889,0.06985666044455385,0.06987144272245845,0.14782277904593077
2027-07-24,2027-07-25,0.8583333333333333,0.06973700880004152,0.06974454181332196,0.07533013280436318
2027-07-31,2027-08-01,0.8777777777777778,0.06961982505405473,0.06962055867282829,0.007336187735629274
2027-08-07,2027-08-08,0.8972222222222223,0.06950507272417639,0.06949953520463432,-0.05537519542062053
2027-08-14,2027-08-15,0.9166666666666666,0.06939271584053941,0.0693815133123969,-0.11202528142503776
2027-08-21,2027-08-22,0.9361111111111111,0.06928271893839266,0.0692665348997729,-0.16184038619762586
2027-08-28,2027-08-29,0.9555555555555556,0.06917504705058697,0.06915464187041921,-0.2040518016775683
2027-09-04,2027-09-05,0.975,0.06906966570110029,0.06904587612799269,-0.23789573107599327
2027-09-11,2027-09-12,0.9944444444444445,0.06896654089768361,0.06894027957615019,-0.2626132153342453
2027-09-18,2027-09-19,1.0138888888888888,0.06886563912498644,0.06883789411854861,-0.27745006437832065
2027-09-25,2027-09-26,1.0333333333333334,0.06876692733792211,0.0687386710098806,-0.282563280415149
2027-10-02,2027-10-03,1.0527777777777778,0.06867037295495315,0.06864189168721192,-0.28481267741228833
2027-10-09,2027-10-10,1.0722222222222222,0.06857594385137666,0.06854736683678386,-0.2857701459280104
2027-10-16,2027-10-17,1.0916666666666666,0.06848360835324918,0.06845506426610862,-0.28544087140564
2027-10-23,2027-10-24,1.1111111111111112,0.06839333523027236,0.06836495178269829,-0.28383447574067966
2027-10-30,2027-10-31,1.1305555555555555,0.06830509369027737,0.06827699719406505,-0.2809649621232646
2027-11-06,2027-11-07,1.15,0.06821885337235045,0.06819116830772108,-0.27685064629370815
2027-11-13,2027-11-14,1.1694444444444445,0.06813458434139719,0.06810743293117857,-0.27151410218612115
2027-11-20,2027-11-21,1.1888888888888889,0.06805225708126805,0.06802575887194966,-0.2649820931839575
2027-11-27,2027-11-28,1.2083333333333333,0.06797184248972243,0.06794611393754646,-0.2572855217597425
2027-12-04,2027-12-05,1.2277777777777779,0.06789331187179393,0.06786846593548122,-0.24845936312703487
2027-12-11,2027-12-12,1.2472222222222222,0.06781663693467443,0.06779278267326604,-0.23854261408398636
2027-12-18,2027-12-19,1.2666666666666666,0.06774178978131928,0.06771903195841313,-0.22757822906158132
2027-12-25,2027-12-26,1.2861111111111112,0.06766874290549119,0.06764718159843461,-0.21561307056577883
2028-01-01,2028-01-02,1.3055555555555556,0.06759746918600484,0.06757719940084266,-0.2026978516218858
2028-01-08,2028-01-09,1.325,0.06752794188089162,0.06750905317314945,-0.18888707742165112
2028-01-15,2028-01-16,1.3444444444444446,0.0674601346226833,0.06744271072286714,-0.17423899816154664
2028-01-22,2028-01-23,1.363888888888889,0.06739402141281658,0.06737813985750789,-0.1588155530869717
2028-01-29,2028-01-30,1.3833333333333333,0.06732957661603756,0.06731530838458387,-0.14268231453687386
2028-02-05,2028-02-06,1.4027777777777777,0.067266774956245,0.06725418411160722,-0.1259084463778315
2028-02-12,2028-02-13,1.4222222222222223,0.0672055915102554,0.06719473484609013,-0.10856664165267982
2028-02-19,2028-02-20,1.4416666666666667,0.06714600170356633,0.06713692839554476,-0.09073308021564919
2028-02-26,2028-02-27,1.461111111111111,0.06708798130532045,0.06708073256748326,-0.07248737837195485
2028-03-04,2028-03-05,1.4805555555555556,0.0670315064232696,0.0670261151694178,-0.05391253851808053
2028-03-11,2028-03-12,1.5,0.06697655349905851,0.06697304400886055,-0.035094901979643156
2028-03-18,2028-03-19,1.5194444444444444,0.06692309930366847,0.06692148689332365,-0.016124103448117433
2028-03-25,2028-03-26,1.538888888888889,0.06687112093238134,0.06687141163031927,0.002906979379296848
2028-04-01,2028-04-02,1.5583333333333333,0.06682059580086275,0.06682278602735961,0.02190226496862069
2028-04-08,2028-04-09,1.5777777777777777,0.06677150163996615,0.06677557789195679,0.04076251990642321
2028-04-15,2028-04-16,1.5972222222222223,0.06672381649165615,0.066729755031623,0.059385399668460126
2028-04-22,2028-04-23,1.6166666666666667,0.06667751870453209,0.06668528525387037,0.07766549338275586
2028-04-29,2028-04-30,1.636111111111111,0.06663258692943153,0.06664213636621108,0.09549436779554554
2028-05-06,2028-05-07,1.6555555555555554,0.06658900011551339,0.06660027617615731,0.11276060643924946
2028-05-13,2028-05-14,1.675,0.06654673750554174,0.0665596724912212,0.1293498567946083
2028-05-20,2028-05-21,1.6944444444444444,0.06650577863212881,0.06652029311891496,0.14514486786146308
2028-05-27,2028-05-28,1.7138888888888888,0.06646610331357827,0.06648210586675068,0.16002553172411726
2028-06-03,2028-06-04,1.7333333333333334,0.06642769164980855,0.06644507854224056,0.17386892432011414
2028-06-10,2028-06-11,1.7527777777777778,0.06639052401835599,0.06640917895289675,0.18654934540757173
2028-06-17,2028-06-18,1.7722222222222221,0.06635458107053793,0.06637437490623145,0.19793835693518447
2028-06-24,2028-06-25,1.7916666666666667,0.06631984372769573,0.06634063420975679,0.20790482061064375
2028-07-01,2028-07-02,1.8111111111111111,0.06628629317711798,0.06630792467098494,0.21631493866955398
2028-07-08,2028-07-09,1.8305555555555555,0.06625391086892307,0.06627621409742805,0.22303228504980122
2028-07-15,2028-07-16,1.85,0.06622267851134289,0.06624547029659832,0.22791785255424357
2028-07-22,2028-07-23,1.8694444444444445,0.06619257806808498,0.06621566107600788,0.2308300792289164
2028-07-29,2028-07-30,1.8888888888888888,0.06616359175425579,0.0661867542431689,0.23162488913111567
2028-08-05,2028-08-06,1.9083333333333334,0.06613570203300334,0.06615871760559354,0.23015572590198707
2028-08-12,2028-08-13,1.9277777777777778,0.06610889161184019,0.06613151897079399,0.2262735895379453
2028-08-19,2028-08-20,1.9472222222222222,0.06608314343936605,0.06610512614628236,0.21982706916306993
2028-08-26,2028-08-27,1.9666666666666666,0.06605844070207034,0.06607950693957088,0.2106623750053327
2028-09-02,2028-09-03,1.9861111111111112,0.06603476682049525,0.06605462915817165,0.19862337676396224
2028-09-09,2028-09-10,2.0055555555555555,0.06601210544651792,0.06603046060959686,0.1835516307893692
2028-09-16,2028-09-17,2.025,0.06599044045983327,0.06600696910135868,0.16528641525417886
2028-09-23,2028-09-24,2.0444444444444443,0.06596975596459664,0.06598416346334512,0.14407498748481018
2028-09-30,2028-10-01,2.063888888888889,0.06595003628670604,0.06596235001239972,0.12313725693685607
2028-10-07,2028-10-08,2.0833333333333335,0.0659312659703648,0.0659415855316486,0.10319561283791967
2028-10-14,2028-10-15,2.102777777777778,0.06591342977512404,0.06592185479911489,0.08425023990843439
2028-10-21,2028-10-22,2.1222222222222222,0.06589651267292496,0.06590314259282175,0.06629919896791736
2028-10-28,2028-10-29,2.1416666666666666,0.06588049984514122,0.06588543369079233,0.04933845651117208
2028-11-04,2028-11-05,2.161111111111111,0.06586537667946146,0.0658687128710498,0.03336191588335091
2028-11-11,2028-11-12,2.1805555555555554,0.06585112876733135,0.06585296491161727,0.018361442859216037
2028-11-18,2028-11-19,2.2,0.06583774190083602,0.06583817459051791,0.0043268968188958645
2028-11-25,2028-11-26,2.2194444444444446,0.06582520206998232,0.06582432668577488,-0.008753842074410434
2028-12-02,2028-12-03,2.238888888888889,0.06581349546014081,0.06581140597541134,-0.02089484729475566
2028-12-09,2028-12-10,2.2583333333333333,0.06580260844884833,0.0657993972374504,-0.03211211397929903
2028-12-16,2028-12-17,2.2777777777777777,0.06579252760348986,0.06578828524991524,-0.04242353574615554
2028-12-23,2028-12-24,2.297222222222222,0.06578323967890043,0.06577805479082903,-0.05184888071399496
2028-12-30,2028-12-31,2.316666666666667,0.06577473161400782,0.06576869063821486,-0.06040975792959147
2029-01-06,2029-01-07,2.3361111111111112,0.06576699052999402,0.06576017757009593,-0.06812959898086501
2029-01-13,2029-01-14,2.3555555555555556,0.06576000372725765,0.06575250036449537,-0.07503362762284471
2029-01-20,2029-01-21,2.375,0.06575375868325573,0.06574564379943633,-0.08114883819396179
2029-01-27,2029-01-28,2.3944444444444444,0.06574824304994564,0.06573959265294198,-0.08650397003664989
2029-02-03,2029-02-04,2.4138888888888888,0.06574344465138715,0.06573433170303541,-0.09112948351736039
2029-02-10,2029-02-11,2.433333333333333,0.06573935148094456,0.06572984572773985,-0.09505753204713807
2029-02-17,2029-02-18,2.452777777777778,0.06573595169968804,0.06572611950507841,-0.09832194609635247
2029-02-24,2029-02-25,2.4722222222222223,0.06573323363343597,0.06572313781307425,-0.10095820361724628
2029-03-03,2029-03-04,2.4916666666666667,0.06573118577091641,0.06572088542975052,-0.10300341165891957
2029-03-10,2029-03-11,2.511111111111111,0.06572979676088941,0.06571934713313034,-0.10449627759076541
2029-03-17,2029-03-18,2.5305555555555554,0.0657290554107881,0.06571850770123691,-0.10547709551195217
2029-03-24,2029-03-25,2.55,0.06572895068376106,0.06571835191209333,-0.10598771667730267
2029-03-31,2029-04-01,2.5694444444444446,0.06572947169691368,0.06571886454372279,-0.10607153190886343
2029-04-07,2029-04-08,2.588888888888889,0.06573060771899009,0.06572003037414842,-0.10577344841666836
2029-04-14,2029-04-15,2.6083333333333334,0.06573234816845464,0.06572183418139337,-0.10513987061269714
2029-04-21,2029-04-22,2.6277777777777778,0.06573468261133364,0.0657242607434808,-0.10421867852841715
2029-04-28,2029-04-29,2.647222222222222,0.0657376007590571,0.06572729483843386,-0.10305920623246423
2029-05-05,2029-05-06,2.6666666666666665,0.06574109246662019,0.0657309212442757,-0.10171222344493303
2029-05-12,2029-05-13,2.686111111111111,0.06574514773058482,0.06573512473902947,-0.10022991555350136
2029-05-19,2029-05-20,2.7055555555555557,0.0657497566869214,0.0657398901007183,-0.09866586203097216
2029-05-26,2029-05-27,2.725,0.06575490960933017,0.06574520210736534,-0.09707501964828502
2029-06-02,2029-06-03,2.7444444444444445,0.06576059690732272,0.06575104553699379,-0.0955137032893072
2029-06-09,2029-06-10,2.763888888888889,0.06576680912414368,0.06575740516762674,-0.09403956516940148
2029-06-16,2029-06-17,2.783333333333333,0.06577353693501209,0.06576426577728739,-0.09271157724699552
2029-06-23,2029-06-24,2.8027777777777776,0.06578077114560266,0.06577161214399885,-0.09159001603809003
2029-06-30,2029-07-01,2.8222222222222224,0.06578850268964764,0.0657794290457843,-0.09073643863349856
2029-07-07,2029-07-08,2.841666666666667,0.06579672262773784,0.06578770126066687,-0.09021367070968789
2029-07-14,2029-07-15,2.861111111111111,0.06580542214532414,0.0657964135666697,-0.09008578654448596
2029-07-21,2029-07-22,2.8805555555555555,0.06581459255087907,0.06580555074181597,-0.09041809063095596
2029-07-28,2029-07-29,2.9,0.06582422527445786,0.06581509756412882,-0.09127710329043248
2029-08-04,2029-08-05,2.9194444444444443,0.06583431186593991,0.06582503881163139,-0.09273054308520101
2029-08-11,2029-08-12,2.938888888888889,0.06584484399343005,0.06583535926234685,-0.09484731083198028
2029-08-18,2029-08-19,2.9583333333333335,0.06585581344126012,0.06584604369429832,-0.0976974696180466
2029-08-25,2029-08-26,2.977777777777778,0.06586721210910973,0.06585707688550897,-0.10135223600757359
2029-09-01,2029-09-02,2.9972222222222222,0.06587903200968803,0.06586844361400197,-0.10588395686059182
2029-09-08,2029-09-09,3.0166666666666666,0.06589126526769462,0.06588012865780042,-0.11136609894199512
2029-09-15,2029-09-16,3.036111111111111,0.06590390411790104,0.06589211679492751,-0.11787322973522141
2029-09-22,2029-09-23,3.0555555555555554,0.06591694090395173,0.06590440154779051,-0.12539356161217485
2029-09-29,2029-09-30,3.075,0.0659303680769252,0.06591712003657316,-0.13248040352048518
2029-10-06,2029-10-07,3.0944444444444446,0.06594417819333565,0.0659303166782759,-0.13861515059748752
2029-10-13,2029-10-14,3.113888888888889,0.06595836391417365,0.06594398170093473,-0.1438221323891986
2029-10-20,2029-10-21,3.1333333333333333,0.06597291800370719,0.06595810533258573,-0.14812671121466892
2029-10-27,2029-10-28,3.1527777777777777,0.06598783332700364,0.06597267780126494,-0.15155525738705378
2029-11-03,2029-11-04,3.172222222222222,0.06600310284992972,0.06598768933500837,-0.1541351492134746
2029-11-10,2029-11-11,3.191666666666667,0.0660187196366735,0.0660031301618521,-0.15589474821400828
2029-11-17,2029-11-18,3.2111111111111112,0.06603467684894504,0.06601899050983212,-0.15686339112919168
2029-11-24,2029-11-25,3.2305555555555556,0.06605096774477737,0.06603526060698453,-0.1570713779283639
2029-12-01,2029-12-02,3.25,0.06606758567652804,0.0660519306813453,-0.156549951827456
2029-12-08,2029-12-09,3.2694444444444444,0.06608452409031962,0.06606899096095051,-0.15533129369110776
2029-12-15,2029-12-16,3.2888888888888888,0.06610177652428106,0.0660864316738362,-0.15344850444867775
2029-12-22,2029-12-23,3.308333333333333,0.06611933660766844,0.0661042430480384,-0.1509355963004444
2029-12-29,2029-12-30,3.327777777777778,0.06613719805934615,0.06612241531159314,-0.14782747753003256
2030-01-05,2030-01-06,3.3472222222222223,0.06615535468666778,0.06614093869253647,-0.14415994131308785
2030-01-12,2030-01-13,3.3666666666666667,0.06617380038419718,0.06615980341890444,-0.13996965292736863
2030-01-19,2030-01-20,3.386111111111111,0.06619252913258933,0.06617899971873308,-0.13529413856253059
2030-01-26,2030-01-27,3.4055555555555554,0.0662115349976311,0.06619851782005841,-0.13017177572696714
2030-02-02,2030-02-03,3.425,0.06623081212840276,0.0662183479509165,-0.12464177486265493
2030-02-09,2030-02-10,3.4444444444444446,0.06625035475711805,0.06623848033934336,-0.11874417774684898
2030-02-16,2030-02-17,3.463888888888889,0.06627015719720575,0.06625890521337505,-0.11251983830701251
2030-02-23,2030-02-24,3.4833333333333334,0.06629021384251033,0.0662796128010476,-0.10601041462721117
2030-03-02,2030-03-03,3.5027777777777778,0.06631051916617281,0.06630059333039706,-0.09925835775748126
2030-03-09,2030-03-10,3.522222222222222,0.06633106771967157,0.06632183702945944,-0.09230690212122528
2030-03-16,2030-03-17,3.5416666666666665,0.06635185413154332,0.06634333412627082,-0.08520005272502629
2030-03-23,2030-03-24,3.561111111111111,0.06637287310642392,0.06636507484886722,-0.07798257556701493
2030-03-30,2030-03-31,3.5805555555555557,0.06639411942408913,0.06638704942528469,-0.0706999880444037
2030-04-06,2030-04-07,3.6,0.06641558793849534,0.06640924808355922,-0.06339854936115996
2030-04-13,2030-04-14,3.6194444444444445,0.06643727357642071,0.0664316610517269,-0.05612524693804355
2030-04-20,2030-04-21,3.638888888888889,0.0664591713369056,0.06645427855782378,-0.04892779081819287
2030-04-27,2030-04-28,3.658333333333333,0.06648127628989364,0.06647709082988584,-0.04185460007799513
2030-05-04,2030-05-05,3.6777777777777776,0.06650358357591202,0.06650008809594918,-0.034954799628394984
2030-05-11,2030-05-12,3.6972222222222224,0.06652608840423291,0.0665232605840498,-0.028278201831127836
2030-05-18,2030-05-19,3.716666666666667,0.06654878605247383,0.06654659852222376,-0.021875302500667937
2030-05-25,2030-05-26,3.736111111111111,0.06657167186579827,0.06657009213850706,-0.015797272912010385
2030-06-01,2030-06-02,3.7555555555555555,0.06659474125555676,0.06659373166093581,-0.010095946209459639
2030-06-08,2030-06-09,3.775,0.06661798969896715,0.06661750731754601,-0.004823814211407651
2030-06-15,2030-06-16,3.7944444444444443,0.06664141273743596,0.06664140933637366,-3.401062292907042e-05
2030-06-22,2030-06-23,3.813888888888889,0.06666500597655833,0.06666542794545485,0.004219688965190205
2030-06-29,2030-06-30,3.8333333333333335,0.06668876508467925,0.06668955337282562,0.007882881463694424
2030-07-06,2030-07-07,3.852777777777778,0.0667126857920941,0.06671377584652198,0.01090054427874132
2030-07-13,2030-07-14,3.8722222222222222,0.06673676389072902,0.06673808559458,0.013217038509760748
2030-07-20,2030-07-21,3.8916666666666666,0.06676099523254209,0.0667624728450357,0.014776124936111135
2030-07-27,2030-07-28,3.911111111111111,0.06678537572928356,0.06678692782592512,0.015520966415577542
2030-08-03,2030-08-04,3.9305555555555554,0.0668099013514567,0.0668114407652843,0.0153941382759204
2030-08-10,2030-08-11,3.95,0.06683456812743849,0.06683600189114929,0.014337637107980639
2030-08-17,2030-08-18,3.9694444444444446,0.06685937214323978,0.06686060143155609,0.012292883163067536
2030-08-24,2030-08-25,3.988888888888889,0.06688430954090663,0.0668852296145408,0.009200736341696825
2030-08-31,2030-09-01,4.008333333333334,0.06690937651852025,0.0669098766681394,0.005001496191509025
2030-09-07,2030-09-08,4.027777777777778,0.066934569328998,0.06693453282038797,-0.0003650861002402195
2030-09-14,2030-09-15,4.0472222222222225,0.066959884279294,0.06695918829932254,-0.006959799714600923
2030-09-21,2030-09-22,4.066666666666666,0.06698531773015937,0.06698383540826819,-0.014823218911774738
2030-09-28,2030-09-29,4.086111111111111,0.06701086609494311,0.06700859181444795,-0.02274280495165315
2030-10-05,2030-10-06,4.105555555555555,0.06703652583927244,0.0670335258689799,-0.02999970292544285
2030-10-12,2030-10-13,4.125,0.06706229348001358,0.06705863168876404,-0.03661791249540136
2030-10-19,2030-10-20,4.144444444444445,0.06708816558447239,0.0670839033907004,-0.04262193771989442
2030-10-26,2030-10-27,4.163888888888889,0.06711413877063421,0.06710933509168894,-0.048036789452726714
2030-11-02,2030-11-03,4.183333333333334,0.06714020970516543,0.06713492090862973,-0.05288796535704576
2030-11-09,2030-11-10,4.2027777777777775,0.06716637510389312,0.0671606549584227,-0.057201454704142174
2030-11-16,2030-11-17,4.222222222222222,0.06719263173036616,0.06718653135796794,-0.06100372398218368
2030-11-23,2030-11-24,4.241666666666666,0.0672189763956954,0.06721254422416535,-0.06432171530054709
2030-11-30,2030-12-01,4.261111111111111,0.0672454059577543,0.06723868767391501,-0.06718283839288186
2030-12-07,2030-12-08,4.280555555555556,0.06727191732037952,0.06726495582411687,-0.06961496262641864
2030-12-14,2030-12-15,4.3,0.06729850743321109,0.067291342791671,-0.0716464154008889
2030-12-21,2030-12-22,4.319444444444445,0.06732517329081311,0.06731784269347733,-0.073305973357779
2030-12-28,2030-12-29,4.338888888888889,0.06735191193171453,0.06734444964643592,-0.0746228527860604
2031-01-04,2031-01-05,4.358333333333333,0.06737872043848903,0.06737115776744675,-0.07562671042279923
2031-01-11,2031-01-12,4.377777777777778,0.06740559593679585,0.06739796117340982,-0.07634763386027421
2031-01-18,2031-01-19,4.397222222222222,0.06743253559498008,0.06742485398122512,-0.07681613754959016
2031-01-25,2031-01-26,4.416666666666667,0.06745953662311344,0.06745183030779268,-0.07706315320751833
2031-02-01,2031-02-02,4.436111111111111,0.06748659627299425,0.06747888427001249,-0.07712002981760668
2031-02-08,2031-02-09,4.455555555555556,0.06751371183702837,0.06750600998478457,-0.07701852243802154
2031-02-15,2031-02-16,4.475,0.0675408806485489,0.06753320156900891,-0.07679079539996136
2031-02-22,2031-02-23,4.4944444444444445,0.06756810008013758,0.0675604531395855,-0.07646940552080705
2031-03-01,2031-03-02,4.513888888888889,0.06759536754378459,0.06758775881341436,-0.076087303702288
2031-03-08,2031-03-09,4.533333333333333,0.06762268049056885,0.0676151127073955,-0.07567783173359488
2031-03-15,2031-03-16,4.552777777777778,0.06765003640937906,0.06764250893842891,-0.07527470950147164
2031-03-22,2031-03-23,4.572222222222222,0.06767743282739325,0.06766994162341457,-0.07491203978679528
2031-03-29,2031-03-30,4.591666666666667,0.0677048673084002,0.06769740487925253,-0.07462429147661598
2031-04-05,2031-04-06,4.611111111111111,0.06773233745359875,0.06772489282284277,-0.07444630755970572
2031-04-12,2031-04-13,4.6305555555555555,0.06775984090007903,0.06775239957108531,-0.07441328993718077
2031-04-19,2031-04-20,4.65,0.06778737532074253,0.06777991924088012,-0.07456079862411258
2031-04-26,2031-04-27,4.669444444444444,0.0678149384239024,0.06780744594912722,-0.07492474775189217
2031-05-03,2031-05-04,4.688888888888889,0.06784252795280388,0.06783497381272663,-0.07554140077248306
2031-05-10,2031-05-11,4.708333333333333,0.06787014168482486,0.06786249694857832,-0.07644736246537054
2031-05-17,2031-05-18,4.727777777777778,0.06789777743163583,0.06789000947358233,-0.07767958053503388
2031-05-24,2031-05-25,4.747222222222222,0.06792543303808074,0.06791750550463863,-0.0792753344211472
2031-05-31,2031-06-01,4.766666666666667,0.06795310638225693,0.06794497915864725,-0.08127223609682988
2031-06-07,2031-06-08,4.786111111111111,0.06798079537487567,0.06797242455250818,-0.08370822367487207
2031-06-14,2031-06-15,4.805555555555555,0.06800849795854269,0.06799983580312141,-0.08662155421279571
2031-06-21,2031-06-22,4.825,0.06803621210807798,0.06802720702738697,-0.09005080691001921
2031-06-28,2031-06-29,4.844444444444444,0.06806393582915682,0.06805453234220486,-0.0940348695195603
2031-07-05,2031-07-06,4.863888888888889,0.06809166715886938,0.06808180586447504,-0.09861294394342135
2031-07-12,2031-07-13,4.883333333333334,0.06811940416444173,0.06810902171109759,-0.10382453344143228
2031-07-19,2031-07-20,4.902777777777778,0.06814714494339569,0.06813617399897245,-0.10970944423233098
2031-07-26,2031-07-27,4.9222222222222225,0.06817488762298929,0.06816325684499965,-0.11630777989643515
2031-08-02,2031-08-03,4.941666666666666,0.06820263035973717,0.06819026436607917,-0.12365993658003394
2031-08-09,2031-08-10,4.961111111111111,0.06823037133901089,0.06821719067911106,-0.1318065989983075
2031-08-16,2031-08-17,4.980555555555555,0.0682581087750389,0.06824402990099526,-0.1407887404364372
2031-08-23,2031-08-24,5.0,0.06828584090994738,0.06827077614863182,-0.15064761315561337
2031-08-30,2031-08-31,5.019444444444445,0.06831356601376015,0.06829742353892074,-0.16142474839414556
2031-09-06,2031-09-07,5.038888888888889,0.068341282384079,0.06832396618876202,-0.1731619531697426
2031-09-13,2031-09-14,5.058333333333334,0.06836898834544414,0.06835039821505563,-0.18590130388504433
2031-09-20,2031-09-21,5.0777777777777775,0.06839668224909445,0.06837671373470161,-0.19968514392842973
2031-09-27,2031-09-28,5.097222222222222,0.06842436247288752,0.06840295848156437,-0.2140399132315174
2031-10-04,2031-10-05,5.116666666666666,0.06845202742058021,0.06842927054621584,-0.2275687436437135
2031-10-11,2031-10-12,5.136111111111111,0.06847967552142897,0.06845565534695452,-0.24020174474448375
2031-10-18,2031-10-19,5.155555555555556,0.06850730523018989,0.06848211008533271,-0.25195144857173557
2031-10-25,2031-10-26,5.175,0.06853491502703868,0.06850863196290272,-0.26283064135962375
2031-11-01,2031-11-02,5.194444444444445,0.06856250341621184,0.06853521818121673,-0.272852349951086
2031-11-08,2031-11-09,5.213888888888889,0.06859006892672603,0.06856186594182714,-0.28202984898889616
2031-11-15,2031-11-16,5.233333333333333,0.06861761011141887,0.06858857244628613,-0.290376651327362
2031-11-22,2031-11-23,5.252777777777778,0.0686451255469489,0.06861533489614607,-0.29790650802830054
2031-11-29,2031-11-30,5.272222222222222,0.06867261383363576,0.06864215049295917,-0.3046334067659251
2031-12-06,2031-12-07,5.291666666666667,0.06870007359442099,0.06866901643827775,-0.3105715614323823
2031-12-13,2031-12-14,5.311111111111111,0.06872750347550749,0.06869592993365406,-0.315735418534302
2031-12-20,2031-12-21,5.330555555555556,0.0687549021454803,0.0687228881806404,-0.3201396483989982
2031-12-27,2031-12-28,5.35,0.06878226829506673,0.06874988838078906,-0.3237991427766651
2032-01-03,2032-01-04,5.3694444444444445,0.06880960063689656,0.06877692773565229,-0.32672901244271135
2032-01-10,2032-01-11,5.388888888888889,0.06883689790550207,0.0688040034467824,-0.3289445871966501
2032-01-17,2032-01-18,5.408333333333333,0.06886415885659858,0.06883111271573164,-0.33046140866938023
2032-01-24,2032-01-25,5.427777777777778,0.06889138226668479,0.06885825274405233,-0.3312952263245794
2032-01-31,2032-02-01,5.447222222222222,0.06891856693368226,0.06888542073329669,-0.3314620038556704
2032-02-07,2032-02-08,5.466666666666667,0.0689457116755765,0.06891261388501707,-0.3309779055943318
2032-02-14,2032-02-15,5.486111111111111,0.06897281533081667,0.0689398294007657,-0.3298593005096606
2032-02-21,2032-02-22,5.5055555555555555,0.06899987675775598,0.0689670644820949,-0.32812275661084356
2032-02-28,2032-02-29,5.525,0.06902689483465174,0.0689943163305569,-0.32578504094840643
2032-03-06,2032-03-07,5.544444444444444,0.06905386845886596,0.06902158214770403,-0.3228631116193592
2032-03-13,2032-03-14,5.563888888888889,0.06908079654750487,0.06904885913508851,-0.3193741241636072
2032-03-20,2032-03-21,5.583333333333333,0.06910767803621987,0.0690761444942627,-0.3153354195715996
2032-03-27,2032-03-28,5.602777777777778,0.0691345118794473,0.0691034354267788,-0.31076452668504784
2032-04-03,2032-04-04,5.622222222222222,0.06916129705048846,0.06913072913418916,-0.3056791629929556
2032-04-10,2032-04-11,5.641666666666667,0.06918803254039041,0.069158022818046,-0.3000972234440402
2032-04-17,2032-04-18,5.661111111111111,0.06921471735834572,0.06918531367990166,-0.2940367844406211
2032-04-24,2032-04-25,5.680555555555555,0.06924135053145264,0.06921259892130835,-0.2875161014428973
2032-05-01,2032-05-02,5.7,0.06926793110423546,0.06923987574381842,-0.28055360417042485
2032-05-08,2032-05-09,5.719444444444444,0.06929445813856461,0.06926714134898408,-0.27316789580525414
2032-05-15,2032-05-16,5.738888888888889,0.06932093071325696,0.06929439293835768,-0.2653777489927678
2032-05-22,2032-05-23,5.758333333333334,0.06934734792431563,0.06932162771349147,-0.25720210824156653
2032-05-29,2032-05-30,5.777777777777778,0.06937370888389083,0.0693488428759377,-0.2486600795312266
2032-06-05,2032-06-06,5.7972222222222225,0.06940001272075946,0.0693760356272487,-0.23977093510763048
2032-06-12,2032-06-13,5.816666666666666,0.0694262585800054,0.06940320316897673,-0.23055411028663486
2032-06-19,2032-06-20,5.836111111111111,0.06945244562277963,0.06943034270267406,-0.22102920105571133
2032-06-26,2032-06-27,5.855555555555555,0.06947857302574079,0.06945745142989297,-0.21121595847814478
2032-07-03,2032-07-04,5.875,0.06950463998105505,0.06948452655218577,-0.20113428869275585
2032-07-10,2032-07-11,5.894444444444445,0.06953064569663603,0.0695115652711047,-0.19080425531323164
2032-07-17,2032-07-18,5.913888888888889,0.06955658939534537,0.06953856478820207,-0.18024607143299343
2032-07-24,2032-07-25,5.933333333333334,0.06958247031483289,0.06956552230503014,-0.1694800980274469
2032-07-31,2032-08-01,5.9527777777777775,0.06960828770801619,0.0695924350231412,-0.1585268487498681
2032-08-07,2032-08-08,5.972222222222222,0.06963404084188163,0.06961930014408753,-0.14740697794099478
2032-08-14,2032-08-15,5.991666666666666,0.06965972899796391,0.06964611486942143,-0.13614128542477344
2032-08-21,2032-08-22,6.011111111111111,0.06968535147226618,0.06967287640069512,-0.12475071571052543
2032-08-28,2032-08-29,6.030555555555556,0.06971090757422083,0.06969958193946096,-0.11325634759862258
2032-09-04,2032-09-05,6.05,0.06973639662780862,0.06972622868727116,-0.10167940537458842
2032-09-11,2032-09-12,6.069444444444445,0.06976181797003989,0.06975281384567805,-0.09004124361833288
2032-09-18,2032-09-19,6.088888888888889,0.06978717095175391,0.06977933461623387,-0.07836335520039484
2032-09-25,2032-09-26,6.108333333333333,0.06981245493681953,0.06980578820049094,-0.06666736328597711
2032-10-02,2032-10-03,6.127777777777778,0.06983766930245494,0.0698321718000015,-0.05497502453447045
2032-10-09,2032-10-10,6.147222222222222,0.06986281343890788,0.06985848261631787,-0.04330822590006833
2032-10-16,2032-10-17,6.166666666666667,0.06988788674881619,0.06988471785099228,-0.03168897823910277
2032-10-23,2032-10-24,6.186111111111111,0.06991288864768741,0.06991087470557705,-0.02013942110357103
2032-10-30,2032-10-31,6.205555555555556,0.06993781856341919,0.06993695038162448,-0.008681817947053805
2032-11-06,2032-11-07,6.225,0.0699626759362193,0.06996294208068679,0.002661444674922908
2032-11-13,2032-11-14,6.2444444444444445,0.06998746021836588,0.0699888470043163,0.013867859504218538
2032-11-20,2032-11-21,6.263888888888889,0.07001217087404754,0.07001466235406528,0.024914800177411323
2032-11-27,2032-11-28,6.283333333333333,0.07003680737944329,0.07004038533148602,0.035779520427270395
2032-12-04,2032-12-05,6.302777777777778,0.07006136922208306,0.07006601313813075,0.04643916047694652
2032-12-11,2032-12-12,6.322222222222222,0.07008585590132732,0.07009154297555184,0.05687074224519639
2032-12-18,2032-12-19,6.341666666666667,0.07011026692748779,0.0701169720453015,0.06705117813712858
2032-12-25,2032-12-26,6.361111111111111,0.07013460182238695,0.07014229754893203,0.07695726545076109
2033-01-01,2033-01-02,6.3805555555555555,0.07015886011887851,0.07016751668799572,0.08656569117207469
2033-01-08,2033-01-09,6.4,0.07018304136036768,0.07019262666404483,0.09585303677145385
2033-01-15,2033-01-16,6.419444444444444,0.07020714510137083,0.07021762467863164,0.10479577260816275
2033-01-22,2033-01-23,6.438888888888889,0.07023117090695585,0.07024250793330847,0.11337026352614687
2033-01-29,2033-01-30,6.458333333333333,0.07025511835250242,0.07026727362962756,0.12155277125142083
2033-02-05,2033-02-06,6.477777777777778,0.07027898702394175,0.07029191896914119,0.12931945199440298
2033-02-12,2033-02-13,6.497222222222222,0.0703027765170372,0.07031644115340166,0.13664636364457694
2033-02-19,2033-02-20,6.516666666666667,0.07032648643826356,0.07034083738396125,0.14350945697697015
2033-02-26,2033-02-27,6.536111111111111,0.07035011640304845,0.07036510486237221,0.14988459323767023
2033-03-05,2033-03-06,6.555555555555555,0.0703736660376908,0.07038924079018688,0.15574752496083644
2033-03-12,2033-03-13,6.575,0.0703971349772825,0.07041324236895746,0.16107391674957672
2033-03-19,2033-03-20,6.594444444444444,0.07042052286706735,0.0704371068002363,0.16583933168945464
2033-03-26,2033-03-27,6.613888888888889,0.070443829361162,0.07046083128557562,0.17001924413617697
2033-04-02,2033-04-03,6.633333333333334,0.07046705412343535,0.07048441302652776,0.1735890309241539
2033-04-09,2033-04-10,6.652777777777778,0.07049019682678903,0.07050784922464497,0.17652397855935642
2033-04-16,2033-04-17,6.6722222222222225,0.07051325715283774,0.07053113708147951,0.17879928641773013
2033-04-23,2033-04-24,6.691666666666666,0.07053623479278848,0.0705542737985837,0.18039005795222884
2033-04-30,2033-05-01,6.711111111111111,0.07055912944576193,0.07057725657750981,0.18127131747883163
2033-05-07,2033-05-08,6.730555555555555,0.07058194082031122,0.07060008261981011,0.18141799498896938
2033-05-14,2033-05-15,6.75,0.0706046686332229,0.07062274912703687,0.18080493813965592
2033-05-21,2033-05-22,6.769444444444445,0.07062731260975674,0.0706452533007424,0.17940690985651653
2033-05-28,2033-05-29,6.788888888888889,0.0706498724835658,0.07066759234247895,0.17719858913148312
2033-06-04,2033-06-05,6.808333333333334,0.07067234799645661,0.0706897634537988,0.17415457342198626
2033-06-11,2033-06-12,6.8277777777777775,0.07069473889854905,0.07071176383625427,0.17024937705223397
2033-06-18,2033-06-19,6.847222222222222,0.07071704494763686,0.0707335906913976,0.1654574376074025
2033-06-25,2033-06-26,6.866666666666666,0.07073926590982715,0.07075524122078108,0.15975310953930677
2033-07-02,2033-07-03,6.886111111111111,0.07076140155842126,0.07077671262595701,0.15311067535758727
2033-07-09,2033-07-10,6.905555555555556,0.07078345167519373,0.07079800210847764,0.14550433283910813
2033-07-16,2033-07-17,6.925,0.07080541604887358,0.07081910686989526,0.13690821021677957
2033-07-23,2033-07-24,6.944444444444445,0.07082729447578373,0.07084002411176214,0.12729635978411813
2033-07-30,2033-07-31,6.963888888888889,0.07084908676008084,0.07086075103563061,0.11664275549772007
2033-08-06,2033-08-07,6.983333333333333,0.07087079271255625,0.0708812848430529,0.10492130496642105
2033-08-13,2033-08-14,7.002777777777778,0.07089241215143538,0.0709016227355813,0.09210584145921685
2033-08-20,2033-08-21,7.022222222222222,0.07091394490237768,0.07092176191476808,0.07817012390401445
2033-08-27,2033-08-28,7.041666666666667,0.07093539079743749,0.07094169958216556,0.06308784728070727
2033-09-03,2033-09-04,7.061111111111111,0.07095674967610321,0.07096143293932597,0.046832632227544746
2033-09-10,2033-09-11,7.080555555555556,0.07097802138417819,0.07098095918780165,0.029378036234539717
2033-09-17,2033-09-18,7.1,0.07099920577466001,0.0710002755291448,0.010697544847865226
2033-09-24,2033-09-25,7.1194444444444445,0.07102030270670134,0.07101939677317755,-0.009059335237954214
2033-10-01,2033-10-02,7.138888888888889,0.07104131204624942,0.07103846365627005,-0.028483899793679823
2033-10-08,2033-10-09,7.158333333333333,0.07106223366580622,0.07105750666344011,-0.0472700236610335
2033-10-15,2033-10-16,7.177777777777778,0.07108306744362913,0.0710765250900644,-0.06542353564731318
2033-10-22,2033-10-23,7.197222222222222,0.07110381326516979,0.07109551823151965,-0.08295033650143613
2033-10-29,2033-10-30,7.216666666666667,0.0711244710211556,0.07111448538318253,-0.09985637973067285
2033-11-05,2033-11-06,7.236111111111111,0.0711450406090286,0.07113342584042977,-0.11614768598830483
2033-11-12,2033-11-13,7.2555555555555555,0.07116552193174641,0.07115233889863805,-0.13183033108363218
2033-11-19,2033-11-20,7.275,0.07118591489874149,0.07117122385318407,-0.14691045557416182
2033-11-26,2033-11-27,7.294444444444444,0.07120621942480199,0.07119007999944454,-0.1613942535744206
2033-12-03,2033-12-04,7.313888888888889,0.07122643543071128,0.07120890663279615,-0.17528797915125627
2033-12-10,2033-12-11,7.333333333333333,0.07124656284292818,0.0712277030486156,-0.18859794312584
2033-12-17,2033-12-18,7.352777777777778,0.07126660159326725,0.0712464685422796,-0.2013305098765017
2033-12-24,2033-12-25,7.372222222222222,0.07128655161953823,0.07126520240916484,-0.21349210373389216
2033-12-31,2034-01-01,7.391666666666667,0.07130641286458683,0.07128390394464802,-0.225089199388101
2034-01-07,2034-01-08,7.411111111111111,0.0713261852768543,0.07130257244410583,-0.2361283274847359
2034-01-14,2034-01-15,7.430555555555555,0.07134586880981786,0.07132120720291499,-0.24661606902870448
2034-01-21,2034-01-22,7.45,0.0713654634224703,0.07133980751645216,-0.25655906018134944
2034-01-28,2034-01-29,7.469444444444444,0.07138496907892034,0.07135837268009408,-0.2659639882625353
2034-02-04,2034-02-05,7.488888888888889,0.07140438574831265,0.07137690198921744,-0.27483759095212057
2034-02-11,2034-02-12,7.508333333333334,0.07142371340450815,0.07139539473919893,-0.2831866530922378
2034-02-18,2034-02-19,7.527777777777778,0.07144295202664352,0.07141385022541523,-0.29101801228295643
2034-02-25,2034-02-26,7.5472222222222225,0.07146210159865163,0.07143226774324309,-0.29833855408542553
2034-03-04,2034-03-05,7.566666666666666,0.07148116210926148,0.07145064658805918,-0.3051552120229839
2034-03-11,2034-03-12,7.586111111111111,0.0715001335516785,0.07146898605524019,-0.3114749643831627
2034-03-18,2034-03-19,7.605555555555555,0.07151901592430399,0.07148728544016282,-0.31730484141165305
2034-03-25,2034-03-26,7.625,0.07153780922969588,0.0715055440382038,-0.3226519149207574
2034-04-01,2034-04-02,7.644444444444445,0.07155651347488856,0.07152376114473981,-0.3275233014875256
2034-04-08,2034-04-09,7.663888888888889,0.0715751286717925,0.07154193605514753,-0.3319261664497253
2034-04-15,2034-04-16,7.683333333333334,0.07159365483623503,0.07156006806480368,-0.3358677143135147
2034-04-22,2034-04-23,7.7027777777777775,0.07161209198883967,0.07157815646908496,-0.3393551975471032
2034-04-29,2034-04-30,7.722222222222222,0.07163044015406683,0.07159620056336806,-0.34239590698773026
2034-05-06,2034-05-07,7.741666666666666,0.07164869936101326,0.07161419964302967,-0.34499717983582645
2034-05-13,2034-05-14,7.761111111111111,0.07166686964245272,0.07163215300344651,-0.34716639006213135
2034-05-20,2034-05-21,7.780555555555556,0.0716849510355555,0.07165005993999529,-0.3489109556020775
2034-05-27,2034-05-28,7.8,0.07170294358156859,0.07166791974805266,-0.3502383351593197
2034-06-03,2034-06-04,7.819444444444445,0.07172084732565587,0.07168573172299536,-0.3511560266050706
2034-06-10,2034-06-11,7.838888888888889,0.07173866231657833,0.0717034951602001,-0.3516715637823242
2034-06-17,2034-06-18,7.858333333333333,0.07175638860749345,0.07172120935504353,-0.35179252449918375
2034-06-24,2034-06-25,7.877777777777778,0.07177402625483609,0.07173887360290239,-0.351526519336981
2034-07-01,2034-07-02,7.897222222222222,0.07179157531927771,0.07175648719915338,-0.35088120124329714
2034-07-08,2034-07-09,7.916666666666667,0.07180903586468723,0.07177404943917318,-0.34986425514055286
2034-07-15,2034-07-16,7.936111111111111,0.0718264079590103,0.07179155961833847,-0.3484834067182807
2034-07-22,2034-07-23,7.955555555555556,0.07184369167331006,0.07180901703202598,-0.3467464128407982
2034-07-29,2034-07-30,7.975,0.07186088708264649,0.07182642097561241,-0.34466107034072935
2034-08-05,2034-08-06,7.9944444444444445,0.0718779942651171,0.07184377074447444,-0.3422352064265388
2034-08-12,2034-08-13,8.01388888888889,0.07189501330265635,0.07186106563398881,-0.33947668667544395
2034-08-19,2034-08-20,8.033333333333333,0.07191194428023628,0.07187830493953215,-0.33639340704133547
2034-08-26,2034-08-27,8.052777777777777,0.0719287872861063,0.07189548795648122,-0.33299329625077756
2034-09-02,2034-09-03,8.072222222222223,0.0719455424122728,0.0719126139802127,-0.32928432060097546
2034-09-09,2034-09-10,8.091666666666667,0.07196220975346002,0.07192968230610329,-0.32527447356725525
2034-09-16,2034-09-17,8.11111111111111,0.07197878940750968,0.07194669222952965,-0.32097177980028313
2034-09-23,2034-09-24,8.130555555555556,0.07199528147594059,0.07196364304586858,-0.31638430072006285
2034-09-30,2034-10-01,8.15,0.07201168606290942,0.07198053405049668,-0.3115201241274401
2034-10-07,2034-10-08,8.169444444444444,0.07202800327529069,0.07199736453879067,-0.3063873650001325
2034-10-14,2034-10-15,8.188888888888888,0.07204423322387576,0.07201413380612728,-0.3009941774848035
2034-10-21,2034-10-22,8.208333333333334,0.07206037602145443,0.07203084114788319,-0.2953487357124085
2034-10-28,2034-10-29,8.227777777777778,0.07207643178433365,0.0720474858594351,-0.2894592489854908
2034-11-04,2034-11-05,8.247222222222222,0.07209240063121847,0.0720640672361597,-0.2833339505876886
2034-11-11,2034-11-12,8.266666666666667,0.07210828268369163,0.0720805845734337,-0.2769811025792046
2034-11-18,2034-11-19,8.286111111111111,0.07212407806645338,0.0720970371666338,-0.2704089981957203
2034-11-25,2034-11-26,8.305555555555555,0.07213978690636225,0.07211342431113671,-0.2636259522553752
2034-12-02,2034-12-03,8.325,0.0721554093334742,0.07212974530231911,-0.25664031155087086
2034-12-09,2034-12-10,8.344444444444445,0.0721709454800834,0.07214599943555772,-0.24946044525686606
2034-12-16,2034-12-17,8.363888888888889,0.072186395481042,0.07216218600622919,-0.24209474812811327
2034-12-23,2034-12-24,8.383333333333333,0.07220175947423968,0.07217830430971028,-0.23455164529395667
2034-12-30,2034-12-31,8.402777777777779,0.0722170375992448,0.07219435364137766,-0.2268395786714228
2035-01-06,2035-01-07,8.422222222222222,0.07223222999898304,0.07221033329660803,-0.21896702375012733
2035-01-13,2035-01-14,8.441666666666666,0.07224733681797879,0.07222624257077809,-0.2109424720070363
2035-01-20,2035-01-21,8.46111111111111,0.07226235820363414,0.07224208075926454,-0.20277444369595776
2035-01-27,2035-01-28,8.480555555555556,0.07227729430566932,0.07225784715744407,-0.19447148225243405
2035-02-03,2035-02-04,8.5,0.0722921452758829,0.07227354106069339,-0.18604215189510498
2035-02-10,2035-02-11,8.519444444444444,0.07230691126839162,0.07228916176438921,-0.17749504002406713
2035-02-17,2035-02-18,8.53888888888889,0.07232159243963032,0.07230470856390821,-0.16883875722115138
2035-02-24,2035-02-25,8.558333333333334,0.07233618894819216,0.07232018075462708,-0.16008193565078543
2035-03-03,2035-03-04,8.577777777777778,0.07235070095466867,0.07233557763192255,-0.15123322746113388
2035-03-10,2035-03-11,8.597222222222221,0.0723651286218896,0.07235089849117132,-0.14230130718273504
2035-03-17,2035-03-18,8.616666666666667,0.07237947211484297,0.07236614262775005,-0.13329487092914039
2035-03-24,2035-03-25,8.636111111111111,0.07239373160051521,0.07238130933703549,-0.12422263479722195
2035-03-31,2035-04-01,8.655555555555555,0.07240790724765134,0.07239639791440429,-0.11509333247047837
2035-04-07,2035-04-08,8.675,0.07242199922715464,0.07241140765523318,-0.10591571921458875
2035-04-14,2035-04-15,8.694444444444445,0.07243600771216663,0.07242633785489884,-0.09669857267788351
2035-04-21,2035-04-22,8.713888888888889,0.0724499328771877,0.07244118780877798,-0.08745068409726775
2035-04-28,2035-04-29,8.733333333333333,0.07246377489871669,0.07245595681224729,-0.07818086469407737
2035-05-05,2035-05-06,8.752777777777778,0.07247753395533074,0.0724706441606835,-0.06889794647246816
2035-05-12,2035-05-13,8.772222222222222,0.07249121022728566,0.07248524914946325,-0.059610778224139516
2035-05-19,2035-05-20,8.791666666666666,0.07250480389651592,0.0724997710739633,-0.05032822552625271
2035-05-26,2035-05-27,8.811111111111112,0.07251831514679452,0.07251420922956033,-0.04105917234195622
2035-06-02,2035-06-03,8.830555555555556,0.07253174416357311,0.07252856291163103,-0.03181251942083185
2035-06-09,2035-06-10,8.85,0.07254509113390206,0.07254283141555208,-0.022597183499811768
2035-06-16,2035-06-17,8.869444444444444,0.07255835624651041,0.07255701403670022,-0.013422098101983915
2035-06-23,2035-06-24,8.88888888888889,0.07257153969204566,0.07257111007045214,-0.0042962159352288865
2035-06-30,2035-07-01,8.908333333333333,0.07258464166211454,0.07258511881218452,0.004771500699829456
2035-07-07,2035-07-08,8.927777777777777,0.07259766235048204,0.07259903955727406,0.013772067920247988
2035-07-14,2035-07-15,8.947222222222223,0.07261060195187241,0.07261287160109747,0.022696492250617872
2035-07-21,2035-07-22,8.966666666666667,0.0726234606632481,0.07262661423903147,0.03153575783371165
2035-07-28,2035-07-29,8.98611111111111,0.07263623868221103,0.07264026676645272,0.04028084241686214
2035-08-04,2035-08-05,9.005555555555556,0.07264893620828161,0.07265382847873793,0.04892270456316461
2035-08-11,2035-08-12,9.025,0.07266155344233916,0.07266729867126381,0.05745228924658452
2035-08-18,2035-08-19,9.044444444444444,0.07267409058662189,0.07268067663940704,0.06586052785154117
2035-08-25,2035-08-26,9.063888888888888,0.07268654784448714,0.07269396167854435,0.07413834057209967
2035-09-01,2035-09-02,9.083333333333334,0.07269892542113077,0.07270715308405241,0.08227662921647672
2035-09-08,2035-09-09,9.102777777777778,0.07271122352262793,0.07272025015130794,0.09026628680006143
2035-09-15,2035-09-16,9.122222222222222,0.07272344235625283,0.07273325217568762,0.09809819434783429
2035-09-22,2035-09-23,9.141666666666667,0.07273558213087838,0.0727461584525682,0.1057632168981193
2035-09-29,2035-09-30,9.161111111111111,0.07274764305641668,0.0727589682773263,0.11325220909616518
2035-10-06,2035-10-07,9.180555555555555,0.07275962534405878,0.07277168094533866,0.12055601279883921
2035-10-13,2035-10-14,9.2,0.07277152920603491,0.07278429575198198,0.12766545947062724
2035-10-20,2035-10-21,9.219444444444445,0.07278335485569443,0.07279681199263295,0.1345713693852446
2035-10-27,2035-10-28,9.238888888888889,0.07279510250766563,0.07280922896266827,0.14126455002635985
2035-11-03,2035-11-04,9.258333333333333,0.07280677237753608,0.07282154595746466,0.14773579928586966
2035-11-10,2035-11-11,9.277777777777779,0.07281836468217229,0.0728337622723988,0.15397590226506885
2035-11-17,2035-11-18,9.297222222222222,0.07282987963932008,0.07284587720284738,0.15997563527297975
2035-11-24,2035-11-25,9.316666666666666,0.07284131746768452,0.07285789004418712,0.1657257650260202
2035-12-01,2035-12-02,9.33611111111111,0.07285267838708975,0.07286980009179471,0.17121704704955998
2035-12-08,2035-12-09,9.355555555555556,0.07286396261847905,0.07288160664104684,0.17644022567792073
2035-12-15,2035-12-16,9.375,0.07287517038327529,0.07289330898732026,0.181386040449677
2035-12-22,2035-12-23,9.394444444444444,0.07288630190442014,0.07290490642599158,0.1860452157144421
2035-12-29,2035-12-30,9.41388888888889,0.07289735740541481,0.07291639825243755,0.19040847022741558
2036-01-05,2036-01-06,9.433333333333334,0.07290833711079969,0.07292778376203489,0.19446651235197066
2036-01-12,2036-01-13,9.452777777777778,0.07291924124575466,0.07293906225016027,0.1982100440560408
2036-01-19,2036-01-20,9.472222222222221,0.0729300700365787,0.07295023301219038,0.20162975611678902
2036-01-26,2036-01-27,9.491666666666667,0.07294082371013033,0.07296129534350194,0.20471633371613174
2036-02-02,2036-02-03,9.511111111111111,0.0729515024943872,0.07297224853947165,0.20746045084452103
2036-02-09,2036-02-10,9.530555555555555,0.0729621066181263,0.0729830918954762,0.20985277349894194
2036-02-16,2036-02-17,9.55,0.0729726363102845,0.07299382470689228,0.21188396607779714
2036-02-23,2036-02-24,9.569444444444445,0.07298309180139739,0.0730044462690966,0.21354467699213897
2036-03-01,2036-03-02,9.588888888888889,0.07299347332200057,0.07301495587746586,0.214825554652881
2036-03-08,2036-03-09,9.608333333333333,0.07300378110366879,0.07302535282737677,0.2157172370798044
2036-03-15,2036-03-16,9.627777777777778,0.0730140153788561,0.073035636414206,0.21621035349903006
2036-03-22,2036-03-23,9.647222222222222,0.07302417638017644,0.07304580593333028,0.2162955315383741
2036-03-29,2036-03-30,9.666666666666666,0.07303426434136284,0.0730558606801263,0.21596338763460454
2036-04-05,2036-04-06,9.686111111111112,0.07304427949638814,0.07306579994997073,0.21520453582585253
2036-04-12,2036-04-13,9.705555555555556,0.07305422208034429,0.07307562303824032,0.21400957896031136
2036-04-19,2036-04-20,9.725,0.07306409232840316,0.07308532924031173,0.21236911908570355
2036-04-26,2036-04-27,9.744444444444444,0.07307389047645607,0.07309491785156165,0.21027375105578394
2036-05-03,2036-05-04,9.76388888888889,0.07308361676119368,0.07310438816736682,0.2077140617313955
2036-05-10,2036-05-11,9.783333333333333,0.07309327141946653,0.07311373948310393,0.20468063637396616
2036-05-17,2036-05-18,9.802777777777777,0.07310285468892452,0.07312297109414967,0.20116405225145684
2036-05-24,2036-05-25,9.822222222222223,0.07311236680769717,0.07313208229588072,0.1971548818355262
2036-05-31,2036-06-01,9.841666666666667,0.0731218080141538,0.07314107238367383,0.19264369520030633
2036-06-07,2036-06-08,9.86111111111111,0.07313117854762297,0.07314994065290563,0.18762105282663089
2036-06-14,2036-06-15,9.880555555555556,0.07314047864735329,0.07315868639895289,0.18207751599594313
2036-06-21,2036-06-22,9.9,0.07314970855331282,0.07316730891719224,0.17600363879419212
2036-06-28,2036-06-29,9.919444444444444,0.07315886850578934,0.07317580750300044,0.16938997211099482
2036-07-05,2036-07-06,9.938888888888888,0.07316795874579007,0.07318418145175415,0.16222705964075157
2036-07-12,2036-07-13,9.958333333333334,0.07317697951408242,0.07319243005883007,0.15450544747649952
2036-07-19,2036-07-20,9.977777777777778,0.07318593105255289,0.07320055261960492,0.14621567052036655
2036-07-26,2036-07-27,9.997222222222222,0.07319481360276825,0.0732085484294554,0.13734826687150647
2036-08-02,2036-08-03,10.016666666666667,0.0732036274070147,0.07321641678375819,0.12789376743496672
2036-08-09,2036-08-10,10.036111111111111,0.07321237270797809,0.07322415697789,0.11784269911913059
2036-08-16,2036-08-17,10.055555555555555,0.07322104974842425,0.07323176830722752,0.10718558803274325
2036-08-23,2036-08-24,10.075,0.07322965877151866,0.07323925006714749,0.0959129562883021
2036-08-30,2036-08-31,10.094444444444445,0.07323820002058667,0.07324660155302654,0.08401532439861192
2036-09-06,2036-09-07,10.113888888888889,0.07324667373967308,0.0732538220602414,0.07148320568320377
2036-09-13,2036-09-14,10.133333333333333,0.07325508017242299,0.07326091088416883,0.05830711745841155
2036-09-20,2036-09-21,10.152777777777779,0.07326341956320093,0.07326786732018543,0.044477569845075005
2036-09-27,2036-09-28,10.172222222222222,0.07327169215661122,0.07327471513216564,0.030229755544203263
2036-10-04,2036-10-05,10.191666666666666,0.07327989819693848,0.07328152150758631,0.01623310647833054
2036-10-11,2036-10-12,10.21111111111111,0.07328803792942651,0.07328829037986333,0.0025245043681898505
2036-10-18,2036-10-19,10.230555555555556,0.0732961115987596,0.07329502177742657,-0.010898213330251538
2036-10-25,2036-10-26,10.25,0.07330411945066118,0.07330171572870584,-0.024037219553407763
2036-11-01,2036-11-02,10.269444444444444,0.07331206173013527,0.07330837226213097,-0.036894680043031425
2036-11-08,2036-11-09,10.28888888888889,0.07331993868274544,0.07331499140613179,-0.04947276613653795
2036-11-15,2036-11-16,10.308333333333334,0.07332775055437502,0.07332157318913812,-0.06177365236892385
2036-11-22,2036-11-23,10.327777777777778,0.07333549759074742,0.07332811763957979,-0.0737995116763257
2036-11-29,2036-11-30,10.347222222222221,0.07334318003774598,0.07333462478588662,-0.08555251859360125
2036-12-06,2036-12-07,10.366666666666667,0.07335079814149381,0.07334109465648844,-0.09703485005368995
2036-12-13,2036-12-14,10.386111111111111,0.0733583521480341,0.0733475272798151,-0.10824868219003192
2036-12-20,2036-12-21,10.405555555555555,0.07336584230364984,0.07335392268429637,-0.11919619353470412
2036-12-27,2036-12-28,10.425,0.07337326885446416,0.07336028089836213,-0.12987956102022968
2037-01-03,2037-01-04,10.444444444444445,0.07338063204691991,0.07336660195044219,-0.14030096477726794
2037-01-10,2037-01-11,10.463888888888889,0.07338793212745998,0.07337288586896638,-0.15046258493592313
2037-01-17,2037-01-18,10.483333333333333,0.07339516934212753,0.07337913268236453,-0.16036659763005168
2037-01-24,2037-01-25,10.502777777777778,0.07340234393776512,0.07338534241906644,-0.17001518698683826
2037-01-31,2037-02-01,10.522222222222222,0.07340945616049588,0.07339151510750197,-0.17941052993908357
2037-02-07,2037-02-08,10.541666666666666,0.0734165062568426,0.07339765077610093,-0.18855480741666875
2037-02-14,2037-02-15,10.561111111111112,0.07342349447324814,0.07340374945329314,-0.19745019954997556
2037-02-21,2037-02-22,10.580555555555556,0.07343042105615538,0.07340981116750847,-0.20609888646910823
2037-02-28,2037-03-01,10.6,0.07343728625192725,0.07341583594717667,-0.21450304750578186
2037-03-07,2037-03-08,10.619444444444444,0.07344409030684673,0.07342182382072764,-0.22266486119096318
2037-03-14,2037-03-15,10.63888888888889,0.07345083346703696,0.07342777481659116,-0.230586504458008
2037-03-21,2037-03-22,10.658333333333333,0.07345751597886085,0.07343368896319709,-0.23827015663765994
2037-03-28,2037-03-29,10.677777777777777,0.07346413808844154,0.07343956628897523,-0.24571799466313604
2037-04-04,2037-04-05,10.697222222222223,0.07347070004174228,0.07344540682235542,-0.25293219386851584
2037-04-11,2037-04-12,10.716666666666667,0.07347720208488617,0.07345121059176747,-0.25991493118701636
2037-04-18,2037-04-19,10.73611111111111,0.07348364446359668,0.07345697762564124,-0.26666837955435785
2037-04-25,2037-04-26,10.755555555555556,0.07349002742367716,0.07346270795240653,-0.273194712706315
2037-05-02,2037-05-03,10.775,0.07349635121085107,0.07346840160049317,-0.27949610357902444
2037-05-09,2037-05-10,10.794444444444444,0.07350261607044217,0.07347405859833099,-0.2855747211118198
2037-05-16,2037-05-17,10.813888888888888,0.07350882224809396,0.07347967897434982,-0.29143273744147713
2037-05-23,2037-05-24,10.833333333333334,0.07351496998857066,0.07348526275697949,-0.2970723159116673
2037-05-30,2037-05-31,10.852777777777778,0.07352105953743582,0.07349080997464982,-0.30249562785994444
2037-06-06,2037-06-07,10.872222222222222,0.07352709113929379,0.07349632065579063,-0.3077048350315359
2037-06-13,2037-06-14,10.891666666666667,0.07353306503898871,0.07350179482883175,-0.31270210156961187
2037-06-20,2037-06-21,10.911111111111111,0.07353898148112492,0.07350723252220304,-0.3174895892188445
2037-06-27,2037-06-28,10.930555555555555,0.07354484070998701,0.07351263376433428,-0.32206945652729635
2037-07-04,2037-07-05,10.95,0.07355064296953984,0.07351799858365532,-0.32644385884517124
2037-07-11,2037-07-12,10.969444444444445,0.07355638850414792,0.07352332700859597,-0.33061495551947595
2037-07-18,2037-07-19,10.988888888888889,0.07356207755737643,0.07352861906758609,-0.3345848979033339
2037-07-25,2037-07-26,11.008333333333333,0.07356771037279053,0.07353387478905546,-0.3383558373507012
2037-08-01,2037-08-02,11.027777777777779,0.07357328719355571,0.07353909420143394,-0.34192992121775956
2037-08-08,2037-08-09,11.047222222222222,0.0735788082629174,0.07354427733315137,-0.3453092976603289
2037-08-15,2037-08-16,11.066666666666666,0.07358427382372135,0.07354942421263752,-0.34849611083825893
2037-08-22,2037-08-23,11.08611111111111,0.07358968411825373,0.07355453486832228,-0.35149249931448745
2037-08-29,2037-08-30,11.105555555555556,0.07359503938920042,0.07355960932863545,-0.35430060564972665
2037-09-05,2037-09-06,11.125,0.07360033987844794,0.07356464762200682,-0.3569225644112217
2037-09-12,2037-09-13,11.144444444444444,0.07360558582772292,0.07356964977686627,-0.35936050856652524
2037-09-19,2037-09-20,11.16388888888889,0.07361077747867206,0.07357461582164361,-0.3616165702845231
2037-09-26,2037-09-27,11.183333333333334,0.07361591507238252,0.07357954578476869,-0.3636928761382996
2037-10-03,2037-10-04,11.202777777777778,0.07362099884994144,0.0735844396946713,-0.3655915527014941
2037-10-10,2037-10-11,11.222222222222221,0.07362602905187643,0.07358929757978126,-0.36731472095166695
2037-10-17,2037-10-18,11.241666666666667,0.07363100591839533,0.07359411946852842,-0.3688644986690748
2037-10-24,2037-10-25,11.261111111111111,0.07363592968978594,0.07359890538934262,-0.37024300443319613
2037-10-31,2037-11-01,11.280555555555555,0.07364080060553668,0.07360365537065366,-0.3714523488301813
2037-11-07,2037-11-08,11.3,0.07364561890481625,0.0736083694408914,-0.3724946392484607
2037-11-14,2037-11-15,11.319444444444445,0.07365038482727293,0.07361304762848563,-0.3733719878730446
2037-11-21,2037-11-22,11.338888888888889,0.07365509861095632,0.07361768996186618,-0.3740864909013153
2037-11-28,2037-11-29,11.358333333333333,0.0736597604946354,0.07362229646946289,-0.3746402517251779
2037-12-05,2037-12-06,11.377777777777778,0.07366437071611998,0.07362686717970558,-0.375035364143933
2037-12-12,2037-12-13,11.397222222222222,0.07366892951313986,0.07363140212102408,-0.37527392115779823
2037-12-19,2037-12-20,11.416666666666666,0.07367343712318508,0.07363590132184822,-0.37535801336863184
2037-12-26,2037-12-27,11.436111111111112,0.07367789378254663,0.07364036481060782,-0.375289719388161
2038-01-02,2038-01-03,11.455555555555556,0.07368229972855467,0.07364479261573273,-0.37507112821938415
2038-01-09,2038-01-10,11.475,0.07368665519694062,0.07364918476565273,-0.3747043128789207
2038-01-16,2038-01-17,11.494444444444444,0.07369096042351586,0.07365354128879767,-0.37419134718191804
2038-01-23,2038-01-24,11.51388888888889,0.07369521564369208,0.07365786221359741,-0.3735343009467207
2038-01-30,2038-01-31,11.533333333333333,0.0736994210927211,0.07366214756848173,-0.37273524239364586
2038-02-06,2038-02-07,11.552777777777777,0.07370357700505537,0.07366639738188048,-0.3717962317488499
2038-02-13,2038-02-14,11.572222222222223,0.07370768361474767,0.07367061168222348,-0.37071932524182505
2038-02-20,2038-02-21,11.591666666666667,0.07371174115577084,0.07367479049794057,-0.36950657830270295
2038-02-27,2038-02-28,11.61111111111111,0.07371574986153817,0.07367893385746155,-0.36816004076623
2038-03-06,2038-03-07,11.630555555555556,0.07371970996482347,0.07368304178921627,-0.3666817560719904
2038-03-13,2038-03-14,11.65,0.07372362169840052,0.07368711432163454,-0.3650737676598459
2038-03-20,2038-03-21,11.669444444444444,0.07372748529424378,0.0736911514831462,-0.36333811097577495
2038-03-27,2038-03-28,11.688888888888888,0.07373130098408787,0.07369515330218106,-0.3614768190680906
2038-04-03,2038-04-04,11.708333333333334,0.0737350689991878,0.07369911980716896,-0.35949192018838727
2038-04-10,2038-04-11,11.727777777777778,0.07373878957031899,0.07370305102653973,-0.3573854377925123
2038-04-17,2038-04-18,11.747222222222222,0.07374246292785713,0.07370694698872321,-0.3551593913392326
2038-04-24,2038-04-25,11.766666666666667,0.07374608930169835,0.07371080772214918,-0.3528157954917066
2038-05-01,2038-05-02,11.786111111111111,0.07374966892125911,0.0737146332552475,-0.3503566601160968
2038-05-08,2038-05-09,11.805555555555555,0.0737532020154763,0.07371842361644801,-0.34778399028295715
2038-05-15,2038-05-16,11.825,0.07375668881312691,0.0737221788341805,-0.34509978946412057
2038-05-22,2038-05-23,11.844444444444445,0.07376012954202871,0.07372589893687483,-0.34230605153881544
2038-05-29,2038-05-30,11.863888888888889,0.07376352442991951,0.0737295839529608,-0.3394047695871871
2038-06-05,2038-06-06,11.883333333333333,0.0737668737037378,0.07373323391086826,-0.3363979286953589
2038-06-12,2038-06-13,11.902777777777779,0.07377017759026216,0.07373684883902702,-0.33328751235142673
2038-06-19,2038-06-20,11.922222222222222,0.07377343631571165,0.07374042876586691,-0.33007549844740747
2038-06-26,2038-06-27,11.941666666666666,0.07377665010558587,0.07374397371981777,-0.32676385768107274
2038-07-03,2038-07-04,11.96111111111111,0.07377981918514465,0.07374748372930941,-0.32335455835239
2038-07-10,2038-07-11,11.980555555555556,0.07378294377900829,0.07375095882277166,-0.31984956236630335
2038-07-17,2038-07-18,12.0,0.07378602411147739,0.07375439902863436,-0.3162508284303145
2038-07-24,2038-07-25,12.019444444444444,0.07378906040605315,0.07375780437532732,-0.3125603072583194
2038-07-31,2038-08-01,12.03888888888889,0.07379205288607693,0.07376117489128037,-0.3087799479656317
2038-08-07,2038-08-08,12.058333333333334,0.07379500177425058,0.07376451060492334,-0.30491169327240275
2038-08-14,2038-08-15,12.077777777777778,0.0737979072924766,0.07376781154468605,-0.3009574779054558
2038-08-21,2038-08-22,12.097222222222221,0.07380076966273741,0.07377107773899834,-0.29691923739069703
2038-08-28,2038-08-29,12.116666666666667,0.07380358910589635,0.07377430921629004,-0.29279889606312337
2038-09-04,2038-09-05,12.136111111111111,0.07380636584265687,0.07377750600499094,-0.2885983766592881
2038-09-11,2038-09-12,12.155555555555555,0.07380910009308295,0.07378066813353092,-0.28431959552030484
2038-09-18,2038-09-19,12.175,0.07381179207683886,0.07378379563033977,-0.27996446499090055
2038-09-25,2038-09-26,12.194444444444445,0.07381444201286946,0.07378688852384732,-0.2755348902214183
2038-10-02,2038-10-03,12.213888888888889,0.07381705011964002,0.07378994684248343,-0.2710327715658989
2038-10-09,2038-10-10,12.233333333333333,0.07381961661529601,0.07379297061467786,-0.2664600061814959
2038-10-16,2038-10-17,12.252777777777778,0.07382214171678392,0.07379595986886052,-0.2618184792339828
2038-10-23,2038-10-24,12.272222222222222,0.07382462564160974,0.07379891463346117,-0.2571100814857674
2038-10-30,2038-10-31,12.291666666666666,0.07382706860560084,0.07380183493690966,-0.2523366869118526
2038-11-06,2038-11-07,12.311111111111112,0.07382947082482438,0.07380472080763584,-0.24750017188546192
2038-11-13,2038-11-14,12.330555555555556,0.0738318325143883,0.07380757227406948,-0.2426024031881857
2038-11-20,2038-11-21,12.35,0.0738341538891607,0.07381038936464046,-0.23764524520242247
2038-11-27,2038-11-28,12.369444444444444,0.0738364351630505,0.07381317210777859,-0.2326305527190764
2038-12-04,2038-12-05,12.38888888888889,0.07383867654980669,0.0738159205319137,-0.2275601789299142
2038-12-11,2038-12-12,12.408333333333333,0.07384087826237895,0.0738186346654756,-0.22243596903351315
2038-12-18,2038-12-19,12.427777777777777,0.07384304051323731,0.07382131453689414,-0.21725976343173192
2038-12-25,2038-12-26,12.447222222222223,0.0738451635141324,0.07382396017459912,-0.21203339533273913
2039-01-01,2039-01-02,12.466666666666667,0.07384724747681481,0.07382657160702039,-0.20675869794428703
2039-01-08,2039-01-09,12.48611111111111,0.07384929261159634,0.07382914886258778,-0.2014374900856375
2039-01-15,2039-01-16,12.505555555555556,0.07385129912894861,0.07383169196973108,-0.19607159217532866
2039-01-22,2039-01-23,12.525,0.07385326723854391,0.07383420095688015,-0.190662816637599
2039-01-29,2039-01-30,12.544444444444444,0.07385519714917521,0.07383667585246481,-0.18521296710399815
2039-02-05,2039-02-06,12.563888888888888,0.07385708906947563,0.07383911668491487,-0.17972384560763222
2039-02-12,2039-02-13,12.583333333333334,0.07385894320711905,0.0738415234826602,-0.17419724458858643
2039-02-19,2039-02-20,12.602777777777778,0.07386075976993922,0.0738438962741306,-0.1686349580862223
2039-02-26,2039-02-27,12.622222222222222,0.07386253896417116,0.07384623508775588,-0.16303876415282859
2039-03-05,2039-03-06,12.641666666666667,0.07386428099636966,0.0738485399519659,-0.1574104440375812
2039-03-12,2039-03-13,12.661111111111111,0.07386598607165062,0.07385081089519044,-0.15175176460185957
2039-03-19,2039-03-20,12.680555555555555,0.0738676543953698,0.07385304794585937,-0.1460644951042922
2039-03-26,2039-03-27,12.7,0.0738692861717638,0.07385525113240252,-0.14035039361287582
2039-04-02,2039-04-03,12.719444444444445,0.07387088160458966,0.07385742048324968,-0.13461121339972126
2039-04-09,2039-04-10,12.738888888888889,0.07387244089720468,0.0738595560268307,-0.1288487037398589
2039-04-16,2039-04-17,12.758333333333333,0.0738739642522468,0.07386165779157541,-0.12306460671379638
2039-04-23,2039-04-24,12.777777777777779,0.07387545187155453,0.07386372580591362,-0.11726065640912942
2039-04-30,2039-05-01,12.797222222222222,0.07387690395672664,0.07386576009827517,-0.11143858451467814
2039-05-07,2039-05-08,12.816666666666666,0.07387832070856248,0.07386776069708989,-0.10560011472593445
2039-05-14,2039-05-15,12.83611111111111,0.07387970232722196,0.07386972763078758,-0.09974696434378316
2039-05-21,2039-05-22,12.855555555555556,0.07388104901238535,0.07387166092779811,-0.09388084587239054
2039-05-28,2039-05-29,12.875,0.07388236096309342,0.07387356061655126,-0.08800346542159332
2039-06-04,2039-06-05,12.894444444444444,0.07388363837782741,0.0738754267254769,-0.08211652350514909
2039-06-11,2039-06-12,12.91388888888889,0.07388488145442906,0.07387725928300481,-0.07622171424248592
2039-06-18,2039-06-19,12.933333333333334,0.0738860903900207,0.07387905831756487,-0.07032072455823157
2039-06-25,2039-06-26,12.952777777777778,0.07388726538132495,0.07388082385758689,-0.06441523738062727
2039-07-02,2039-07-03,12.972222222222221,0.07388840662418517,0.07388255593150066,-0.058506926845086626
2039-07-09,2039-07-10,12.991666666666667,0.07388951431420487,0.07388425456773606,-0.052597464688108886
2039-07-16,2039-07-17,13.011111111111111,0.07389058864602838,0.07388591979472287,-0.046688513055115344
2039-07-23,2039-07-24,13.030555555555555,0.0738916298139003,0.07388755164089095,-0.04078173009347541
2039-07-30,2039-07-31,13.05,0.07389263801134582,0.07388915013467011,-0.03487876675714596
2039-08-06,2039-08-07,13.069444444444445,0.07389361343157042,0.07389071530449016,-0.02898127080250279
2039-08-13,2039-08-14,13.088888888888889,0.07389455626674035,0.07389224717878098,-0.02309087959367906
2039-08-20,2039-08-21,13.108333333333333,0.07389546670838243,0.07389374578597235,-0.017209224100755982
2039-08-27,2039-08-28,13.127777777777778,0.0738963449479435,0.07389521115449411,-0.011337934493899082
2039-09-03,2039-09-04,13.147222222222222,0.07389719117575133,0.07389664331277611,-0.005478629752225794
2039-09-10,2039-09-11,13.166666666666666,0.07389800558165405,0.07389804228924812,0.0003670759407548019
2039-09-17,2039-09-18,13.186111111111112,0.07389878835510011,0.07389940811234003,0.006197572399169182
2039-09-24,2039-09-25,13.205555555555556,0.07389953968465868,0.0739007408104816,0.01201125822927751
2039-10-01,2039-10-02,13.225,0.07390025975833936,0.07390204041210273,0.017806537633696662
2039-10-08,2039-10-09,13.244444444444444,0.07390094876367215,0.0739033069456332,0.02358181961051309
2039-10-15,2039-10-16,13.26388888888889,0.0739016068872278,0.07390454043950286,0.02933552275055651
2039-10-22,2039-10-23,13.283333333333333,0.07390223431533727,0.07390574092214151,0.03506606804246082
2039-10-29,2039-10-30,13.302777777777777,0.07390283123369201,0.073906908421979,0.040771882869883314
2039-11-05,2039-11-06,13.322222222222223,0.07390339782686439,0.07390804296744515,0.04645140580752938
2039-11-12,2039-11-13,13.341666666666667,0.07390393427942676,0.07390914458696977,0.052103075430104395
2039-11-19,2039-11-20,13.36111111111111,0.07390444077507219,0.07391021330898273,0.05772533910541888
2039-11-26,2039-11-27,13.380555555555556,0.0739049174967743,0.07391124916191381,0.06331665139511222
2039-12-03,2039-12-04,13.4,0.07390536462694719,0.07391225217419285,0.0688754724566254
2039-12-10,2039-12-11,13.419444444444444,0.07390578234768519,0.0739132223742497,0.07440026564511926
2039-12-17,2039-12-18,13.438888888888888,0.07390617083996354,0.07391415979051418,0.0798895055063864
2039-12-24,2039-12-25,13.458333333333334,0.07390653028411798,0.07391506445141607,0.08534167298096529
2039-12-31,2040-01-01,13.477777777777778,0.073906860860804,0.07391593638538527,0.09075524581264593
2040-01-07,2040-01-08,13.497222222222222,0.07390716274859876,0.07391677562085153,0.09612872252762195
2040-01-14,2040-01-15,13.516666666666667,0.07390743612655903,0.07391758218624474,0.10146059685703368
2040-01-21,2040-01-22,13.536111111111111,0.07390768117294222,0.07391835610999471,0.10674937052493338
2040-01-28,2040-01-29,13.555555555555555,0.07390789806488662,0.07391909742053124,0.11199355644614384
2040-02-04,2040-02-05,13.575,0.07390808697921081,0.07391980614628417,0.11719167073362402
2040-02-11,2040-02-12,13.594444444444445,0.07390824809225371,0.07392048231568336,0.12234223429649638
2040-02-18,2040-02-19,13.613888888888889,0.0739083815797148,0.0739211259571586,0.1274437744380741
2040-02-25,2040-02-26,13.633333333333333,0.07390848761633428,0.07392173709913973,0.1324948280544136
2040-03-03,2040-03-04,13.652777777777779,0.07390856637637278,0.07392231577005658,0.13749393683801236
2040-03-10,2040-03-11,13.672222222222222,0.07390861803401094,0.07392286199833896,0.14243964328017333
2040-03-17,2040-03-18,13.691666666666666,0.0739086427617508,0.0739233758124167,0.14733050665904912
2040-03-24,2040-03-25,13.71111111111111,0.07390864073225423,0.07392385724071965,0.15216508465420997
2040-03-31,2040-04-01,13.730555555555556,0.07390861211746369,0.07392430631167761,0.15694194213919377
2040-04-07,2040-04-08,13.75,0.07390855708860222,0.07392472305372043,0.16165965118206116
2040-04-14,2040-04-15,13.769444444444444,0.07390847581585369,0.0739251074952779,0.16631679424214396
2040-04-21,2040-04-22,13.78888888888889,0.07390836846956184,0.07392545966477988,0.17091195218046917
2040-04-28,2040-04-29,13.808333333333334,0.07390823521911116,0.07392577959065619,0.17544371545025195
2040-05-05,2040-05-06,13.827777777777778,0.07390807623292694,0.07392606730133666,0.17991068409717315
2040-05-12,2040-05-13,13.847222222222221,0.07390789167919465,0.0739263228252511,0.18431146056457903
2040-05-19,2040-05-20,13.866666666666667,0.07390768172530038,0.07392654619082936,0.18864465528983798
2040-05-26,2040-05-27,13.886111111111111,0.0739074465383105,0.07392673742650126,0.1929088819076219
2040-06-02,2040-06-03,13.905555555555555,0.07390718628409232,0.07392689656069659,0.1971027660427338
2040-06-09,2040-06-10,13.925,0.07390690112843323,0.07392702362184524,0.20122493412003117
2040-06-16,2040-06-17,13.944444444444445,0.0739065912364012,0.073927118638377,0.2052740197580616
2040-06-23,2040-06-24,13.963888888888889,0.07390625677218488,0.07392718163872168,0.20924866536806142
2040-06-30,2040-07-01,13.983333333333333,0.07390589789933344,0.07392721265130915,0.2131475197571231
2040-07-07,2040-07-08,14.002777777777778,0.07390551478115626,0.07392721170456922,0.21696923412958813
2040-07-14,2040-07-15,14.022222222222222,0.07390510758024327,0.07392717882693169,0.220712466884182
2040-07-21,2040-07-22,14.041666666666666,0.07390467645798537,0.07392711404682642,0.2243758884104552
2040-07-28,2040-07-29,14.061111111111112,0.07390422157609322,0.07392701739268323,0.22795816590009954
2040-08-04,2040-08-05,14.080555555555556,0.07390374309491854,0.07392688889293193,0.2314579801339367
2040-08-11,2040-08-12,14.1,0.07390324117449332,0.07392672857600238,0.23487401509064698
2040-08-18,2040-08-19,14.119444444444444,0.07390271597428999,0.07392653647032436,0.23820496034374083
2040-08-25,2040-08-26,14.13888888888889,0.0739021676529017,0.07392631260432775,0.24144951426052774
2040-09-01,2040-09-02,14.158333333333333,0.0739015963685219,0.07392605700644232,0.2446063792042874
2040-09-08,2040-09-09,14.177777777777777,0.07390100227870455,0.07392576970509794,0.24767426393387804
2040-09-15,2040-09-16,14.197222222222223,0.07390038554012435,0.07392545072872443,0.25065188600084665
2040-09-22,2040-09-23,14.216666666666667,0.07389974630953589,0.07392510010575161,0.2535379621572409
2040-09-29,2040-09-30,14.23611111111111,0.07389908474217499,0.07392471786460927,0.25633122434282063
2040-10-06,2040-10-07,14.255555555555556,0.07389840099311762,0.0739243040337273,0.25903040609676076
2040-10-13,2040-10-14,14.275,0.07389769521688017,0.07392385864153551,0.26163424655348266
2040-10-20,2040-10-21,14.294444444444444,0.07389696756741948,0.0739233817164637,0.2641414904422379
2040-10-27,2040-10-28,14.313888888888888,0.07389621819773318,0.07392287328694173,0.26655089208557636
2040-11-03,2040-11-04,14.333333333333334,0.07389544726041919,0.07392233338139939,0.2688612098020182
2040-11-10,2040-11-11,14.352777777777778,0.07389465490759584,0.07392176202826654,0.27107120670707974
2040-11-17,2040-11-18,14.372222222222222,0.0738938412904222,0.073921159255973,0.273179655508049
2040-11-24,2040-11-25,14.391666666666667,0.07389300655965769,0.07392052509294858,0.27518533290887826
2040-12-01,2040-12-02,14.411111111111111,0.07389215086590184,0.07391985956762312,0.27708701721279594
2040-12-08,2040-12-09,14.430555555555555,0.07389127435799558,0.07391916270842644,0.2788835043085469
2040-12-15,2040-12-16,14.45,0.07389037718549929,0.07391843454378837,0.2805735828907696
2040-12-22,2040-12-23,14.469444444444445,0.07388945949629466,0.07391767510213876,0.28215605844095215
2040-12-29,2040-12-30,14.488888888888889,0.07388852143810354,0.07391688441190739,0.28362973803847114
2041-01-05,2041-01-06,14.508333333333333,0.07388756315816813,0.0739160625015241,0.2849934335596993
2041-01-12,2041-01-13,14.527777777777779,0.07388658480293131,0.07391520939941874,0.2862459648743376
2041-01-19,2041-01-20,14.547222222222222,0.07388558651851618,0.07391432513402113,0.28738615504952936
2041-01-26,2041-01-27,14.566666666666666,0.07388456844992675,0.07391340973376108,0.2884128383433271
2041-02-02,2041-02-03,14.58611111111111,0.07388353074176734,0.07391246322706843,0.28932485301086386
2041-02-09,2041-02-10,14.605555555555556,0.07388247353832256,0.07391148564237301,0.2901210405045762
2041-02-16,2041-02-17,14.625,0.07388139698315754,0.07391047700810464,0.29080024947100713
2041-02-23,2041-02-24,14.644444444444444,0.0738803012187983,0.07390943735269315,0.2913613389485259
2041-03-02,2041-03-03,14.66388888888889,0.07387918638785074,0.07390836670456835,0.2918031671761412
2041-03-09,2041-03-10,14.683333333333334,0.0738780526318017,0.0739072650921601,0.29212460358404857
2041-03-16,2041-03-17,14.702777777777778,0.07387690009197811,0.07390613254389819,0.2923245192007484
2041-03-23,2041-03-24,14.722222222222221,0.07387572890850791,0.0739049690882125,0.2924017970458437
2041-03-30,2041-03-31,14.741666666666667,0.07387453922135911,0.07390377475353278,0.292355321736687
2041-04-06,2041-04-07,14.761111111111111,0.07387333117010009,0.07390254956828894,0.2921839818885441
2041-04-13,2041-04-14,14.780555555555555,0.07387210489310014,0.07390129356091074,0.29188667810597924
2041-04-20,2041-04-21,14.8,0.0738708605287286,0.07390000675982802,0.29146231099425046
2041-04-27,2041-04-28,14.819444444444445,0.0738695982143156,0.07389868919347065,0.29090979155044216
2041-05-04,2041-05-05,14.838888888888889,0.07386831808687155,0.0738973408902684,0.2902280339685259
2041-05-11,2041-05-12,14.858333333333333,0.07386702028252756,0.07389596187865113,0.2894159612357172
2041-05-18,2041-05-19,14.877777777777778,0.07386570493741473,0.07389455218704867,0.28847249633937033
2041-05-25,2041-05-26,14.897222222222222,0.07386437218630526,0.07389311184389082,0.287396575855553
2041-06-01,2041-06-02,14.916666666666666,0.07386302216397134,0.07389164087760744,0.2861871363610269
2041-06-08,2041-06-09,14.936111111111112,0.07386165500446573,0.07389013931662831,0.28484312162582737
2041-06-15,2041-06-16,14.955555555555556,0.07386027084096192,0.0738886071893833,0.2833634842137889
2041-06-22,2041-06-23,14.975,0.07385886980631362,0.07388704452430223,0.28174717988604936
2041-06-29,2041-06-30,14.994444444444444,0.07385745203297489,0.0738854513498149,0.27999316840013333
2041-07-06,2041-07-07,15.01388888888889,0.0738560176523606,0.0738838276943512,0.2781004199059467
2041-07-13,2041-07-14,15.033333333333333,0.0738545667955659,0.07388217358634087,0.27606790774972745
2041-07-20,2041-07-21,15.052777777777777,0.0738530995932063,0.0738804890542138,0.2738946100749873
2041-07-27,2041-07-28,15.072222222222223,0.07385161617501801,0.07387877412639979,0.2715795138177879
2041-08-03,2041-08-04,15.091666666666667,0.07385011667033758,0.07387702883132868,0.2691216099109939
2041-08-10,2041-08-11,15.11111111111111,0.07384860120818182,0.07387525319743028,0.2665198924846346
2041-08-17,2041-08-18,15.130555555555556,0.07384706991628853,0.07387344725313442,0.26377336845892496
2041-08-24,2041-08-25,15.15,0.07384552292303503,0.07387161102687095,0.2608810383591953
2041-08-31,2041-09-01,15.169444444444444,0.07384396035456042,0.0738697445470697,0.2578419250927333
2041-09-07,2041-09-08,15.188888888888888,0.07384238233772322,0.07386784784216044,0.25465504437216513
2041-09-14,2041-09-15,15.208333333333334,0.07384078899842272,0.07386592094057305,0.2513194215032766
2041-09-21,2041-09-22,15.227777777777778,0.07383918046223847,0.07386396402935307,0.24783567114591842
2041-09-28,2041-09-29,15.247222222222222,0.0738375568533911,0.07386198682977184,0.24429976380732632
2041-10-05,2041-10-06,15.266666666666667,0.07383591829634106,0.07385999515009399,0.2407685375292734
2041-10-12,2041-10-13,15.286111111111111,0.0738342649149093,0.07385798909813927,0.23724183229975604
2041-10-19,2041-10-20,15.305555555555555,0.07383259683171772,0.07385596878172722,0.2337195000949588
2041-10-26,2041-10-27,15.325,0.07383091416954812,0.07385393430867761,0.23020139129484307
2041-11-02,2041-11-03,15.344444444444445,0.07382921705038292,0.07385188578681005,0.22668736427131075
2041-11-09,2041-11-10,15.363888888888889,0.07382750559548512,0.07384982332394424,0.22317728459120278
2041-11-16,2041-11-17,15.383333333333333,0.07382577992587791,0.07384774702789981,0.21967102021902551
2041-11-23,2041-11-24,15.402777777777779,0.07382404016138544,0.07384565700649644,0.21616845110997152
2041-11-30,2041-12-01,15.422222222222222,0.07382228642207167,0.07384355336755379,0.21266945482115163
2041-12-07,2041-12-08,15.441666666666666,0.07382051882704133,0.07384143621889153,0.20917391850200362
2041-12-14,2041-12-15,15.46111111111111,0.07381873749459977,0.07383930566832934,0.20568173729570982
2041-12-21,2041-12-22,15.480555555555556,0.07381694254329219,0.07383716182368685,0.20219280394667694
2041-12-28,2041-12-29,15.5,0.07381513409022489,0.07383500479278375,0.19870702558863473
2042-01-04,2042-01-05,15.519444444444444,0.07381331225242427,0.07383283468343972,0.19522431015453479
2042-01-11,2042-01-12,15.53888888888889,0.07381147714627723,0.07383065160347438,0.1917445719715194
2042-01-18,2042-01-19,15.558333333333334,0.07380962888769105,0.07382845566070745,0.18826773016400455
2042-01-25,2042-01-26,15.577777777777778,0.07380776759201346,0.07382624696295853,0.1847937094506813
2042-02-01,2042-02-02,15.597222222222221,0.07380589337379284,0.07382402561804734,0.18132244254495666
2042-02-08,2042-02-09,15.616666666666667,0.07380400634725781,0.07382179173379351,0.1778538653569861
2042-02-15,2042-02-16,15.636111111111111,0.07380210662631725,0.07381954541801673,0.17438791699478373
2042-02-22,2042-02-23,15.655555555555555,0.07380019432392082,0.07381728677853665,0.17092454615827424
2042-03-01,2042-03-02,15.675,0.07379826955261848,0.07381501592317294,0.16746370554460155
2042-03-08,2042-03-09,15.694444444444445,0.07379633242480033,0.07381273295974526,0.1640053494493532
2042-03-15,2042-03-16,15.713888888888889,0.07379438305141761,0.07381043799607329,0.16054944655674586
2042-03-22,2042-03-23,15.733333333333333,0.07379242154398113,0.07380813113997667,0.15709595995533343
2042-03-29,2042-03-30,15.752777777777778,0.07379044801240298,0.0738058124992751,0.15364486872129768
2042-04-05,2042-04-06,15.772222222222222,0.07378846256707483,0.07380348218178821,0.15019614713382423
2042-04-12,2042-04-13,15.791666666666666,0.07378646531718935,0.07380114029533567,0.14674978146320128
2042-04-19,2042-04-20,15.811111111111112,0.07378445637137965,0.07379878694773719,0.14330576357537983
2042-04-26,2042-04-27,15.830555555555556,0.07378243583835875,0.07379642224681236,0.13986408453611765
2042-05-03,2042-05-04,15.85,0.07378040382580053,0.07379404630038089,0.1364247458035539
2042-05-10,2042-05-11,15.869444444444444,0.07377836044073938,0.07379165921626246,0.13298775523085116
2042-05-17,2042-05-18,15.88888888888889,0.07377630579012973,0.07378926110227668,0.1295531214695611
2042-05-24,2042-05-25,15.908333333333333,0.07377423998012667,0.07378685206624327,0.12612086116609023
2042-05-31,2042-06-01,15.927777777777777,0.07377216311656554,0.07378443221598188,0.12269099416345464
2042-06-07,2042-06-08,15.947222222222223,0.07377007530432245,0.07378200165931216,0.11926354989713617
2042-06-14,2042-06-15,15.966666666666667,0.07376797664835344,0.07377956050405378,0.11583855700339485
2042-06-21,2042-06-22,15.98611111111111,0.07376586725289513,0.07377710885802642,0.11241605131287469
2042-06-28,2042-06-29,16.005555555555556,0.07376374722090517,0.07377464682904973,0.1089960814455726
2042-07-05,2042-07-06,16.025,0.07376161665638037,0.07377217452494338,0.10557868563007555
2042-07-12,2042-07-13,16.044444444444444,0.07375947566139907,0.07376969205352703,0.10216392127962437
2042-07-19,2042-07-20,16.06388888888889,0.07375732433803961,0.07376719952262034,0.0987518458073211
2042-07-26,2042-07-27,16.083333333333332,0.07375516278830041,0.07376469704004299,0.09534251742576716
2042-08-02,2042-08-03,16.102777777777778,0.07375299111266109,0.07376218471361465,0.0919360095355537
2042-08-09,2042-08-10,16.122222222222224,0.0737508094120809,0.07375966265115494,0.08853239074041452
2042-08-16,2042-08-17,16.141666666666666,0.0737486177867197,0.0737571309604836,0.08513173763893822
2042-08-23,2042-08-24,16.16111111111111,0.07374641633561829,0.07375458974942023,0.08173413801937368
2042-08-30,2042-08-31,16.180555555555557,0.07374420515813718,0.07375203912578453,0.07833967647349893
2042-09-06,2042-09-07,16.2,0.0737419843532372,0.07374947919739613,0.07494844158933978
2042-09-13,2042-09-14,16.219444444444445,0.0737397540181206,0.07374691007207475,0.07156053954140984
2042-09-20,2042-09-21,16.238888888888887,0.07373751425102881,0.07374433185764,0.06817606611184135
2042-09-27,2042-09-28,16.258333333333333,0.07373526514860451,0.07374174466191158,0.06479513307067197
2042-10-04,2042-10-05,16.27777777777778,0.07373300680757033,0.07373914859270912,0.061417851387884914
2042-10-11,2042-10-12,16.29722222222222,0.07373073932424923,0.07373654375785232,0.05804433603096015
2042-10-18,2042-10-19,16.316666666666666,0.07372846279368517,0.07373393026516084,0.05467471475673058
2042-10-25,2042-10-26,16.336111111111112,0.07372617731124187,0.07373130822245436,0.05130911212486433
2042-11-01,2042-11-02,16.355555555555554,0.07372388297164356,0.07372867773755248,0.047947659089220274
2042-11-08,2042-11-09,16.375,0.07372157986889505,0.07372603891827494,0.04459049379887392
2042-11-15,2042-11-16,16.394444444444446,0.07371926809612184,0.07372339187244133,0.041237763194895694
2042-11-22,2042-11-23,16.413888888888888,0.07371694774732873,0.0737207367078714,0.03788960542663866
2042-11-29,2042-11-30,16.433333333333334,0.07371461891452213,0.07371807353238476,0.034546178626221336
2042-12-06,2042-12-07,16.45277777777778,0.07371228169042787,0.0737154024538011,0.031207633732210915
2042-12-13,2042-12-14,16.47222222222222,0.07370993616617305,0.07371272357994003,0.027874137669831045
2042-12-20,2042-12-21,16.491666666666667,0.07370758243304465,0.07371003701862129,0.02454585576641688
2042-12-27,2042-12-28,16.511111111111113,0.0737052205820099,0.07370734287766452,0.021222956546190774
2043-01-03,2043-01-04,16.530555555555555,0.07370285070323668,0.07370464126488936,0.017905616526842083
2043-01-10,2043-01-11,16.55,0.07370047288641324,0.07370193228811549,0.014594017022501182
2043-01-17,2043-01-18,16.569444444444443,0.0736980872211479,0.07369921605516258,0.011288340146797804
2043-01-24,2043-01-25,16.58888888888889,0.07369569379569008,0.07369649267385031,0.007988781602352724
2043-01-31,2043-02-01,16.608333333333334,0.07369329269892866,0.07369376225199831,0.004695530696485761
2043-02-07,2043-02-08,16.627777777777776,0.07369088401871338,0.07369102489742625,0.001408787128759359
2043-02-14,2043-02-15,16.647222222222222,0.0736884678420946,0.07368828071795383,-0.001871241407658264
2043-02-21,2043-02-22,16.666666666666668,0.07368604425628256,0.07368552982140068,-0.005144348818736377
2043-02-28,2043-03-01,16.68611111111111,0.07368361334808782,0.07368277231558648,-0.008410325013363806
2043-03-07,2043-03-08,16.705555555555556,0.07368117520272222,0.0736800083083309,-0.011668943913217822
2043-03-14,2043-03-15,16.725,0.07367872990659663,0.07367723790745358,-0.014919991430523138
2043-03-21,2043-03-22,16.744444444444444,0.07367627754444328,0.07367446122077421,-0.018163236690654783
2043-03-28,2043-03-29,16.76388888888889,0.07367381820091445,0.07367167835611245,-0.021398448020043537
2043-04-04,2043-04-05,16.783333333333335,0.07367135196026275,0.07366888942128796,-0.02462538974790096
2043-04-11,2043-04-12,16.802777777777777,0.07366887890626117,0.07366609452412042,-0.027843821407552705
2043-04-18,2043-04-19,16.822222222222223,0.0736663991220432,0.07366329377242946,-0.031053496137439796
2043-04-25,2043-04-26,16.841666666666665,0.07366391269066241,0.07366048727403476,-0.034254166276503906
2043-05-02,2043-05-03,16.86111111111111,0.07366141969445295,0.07365767513675602,-0.03744557696930273
2043-05-09,2043-05-10,16.880555555555556,0.07365892021510945,0.07365485746841285,-0.040627466965925674
2043-05-16,2043-05-17,16.9,0.0736564143344065,0.07365203437682495,-0.043799575815545166
2043-05-23,2043-05-24,16.919444444444444,0.07365390213331935,0.07364920596981199,-0.04696163507358908
2043-05-30,2043-05-31,16.93888888888889,0.07365138369226365,0.07364637235519361,-0.05011337070037758
2043-06-06,2043-06-07,16.958333333333332,0.07364885909189489,0.07364353364078949,-0.053254511054035
2043-06-13,2043-06-14,16.977777777777778,0.07364632841110996,0.07364068993441929,-0.05638476690675298
2043-06-20,2043-06-21,16.997222222222224,0.07364379172992486,0.07363784134390267,-0.05950386022191001
2043-06-27,2043-06-28,17.016666666666666,0.07364124912707659,0.07363498797705932,-0.06261150017269901
2043-07-04,2043-07-05,17.03611111111111,0.07363870068042289,0.07363212994170884,-0.06570738714045676
2043-07-11,2043-07-12,17.055555555555557,0.07363614646846095,0.07362926734567099,-0.06879122789960057
2043-07-18,2043-07-19,17.075,0.07363358656848895,0.07362640029676537,-0.0718627172358044
2043-07-25,2043-07-26,17.094444444444445,0.07363102105772512,0.07362352890281167,-0.07492154913454896
2043-08-01,2043-08-02,17.113888888888887,0.07362845001258833,0.07362065327162952,-0.07796740958812554
2043-08-08,2043-08-09,17.133333333333333,0.0736258735098172,0.07361777351103863,-0.0809999877857126
2043-08-15,2043-08-16,17.15277777777778,0.07362329162447168,0.07361488972885864,-0.08401895613033283
2043-08-22,2043-08-23,17.17222222222222,0.0736207044326509,0.07361200203290923,-0.08702399741669642
2043-08-29,2043-08-30,17.191666666666666,0.0736181120089352,0.07360911053101003,-0.09001477925166257
2043-09-05,2043-09-06,17.211111111111112,0.07361551442790493,0.07360621533098075,-0.09299096924181294
2043-09-12,2043-09-13,17.230555555555554,0.0736129117636608,0.07360331654064103,-0.09595223019770449
2043-09-19,2043-09-20,17.25,0.07361030408982394,0.07360041426781057,-0.09889822013373073
2043-09-26,2043-09-27,17.269444444444446,0.07360769148001545,0.07359750862030896,-0.10182859706484026
2043-10-03,2043-10-04,17.288888888888888,0.07360507400673733,0.07359459970595593,-0.10474300781396217
2043-10-10,2043-10-11,17.308333333333334,0.07360245174233171,0.07359168763257111,-0.10764109760599827
2043-10-17,2043-10-18,17.32777777777778,0.07359982475914073,0.07358877250797421,-0.11052251166515648
2043-10-24,2043-10-25,17.34722222222222,0.07359719312854729,0.07358585443998485,-0.113386885624428
2043-10-31,2043-11-01,17.366666666666667,0.07359455692185435,0.07358293353642273,-0.11623385431619448
2043-11-07,2043-11-08,17.386111111111113,0.07359191620980532,0.07358000990510746,-0.11906304697856251
2043-11-14,2043-11-15,17.405555555555555,0.0735892710629038,0.07357708365385875,-0.1218740904505855
2043-11-21,2043-11-22,17.425,0.07358662155085405,0.07357415489049626,-0.12466660357784987
2043-11-28,2043-11-29,17.444444444444443,0.07358396774352016,0.07357122372283965,-0.1274402068050795
2043-12-05,2043-12-06,17.46388888888889,0.07358130970956722,0.07356829025870859,-0.1301945085863121
2043-12-12,2043-12-13,17.483333333333334,0.07357864751837973,0.07356535460592273,-0.1329291245699693
2043-12-19,2043-12-20,17.502777777777776,0.07357598123814313,0.07356241687230176,-0.13564365841364778
2043-12-26,2043-12-27,17.522222222222222,0.07357331093656327,0.07355947716566533,-0.13833770897947462
2044-01-02,2044-01-03,17.541666666666668,0.07357063668118613,0.07355653559383309,-0.1410108735304394
2044-01-09,2044-01-10,17.56111111111111,0.07356795853955767,0.07355359226462471,-0.1436627493295317
2044-01-16,2044-01-17,17.580555555555556,0.07356527657802481,0.07355064728585989,-0.14629292164919372
2044-01-23,2044-01-24,17.6,0.07356259086309436,0.07354770076535826,-0.14890097736100505
2044-01-30,2044-01-31,17.619444444444444,0.07355990146095337,0.07354475281093949,-0.15148650013882548
2044-02-06,2044-02-07,17.63888888888889,0.0735572084369096,0.07354180353042326,-0.15404906486340963
2044-02-13,2044-02-14,17.658333333333335,0.07355451185627082,0.07353885303162921,-0.15658824641606728
2044-02-20,2044-02-21,17.677777777777777,0.07355181178386516,0.07353590142237705,-0.15910361488111202
2044-02-27,2044-02-28,17.697222222222223,0.07354910828388128,0.07353294881048637,-0.16159473394908308
2044-03-05,2044-03-06,17.716666666666665,0.07354640142106739,0.07352999530377692,-0.16406117290465594
2044-03-12,2044-03-13,17.73611111111111,0.07354369125817328,0.07352704101006828,-0.1665024810500182
2044-03-19,2044-03-20,17.755555555555556,0.07354097785906788,0.0735240860371802,-0.1689182188767402
2044-03-26,2044-03-27,17.775,0.07353826128658092,0.0735211304929323,-0.17130793648623133
2044-04-02,2044-04-03,17.794444444444444,0.07353554160282272,0.07351817448514425,-0.17367117678468436
2044-04-09,2044-04-10,17.81388888888889,0.07353281887038321,0.07351521812163568,-0.17600748747528816
2044-04-16,2044-04-17,17.833333333333332,0.07353009315081316,0.07351226151022631,-0.1783164058684339
2044-04-23,2044-04-24,17.852777777777778,0.07352736450558339,0.07350930475873578,-0.18059746847612357
2044-04-30,2044-05-01,17.872222222222224,0.07352463299552525,0.07350634797498377,-0.1828502054147807
2044-05-07,2044-05-08,17.891666666666666,0.0735218986819497,0.07350339126678994,-0.18507415159754737
2044-05-14,2044-05-15,17.91111111111111,0.07351916162384953,0.07350043474197393,-0.18726881875597012
2044-05-21,2044-05-22,17.930555555555557,0.07351642188221597,0.07349747850835543,-0.1894337386053324
2044-05-28,2044-05-29,17.95,0.07351367951628163,0.0734945226737541,-0.19156842527526252
2044-06-04,2044-06-05,17.969444444444445,0.07351093458487945,0.07349156734598959,-0.19367238889858585
2044-06-11,2044-06-12,17.988888888888887,0.07350818714748186,0.07348861263288162,-0.1957451460024573
2044-06-18,2044-06-19,18.008333333333333,0.0735054372620425,0.07348565864224976,-0.1977861979274298
2044-06-25,2044-06-26,18.02777777777778,0.07350268498675483,0.07348270548191377,-0.19979504841061146
2044-07-02,2044-07-03,18.04722222222222,0.07349993037925273,0.07347975325969325,-0.20177119559483536
2044-07-09,2044-07-10,18.066666666666666,0.07349717349701024,0.0734768020834079,-0.20371413602338073
2044-07-16,2044-07-17,18.086111111111112,0.07349441439710169,0.07347385206087736,-0.20562336224327904
2044-07-23,2044-07-24,18.105555555555554,0.07349165313604189,0.07347090329992134,-0.2074983612054826
2044-07-30,2044-07-31,18.125,0.07348888976994594,0.07346795590835943,-0.20933861586511227
2044-08-06,2044-08-07,18.144444444444446,0.07348612435508883,0.07346500999401138,-0.21114361077448351
2044-08-13,2044-08-14,18.163888888888888,0.07348335694702612,0.07346206566469679,-0.21291282329333194
2044-08-20,2044-08-21,18.183333333333334,0.07348058760067389,0.07345912302823536,-0.21464572438525953
2044-08-27,2044-08-28,18.20277777777778,0.07347781637126793,0.07345618219244672,-0.21634178821214323
2044-09-03,2044-09-04,18.22222222222222,0.0734750433134046,0.07345324326515058,-0.2180004825401427
2044-09-10,2044-09-11,18.241666666666667,0.07347226848064103,0.07345030635416656,-0.21962126474470156
2044-09-17,2044-09-18,18.261111111111113,0.07346949192749364,0.07344737156731439,-0.2212036017924801
2044-09-24,2044-09-25,18.280555555555555,0.0734667137075995,0.07344443901241365,-0.2227469518584213
2044-10-01,2044-10-02,18.3,0.0734639338732368,0.07344150879728406,-0.22425075952736684
2044-10-08,2044-10-09,18.319444444444443,0.07346115247828244,0.07343858102974526,-0.2257144853717863
2044-10-15,2044-10-16,18.33888888888889,0.07345836957413532,0.07343565581761698,-0.2271375651834162
2044-10-22,2044-10-23,18.358333333333334,0.07345558521387296,0.07343273326871878,-0.2285194515418143
2044-10-29,2044-10-30,18.377777777777776,0.07345279944913408,0.07342981349087041,-0.22985958263666006
2044-11-05,2044-11-06,18.397222222222222,0.07345001233091786,0.07342689659189149,-0.23115739026371984
2044-11-12,2044-11-13,18.416666666666668,0.07344722391054326,0.0734239826796017,-0.23241230941564717
2044-11-19,2044-11-20,18.43611111111111,0.07344443423932923,0.07342107186182069,-0.23362377508537313
2044-11-26,2044-11-27,18.455555555555556,0.07344164336707593,0.07341816424636816,-0.2347912070777003
2044-12-03,2044-12-04,18.475,0.07343885134430295,0.07341525994106372,-0.23591403239223152
2044-12-10,2044-12-11,18.494444444444444,0.07343605822097032,0.07341235905372709,-0.23699167243235175
2044-12-17,2044-12-18,18.51388888888889,0.07343326404631867,0.07340946169217792,-0.23802354140747828
2044-12-24,2044-12-25,18.533333333333335,0.07343046886942872,0.07340656796423585,-0.23900905192872357
2044-12-31,2045-01-01,18.552777777777777,0.07342767273938122,0.07340367797772056,-0.239947616606645
2045-01-07,2045-01-08,18.572222222222223,0.07342487570453748,0.07340079184045173,-0.2408386408575547
2045-01-14,2045-01-15,18.591666666666665,0.07342207781349863,0.07339790966024902,-0.24168153249612412
2045-01-21,2045-01-22,18.61111111111111,0.07341927911342694,0.07339503154493206,-0.2424756849488119
2045-01-28,2045-01-29,18.630555555555556,0.07341647965244391,0.07339215760232055,-0.24322050123357086
2045-02-04,2045-02-05,18.65,0.07341367947779176,0.07338928794023417,-0.24391537557594267
2045-02-11,2045-02-12,18.669444444444444,0.07341087863591333,0.07338642266649253,-0.24455969420800194
2045-02-18,2045-02-19,18.68888888888889,0.07340807717421072,0.07338356188891534,-0.2451528529537339
2045-02-25,2045-02-26,18.708333333333332,0.0734052751385672,0.07338070571532226,-0.24569423244941158
2045-03-04,2045-03-05,18.727777777777778,0.07340247257462629,0.07337785425353294,-0.24618321093350382
2045-03-11,2045-03-12,18.747222222222224,0.07339966952867094,0.07337500761136706,-0.24661917303880898
2045-03-18,2045-03-19,18.766666666666666,0.07339686604602491,0.07337216589664426,-0.2470014938064924
2045-03-25,2045-03-26,18.78611111111111,0.07339406217113265,0.07336932921718425,-0.24732953948392034
2045-04-01,2045-04-02,18.805555555555557,0.07339125794947776,0.07336649768080662,-0.24760268671139563
2045-04-08,2045-04-09,18.825,0.07338845342534484,0.07336367139533113,-0.2478203001370083
2045-04-15,2045-04-16,18.844444444444445,0.07338564864261876,0.07336085046857738,-0.24798174041384957
2045-04-22,2045-04-23,18.863888888888887,0.07338284364558412,0.07335803500836506,-0.24808637219056462
2045-04-29,2045-04-30,18.883333333333333,0.07338003847716656,0.0733552251225138,-0.2481335465276402
2045-05-06,2045-05-07,18.90277777777778,0.07337723318117106,0.07335242091884332,-0.24812262327741919
2045-05-13,2045-05-14,18.92222222222222,0.07337442780052328,0.07334962250517323,-0.24805295350052714
2045-05-20,2045-05-21,18.941666666666666,0.07337162237758932,0.07334682998932325,-0.24792388266067777
2045-05-27,2045-05-28,18.961111111111112,0.07336881695489517,0.073344043479113,-0.24773475782169374
2045-06-03,2045-06-04,18.980555555555554,0.07336601157448719,0.07334126308236215,-0.24748492125040156
2045-06-10,2045-06-11,19.0,0.07336320627825188,0.07333848890689039,-0.2471737136149066
2045-06-17,2045-06-18,19.019444444444446,0.07336040110743625,0.07333572106051736,-0.2468004691888459
2045-06-24,2045-06-25,19.038888888888888,0.07335759610344716,0.07333295965106275,-0.2463645238441614
2045-07-01,2045-07-02,19.058333333333334,0.07335479130729183,0.07333020478634622,-0.24586520945613088
2045-07-08,2045-07-09,19.07777777777778,0.07335198675909815,0.0733274565741874,-0.2453018491074821
2045-07-15,2045-07-16,19.09722222222222,0.07334918249971345,0.07332471512240601,-0.24467377307435534
2045-07-22,2045-07-23,19.116666666666667,0.07334637856894588,0.07332198053882166,-0.24398030124217485
2045-07-29,2045-07-30,19.136111111111113,0.07334357500668354,0.07331925293125405,-0.24322075429489276
2045-08-05,2045-08-06,19.155555555555555,0.07334077185225496,0.07331653240752282,-0.2423944473213535
2045-08-12,2045-08-13,19.175,0.07333796914498869,0.07331381907544768,-0.24150069541012398
2045-08-19,2045-08-20,19.194444444444443,0.07333516692365372,0.07331111304284825,-0.24053880805466332
2045-08-26,2045-08-27,19.21388888888889,0.07333236522693909,0.07330841441754422,-0.2395080939486538
2045-09-02,2045-09-03,19.233333333333334,0.07332956409329405,0.07330572330735523,-0.23840785938825104
2045-09-09,2045-09-10,19.252777777777776,0.07332676356092804,0.07330303982010097,-0.23723740827069628
2045-09-16,2045-09-17,19.272222222222222,0.07332396366741101,0.07330036406360109,-0.2359960380991788
2045-09-23,2045-09-24,19.291666666666668,0.07332116445031289,0.07329769614567527,-0.23468304637619397
2045-09-30,2045-10-01,19.31111111111111,0.07331836594696384,0.07329503617414315,-0.23329772820684935
2045-10-07,2045-10-08,19.330555555555556,0.07331556819421436,0.07329238425682444,-0.23183937389925635
2045-10-14,2045-10-15,19.35,0.0733127712291548,0.07328974050153876,-0.23030727616044078
2045-10-21,2045-10-22,19.369444444444444,0.07330997508791626,0.07328710501610579,-0.22870071810468517
2045-10-28,2045-10-29,19.38888888888889,0.07330717980662982,0.07328447790834518,-0.22701898284641087
2045-11-04,2045-11-05,19.408333333333335,0.07330438542134665,0.07328185928607663,-0.22526135270026226
2045-11-11,2045-11-12,19.427777777777777,0.07330159196787811,0.07327924925711979,-0.22342710758321838
2045-11-18,2045-11-19,19.447222222222223,0.07329879948155593,0.0732766479292943,-0.2215155226163723
2045-11-25,2045-11-26,19.466666666666665,0.07329600799731217,0.07327405541041984,-0.21952586892332038
2045-12-02,2045-12-03,19.48611111111111,0.07329321755007889,0.0732714718083161,-0.21745741762793647
2045-12-09,2045-12-10,19.505555555555556,0.07329042817454834,0.07326889723080274,-0.21530943745601272
2045-12-16,2045-12-17,19.525,0.07328763990509302,0.07326633178569937,-0.21308119393645408
2045-12-23,2045-12-24,19.544444444444444,0.07328485277560581,0.07326377558082572,-0.2107719478008918
2045-12-30,2045-12-31,19.56388888888889,0.07328206682021943,0.07326122872400143,-0.20838096218001034
2046-01-06,2046-01-07,19.583333333333332,0.07327928207242707,0.07325869132304615,-0.20590749380919315
2046-01-13,2046-01-14,19.602777777777778,0.07327649856548213,0.07325616348577957,-0.2033507970256032
2046-01-20,2046-01-21,19.622222222222224,0.07327371633231827,0.07325364532002133,-0.2007101229693775
2046-01-27,2046-01-28,19.641666666666666,0.07327093540594909,0.07325113693359113,-0.1979847235795973
2046-02-03,2046-02-04,19.66111111111111,0.07326815581874868,0.0732486384343086,-0.19517384440087548
2046-02-10,2046-02-11,19.680555555555557,0.07326537760357077,0.07324614992999343,-0.1922767357734334
2046-02-17,2046-02-18,19.7,0.07326260079191016,0.07324367152846527,-0.18929263444891764
2046-02-24,2046-02-25,19.719444444444445,0.07325982541574128,0.07324120333754379,-0.1862207819748607
2046-03-03,2046-03-04,19.738888888888887,0.0732570515067188,0.07323874546504865,-0.18306041670149154
2046-03-10,2046-03-11,19.758333333333333,0.07325427909625759,0.07323629801879954,-0.17981077458054107
2046-03-17,2046-03-18,19.77777777777778,0.07325150821537285,0.07323386110661606,-0.17647108756790875
2046-03-24,2046-03-25,19.79722222222222,0.07324873889468009,0.07323143483631797,-0.1730405836211646
2046-03-31,2046-04-01,19.816666666666666,0.07324597116527443,0.07322901931572484,-0.1695184954958462
2046-04-07,2046-04-08,19.836111111111112,0.07324320505697202,0.07322661465265641,-0.16590404315605656
2046-04-14,2046-04-15,19.855555555555554,0.0732404406004683,0.07322422095493229,-0.16219645536011407
2046-04-21,2046-04-22,19.875,0.07323767782517976,0.07322183833037221,-0.15839494807545762
2046-04-28,2046-04-29,19.894444444444446,0.0732349167610824,0.07321946688679574,-0.15449874286657672
2046-05-05,2046-05-06,19.913888888888888,0.0732321574375927,0.07321710673202265,-0.15050705570049394
2046-05-12,2046-05-13,19.933333333333334,0.07322939988356758,0.07321475797387253,-0.14641909695051192
2046-05-19,2046-05-20,19.95277777777778,0.07322664412826363,0.07321242072016507,-0.14223408098562595
2046-05-26,2046-05-27,19.97222222222222,0.0732238902006177,0.07321009507871992,-0.13795121897780538
2046-06-02,2046-06-03,19.991666666666667,0.07322113812820774,0.07320778115735678,-0.13356970850961214
2046-06-09,2046-06-10,20.011111111111113,0.07321838794045021,0.07320547906389528,-0.1290887655493178
2046-06-16,2046-06-17,20.030555555555555,0.07321563966476319,0.0732031889061551,-0.12450758608090196
2046-06-23,2046-06-24,20.05,0.07321289332888448,0.07320091079195593,-0.11982536928550891
2046-06-30,2046-07-01,20.069444444444443,0.07321014896063183,0.07319864482911738,-0.11504131514447624
2046-07-07,2046-07-08,20.08888888888889,0.0732074065871835,0.07319639112545914,-0.11015461724356301
2046-07-14,2046-07-15,20.108333333333334,0.07320466623571775,0.0731941497888009,-0.10516446916852829
2046-07-21,2046-07-22,20.127777777777776,0.07320192793349278,0.07319192092696228,-0.10007006530504681
2046-07-28,2046-07-29,20.147222222222222,0.07319919170672762,0.073189704647763,-0.09487058964613437
2046-08-04,2046-08-05,20.166666666666668,0.07319645758180116,0.07318750105902266,-0.08956522778491571
2046-08-11,2046-08-12,20.18611111111111,0.07319372558565185,0.07318531026856098,-0.08415317090865182
2046-08-18,2046-08-19,20.205555555555556,0.07319099574361942,0.07318313238419759,-0.07863359421836358
2046-08-25,2046-08-26,20.225,0.0731882680816831,0.07318096751375218,-0.0730056793092626
2046-09-01,2046-09-02,20.244444444444444,0.07318554262566224,0.07317881576504438,-0.06726860617853325
2046-09-08,2046-09-09,20.26388888888889,0.07318281940073668,0.0731766772458939,-0.06142154842778136
2046-09-15,2046-09-16,20.283333333333335,0.07318009843232609,0.07317455206412038,-0.05546368205711083
2046-09-22,2046-09-23,20.302777777777777,0.07317737974497085,0.0731724395765552,-0.04940168415651369
2046-09-29,2046-09-30,20.322222222222223,0.07317466336353107,0.07317032691705236,-0.043364464787087886
2046-10-06,2046-10-07,20.341666666666665,0.0731719493129468,0.0731682094352688,-0.03739877677988446
2046-10-13,2046-10-14,20.36111111111111,0.0731692376168791,0.07316608716854522,-0.031504483338773426
2046-10-20,2046-10-21,20.380555555555556,0.0731665282999483,0.07316396015422229,-0.025681457260090523
2046-10-27,2046-10-28,20.4,0.07316382138597533,0.07316182842964064,-0.01992956334684326
2046-11-03,2046-11-04,20.419444444444444,0.07316111689822158,0.073159692032141,-0.014248660805821212
2046-11-10,2046-11-11,20.43888888888889,0.07315841486074781,0.07315755099906399,-0.0086386168382524
2046-11-17,2046-11-18,20.458333333333332,0.07315571529681542,0.07315540536775028,-0.0030992906513427343
2046-11-24,2046-11-25,20.477777777777778,0.07315301822888642,0.07315325517554058,0.002369466541585208
2046-12-01,2046-12-02,20.497222222222224,0.07315032368062191,0.07315110045977553,0.007767791536245072
2046-12-08,2046-12-09,20.516666666666666,0.0731476316742441,0.07314894125779581,0.01309583551711846
2046-12-15,2046-12-16,20.53611111111111,0.07314494223213508,0.07314677760694208,0.018353748069965814
2046-12-22,2046-12-23,20.555555555555557,0.07314225537691676,0.07314460954455501,0.023541676382465848
2046-12-29,2046-12-30,20.575,0.07313957113057157,0.07314243710797527,0.028659774037043118
2047-01-05,2047-01-06,20.594444444444445,0.07313688951492203,0.07314026033454352,0.03370819621484333
2047-01-12,2047-01-13,20.613888888888887,0.07313421055163083,0.07313807926160046,0.038687099696288474
2047-01-19,2047-01-20,20.633333333333333,0.07313153426212082,0.07313589392648674,0.04359664365918836
2047-01-26,2047-01-27,20.65277777777778,0.07312886066781488,0.073133704366543,0.04843698728121404
2047-02-02,2047-02-03,20.67222222222222,0.07312618978981611,0.07313151061910995,0.05320829293845031
2047-02-09,2047-02-10,20.691666666666666,0.07312352164882796,0.07312931272152826,0.05791072700295219
2047-02-16,2047-02-17,20.711111111111112,0.07312085626603348,0.07312711071113857,0.0625444510508888
2047-02-23,2047-02-24,20.730555555555554,0.07311819366173644,0.07312490462528157,0.06710963545125681
2047-03-02,2047-03-03,20.75,0.07311553385592084,0.07312269450129794,0.07160645377091157
2047-03-09,2047-03-10,20.769444444444446,0.07311287686913026,0.0731204803765283,0.0760350739803517
2047-03-16,2047-03-17,20.788888888888888,0.07311022272142864,0.07311826228831336,0.08039566884721072
2047-03-23,2047-03-24,20.808333333333334,0.07310757143208058,0.0731160402739938,0.08468841913217284
2047-03-30,2047-03-31,20.82777777777778,0.07310492302115001,0.07311381437091025,0.08891349760231648
2047-04-06,2047-04-07,20.84722222222222,0.07310227750814136,0.07311158461640342,0.09307108262066044
2047-04-13,2047-04-14,20.866666666666667,0.0730996349116797,0.07310935104781392,0.09716136134221842
2047-04-20,2047-04-21,20.886111111111113,0.07309699525134938,0.07310711370248248,0.10118451133092621
2047-04-27,2047-04-28,20.905555555555555,0.07309435854593538,0.07310487261774978,0.1051407181440478
2047-05-04,2047-05-05,20.925,0.07309172481358317,0.07310262783095642,0.1090301737324828
2047-05-11,2047-05-12,20.944444444444443,0.07308909407363728,0.0731003793794431,0.11285305805810997
2047-05-18,2047-05-19,20.96388888888889,0.07308646634376359,0.0730981273005505,0.11660956786910259
2047-05-25,2047-05-26,20.983333333333334,0.07308384164234738,0.07309587163161928,0.12029989271897246
2047-06-01,2047-06-02,21.002777777777776,0.07308121998785388,0.07309361240999013,0.12392422136242587
2047-06-08,2047-06-09,21.022222222222222,0.0730786013969098,0.07309134967300367,0.12748276093862976
2047-06-15,2047-06-16,21.041666666666668,0.07307598588814024,0.07308908345800062,0.13097569860384684
2047-06-22,2047-06-23,21.06111111111111,0.07307337347873144,0.07308681380232164,0.13440323590199754
2047-06-29,2047-06-30,21.080555555555556,0.07307076418554992,0.07308454074330738,0.1377655775745834
2047-07-06,2047-07-07,21.1,0.07306815802634148,0.0730822643182985,0.1410629195702784
2047-07-13,2047-07-14,21.119444444444444,0.07306555501781276,0.07307998456463571,0.14429546822958272
2047-07-20,2047-07-21,21.13888888888889,0.07306295517643058,0.07307770151965964,0.14746343229066206
2047-07-27,2047-07-28,21.158333333333335,0.07306035851890158,0.07307541522071098,0.15056701809401662
2047-08-03,2047-08-04,21.177777777777777,0.0730577650619324,0.07307312570513039,0.15360643197986912
2047-08-10,2047-08-11,21.197222222222223,0.07305517482143031,0.07307083301025855,0.15658188828232555
2047-08-17,2047-08-18,21.216666666666665,0.07305258781378221,0.07306853717343612,0.15949359653905093
2047-08-24,2047-08-25,21.23611111111111,0.07305000405449569,0.07306623823200378,0.16234177508095415
2047-08-31,2047-09-01,21.255555555555556,0.07304742355995764,0.07306393622330218,0.16512663344542267
2047-09-07,2047-09-08,21.275,0.07304484634527597,0.073061631184672,0.16784839396030704
2047-09-14,2047-09-15,21.294444444444444,0.07304227242595829,0.07305932315345391,0.17050727495623863
2047-09-21,2047-09-22,21.31388888888889,0.07303970181743225,0.0730570121669886,0.17310349556348692
2047-09-28,2047-09-29,21.333333333333332,0.07303713453456595,0.07305469826261667,0.17563728050715155
2047-10-05,2047-10-06,21.352777777777778,0.07303457059246732,0.07305238147767887,0.17810885211549943
2047-10-12,2047-10-13,21.372222222222224,0.07303201000592452,0.07305006184951582,0.18051843591299077
2047-10-19,2047-10-20,21.391666666666666,0.07302945278972572,0.0730477394154682,0.1828662574247797
2047-10-26,2047-10-27,21.41111111111111,0.0730268989577798,0.0730454142128767,0.18515255096898664
2047-11-02,2047-11-03,21.430555555555557,0.07302434852511475,0.07304308627908199,0.18737753967240645
2047-11-09,2047-11-10,21.45,0.07302180150571935,0.07304075565142469,0.18954145705338266
2047-11-16,2047-11-17,21.469444444444445,0.07301925791286301,0.0730384223672455,0.19164454382492035
2047-11-23,2047-11-24,21.488888888888887,0.07301671776141383,0.07303608646388511,0.19368702471281307
2047-11-30,2047-12-01,21.508333333333333,0.07301418106464119,0.07303374797868414,0.19566914042951078
2047-12-07,2047-12-08,21.52777777777778,0.07301164783597436,0.07303140694898333,0.19759113008971374
2047-12-14,2047-12-15,21.54722222222222,0.07300911808900246,0.07302906341212327,0.19945323120815206
2047-12-21,2047-12-22,21.566666666666666,0.073006591836835,0.07302671740544471,0.2012556860971071
2047-12-28,2047-12-29,21.586111111111112,0.07300406909274137,0.07302436896628825,0.20299873546875125
2048-01-04,2048-01-05,21.605555555555554,0.07300154986959129,0.07302201813199458,0.2046826240328925
2048-01-11,2048-01-12,21.625,0.07299903418001463,0.07301966493990436,0.20630759889728179
2048-01-18,2048-01-19,21.644444444444446,0.07299652203688112,0.0730173094273583,0.20787390477186585
2048-01-25,2048-01-26,21.663888888888888,0.07299401345290057,0.07301495163169702,0.20938178796447993
2048-02-01,2048-02-02,21.683333333333334,0.0729915084395838,0.07301259159026124,0.21083150677447815
2048-02-08,2048-02-09,21.70277777777778,0.0729890070100403,0.07301022934039157,0.2122233035127541
2048-02-15,2048-02-16,21.72222222222222,0.07298650917626048,0.07300786491942873,0.2135574316824984
2048-02-22,2048-02-23,21.741666666666667,0.07298401494959528,0.07300549836471337,0.21483415118095373
2048-02-29,2048-03-01,21.761111111111113,0.07298152434219496,0.07300312971358613,0.21605371391175687
2048-03-07,2048-03-08,21.780555555555555,0.07297903736604994,0.07300075900338775,0.21721637337809852
2048-03-14,2048-03-15,21.8,0.07297655403187164,0.07299838627145881,0.21832239587168956
2048-03-21,2048-03-22,21.819444444444443,0.07297407435165049,0.07299601155514006,0.21937203489572066
2048-03-28,2048-03-29,21.83888888888889,0.07297159833641764,0.07299363489177212,0.22036555354473797
2048-04-04,2048-04-05,21.858333333333334,0.07296912599728422,0.07299125631869567,0.22130321411448217
2048-04-11,2048-04-12,21.877777777777776,0.07296665734512153,0.07298887587325138,0.22218528129849813
2048-04-18,2048-04-19,21.897222222222222,0.07296419239088081,0.07298649359277995,0.22301201899138645
2048-04-25,2048-04-26,21.916666666666668,0.07296173114519355,0.07298410951462199,0.2237836942843574
2048-05-02,2048-05-03,21.93611111111111,0.07295927361869126,0.07298172367611822,0.2245005742695927
2048-05-09,2048-05-10,21.955555555555556,0.07295681982136593,0.07297933611460927,0.22516293243346475
2048-05-16,2048-05-17,21.975,0.072954369763929,0.07297694686743583,0.22577103506837837
2048-05-23,2048-05-24,21.994444444444444,0.07295192345669221,0.07297455597193858,0.22632515246368
2048-05-30,2048-05-31,22.01388888888889,0.07294948090892817,0.07297216346545818,0.2268255653001261
2048-06-06,2048-06-07,22.033333333333335,0.07294704213126835,0.07296976938533527,0.22727254066920444
2048-06-13,2048-06-14,22.052777777777777,0.07294460713314521,0.07296737376891056,0.2276663576535054
2048-06-20,2048-06-21,22.072222222222223,0.07294217592423102,0.07296497665352471,0.22800729293684374
2048-06-27,2048-06-28,22.091666666666665,0.0729397485138783,0.07296257807651838,0.22829562640075407
2048-07-04,2048-07-05,22.11111111111111,0.07293732491159943,0.07296017807523224,0.22853163632804985
2048-07-11,2048-07-12,22.130555555555556,0.07293490512658707,0.07295777668700695,0.22871560419884807
2048-07-18,2048-07-19,22.15,0.07293248916803385,0.07295537394918322,0.22884781149368205
2048-07-25,2048-07-26,22.169444444444444,0.07293007704481269,0.07295296989910166,0.22892854288969477
2048-08-01,2048-08-02,22.18888888888889,0.07292766876595635,0.07295056457410297,0.22895808146614072
2048-08-08,2048-08-09,22.208333333333332,0.072925264340018,0.07294815801152783,0.22893671509829905
2048-08-15,2048-08-16,22.227777777777778,0.0729228637755508,0.0729457502487169,0.2288647316610326
2048-08-22,2048-08-23,22.247222222222224,0.07292046708126776,0.07294334132301085,0.2287424174308994
2048-08-29,2048-08-30,22.266666666666666,0.07291807426548225,0.07294093127175033,0.228570062680844
2048-09-05,2048-09-06,22.28611111111111,0.07291568533650761,0.07293852013227603,0.22834795768422733
2048-09-12,2048-09-13,22.305555555555557,0.07291330030217757,0.07293610794192862,0.22807639751043496
2048-09-19,2048-09-20,22.325,0.07291091917088544,0.07293369473804874,0.22775567163305088
2048-09-26,2048-09-27,22.344444444444445,0.07290854195038499,0.0729312805579771,0.22738607592109883
2048-10-03,2048-10-04,22.363888888888887,0.07290616864811028,0.07292886543905434,0.2269679094406285
2048-10-10,2048-10-11,22.383333333333333,0.07290379927205493,0.07292644941862116,0.22650146566230434
2048-10-17,2048-10-18,22.40277777777778,0.07290143382973291,0.07292403253401818,0.22598704285267668
2048-10-24,2048-10-25,22.42222222222222,0.07289907232857828,0.07292161482258613,0.22542494007848912
2048-10-31,2048-11-01,22.441666666666666,0.07289671477586523,0.07291919632166563,0.2248154580039574
2048-11-07,2048-11-08,22.461111111111112,0.07289436117886794,0.07291677706859735,0.22415889729412997
2048-11-14,2048-11-15,22.480555555555554,0.07289201154438096,0.07291435710072201,0.22345556341049622
2048-11-21,2048-11-22,22.5,0.07288966587975843,0.0729119364553802,0.22270575621777255
2048-11-28,2048-11-29,22.519444444444446,0.07288732419147514,0.07290951516991266,0.22190978437516828
2048-12-05,2048-12-06,22.538888888888888,0.07288498648664543,0.07290709328166005,0.22106795014617542
2048-12-12,2048-12-13,22.558333333333334,0.0728826527715043,0.072904670827963,0.22018056458697477
2048-12-19,2048-12-20,22.57777777777778,0.07288032305276637,0.07290224784616221,0.21924793395841635
2048-12-26,2048-12-27,22.59722222222222,0.07287799733722622,0.07289982437359832,0.21827036372101816
2049-01-02,2049-01-03,22.616666666666667,0.07287567563023956,0.07289740044761205,0.2172481737248988
2049-01-09,2049-01-10,22.636111111111113,0.07287335793876082,0.072894976105544,0.2161816678318551
2049-01-16,2049-01-17,22.655555555555555,0.07287104426886515,0.07289255138473491,0.21507115869762172
2049-01-23,2049-01-24,22.675,0.07286873462614807,0.07289012632252541,0.21391696377340286
2049-01-30,2049-01-31,22.694444444444443,0.07286642901668472,0.07288770095625617,0.2127193957145168
2049-02-06,2049-02-07,22.71388888888889,0.07286412744599069,0.07288527532326787,0.21147877277180593
2049-02-13,2049-02-14,22.733333333333334,0.07286182992014112,0.07288284946090118,0.21019540760058852
2049-02-20,2049-02-21,22.752777777777776,0.07285953644457166,0.07288042340649674,0.20886961925078995
2049-02-27,2049-02-28,22.772222222222222,0.07285724702471796,0.07287799719739527,0.20750172677302947
2049-03-06,2049-03-07,22.791666666666668,0.07285496166553607,0.07287557087093739,0.20609205401325714
2049-03-13,2049-03-14,22.81111111111111,0.07285268037294124,0.0728731444644638,0.2046409152256512
2049-03-20,2049-03-21,22.830555555555556,0.07285040315140989,0.07287071801531514,0.20314863905246394
2049-03-27,2049-03-28,22.85,0.07284813000637769,0.07286829156083213,0.2016155445444534
2049-04-03,2049-04-04,22.869444444444444,0.07284586094304046,0.07286586513835541,0.20004195314948792
2049-04-10,2049-04-11,22.88888888888889,0.0728435959655549,0.07286343878522564,0.19842819670740086
2049-04-17,2049-04-18,22.908333333333335,0.0728413350792767,0.07286101253878347,0.19677459506761696
2049-04-24,2049-04-25,22.927777777777777,0.07283907828852243,0.07285858643636961,0.19508147847180357
2049-05-01,2049-05-02,22.947222222222223,0.07283682559768856,0.07285616051532472,0.19334917636157356
2049-05-08,2049-05-09,22.966666666666665,0.07283457701181106,0.07285373481298947,0.19157801178407152
2049-05-15,2049-05-16,22.98611111111111,0.072832332534567,0.0728513093667045,0.18976832137501676
2049-05-22,2049-05-23,23.005555555555556,0.07283009217059266,0.07284888421381051,0.18792043217849552
2049-05-29,2049-05-30,23.025,0.07282785592404473,0.07284645939164817,0.18603467603447998
2049-06-05,2049-06-06,23.044444444444444,0.07282562379876012,0.07284403493755814,0.18411138798024584
2049-06-12,2049-06-13,23.06388888888889,0.07282339579913533,0.07284161088888108,0.18215089745754476
2049-06-19,2049-06-20,23.083333333333332,0.07282117192852766,0.07283918728295767,0.18015354430009345
2049-06-26,2049-06-27,23.102777777777778,0.0728189521910938,0.07283676415712859,0.17811966034786408
2049-07-03,2049-07-04,23.122222222222224,0.07281673659035093,0.07283434154873447,0.1760495838354359
2049-07-10,2049-07-11,23.141666666666666,0.07281452513013598,0.07283191949511603,0.17394364980050092
2049-07-17,2049-07-18,23.16111111111111,0.07281231781348652,0.07282949803361391,0.17180220127394064
2049-07-24,2049-07-25,23.180555555555557,0.07281011464447928,0.07282707720156878,0.169625570894949
2049-07-31,2049-08-01,23.2,0.07280791562591205,0.0728246570363213,0.16741410409248925
2049-08-07,2049-08-08,23.219444444444445,0.0728057207609023,0.07282223757521217,0.16516814309863737
2049-08-14,2049-08-15,23.238888888888887,0.07280353005336693,0.07281981885558203,0.16288802215103093
2049-08-21,2049-08-22,23.258333333333333,0.07280134350554412,0.07281740091477158,0.16057409227457353
2049-08-28,2049-08-29,23.27777777777778,0.07279916112071128,0.07281498379012144,0.15822669410164858
2049-09-04,2049-09-05,23.29722222222222,0.07279698290198588,0.07281256751897233,0.15584616986447086
2049-09-11,2049-09-12,23.316666666666666,0.07279480885208578,0.0728101521386649,0.1534328657912254
2049-09-18,2049-09-19,23.336111111111112,0.07279263897324917,0.07280773768653981,0.15098713290639942
2049-09-25,2049-09-26,23.355555555555554,0.07279047326883337,0.07280532419993772,0.1485093110435709
2049-10-02,2049-10-03,23.375,0.0727883117406769,0.07280291171619933,0.14599975522430753
2049-10-09,2049-10-10,23.394444444444446,0.07278615439181735,0.0728005002726653,0.14345880847949077
2049-10-16,2049-10-17,23.413888888888888,0.07278400122457285,0.0727980899066763,0.14088682103452488
2049-10-23,2049-10-24,23.433333333333334,0.07278185224054212,0.07279568065557297,0.13828415030850416
2049-10-30,2049-10-31,23.45277777777778,0.07277970744292261,0.072793272556696,0.1356511377338665
2049-11-06,2049-11-07,23.47222222222222,0.07277756683331305,0.07279086564738609,0.1329881407304001
2049-11-13,2049-11-14,23.491666666666667,0.07277543041387169,0.07278845996498386,0.13029551112167526
2049-11-20,2049-11-21,23.511111111111113,0.07277329818643707,0.07278605554683,0.12757360392925965
2049-11-27,2049-11-28,23.530555555555555,0.07277117015292767,0.07278365243026519,0.12482277337522163
2049-12-04,2049-12-05,23.55,0.07276904631534187,0.07278125065263008,0.12204337288213019
2049-12-11,2049-12-12,23.569444444444443,0.07276692667543827,0.07277885025126535,0.11923575827077482
2049-12-18,2049-12-19,23.58888888888889,0.07276481123441592,0.07277645126351164,0.11640029095719151
2049-12-25,2049-12-26,23.608333333333334,0.0727626999942732,0.07277405372670966,0.11353732436450437
2050-01-01,2050-01-02,23.627777777777776,0.07276059295636905,0.07277165767820006,0.11064721831002822
2050-01-08,2050-01-09,23.647222222222222,0.0727584901219025,0.07276926315532353,0.10773033421035416
2050-01-15,2050-01-16,23.666666666666668,0.07275639149287194,0.0727668701954207,0.10478702548763486
2050-01-22,2050-01-23,23.68611111111111,0.07275429706999681,0.07276447883583227,0.10181765835462486
2050-01-29,2050-01-30,23.705555555555556,0.07275220685447614,0.07276208911389889,0.09882259422749895
2050-02-05,2050-02-06,23.725,0.07275012084750898,0.07275970106696127,0.09580219452284822
2050-02-12,2050-02-13,23.744444444444444,0.07274803905021443,0.07275731473236002,0.09275682145593045
2050-02-19,2050-02-20,23.76388888888889,0.07274596146347179,0.07275493014743585,0.08968683964064028
2050-02-26,2050-02-27,23.783333333333335,0.07274388808824028,0.0727525473495294,0.08659261289123421
2050-03-05,2050-03-06,23.802777777777777,0.07274181892555909,0.07275016637598139,0.08347450422302449
2050-03-12,2050-03-13,23.822222222222223,0.07273975397558807,0.07274778726413243,0.08033288544359585
2050-03-19,2050-03-20,23.841666666666665,0.07273769323952628,0.07274541005132322,0.0771681179694006
2050-03-26,2050-03-27,23.86111111111111,0.07273563671793326,0.07274303477489441,0.07398056961149813
2050-04-02,2050-04-03,23.880555555555556,0.07273358441096889,0.07274066147218669,0.07077061217802827
2050-04-09,2050-04-10,23.9,0.07273153631951246,0.07273829018054072,0.0675386102826081
2050-04-16,2050-04-17,23.919444444444444,0.07272949244388371,0.07273592093729718,0.0642849341346563
2050-04-23,2050-04-24,23.93888888888889,0.07272745278392279,0.07273355377979673,0.061009958739477455
2050-04-30,2050-05-01,23.958333333333332,0.07272541734074878,0.07273118874538002,0.057714046312468126
2050-05-07,2050-05-08,23.977777777777778,0.07272338611380214,0.07272882587138776,0.0543975758562909
2050-05-14,2050-05-15,23.997222222222224,0.07272135910372235,0.07272646519516059,0.05106091438236704
2050-05-21,2050-05-22,24.016666666666666,0.07271933631026961,0.07272410675403918,0.04770443769563926
2050-05-28,2050-05-29,24.03611111111111,0.07271731773344392,0.0727217505853642,0.044328519202829764
2050-06-04,2050-06-05,24.055555555555557,0.07271530337316534,0.07271939672647634,0.04093353311002135
2050-06-11,2050-06-12,24.075,0.07271329322975362,0.07271704521471625,0.03751984962635513
2050-06-18,2050-06-19,24.094444444444445,0.07271128730208964,0.0727146960874246,0.034087853349601405
2050-06-25,2050-06-26,24.113888888888887,0.07270928559065304,0.07271234938194207,0.03063791289031892
2050-07-02,2050-07-03,24.133333333333333,0.07270728809496418,0.0727100051356093,0.02717040645111579
2050-07-09,2050-07-10,24.15277777777778,0.07270529481422372,0.07270766338576701,0.02368571543287512
2050-07-16,2050-07-17,24.17222222222222,0.07270330574867145,0.07270532416975582,0.02018421084368227
2050-07-23,2050-07-24,24.191666666666666,0.07270132089718828,0.07270298752491643,0.016666277281446318
2050-07-30,2050-07-31,24.211111111111112,0.07269934025937452,0.07270065348858948,0.013132292149553582
2050-08-06,2050-08-07,24.230555555555554,0.07269736383475056,0.07269832209811566,0.009582633651028516
2050-08-13,2050-08-14,24.25,0.07269539162187755,0.07269599339083564,0.0060176895809449515
2050-08-20,2050-08-21,24.269444444444446,0.07269342362115516,0.07269366740409008,0.002437829349222209
2050-08-27,2050-08-28,24.288888888888888,0.07269145983098468,0.07269134417521966,-0.0011565576502059471
2050-09-03,2050-09-04,24.308333333333334,0.07268950025048682,0.07268902374156504,-0.004765089217789731
2050-09-10,2050-09-11,24.32777777777778,0.0726875448788622,0.07268670614046689,-0.008387383953062377
2050-09-17,2050-09-18,24.34722222222222,0.07268559371507166,0.07268439140926589,-0.012023058057752944
2050-09-24,2050-09-25,24.366666666666667,0.07268364675807604,0.07268207958530269,-0.015671727733451712
2050-10-01,2050-10-02,24.386111111111113,0.07268170400659635,0.07267977070591798,-0.019333006783667228
2050-10-08,2050-10-09,24.405555555555555,0.0726797654599931,0.0726774648084524,-0.023006515407070216
2050-10-15,2050-10-16,24.425,0.07267783111594817,0.07267516193024665,-0.026691857015204157
2050-10-22,2050-10-23,24.444444444444443,0.07267590097422172,0.07267286210864139,-0.030388655803265108
2050-10-29,2050-10-30,24.46388888888889,0.0726739750328953,0.0726705653809773,-0.03409651918001577
2050-11-05,2050-11-06,24.483333333333334,0.07267205329076987,0.072668271784595,-0.03781506174860283
2050-11-12,2050-11-13,24.502777777777776,0.07267013574640657,0.0726659813568352,-0.041543895713674894
2050-11-19,2050-11-20,24.522222222222222,0.07266822239772708,0.07266369413503859,-0.04528262688485718
2050-11-26,2050-11-27,24.541666666666668,0.07266631324401196,0.07266141015654579,-0.04903087466173739
2050-12-03,2050-12-04,24.56111111111111,0.07266440828310294,0.07265912945869751,-0.0527882440543026
2050-12-10,2050-12-11,24.580555555555556,0.07266250751340131,0.07265685207883438,-0.056554345669312944
2050-12-17,2050-12-18,24.6,0.07266061093298859,0.0726545780542971,-0.06032878691483723
2050-12-24,2050-12-25,24.619444444444444,0.07265871854050587,0.07265230742242634,-0.06411118079530098
2050-12-31,2051-01-01,24.63888888888889,0.07265683033363501,0.07265004022056273,-0.0679011307228028
2051-01-07,2051-01-08,24.658333333333335,0.07265494631085723,0.07264777648604699,-0.07169824810235315
2051-01-14,2051-01-15,24.677777777777777,0.07265306647017411,0.07264551625621976,-0.07550213954349294
2051-01-21,2051-01-22,24.697222222222223,0.07265119080926752,0.07264325956842173,-0.07931240845790444
2051-01-28,2051-01-29,24.716666666666665,0.07264931932621899,0.07264100645999352,-0.0831286622546279
2051-02-04,2051-02-05,24.73611111111111,0.07264745201911005,0.07263875696827586,-0.0869505083418709
2051-02-11,2051-02-12,24.755555555555556,0.07264558888554262,0.07263651113060939,-0.09077754933237148
2051-02-18,2051-02-19,24.775,0.07264372992343837,0.07263426898433478,-0.09460939103589361
2051-02-25,2051-02-26,24.794444444444444,0.07264187513071896,0.0726320305667927,-0.09844563926261762
2051-03-04,2051-03-05,24.81388888888889,0.07264002450482643,0.07262979591532381,-0.10228589502614405
2051-03-11,2051-03-12,24.833333333333332,0.0726381780433627,0.07262756506726882,-0.10612976093879456
2051-03-18,2051-03-19,24.852777777777778,0.07263633574392969,0.07262533805996835,-0.10997683961344595
2051-03-25,2051-03-26,24.872222222222224,0.07263449760436913,0.07262311493076308,-0.11382673606050164
2051-04-01,2051-04-02,24.891666666666666,0.07263266362196319,0.07262089571699369,-0.11767904969497978
2051-04-08,2051-04-09,24.91111111111111,0.07263083379407398,0.07261868045600084,-0.12153338073139786
2051-04-15,2051-04-16,24.930555555555557,0.07262900811822348,0.07261646918512522,-0.1253893309825782
2051-04-22,2051-04-23,24.95,0.07262718659201362,0.07261426194170746,-0.1292465030615364
2051-04-29,2051-04-30,24.969444444444445,0.07262536921232687,0.0726120587630883,-0.1331044923857938
2051-05-06,2051-05-07,24.988888888888887,0.07262355597692505,0.07260985968660832,-0.13696290316722592
2051-05-13,2051-05-14,25.008333333333333,0.07262174688245082,0.07260766474960824,-0.1408213284258275
2051-05-20,2051-05-21,25.02777777777778,0.07261994192634624,0.07260547398942872,-0.14467936917519908
2051-05-27,2051-05-28,25.04722222222222,0.07261814110597342,0.07260328744341044,-0.14853662562985814
2051-06-03,2051-06-04,25.066666666666666,0.07261634441805498,0.07260110514889406,-0.15239269160916002
2051-06-10,2051-06-11,25.086111111111112,0.07261455185995302,0.07259892714322022,-0.15624716732803856
2051-06-17,2051-06-18,25.105555555555554,0.07261276342847012,0.07259675346372965,-0.16009964740465454
2051-06-24,2051-06-25,25.125,0.0726109791208085,0.07259458414776297,-0.16394973045522065
2051-07-01,2051-07-02,25.144444444444446,0.0726091989335309,0.07259241923266085,-0.16779700870050984
2051-07-08,2051-07-09,25.163888888888888,0.07260742286391952,0.07259025875576401,-0.17164108155512392
2051-07-15,2051-07-16,25.183333333333334,0.07260565090845716,0.07258810275441306,-0.17548154044103037
2051-07-22,2051-07-23,25.20277777777778,0.07260388306418619,0.0725859512659487,-0.17931798237488805
2051-07-29,2051-07-30,25.22222222222222,0.07260211932774929,0.0725838043277116,-0.18315000037696927
2051-08-05,2051-08-06,25.241666666666667,0.07260035969570922,0.07258166197704241,-0.18697718666804697
2051-08-12,2051-08-13,25.261111111111113,0.07259860416478858,0.0725795242512818,-0.1907991350678928
2051-08-19,2051-08-20,25.280555555555555,0.07259685273226957,0.07257739118777046,-0.1946154449911086
2051-08-26,2051-08-27,25.3,0.07259510539359582,0.07257526282384905,-0.19842569746769678
2051-09-02,2051-09-03,25.319444444444443,0.07259336214644918,0.07257313919685823,-0.20222949590947836
2051-09-09,2051-09-10,25.33888888888889,0.07259162298659305,0.07257102034413869,-0.20602642454362052
2051-09-16,2051-09-17,25.358333333333334,0.07258988791075005,0.07256890630303109,-0.20981607718961737
2051-09-23,2051-09-24,25.377777777777776,0.07258815691548293,0.07256679711087609,-0.21359804606838062
2051-09-30,2051-10-01,25.397222222222222,0.07258642999679488,0.07256469280501433,-0.21737191780543674
2051-10-07,2051-10-08,25.416666666666668,0.07258470715140852,0.07256259342278654,-0.2211372862198635
2051-10-14,2051-10-15,25.43611111111111,0.07258298837572674,0.07256049900153337,-0.2248937419337127
2051-10-21,2051-10-22,25.455555555555556,0.07258127366559286,0.07255840957859547,-0.2286408699739284
2051-10-28,2051-10-29,25.475,0.07257956301764956,0.07255632519131355,-0.23237826336008904
2051-11-04,2051-11-05,25.494444444444444,0.07257785642805992,0.07255424587702822,-0.23610551031699734
2051-11-11,2051-11-12,25.51388888888889,0.07257615389282712,0.07255217167308017,-0.23982219746948585
2051-11-18,2051-11-19,25.533333333333335,0.07257445540811425,0.0725501026168101,-0.24352791304152466
2051-11-25,2051-11-26,25.552777777777777,0.07257276097024423,0.07254803874555864,-0.24722224685594374
2051-12-02,2051-12-03,25.572222222222223,0.07257107057522028,0.07254598009666649,-0.2509047855378532
2051-12-09,2051-12-10,25.591666666666665,0.07256938421896564,0.0725439267074743,-0.254575114913419
2051-12-16,2051-12-17,25.61111111111111,0.07256770189732364,0.07254187861532273,-0.2582328200091688
2051-12-23,2051-12-24,25.630555555555556,0.07256602360677711,0.07253983585755247,-0.26187749224637624
2051-12-30,2051-12-31,25.65,0.07256434934284961,0.0725377984715042,-0.26550871345412674
2052-01-06,2052-01-07,25.669444444444444,0.07256267910146441,0.07253576649451857,-0.2691260694584474
2052-01-13,2052-01-14,25.68888888888889,0.07256101287870464,0.07253373996393622,-0.2727291476842253
2052-01-20,2052-01-21,25.708333333333332,0.07255935067041364,0.07253171891709786,-0.27631753315771057
2052-01-27,2052-01-28,25.727777777777778,0.07255769247171528,0.07252970339134417,-0.2798908037111858
2052-02-03,2052-02-04,25.747222222222224,0.07255603827957202,0.0725276934240158,-0.2834485555622268
2052-02-10,2052-02-11,25.766666666666666,0.07255438808894787,0.07252568905245341,-0.28699036494467256
2052-02-17,2052-02-18,25.78611111111111,0.07255274189544636,0.07252369031399766,-0.29051581448696906
2052-02-24,2052-02-25,25.805555555555557,0.07255109969523055,0.07252169724598924,-0.29402449241308637
2052-03-02,2052-03-03,25.825,0.07254946148358421,0.07251970988576883,-0.29751597815375064
2052-03-09,2052-03-10,25.844444444444445,0.07254782725627074,0.07251772827067707,-0.30098985593668415
2052-03-16,2052-03-17,25.863888888888887,0.07254619700897358,0.07251575243805465,-0.30444570918927716
2052-03-23,2052-03-24,25.883333333333333,0.07254457073689657,0.07251378242524222,-0.30788311654358913
2052-03-30,2052-03-31,25.90277777777778,0.07254294843588305,0.07251181826958047,-0.3113016630257315
2052-04-06,2052-04-07,25.92222222222222,0.07254133010145658,0.07250986000841006,-0.314700930465206
2052-04-13,2052-04-14,25.941666666666666,0.07253971572874107,0.07250790767907166,-0.3180804966941564
2052-04-20,2052-04-21,25.961111111111112,0.07253810531349991,0.07250596131890594,-0.3214399459397499
2052-04-27,2052-04-28,25.980555555555554,0.07253649885125668,0.07250402096525356,-0.3247788600312107
2052-05-04,2052-05-05,26.0,0.0725348963367356,0.0725020866554552,-0.3280968128040185
2052-05-11,2052-05-12,26.019444444444446,0.07253329776609974,0.07250015842685152,-0.3313933924821433
2052-05-18,2052-05-19,26.038888888888888,0.07253170313439306,0.0724982363167832,-0.3346681760985071
2052-05-25,2052-05-26,26.058333333333334,0.07253011243649965,0.07249632036259093,-0.3379207390871719
2052-06-01,2052-06-02,26.07777777777778,0.0725285256679431,0.07249441060161532,-0.3411506632777783
2052-06-08,2052-06-09,26.09722222222222,0.07252694282440686,0.07249250707119709,-0.3443575320977166
2052-06-15,2052-06-16,26.116666666666667,0.07252536390061515,0.07249060980867687,-0.3475409193827439
2052-06-22,2052-06-23,26.136111111111113,0.07252378889185174,0.07248871885139538,-0.3507004045635864
2052-06-29,2052-06-30,26.155555555555555,0.07252221779348034,0.07248683423669325,-0.353835567870886
2052-07-06,2052-07-07,26.175,0.0725206506003051,0.07248495600191115,-0.35694598393948285
2052-07-13,2052-07-14,26.194444444444443,0.07251908730776968,0.07248308418438976,-0.3600312337992406
2052-07-20,2052-07-21,26.21388888888889,0.07251752791043842,0.07248121882146975,-0.3630908896866403
2052-07-27,2052-07-28,26.233333333333334,0.07251597240423457,0.07247935995049179,-0.3661245374278477
2052-08-03,2052-08-04,26.252777777777776,0.07251442078356263,0.07247750760879654,-0.3691317476609002
2052-08-10,2052-08-11,26.272222222222222,0.07251287304330667,0.07247566183372468,-0.3721120958198598
2052-08-17,2052-08-18,26.291666666666668,0.07251132917883041,0.07247382266261684,-0.375065162135646
2052-08-24,2052-08-25,26.31111111111111,0.07250978918501794,0.07247199013281377,-0.37799052204162686
2052-08-31,2052-09-01,26.330555555555556,0.07250825305691322,0.07247016428165606,-0.38088775257155705
2052-09-07,2052-09-08,26.35,0.07250672078924048,0.07246834514648444,-0.3837564275603611
2052-09-14,2052-09-15,26.369444444444444,0.07250519237720354,0.07246653276463952,-0.38659612564023726
2052-09-21,2052-09-22,26.38888888888889,0.07250366781504702,0.07246472717346202,-0.3894064158500854
2052-09-28,2052-09-29,26.408333333333335,0.07250214709805469,0.07246292841029257,-0.39218687762118676
2052-10-05,2052-10-06,26.427777777777777,0.07250063022127051,0.07246113651247188,-0.39493708798632454
2052-10-12,2052-10-13,26.447222222222223,0.07249911717901902,0.07245935151734058,-0.3976566167844531
2052-10-19,2052-10-20,26.466666666666665,0.07249760796650406,0.07245757346223937,-0.40034504264693793
2052-10-26,2052-10-27,26.48611111111111,0.07249610257828998,0.07245580238450888,-0.40300193781095395
2052-11-02,2052-11-03,26.505555555555556,0.07249460100878125,0.07245403832148982,-0.4056268729142609
2052-11-09,2052-11-10,26.525,0.07249310325350145,0.07245228131052284,-0.40821942978608305
2052-11-16,2052-11-17,26.544444444444444,0.07249160930621557,0.07245053138894862,-0.4107791726694343
2052-11-23,2052-11-24,26.56388888888889,0.07249011916228731,0.07244878859410782,-0.4133056817949565
2052-11-30,2052-12-01,26.583333333333332,0.07248863281628104,0.0724470529633411,-0.4157985293994082
2052-12-07,2052-12-08,26.602777777777778,0.07248715026244135,0.07244532453398914,-0.41825728452210553
2052-12-14,2052-12-15,26.622222222222224,0.07248567149573226,0.07244360334339263,-0.42068152339633236
2052-12-21,2052-12-22,26.641666666666666,0.07248419651087801,0.07244188942889218,-0.4230708198582622
2052-12-28,2052-12-29,26.66111111111111,0.07248272530180344,0.07244018282782852,-0.4254247397492139
2053-01-04,2053-01-05,26.680555555555557,0.07248125786403214,0.07243848357754229,-0.4277428648985504
2053-01-11,2053-01-12,26.7,0.07247979419124917,0.07243679171537418,-0.4300247587499251
2053-01-18,2053-01-19,26.719444444444445,0.07247833427849848,0.07243510727866484,-0.4322699983363987
2053-01-25,2053-01-26,26.738888888888887,0.07247687811994474,0.07243343030475494,-0.4344781518980656
2053-02-01,2053-02-02,26.758333333333333,0.07247542571031218,0.07243176083098514,-0.4366487932704055
2053-02-08,2053-02-09,26.77777777777778,0.07247397704376546,0.07243009889469615,-0.43878149069309647
2053-02-15,2053-02-16,26.79722222222222,0.07247253211494886,0.07242844453322858,-0.44087581720281266
2053-02-22,2053-02-23,26.816666666666666,0.07247109091858661,0.07242679778392315,-0.4429313466346174
2053-03-01,2053-03-02,26.836111111111112,0.07246965344860357,0.0724251586841205,-0.4449476448306622
2053-03-08,2053-03-09,26.855555555555554,0.07246821969980388,0.07242352727116132,-0.4469242864256484
2053-03-15,2053-03-16,26.875,0.07246678966603248,0.07242190358238625,-0.44886083646236696
2053-03-22,2053-03-23,26.894444444444446,0.07246536334209353,0.07242028765513599,-0.4507568695753805
2053-03-29,2053-03-30,26.913888888888888,0.07246394072223161,0.07241867952675117,-0.4526119548044216
2053-04-05,2053-04-06,26.933333333333334,0.07246252180093116,0.0724170792345725,-0.45442566358661063
2053-04-12,2053-04-13,26.95277777777778,0.07246110657219695,0.07241548681594065,-0.4561975625630432
2053-04-19,2053-04-20,26.97222222222222,0.07245969503019367,0.07241390230819625,-0.45792721997423014
2053-04-26,2053-04-27,26.991666666666667,0.07245828716996527,0.07241232574868,-0.459614212852677
2053-05-03,2053-05-04,27.011111111111113,0.07245688298503694,0.07241075717473257,-0.4612581030437324
2053-05-10,2053-05-11,27.030555555555555,0.07245548246989308,0.0724091966236946,-0.4628584619847942
2053-05-17,2053-05-18,27.05,0.07245408561861844,0.07240764413290679,-0.46441485711645747
2053-05-24,2053-05-25,27.069444444444443,0.07245269242593722,0.07240609973970981,-0.4659268622740631
2053-05-31,2053-06-01,27.08888888888889,0.07245130288529467,0.0724045634814443,-0.46739403850359906
2053-06-07,2053-06-08,27.108333333333334,0.07244991699149494,0.07240303539545097,-0.4688159604397668
2053-06-14,2053-06-15,27.127777777777776,0.07244853473854285,0.07240151551907045,-0.4701921947239396
2053-06-21,2053-06-22,27.147222222222222,0.0724471561205231,0.07240000388964342,-0.4715223087968512
2053-06-28,2053-06-29,27.166666666666668,0.07244578113144051,0.07239850054451057,-0.47280586929945856
2053-07-05,2053-07-06,27.18611111111111,0.07244440976585942,0.07239700552101254,-0.47404244846879773
2053-07-12,2053-07-13,27.205555555555556,0.07244304201770468,0.07239551885649001,-0.4752316121467426
2053-07-19,2053-07-20,27.225,0.07244167788082123,0.07239404058828365,-0.47637292537580644
2053-07-26,2053-07-27,27.244444444444444,0.07244031734985334,0.07239257075373416,-0.4774659611918308
2053-08-02,2053-08-03,27.26388888888889,0.07243896041816633,0.07239110939018215,-0.47851027984185945
2053-08-09,2053-08-10,27.283333333333335,0.07243760708040448,0.07238965653496832,-0.4795054543615951
2053-08-16,2053-08-17,27.302777777777777,0.07243625733049264,0.07238821222543335,-0.4804510505929116
2053-08-23,2053-08-24,27.322222222222223,0.07243491116211587,0.07238677649891789,-0.4813466319797399
2053-08-30,2053-08-31,27.341666666666665,0.07243356856999839,0.07238534939276262,-0.4821917723576985
2053-09-06,2053-09-07,27.36111111111111,0.0724322295475055,0.0723839309443082,-0.4829860319729984
2053-09-13,2053-09-14,27.380555555555556,0.07243089408896175,0.0723825211908953,-0.48372898066445513
2053-09-20,2053-09-21,27.4,0.07242956218837193,0.07238112016986462,-0.4844201850731644
2053-09-27,2053-09-28,27.419444444444444,0.0724282338396609,0.07237972791855678,-0.4850592110412777
2053-10-04,2053-10-05,27.43888888888889,0.07242690903683346,0.07237834447431248,-0.48564562520989063
2053-10-11,2053-10-12,27.458333333333332,0.07242558777381447,0.07237696987447237,-0.4861789934210159
2053-10-18,2053-10-19,27.477777777777778,0.07242427004428897,0.07237560415637714,-0.48665887911830685
2053-10-25,2053-10-26,27.497222222222224,0.07242295584258152,0.07237424735736744,-0.48708485214071784
2053-11-01,2053-11-02,27.516666666666666,0.07242164516285676,0.07237289951478396,-0.4874564807280657
2053-11-08,2053-11-09,27.53611111111111,0.07242033799848002,0.07237156066596735,-0.48777332512670024
2053-11-15,2053-11-16,27.555555555555557,0.07241903434329622,0.07237023084825828,-0.48803495037941236
2053-11-22,2053-11-23,27.575,0.07241773419178976,0.07236891009899744,-0.48824092792318363
2053-11-29,2053-11-30,27.594444444444445,0.0724164375374059,0.07236759845552548,-0.4883908188041408
2053-12-06,2053-12-07,27.613888888888887,0.07241514437446916,0.07236629595518308,-0.4884841928608219
2053-12-13,2053-12-14,27.633333333333333,0.07241385469634487,0.07236500263531088,-0.4885206103398543
2053-12-20,2053-12-21,27.65277777777778,0.07241256849671807,0.07236371853324959,-0.48849963468475255
2053-12-27,2053-12-28,27.67222222222222,0.07241128577031297,0.07236244368633987,-0.48842083973099637
2054-01-03,2054-01-04,27.691666666666666,0.07241000651025509,0.07236117813192236,-0.4882837833272702
2054-01-10,2054-01-11,27.711111111111112,0.07240873071062914,0.07235992190733777,-0.4880880329137527
2054-01-17,2054-01-18,27.730555555555554,0.07240745836543994,0.07235867504992674,-0.4878331551319559
2054-01-24,2054-01-25,27.75,0.07240618946805277,0.07235743759702994,-0.48751871022836846
2054-01-31,2054-02-01,27.769444444444446,0.0724049240127922,0.07235620958598805,-0.48714426804138955
2054-02-07,2054-02-08,27.788888888888888,0.07240366199294357,0.07235499105414173,-0.4867093880184248
2054-02-14,2054-02-15,27.808333333333334,0.0724024034025117,0.07235378203883167,-0.4862136368002923
2054-02-21,2054-02-22,27.82777777777778,0.07240114823574118,0.07235258257739853,-0.485656583426447
2054-02-28,2054-03-01,27.84722222222222,0.07239989648567757,0.07235139270718294,-0.48503778494635164
2054-03-07,2054-03-08,27.866666666666667,0.07239864814624575,0.07235021246552563,-0.4843568072011861
2054-03-14,2054-03-15,27.886111111111113,0.07239740321161037,0.07234904188976725,-0.48361321843118366
2054-03-21,2054-03-22,27.905555555555555,0.07239616167529661,0.07234788101724843,-0.48280658048183156
2054-03-28,2054-03-29,27.925,0.07239492353122934,0.0723467298853099,-0.4819364591944486
2054-04-04,2054-04-05,27.944444444444443,0.07239368877261398,0.07234558853129228,-0.4810024132170798
2054-04-11,2054-04-12,27.96388888888889,0.07239245739361522,0.07234445699253628,-0.48000401078940325
2054-04-18,2054-04-19,27.983333333333334,0.07239122938799802,0.07234333530638251,-0.47894081615512674
2054-04-25,2054-04-26,28.002777777777776,0.07239000474960733,0.07234222351017171,-0.4778123943562085
2054-05-02,2054-05-03,28.022222222222222,0.07238878347164857,0.0723411216412445,-0.4766183040406935
2054-05-09,2054-05-10,28.041666666666668,0.07238756554820647,0.07234002973694156,-0.47535811264903804
2054-05-16,2054-05-17,28.06111111111111,0.07238635097304602,0.07233894783460357,-0.47403138442453363
2054-05-23,2054-05-24,28.080555555555556,0.07238513973913285,0.07233787597157121,-0.47263767561644965
2054-05-30,2054-05-31,28.1,0.07238393184135106,0.07233681418518512,-0.47117656165940325
2054-06-06,2054-06-07,28.119444444444444,0.07238272727250639,0.07233576251278598,-0.46964759720408145
2054-06-13,2054-06-14,28.13888888888889,0.0723815260265237,0.07233472099171445,-0.4680503480924969
2054-06-20,2054-06-21,28.158333333333335,0.07238032809724793,0.07233368965931121,-0.4663843793671629
2054-06-27,2054-06-28,28.177777777777777,0.07237913347844405,0.07233266855291695,-0.4646492552709547
2054-07-04,2054-07-05,28.197222222222223,0.07237794216315763,0.07233165770987231,-0.46284453285319604
2054-07-11,2054-07-12,28.216666666666665,0.0723767541454734,0.07233065716751794,-0.4609697795546208
2054-07-18,2054-07-19,28.23611111111111,0.07237556941915635,0.07232966696319458,-0.45902455961768784
2054-07-25,2054-07-26,28.255555555555556,0.0723743879778116,0.07232868713424281,-0.45700843568780014
2054-08-01,2054-08-02,28.275,0.07237320981520412,0.07232771771800336,-0.4549209720075553
2054-08-08,2054-08-09,28.294444444444444,0.07237203492413968,0.07232675875181689,-0.45276172322791797
2054-08-15,2054-08-16,28.31388888888889,0.07237086329942244,0.07232581027302407,-0.4505302639837283
2054-08-22,2054-08-23,28.333333333333332,0.07236969493401801,0.07232487231896555,-0.4482261505246721
2054-08-29,2054-08-30,28.352777777777778,0.07236852982161146,0.07232394492698202,-0.44584894629440264
2054-09-05,2054-09-06,28.372222222222224,0.07236736795596777,0.07232302813441413,-0.4433982155363503
2054-09-12,2054-09-13,28.391666666666666,0.07236620933069204,0.07232212197860255,-0.4408735208949466
2054-09-19,2054-09-20,28.41111111111111,0.07236505393954928,0.07232122649688798,-0.4382744266130667
2054-09-26,2054-09-27,28.430555555555557,0.07236390177566498,0.07232034172661105,-0.4356004905393951
2054-10-03,2054-10-04,28.45,0.07236275283336369,0.07231946770511245,-0.43285128251233096
2054-10-10,2054-10-11,28.469444444444445,0.07236160710569095,0.07231860446973286,-0.4300263595809206
2054-10-17,2054-10-18,28.488888888888887,0.07236046458641177,0.07231775205781292,-0.42712528598845556
2054-10-24,2054-10-25,28.508333333333333,0.07235932526921118,0.07231691050669331,-0.42414762517872795
2054-10-31,2054-11-01,28.52777777777778,0.07235818914753445,0.07231607985371472,-0.4210929381973094
2054-11-07,2054-11-08,28.54722222222222,0.07235705621546629,0.07231526013621777,-0.41796079248521134
2054-11-14,2054-11-15,28.566666666666666,0.07235592646565259,0.0723144513915432,-0.41475074109384447
2054-11-21,2054-11-22,28.586111111111112,0.07235479989273763,0.07231365365703163,-0.41146235706002177
2054-11-28,2054-11-29,28.605555555555554,0.07235367648992685,0.0723128669700237,-0.4080951990315107
2054-12-05,2054-12-06,28.625,0.07235255625026582,0.07231209136786017,-0.4046488240565249
2054-12-12,2054-12-13,28.644444444444446,0.07235143916783926,0.07231132688788164,-0.40112279957621455
2054-12-19,2054-12-20,28.663888888888888,0.07235032523665197,0.07231057356742879,-0.3975166922318141
2054-12-26,2054-12-27,28.683333333333334,0.07234921444974951,0.0723098314438423,-0.39383005907209223
2055-01-02,2055-01-03,28.70277777777778,0.07234810680089687,0.07230910055446284,-0.39006246434034053
2055-01-09,2055-01-10,28.72222222222222,0.07234700228321955,0.07230838093663106,-0.38621346588496586
2055-01-16,2055-01-17,28.741666666666667,0.07234590089112203,0.07230767262768767,-0.3822826343435892
2055-01-23,2055-01-24,28.761111111111113,0.07234480261748999,0.0723069756649733,-0.3782695251669521
2055-01-30,2055-01-31,28.780555555555555,0.07234370745616836,0.0723062900858286,-0.37417370339756784
2055-02-06,2055-02-07,28.8,0.07234261540068232,0.07230561592759431,-0.36999473088009105
2055-02-13,2055-02-14,28.819444444444443,0.07234152644487679,0.07230495322761103,-0.36573217265759017
2055-02-20,2055-02-21,28.83888888888889,0.07234044058179734,0.07230430202321948,-0.3613855857785564
2055-02-27,2055-02-28,28.858333333333334,0.07233935780536882,0.0723036623517603,-0.35695453608514116
2055-03-06,2055-03-07,28.877777777777776,0.07233827810959603,0.07230303425057419,-0.35243859021844015
2055-03-13,2055-03-14,28.897222222222222,0.07233720148712486,0.07230241775700177,-0.34783730123083556
2055-03-20,2055-03-21,28.916666666666668,0.07233612793227984,0.07230181290838374,-0.34315023896100416
2055-03-27,2055-03-28,28.93611111111111,0.07233505743810653,0.07230121974206077,-0.3383769604575759
2055-04-03,2055-04-04,28.955555555555556,0.0723339899985298,0.0723006382953735,-0.33351703156297985
2055-04-10,2055-04-11,28.975,0.07233292560699489,0.07230006860566265,-0.32857001332237123
2055-04-17,2055-04-18,28.994444444444444,0.07233186425718685,0.07229951071026884,-0.32353546918009735
2055-04-24,2055-04-25,29.01388888888889,0.07233080594247099,0.07229896464653278,-0.3184129593820917
2055-05-01,2055-05-02,29.033333333333335,0.07232975065637248,0.07229843045179511,-0.3132020457737028
2055-05-08,2055-05-09,29.052777777777777,0.07232869839297607,0.07229790816339651,-0.30790229579552575
2055-05-15,2055-05-16,29.072222222222223,0.07232764914548717,0.07229739781867767,-0.3025132680950504
2055-05-22,2055-05-23,29.091666666666665,0.07232660290743098,0.07229689945497922,-0.29703452451762535
2055-05-29,2055-05-30,29.11111111111111,0.07232555967257248,0.07229641310964183,-0.2914656293065421
2055-06-05,2055-06-06,29.130555555555556,0.07232451943443685,0.07229593882000619,-0.285806144306594
2055-06-12,2055-06-13,29.15,0.07232348218622953,0.07229547662341299,-0.28005562816540985
2055-06-19,2055-06-20,29.169444444444444,0.0723224479219553,0.07229502655720287,-0.27421364752436284
2055-06-26,2055-06-27,29.18888888888889,0.07232141663529923,0.07229458865871648,-0.26827976582752266
2055-07-03,2055-07-04,29.208333333333332,0.07232038831962662,0.07229416296529452,-0.2622535433209616
2055-07-10,2055-07-11,29.227777777777778,0.07231936296862251,0.07229374951427765,-0.25613454344861064
2055-07-17,2055-07-18,29.247222222222224,0.07231834057525255,0.07229334834300655,-0.24992232246001667
2055-07-24,2055-07-25,29.266666666666666,0.072317321134161,0.07229295948882188,-0.24361645339129878
2055-07-31,2055-08-01,29.28611111111111,0.07231630463839345,0.07229258298906428,-0.23721649329164207
2055-08-07,2055-08-08,29.305555555555557,0.07231529108123524,0.07229221888107448,-0.23072200160761946
2055-08-14,2055-08-15,29.325,0.07231428045677113,0.0722918672021931,-0.22413254578024233
2055-08-21,2055-08-22,29.344444444444445,0.07231327275836641,0.07229152798976084,-0.21744768605572173
2055-08-28,2055-08-29,29.363888888888887,0.07231226797978607,0.07229120128111835,-0.2106669866772104
2055-09-04,2055-09-05,29.383333333333333,0.0723112661145553,0.0722908871136063,-0.2037900094899181
2055-09-11,2055-09-12,29.40277777777778,0.07231026715595945,0.07229058552456538,-0.19681631394069532
2055-09-18,2055-09-19,29.42222222222222,0.0723092710979234,0.07229029655133623,-0.1897454658716935
2055-09-25,2055-09-26,29.441666666666666,0.07230827793405226,0.07229002023125954,-0.18257702792720543
2055-10-02,2055-10-03,29.461111111111112,0.07230728765827088,0.07228975660167596,-0.17531056594924377
2055-10-09,2055-10-10,29.480555555555554,0.0723063002635449,0.07228950569992616,-0.16794563618735547
2055-10-16,2055-10-17,29.5,0.0723053157436393,0.07228926756335083,-0.16048180288469327
2055-10-23,2055-10-24,29.519444444444446,0.072304334092399,0.07228904222929063,-0.15291863108377046
2055-10-30,2055-10-31,29.538888888888888,0.07230335530326926,0.07228882973508621,-0.14525568183043625
2055-11-06,2055-11-07,29.558333333333334,0.07230237936977524,0.07228863011807829,-0.13749251696948406
2055-11-13,2055-11-14,29.57777777777778,0.07230140628584181,0.07228844341560749,-0.12962870234320412
2055-11-20,2055-11-21,29.59722222222222,0.07230043604507408,0.07228826966501446,-0.12166380059616677
2055-11-27,2055-11-28,29.616666666666667,0.07229946864067749,0.07228810890363996,-0.11359737037530682
2055-12-04,2055-12-05,29.636111111111113,0.07229850406673677,0.07228796116882458,-0.10542897912191318
2055-12-11,2055-12-12,29.655555555555555,0.07229754231669716,0.072287826497909,-0.0971581878815575
2055-12-18,2055-12-19,29.675,0.07229658338424372,0.0722877049282339,-0.0887845600981707
2055-12-25,2055-12-26,29.694444444444443,0.07229562726322136,0.07228759649713995,-0.08030766081412732
2056-01-01,2056-01-02,29.71388888888889,0.07229467394659572,0.07228750124196785,-0.07172704627869675
2056-01-08,2056-01-09,29.733333333333334,0.07229372342845153,0.07228741920005823,-0.06304228393302913
2056-01-15,2056-01-16,29.752777777777776,0.07229277570303339,0.07228735040875174,-0.054252942816440664
2056-01-22,2056-01-23,29.772222222222222,0.07229183076274737,0.0722872949053891,-0.0453585735826767
2056-01-29,2056-01-30,29.791666666666668,0.0722908886023177,0.07228725272731096,-0.03635875006735567
2056-02-05,2056-02-06,29.81111111111111,0.07228994921510967,0.07228722391185793,-0.027253032517382536
2056-02-12,2056-02-13,29.830555555555556,0.0722890125942488,0.07228720849637078,-0.01804097878019273
2056-02-19,2056-02-20,29.85,0.07228807873389975,0.07228720651819016,-0.008722157095880645
2056-02-26,2056-02-27,29.869444444444444,0.07228714762814725,0.07228721801465667,0.0007038650941260105
2056-03-04,2056-03-05,29.88888888888889,0.07228621926963719,0.07228724302311103,0.010237534738416487
2056-03-11,2056-03-12,29.908333333333335,0.07228529365285397,0.07228728158089391,0.01987928039945408
2056-03-18,2056-03-19,29.927777777777777,0.07228437077148264,0.07228733372534595,0.029629538633030306
2056-03-25,2056-03-26,29.947222222222223,0.07228345061880859,0.07228739949380787,0.03948874999284979
2056-04-01,2056-04-02,29.966666666666665,0.07228253318843691,0.07228747892362028,0.0494573518336483
2056-04-08,2056-04-09,29.98611111111111,0.0722816184745323,0.0722875720521239,0.059535775916025324
2056-04-15,2056-04-16,30.005555555555556,0.07228070647046003,0.07228767891665935,0.06972446199321469
2056-04-22,2056-04-23,30.025,0.07227979717006505,0.07228779955456734,0.08002384502284188
2056-04-29,2056-04-30,30.044444444444444,0.07227889056751202,0.07228793400318853,0.09043435676509004
2056-05-06,2056-05-07,30.06388888888889,0.07227798665544682,0.07228808229986358,0.10095644416757699
2056-05-13,2056-05-14,30.083333333333332,0.07227708542875355,0.07228824448193315,0.11159053179596312
2056-05-20,2056-05-21,30.102777777777778,0.07227618687999815,0.07228842058673794,0.12233706739792072
2056-05-27,2056-05-28,30.122222222222224,0.07227529100406471,0.0722886106516186,0.13319647553883263
2056-06-03,2056-06-04,30.141666666666666,0.07227439779391887,0.0722888147139158,0.14416919996929067
2056-06-10,2056-06-11,30.16111111111111,0.07227350724340553,0.07228903281097018,0.155255675646504
2056-06-17,2056-06-18,30.180555555555557,0.07227261934676932,0.07228926498012246,0.16645633353143396
2056-06-24,2056-06-25,30.2,0.07227173409729559,0.07228951125871329,0.17777161417695253
2056-07-01,2056-07-02,30.219444444444445,0.07227085148850954,0.07228977168408333,0.1892019557379887
2056-07-08,2056-07-09,30.238888888888887,0.07226997151505543,0.07229004629357326,0.20074778517828462
2056-07-15,2056-07-16,30.258333333333333,0.0722690941698989,0.07229033512452375,0.2124095462484321
2056-07-22,2056-07-23,30.27777777777778,0.07226821944688488,0.07229063821427546,0.2241876739057791
2056-07-29,2056-07-30,30.29722222222222,0.07226734734017803,0.07229095560016906,0.23608259991023117
2056-08-05,2056-08-06,30.316666666666666,0.07226647784330353,0.07229128731954523,0.2480947624169949
2056-08-12,2056-08-13,30.336111111111112,0.07226561095034612,0.07229163340974461,0.26022459398492015
2056-08-19,2056-08-20,30.355555555555554,0.07226474665467109,0.07229199390810791,0.27247253436821217
2056-08-26,2056-08-27,30.375,0.0722638849502033,0.07229236885197576,0.28483901772458076
2056-09-02,2056-09-03,30.394444444444446,0.07226302583094757,0.07229275827868888,0.297324477413069
2056-09-09,2056-09-10,30.413888888888888,0.07226216929050899,0.07229316222558789,0.3099293507889678
2056-09-16,2056-09-17,30.433333333333334,0.07226131532305224,0.07229358073001346,0.3226540696121827
