date,act360_years,true_discount_factor,log_linear_discount_factor,linear_continuous_zero_discount_factor,log_linear_error,linear_continuous_zero_error
2026-09-18,0.0,1.0,1.0,1.0,0.0,0.0
2026-09-25,0.019444444444444445,0.9984871102511284,0.9984958852851135,0.9984958852851135,8.775033985108927e-06,8.775033985108927e-06
2026-10-02,0.03888888888888889,0.9969816957123913,0.9969940329313025,0.9969940329313025,1.233721891125139e-05,1.233721891125139e-05
2026-10-09,0.058333333333333334,0.9954836399562846,0.9954944395357165,0.9954944395357165,1.0799579431841622e-05,1.0799579431841622e-05
2026-10-16,0.07777777777777778,0.9939928285408851,0.9939971017006232,0.9939971017006232,4.273159738055199e-06,4.273159738055199e-06
2026-10-23,0.09722222222222222,0.9925091489746158,0.9925085092544357,0.9925057429763512,-6.397201801622288e-07,-3.40599826464949e-06
2026-10-30,0.11666666666666667,0.9910324906817061,0.9910383550257482,0.9910292745334263,5.8643440421501936e-06,-3.216148279805431e-06
2026-11-06,0.1361111111111111,0.989562744968327,0.9895703784644921,0.9895602047412779,7.633496165171394e-06,-2.5402270490415546e-06
2026-11-13,0.15555555555555556,0.9880998049893909,0.9881045763449956,0.9880985071976167,4.771355604726857e-06,-1.297791774157453e-06
2026-11-20,0.175,0.9866435657159973,0.9866409454463645,0.9866441556554065,-2.620269632824801e-06,5.8993940921237e-07
2026-11-27,0.19444444444444445,0.9851939239035119,0.985198420940777,0.9851940083672526,4.497037265127624e-06,8.446374066828355e-08
2026-12-04,0.21388888888888888,0.9837507780602653,0.9837580054870779,0.9837505419480158,7.227426812583815e-06,-2.3611224952979626e-07
2026-12-11,0.23333333333333334,0.982314028416857,0.982319696001715,0.9823137332679007,5.667584857982355e-06,-2.951489562752485e-07
2026-12-18,0.25277777777777777,0.9808835768960504,0.980883489405644,0.9808835593232488,-8.749040647515471e-08,-1.7572801658261028e-08
2026-12-25,0.2722222222222222,0.9794593270832491,0.9794638537149515,0.9794587679760649,4.526631702361783e-06,-5.591071842170336e-07
2027-01-01,0.2916666666666667,0.9780411841975374,0.9780655398615663,0.978038640397275,2.4355664028918866e-05,-2.5438002624333933e-06
2027-01-08,0.3111111111111111,0.9766290550632762,0.97666922228566,0.9766246798315877,4.016722238375792e-05,-4.375231688502623e-06
2027-01-15,0.33055555555555555,0.975222848082241,0.9752748981372832,0.9752168654768141,5.20500550421632e-05,-5.982605426946286e-06
2027-01-22,0.35,0.9738224732062891,0.9738825645705551,0.973815176638297,6.00913642659906e-05,-7.296567992143288e-06
2027-01-29,0.36944444444444446,0.9724278419105472,0.9724922187436579,0.9724195927284096,6.437683311066866e-05,-8.24918213759851e-06
2027-02-05,0.3888888888888889,0.9710388671671055,0.9711038578188307,0.9710300932660546,6.499065172516083e-05,-8.77390105091802e-06
2027-02-12,0.4083333333333333,0.9696554634192092,0.9697174789623639,0.9696466578761674,6.201554315476976e-05,-8.805543041723318e-06
2027-02-19,0.42777777777777776,0.9682775465559357,0.9683330793445936,0.968269266289222,5.553278865788602e-05,-8.280266713622808e-06
2027-02-26,0.44722222222222224,0.9669050338873483,0.9669506561398954,0.9668978983407402,4.562225254711727e-05,-7.135546608028065e-06
2027-03-05,0.4666666666666667,0.9655378441201149,0.965570206526679,0.9655325339708025,3.23624065641237e-05,-5.310149312376389e-06
2027-03-12,0.4861111111111111,0.9641758973335827,0.964191727687382,0.9641731532235637,1.5830353799373142e-05,-2.7441100189928846e-06
2027-03-19,0.5055555555555555,0.9628191149562991,0.962815216808465,0.9628197362467696,-3.89814783408049e-06,6.212904705149569e-07
2027-03-26,0.525,0.9614674197429695,0.9614646024588931,0.9614677369599924,-2.8172840763618368e-06,3.172170229825966e-07
2027-04-02,0.5444444444444444,0.9601207357518422,0.9601338064655507,0.9601178243517241,1.3070713708485115e-05,-2.9114001180996496e-06
2027-04-09,0.5638888888888889,0.9587789883225128,0.9588048524723934,0.9587732548059383,2.586414988059449e-05,-5.733516574513153e-06
2027-04-16,0.5833333333333334,0.9574421040541372,0.9574777379298461,0.9574340111766326,3.5633875708929175e-05,-8.092877504584095e-06
2027-04-23,0.6027777777777777,0.9561100107840469,0.9561524602918624,0.9561000763992018,4.244950781551182e-05,-9.934384845089461e-06
2027-04-30,0.6222222222222222,0.9547826375667573,0.9548290170159199,0.9547714334900789,4.637944916263681e-05,-1.1204076678428265e-05
2027-05-07,0.6416666666666667,0.95345991465336,0.9535074055630154,0.9534480655463782,4.7490909655389935e-05,-1.1849106981820512e-05
2027-05-14,0.6611111111111111,0.952141773471293,0.95218762339766,0.9521299557455399,4.584992636702534e-05,-1.181772575309381e-05
2027-05-21,0.6805555555555556,0.9508281466044796,0.9508696679878746,0.9508170873449775,4.152138339508227e-05,-1.1059259502066432e-05
2027-05-28,0.7,0.9495189677738285,0.9495535368051843,0.949509443681726,3.4569031355791147e-05,-9.524092102530801e-06
2027-06-04,0.7194444444444444,0.9482141718180888,0.9482392273246139,0.9482070081720927,2.5055506525095694e-05,-7.16364599606667e-06
2027-06-11,0.7388888888888889,0.9469136946750512,0.9469267370246834,0.9469097643113104,1.3042349632286232e-05,-3.93036374080058e-06
2027-06-18,0.7583333333333333,0.9456174733630901,0.9456160633874028,0.945617695673191,-1.4099756873164893e-06,2.223101008835826e-07
2027-06-25,0.7777777777777778,0.9443254459630374,0.9443208331563161,0.9443264944241373,-4.6128067212602986e-06,1.0484610999395017e-06
2027-07-02,0.7972222222222223,0.9430375516003832,0.9430455247879477,0.943034376157412,7.973187564513928e-06,-3.1754429711261523e-06
2027-07-09,0.8166666666666667,0.9417537304277964,0.9417719387276945,0.9417469131296128,1.820829989807038e-05,-6.817298183636744e-06
2027-07-16,0.8361111111111111,0.9404739236079583,0.940500072649574,0.9404640910963189,2.6149041615686208e-05,-9.832511639440433e-06
2027-07-23,0.8555555555555555,0.9391980732967027,0.9392299242307447,0.9391858958751913,3.185093404201034e-05,-1.2177421511383457e-05
2027-07-30,0.875,0.937926122626457,0.9379614911515018,0.9379123133457148,3.536852504482102e-05,-1.3809280742238528e-05
2027-08-06,0.8944444444444445,0.936658015689979,0.9366947710952741,0.9366433294489399,3.675540529513022e-05,-1.4686241039063574e-05
2027-08-13,0.9138888888888889,0.9353936975243812,0.935429761748618,0.935378930187228,3.6064224236853626e-05,-1.4767337153220872e-05
2027-08-20,0.9333333333333333,0.9341331140954389,0.9341664608012149,0.9341191016239965,3.334670577603838e-05,-1.4012471442392815e-05
2027-08-27,0.9527777777777777,0.9328762122821763,0.9329048659458659,0.9328638298834656,2.8653663689537368e-05,-1.2382398710708564e-05
2027-09-03,0.9722222222222222,0.9316229398617245,0.931644974878488,0.9316131011504063,2.2035016763455317e-05,-9.838711318210791e-06
2027-09-10,0.9916666666666667,0.9303732454944451,0.9303867852981103,0.9303669016698898,1.3539803665141292e-05,-6.343824555332667e-06
2027-09-17,1.011111111111111,0.9291270787093173,0.9291302949068687,0.9291252177470383,3.2161975513922414e-06,-1.8609622790544122e-06
2027-09-24,1.0305555555555554,0.9278843898895798,0.9278880084716986,0.9278811455698963,3.6185821188361444e-06,-3.2443196834597288e-06
2027-10-01,1.05,0.9266451302586246,0.9266786096105922,0.926623793670725,3.347935196762464e-05,-2.13365878996008e-05
2027-10-08,1.0694444444444444,0.9254092518661376,0.9254707870664465,0.9253700750571987,6.153520030882653e-05,-3.9176808938945484e-05
2027-10-15,1.0888888888888888,0.9241767075744806,0.9242645387847074,0.9241199795888023,8.783121022681861e-05,-5.672798567823989e-05
2027-10-22,1.1083333333333334,0.9229474510453097,0.9230598627134989,0.9228734971613787,0.00011241166818920512,-7.395388393105495e-05
2027-10-29,1.1277777777777778,0.9217214367264276,0.9218567568036193,0.921630617706995,0.00013532007719174732,-9.081901943264192e-05
2027-11-05,1.1472222222222221,0.9204986198388624,0.9206552190085381,0.9203913311938104,0.00015659916967569742,-0.00010728864505193947
2027-11-12,1.1666666666666667,0.9192789563641706,0.9194552472843918,0.919155627625944,0.0001762909202212004,-0.00012332873822651358
2027-11-19,1.1861111111111111,0.9180624030319599,0.9182568395899809,0.9179234970433424,0.00019443655802109383,-0.00013890598861743264
2027-11-26,1.2055555555555555,0.9168489173076254,0.917059993886767,0.9166949295216492,0.00021107657914154476,-0.0001539877859761951
2027-12-03,1.225,0.9156384573802993,0.9158647081388677,0.9154699151720744,0.0002262507585684137,-0.00016854220822482002
2027-12-10,1.2444444444444445,0.9144309821510047,0.9146709803130549,0.9142484441412642,0.00023999816205022562,-0.00018253800974055157
2027-12-17,1.2638888888888888,0.9132264512210153,0.9134788083787505,0.9130305066111714,0.0002523571577351946,-0.00019594460984395656
2027-12-24,1.2833333333333334,0.9120248248804118,0.9122881903080228,0.9118160927989267,0.00026336542761096204,-0.0002087320814850857
2027-12-31,1.3027777777777778,0.9108260640968354,0.9110991240755832,0.9106051929567105,0.00027305997874782495,-0.00022087114012492304
2028-01-07,1.3222222222222222,0.9096301305044324,0.9099116076587833,0.9093977973716243,0.0002814771543508954,-0.00023233313280812684
2028-01-14,1.3416666666666666,0.9084369863929868,0.9087256390376105,0.9081938963655641,0.0002886526446237436,-0.0002430900274226211
2028-01-21,1.3611111111111112,0.9072465946972379,0.9075412161946854,0.9069934802950935,0.00029462149744752253,-0.0002531144021443721
2028-01-28,1.3805555555555555,0.9060589189863791,0.9063583371152578,0.9057965395513168,0.00029941812887868124,-0.0002623794350623543
2028-02-04,1.4,0.9048739234537339,0.9051769997872037,0.9046030645597541,0.00030307633346982055,-0.0002708588939797085
2028-02-11,1.4194444444444445,0.903691572906607,0.9039972022010215,0.9034130457802156,0.00030562929441457776,-0.0002785271263913147
2028-02-18,1.4388888888888889,0.9025118327563063,0.9028189423498291,0.9022264737066769,0.00030710959352275857,-0.00028535904962945224
2028-02-25,1.4583333333333333,0.9013346690083331,0.9016422182293595,0.9010433388671549,0.00030754922102638194,-0.0002913301411782143
2028-03-03,1.4777777777777779,0.9001600482527374,0.9004670278379587,0.8998636318235844,0.00030697958522130087,-0.00029641642915301247
2028-03-10,1.4972222222222222,0.8989879376546345,0.8992933691765813,0.8986873431716946,0.00030543152194684176,-0.00030059448293984214
2028-03-17,1.5166666666666666,0.8978183049448812,0.8981212402487876,0.8975144635408865,0.0003029353039063487,-0.00030384140399475346
2028-03-24,1.5361111111111112,0.8966511184109079,0.8969506390607398,0.8963449835941109,0.00029952064983185256,-0.00030613481679708787
2028-03-31,1.5555555555555556,0.8954863468877039,0.8957815636211991,0.8951788940277468,0.00029521673349519606,-0.0003074528599571469
2028-04-07,1.575,0.8943239597489521,0.8946140119415218,0.8940161855714803,0.00029005219256972303,-0.0003077741774717424
2028-04-14,1.5944444444444446,0.8931639268983131,0.8934479820356565,0.8928568489881838,0.00028405513734330867,-0.0003070779101292942
2028-04-21,1.613888888888889,0.8920062187608528,0.8922834719201401,0.8917008750737965,0.0002772531592872829,-0.0003053436870563697
2028-04-28,1.6333333333333333,0.890850806274613,0.8911204796140949,0.8905482546572038,0.00026967333948191285,-0.0003025516174092191
2028-05-05,1.6527777777777777,0.8896976608823209,0.8899590031392249,0.8893989786001191,0.0002613422569039958,-0.00029868228220186754
2028-05-12,1.6722222222222223,0.8885467545232376,0.8887990405198128,0.8882530377969647,0.00025228599657523,-0.0002937167262728746
2028-05-19,1.6916666666666667,0.8873980596251388,0.8876405897827164,0.8871104231747542,0.00024253015757758067,-0.000287636450384654
2028-05-26,1.711111111111111,0.8862515490964304,0.886483648957365,0.8859711256929741,0.0002320998609345315,-0.0002804234034563535
2028-06-02,1.7305555555555556,0.885107196318392,0.8853282160757565,0.8848351363434676,0.00022101975736454893,-0.00027205997492441014
2028-06-09,1.75,0.8839649751375491,0.8841742891724539,0.883702446150317,0.00020931403490476175,-0.0002625289872321135
2028-06-16,1.7694444444444444,0.8828248598581705,0.883021866284582,0.8825730461697284,0.00019700642641151678,-0.00025181368844207075
2028-06-23,1.788888888888889,0.8816868252348883,0.8818709454518239,0.8814469274899157,0.00018412021693559044,-0.00023989774497257255
2028-06-30,1.8083333333333333,0.8805508464654394,0.8807215247164176,0.8803240812309849,0.00017067825097827338,-0.00022676523445441799
2028-07-07,1.8277777777777777,0.8794168991835255,0.8795736021231532,0.8792044985448206,0.00015670293962766202,-0.00021240063870486825
2028-07-14,1.8472222222222223,0.8782849594517899,0.8784271757193688,0.8780881706149704,0.0001422162675789318,-0.00019678883681950587
2028-07-21,1.8666666666666667,0.8771550037549083,0.8772822435549477,0.8769750886565321,0.0001272398000393693,-0.00017991509837622655
2028-07-28,1.886111111111111,0.8760270089927932,0.8761388036823151,0.8758652439160401,0.00011179468952193794,-0.00016176507675302876
2028-08-04,1.9055555555555554,0.8749009524739079,0.8749968541564347,0.8747586276713526,9.590168252682219e-05,-0.00014232480255527147
2028-08-11,1.925,0.8737768119086897,0.873856393034805,0.873655231231539,7.958112611528012e-05,-0.0001215806771507344
2028-08-18,1.9444444444444444,0.8726545654030798,0.8727174183774565,0.8725550459367688,6.285297437669257e-05,-9.95194663110377e-05
2028-08-25,1.9638888888888888,0.8715341914521578,0.8715799282469485,0.8714580631581991,4.5736794790696145e-05,-7.612829395875487e-05
2028-09-01,1.9833333333333334,0.8704156689338797,0.8704439207083651,0.8703642742978646,2.8251774485399395e-05,-5.139463601511185e-05
2028-09-08,2.0027777777777778,0.8692989771029163,0.8693093938293126,0.8692736707885667,1.0416726396345055e-05,-2.530631434960462e-05
2028-09-15,2.022222222222222,0.8681840955845921,0.868176345679916,0.8681862440937633,-7.74990467611314e-06,2.1485091712403204e-06
2028-09-22,2.0416666666666665,0.8670710043689215,0.8670509747511602,0.8670880155069952,-2.0029617761263552e-05,1.7011138073730336e-05
2028-09-29,2.061111111111111,0.8659596838047408,0.8659425437274412,0.8659575034655246,-1.7140077299582224e-05,-2.1803392161734436e-06
2028-10-06,2.0805555555555557,0.864850114593935,0.8648355297130677,0.864829339719856,-1.4584880867363204e-05,-2.0774874079032557e-05
2028-10-13,2.1,0.8637422777857571,0.8637299308965464,0.8637035189310124,-1.2346889210701484e-05,-3.875885474469154e-05
2028-10-20,2.1194444444444445,0.8626361547712386,0.8626257454686997,0.862580035774071,-1.0409302538816334e-05,-5.611899716750912e-05
2028-10-27,2.138888888888889,0.86153172727769,0.8615229716226629,0.8614588849381237,-8.755655027115061e-06,-7.284233956628139e-05
2028-11-03,2.158333333333333,0.8604289773632889,0.860421607553881,0.860340061126237,-7.3698094079643894e-06,-8.891623705198359e-05
2028-11-10,2.1777777777777776,0.8593278874117546,0.8593216514601061,0.8592235590554127,-6.235951648503324e-06,-0.00010432835634188731
2028-11-17,2.1972222222222224,0.8582284401271079,0.8582231015413943,0.8581093734565486,-5.338585713610122e-06,-0.00011906667055927578
2028-11-24,2.216666666666667,0.8571306185285151,0.8571259560001026,0.8569974990743991,-4.66252841258008e-06,-0.00013311945411598192
2028-12-01,2.236111111111111,0.8560344059452135,0.856030213040886,0.8558879306675357,-4.192904327515734e-06,-0.00014647527767785995
2028-12-08,2.2555555555555555,0.8549397860115174,0.854935870870695,0.8547806630083081,-3.915140822430274e-06,-0.00015912300320930495
2028-12-15,2.275,0.8538467426619044,0.8538429276987721,0.8536756908828054,-3.814963132287019e-06,-0.00017105177909904068
2028-12-22,2.2944444444444443,0.8527552601261797,0.8527513817366491,0.8525730090908169,-3.8783895306426786e-06,-0.00018225103536284593
2028-12-29,2.313888888888889,0.8516653229247161,0.8516612311981441,0.8514726124457939,-4.091726572008625e-06,-0.00019271047892222004
2029-01-05,2.3333333333333335,0.8505769158637706,0.8505724742993588,0.8503744957748103,-4.441564411816756e-06,-0.00020242008896032004
2029-01-12,2.352777777777778,0.8494900240308751,0.8494851092586754,0.8492786539185252,-4.9147721997711e-06,-0.00021137011234995118
2029-01-19,2.3722222222222222,0.8484046327902992,0.8483991342967535,0.8481850817311433,-5.498493545696981e-06,-0.00021955105915594242
2029-01-26,2.3916666666666666,0.8473207277785855,0.8473145476365276,0.8470937740803776,-6.18014205788775e-06,-0.00022695369820791012
2029-02-02,2.411111111111111,0.8462382949001549,0.8462313475032041,0.8460047258474108,-6.9473969508404565e-06,-0.0002335690527440759
2029-02-09,2.4305555555555554,0.8451573203229823,0.8451495321242577,0.8449179319268576,-7.788198724600903e-06,-0.00023938839612469565
2029-02-16,2.45,0.8440777904743384,0.8440690997294299,0.8438333872267264,-8.690744908501635e-06,-0.0002444032476119906
2029-02-23,2.4694444444444446,0.842999692036601,0.8429900485507247,0.8427510866683817,-9.643485876287272e-06,-0.0002486053682192457
2029-03-02,2.488888888888889,0.8419230119431301,0.8419123768224064,0.8416710251865067,-1.0635120723745395e-05,-0.0002519867566234124
2029-03-09,2.5083333333333333,0.8408477373742095,0.8408360827809969,0.8405931977290652,-1.1654593212617748e-05,-0.0002545396451443249
2029-03-16,2.5277777777777777,0.8397738557530506,0.8397611646652721,0.8395175992572647,-1.2691087778571308e-05,-0.0002562564957859781
2029-03-23,2.547222222222222,0.8387013547418605,0.8386876207162596,0.8384442247455186,-1.3734025600897759e-05,-0.00025712999634186495
2029-03-30,2.566666666666667,0.8376302222379701,0.8376154491772357,0.8373730691814095,-1.4773060734385446e-05,-0.0002571530565605995
2029-04-06,2.5861111111111112,0.8365604463700245,0.8365446482937225,0.8363041275656518,-1.579807630192054e-05,-0.0002563188043727127
2029-04-13,2.6055555555555556,0.835492015494231,0.8354752163134851,0.8352373949120544,-1.679918074593001e-05,-0.0002546205821766234
2029-04-20,2.625,0.8344249181906686,0.8344071514865284,0.8341728662474845,-1.7766704140109724e-05,-0.00025205194318400626
2029-04-27,2.6444444444444444,0.8333591432596515,0.8333404520650944,0.8331105366118308,-1.869119455710777e-05,-0.00024860664782078157
2029-05-04,2.6638888888888888,0.8322946797181533,0.83227511630366,0.832050401057966,-1.9563414493273257e-05,-0.0002442786601872804
2029-05-11,2.683333333333333,0.8312315167962837,0.8312111424589329,0.8309924546517111,-2.037433735080363e-05,-0.00023906214457258823
2029-05-18,2.702777777777778,0.8301696439338218,0.8301485287898497,0.8299366924717989,-2.111514397207248e-05,-0.00023295146202284567
2029-05-25,2.7222222222222223,0.8291090507768034,0.8290872735575728,0.8288831096098375,-2.1777219230578737e-05,-0.00022594116696594835
2029-06-01,2.7416666666666667,0.8280497271741606,0.8280273750254875,0.8278317011702739,-2.235214867307711e-05,-0.00021802600388665105
2029-06-08,2.761111111111111,0.8269916631744144,0.8269688314591991,0.8267824622703586,-2.2831715215332338e-05,-0.00020920090405585068
2029-06-15,2.7805555555555554,0.8259348490224182,0.8259116411265301,0.8257353880401086,-2.3207895888055496e-05,-0.00019946098230960718
2029-06-22,2.8,0.8248792751561519,0.8248558022975176,0.8246904736222727,-2.3472858634243643e-05,-0.00018880153387923482
2029-06-29,2.8194444444444446,0.8238249322035665,0.8238013132444102,0.8236477141722948,-2.3618959156257446e-05,-0.00017721803127168645
2029-07-06,2.838888888888889,0.8227718109794763,0.822748172241665,0.8226071048582787,-2.3638737811304544e-05,-0.00016470612119756645
2029-07-13,2.8583333333333334,0.8217199024825004,0.8216963775659453,0.8215686408609527,-2.352491655510658e-05,-0.00015126162154766032
2029-07-20,2.8777777777777778,0.8206691978920512,0.8206459274961174,0.8205323173736339,-2.327039593374991e-05,-0.00013688051841731497
2029-07-27,2.897222222222222,0.8196196885653692,0.8195968203132479,0.8194981296021926,-2.286825212127752e-05,-0.00012155896317656012
2029-08-03,2.9166666666666665,0.8185713660346039,0.8185490543006009,0.8184660727650178,-2.231173400302211e-05,-0.00010529326958608198
2029-08-10,2.936111111111111,0.8175242220039398,0.8175026277436351,0.8174361420929818,-2.1594260304680368e-05,-8.80799109580499e-05
2029-08-17,2.9555555555555557,0.8164782483467673,0.8164575389300011,0.8164083328294047,-2.0709416766240274e-05,-6.991551736257318e-05
2029-08-24,2.975,0.8154334371028957,0.8154137861495384,0.8153826402300205,-1.96509533573197e-05,-5.0796872875236154e-05
2029-08-31,2.9944444444444445,0.8143897804758115,0.8143713676942731,0.8143590595629413,-1.8412781538357237e-05,-3.072091287015244e-05
2029-09-07,3.013888888888889,0.8133472708299766,0.8133302818584144,0.8133375861086234,-1.6988971562215127e-05,-9.684721353209191e-06
2029-09-14,3.033333333333333,0.81230590068817,0.8122905269383525,0.8123182151598323,-1.5373749817526594e-05,1.231447166227806e-05
2029-09-21,3.0527777777777776,0.8112656627288694,0.8112507713580398,0.8112953442496995,-1.489137082955061e-05,2.96815208301604e-05
2029-09-28,3.0722222222222224,0.8102265497836733,0.8102043777069153,0.8102407520868551,-2.2172076757920323e-05,1.4202303181831688e-05
2029-10-05,3.091666666666667,0.809188554834763,0.8091593337490199,0.8091878509867914,-2.9221085743103004e-05,-7.038479716836576e-07
2029-10-12,3.111111111111111,0.8081516710124038,0.8081156377434485,0.8081366379192181,-3.603326895529335e-05,-1.5033093185734536e-05
2029-10-19,3.1305555555555555,0.8071158915924832,0.8070732879515419,0.8070871098597854,-4.2603640941329957e-05,-2.878173269782458e-05
2029-10-26,3.15,0.8060812099940892,0.8060322826368833,0.8060392637900702,-4.8927357205852395e-05,-4.19462040189833e-05
2029-11-02,3.1694444444444443,0.8050476197771236,0.8049926200652956,0.8049930966975647,-5.4999711827985465e-05,-5.452307955888802e-05
2029-11-09,3.188888888888889,0.8040151146399535,0.8039542985048387,0.8039486055756634,-6.0816135114771797e-05,-6.650906429006564e-05
2029-11-16,3.2083333333333335,0.802983688417098,0.8029173162258062,0.8029057874236512,-6.637219129179694e-05,-7.790099344684442e-05
2029-11-23,3.227777777777778,0.8019533350769505,0.8018816715007231,0.8018646392466902,-7.166357622745423e-05,-8.869583026038796e-05
2029-11-30,3.2472222222222222,0.8009240487195359,0.8008473626043423,0.8008251580558082,-7.668611519362489e-05,-9.889066372770206e-05
2029-12-07,3.2666666666666666,0.7998958235743026,0.7998143878136421,0.799787340867886,-8.143576066044211e-05,-0.0001084827064165017
2029-12-14,3.286111111111111,0.7988686539979472,0.7987827454078232,0.7987511847056448,-8.59085901239176e-05,-0.00011746929230238567
2029-12-21,3.3055555555555554,0.7978425344722739,0.7977524336683062,0.7977166865976342,-9.01008039677631e-05,-0.00012584787463976177
2029-12-28,3.325,0.7968174596020859,0.7967234508787278,0.7966838435782203,-9.400872335818544e-05,-0.00013361602386563476
2030-01-04,3.3444444444444446,0.7957934241131089,0.7956957953249391,0.7956526526875728,-9.762878816987897e-05,-0.00014077142553614586
2030-01-11,3.363888888888889,0.7947704228499466,0.7946694652950019,0.7946231109716534,-0.00010095755494465841,-0.00014731187829319925
2030-01-18,3.3833333333333333,0.7937484507740673,0.7936444590791863,0.793595215482203,-0.00010399169488095605,-0.0001532352918642843
2030-01-25,3.4027777777777777,0.7927275029618219,0.7926207749699677,0.7925689632767302,-0.00010672799185418302,-0.00015853968509171867
2030-02-01,3.422222222222222,0.7917075746024911,0.7915984112620239,0.7915443514184989,-0.00010916334046717768,-0.00016322318399220048
2030-02-08,3.441666666666667,0.7906886609963631,0.7905773662522322,0.7905213769765159,-0.00011129474413096307,-0.00016728401984722474
2030-02-15,3.4611111111111112,0.7896707575528411,0.7895576382396668,0.7895000370255196,-0.00011311931317425916,-0.00017072052732147736
2030-02-22,3.4805555555555556,0.788653859788578,0.788539225525596,0.7884803286459674,-0.0001146342629820829,-0.00017353114261065006
2030-03-01,3.5,0.787637963325642,0.7875221264134789,0.7874622489240234,-0.0001158369121631031,-0.00017571440161856522
2030-03-08,3.5194444444444444,0.7866230638897072,0.7865063392089631,0.7864457949515473,-0.00011672468074408471,-0.0001772689381598358
2030-03-15,3.5388888888888888,0.7856091573082751,0.7854918622198814,0.7854309638260819,-0.000117295088393643,-0.00017819348219316744
2030-03-22,3.558333333333333,0.7845962395089207,0.7844786937562498,0.784417752650841,-0.00011754575267086675,-0.0001784868580796406
2030-03-29,3.577777777777778,0.7835843065175662,0.7834668321302636,0.783406158534698,-0.00011747438730258519,-0.0001781479828681931
2030-04-05,3.5972222222222223,0.782573354456781,0.7824562756562952,0.7823961785921737,-0.00011707880048583696,-0.00017717586460730406
2030-04-12,3.6166666666666667,0.781563379544108,0.7814470226508914,0.7813878099434246,-0.00011635689321665144,-0.00017556960068343397
2030-04-19,3.636111111111111,0.7805543780904146,0.7804390714327704,0.7803810497142308,-0.00011530665764425407,-0.00017332837618377894
2030-04-26,3.6555555555555554,0.7795463464982695,0.7794324203228187,0.7793758950359846,-0.00011392617545080697,-0.00017045146228489294
2030-05-03,3.675,0.7785392812603433,0.778427067644089,0.7783723430456785,-0.000112213616254353,-0.00016693821466484682
2030-05-10,3.6944444444444446,0.7775331789578354,0.7774230117217967,0.7773703908858933,-0.00011016723603862744,-0.0001627880719420327
2030-05-17,3.713888888888889,0.7765280362589221,0.7764202508833177,0.776370035704787,-0.00010778537560440782,-0.00015800055413506264
2030-05-24,3.7333333333333334,0.7755238499172308,0.775418783458185,0.7753712746560825,-0.00010506645904573286,-0.00015257526114831332
2030-05-31,3.7527777777777778,0.7745206167703359,0.7744186077780868,0.7743741048990558,-0.00010200899224910298,-0.00014651187128011944
2030-06-07,3.772222222222222,0.7735183337382786,0.7734197221768625,0.7733785235985252,-9.86115614161065e-05,-0.00013981013975339351
2030-06-14,3.7916666666666665,0.7725169978221084,0.7724221249905011,0.772384527924839,-9.487283160725113e-05,-0.00013246989726933833
2030-06-21,3.811111111111111,0.7715166061024468,0.7714258145571377,0.7713921150538641,-9.079154530911016e-05,-0.00012449104858269777
2030-06-28,3.8305555555555557,0.7705171557380742,0.770430789217051,0.7704012821669741,-8.636652102322895e-05,-0.00011587357110010021
2030-07-05,3.85,0.7695186439645367,0.7694370473126606,0.7694120264510387,-8.159665187612575e-05,-0.00010661751349805293
2030-07-12,3.8694444444444445,0.7685210680927747,0.768444587188524,0.7684243450984111,-7.648090425060872e-05,-9.6722994363585e-05
2030-07-19,3.888888888888889,0.7675244255077726,0.767453407191334,0.7674382353069173,-7.10183164385203e-05,-8.619020085520734e-05
2030-07-26,3.908333333333333,0.7665287136672287,0.7664635056699161,0.7664536942798443,-6.520799731268845e-05,-7.501938738441183e-05
2030-08-02,3.9277777777777776,0.7655339301002463,0.7654748809752252,0.7654707192259287,-5.904912502108228e-05,-6.321087431759853e-05
2030-08-09,3.9472222222222224,0.7645400724060425,0.7644875314603435,0.7644893073593452,-5.25409456989534e-05,-5.076504669732085e-05
2030-08-16,3.966666666666667,0.7635471382526795,0.7635014554804775,0.7635094558996953,-4.5682772201960375e-05,-3.768235298418077e-05
2030-08-23,3.986111111111111,0.7625551253758133,0.7625166513929552,0.7625311620719963,-3.847398285805603e-05,-2.396330381693179e-05
2030-08-30,4.0055555555555555,0.7615640315774618,0.7615331175572232,0.7615544231066694,-3.0914020238581585e-05,-9.608470792343837e-06
2030-09-06,4.025,0.7605738547247924,0.7605508523348445,0.7605792362395285,-2.300238994790149e-05,5.3815147360580795e-06
2030-09-13,4.044444444444444,0.759584592748927,0.7595698540894953,0.7596055987117694,-1.473865943169006e-05,2.1005962842379766e-05
2030-09-20,4.063888888888889,0.7585962436437659,0.7585901211869622,0.758633507769958,-6.122456803647758e-06,3.726412619209363e-05
2030-09-27,4.083333333333333,0.7576088054648298,0.7575927239030928,0.7576351332828999,-1.6081561736935868e-05,2.6327818070104314e-05
2030-10-04,4.102777777777778,0.7566222763281188,0.756596638001107,0.7566381074217485,-2.5638327011856532e-05,1.583109362968127e-05
2030-10-11,4.122222222222222,0.7556366544089894,0.7556018617567944,0.755642428320236,-3.479265219497041e-05,5.7739112465649e-06
2030-10-18,4.141666666666667,0.7546519379410478,0.7546083934482121,0.7546480941147352,-4.354449283572315e-05,-3.843826312577292e-06
2030-10-25,4.161111111111111,0.7536681252150612,0.753616231355681,0.7536551029442567,-5.189385938020319e-05,-1.302227080446361e-05
2030-11-01,4.180555555555555,0.7526852145778852,0.7526253737617832,0.7526634529504451,-5.9840816101996985e-05,-2.1761627440053388e-05
2030-11-08,4.2,0.7517032044314066,0.7516358189513584,0.7516731422775744,-6.738548004814326e-05,-3.0062153832166594e-05
2030-11-15,4.219444444444444,0.7507220932315047,0.7506475652115023,0.7506841690725452,-7.452802000240677e-05,-3.7924158959534715e-05
2030-11-22,4.238888888888889,0.7497418794870258,0.7496606108315618,0.74969653148488,-8.12686554639841e-05,-4.534800214572865e-05
2030-11-29,4.258333333333334,0.7487625617587751,0.7486749541031333,0.7487102276667199,-8.760765564175266e-05,-5.233409205518402e-05
2030-12-06,4.277777777777778,0.7477841386585236,0.7476905933200598,0.7477252557728211,-9.35453384637297e-05,-5.888288570243816e-05
2030-12-13,4.2972222222222225,0.7468066088480295,0.746707526778427,0.74674161396055,-9.908206960251853e-05,-6.499488747946369e-05
2030-12-20,4.316666666666666,0.7458299710380762,0.7457257527765612,0.7457593003898811,-0.00010421826151507663,-7.06706481951036e-05
2030-12-27,4.336111111111111,0.7448542239875228,0.744745269615026,0.7447783132233916,-0.00010895437249680562,-7.59107641311596e-05
2031-01-03,4.355555555555555,0.743879366502371,0.7437660755966194,0.7437986506262586,-0.00011329090575151746,-8.071587611235831e-05
2031-01-10,4.375,0.7429053974348452,0.742788169026371,0.7428203107662552,-0.00011722840847416816,-8.508666858997316e-05
2031-01-17,4.394444444444445,0.7419323156824879,0.7418115482115389,0.7418432918137463,-0.0001207674709489126,-8.902386874154455e-05
2031-01-24,4.413888888888889,0.7409601201872666,0.7408362114616068,0.7408675919416857,-0.00012390872565981592,-9.25282455809251e-05
2031-01-31,4.433333333333334,0.739988809934698,0.7398621570882811,0.7398932093256114,-0.0001266528464168859,-9.560060908653245e-05
2031-02-07,4.4527777777777775,0.7390183839529814,0.7388893834054879,0.7389201421436424,-0.0001290005474934297,-9.824180933892812e-05
2031-02-14,4.472222222222222,0.7380488413121493,0.7379178887293704,0.7379483885764753,-0.00013095258277895372,-0.00010045273567405033
2031-02-21,4.491666666666666,0.7370801811232286,0.7369476713782853,0.7369779468073797,-0.0001325097449432766,-0.00010223431584888143
2031-02-28,4.511111111111111,0.7361124025374151,0.7359787296728009,0.7360088150221951,-0.00013367286461418715,-0.00010358751521999388
2031-03-07,4.530555555555556,0.7351455047452621,0.7350110619356931,0.735040991409327,-0.0001344428095689798,-0.00010451333593508583
2031-03-14,4.55,0.7341794869758791,0.7340446664919434,0.7340744741597434,-0.00013482048393564927,-0.00010501281613572999
2031-03-21,4.569444444444445,0.7332143484961452,0.7330795416687356,0.7331092614669708,-0.00013480682740962813,-0.00010508702917444435
2031-03-28,4.588888888888889,0.7322500886099331,0.7321156857954525,0.7321453515270906,-0.00013440281448062752,-0.00010473708284253203
2031-04-04,4.608333333333333,0.7312867066573452,0.7311530972036738,0.7311827425387354,-0.00013360945367135724,-0.00010396411860980059
2031-04-11,4.627777777777778,0.7303242020139625,0.730191774227173,0.7302214327030857,-0.00013242778678956846,-0.00010276931087682684
2031-04-18,4.647222222222222,0.7293625740901042,0.7292317152019139,0.7292614202238655,-0.00013085888819031055,-0.00010115386623865685
2031-04-25,4.666666666666667,0.7284018223300985,0.7282729184660485,0.7283027033073391,-0.00012890386405006726,-9.911902275938633e-05
2031-05-02,4.686111111111111,0.7274419462115658,0.7273153823599138,0.7273452801623077,-0.00012656385165199513,-9.66660492580651e-05
2031-05-09,4.705555555555556,0.7264829452447117,0.7263591052260288,0.7263891490001045,-0.00012384001868293026,-9.37962446071472e-05
2031-05-16,4.725,0.7255248189716321,0.7254040854090917,0.725434308034593,-0.00012073356254038714,-9.051093703915658e-05
2031-05-23,4.7444444444444445,0.7245675669656282,0.7244503212559774,0.7244807554821613,-0.00011724570965077064,-8.68114834668976e-05
2031-05-30,4.763888888888889,0.7236111888305323,0.7234978111157341,0.72352848956172,-0.00011337771479824621,-8.269926881232514e-05
2031-06-06,4.783333333333333,0.7226556842000451,0.7225465533395806,0.7225775084946979,-0.00010913086046449028,-7.817570534718321e-05
2031-06-13,4.802777777777778,0.7217010527370811,0.721596546280904,0.7216278105050383,-0.0001045064561771003,-7.324223204274727e-05
2031-06-20,4.822222222222222,0.7207472941331268,0.7206477882952556,0.7206793938191957,-9.950583787121658e-05,-6.790031393111295e-05
2031-06-27,4.841666666666667,0.7197944081076066,0.7197002777403495,0.7197322566661315,-9.413036725713919e-05,-6.215144147514451e-05
2031-07-04,4.861111111111111,0.7188423944072606,0.7187540129760588,0.7187863972773114,-8.838143120182274e-05,-5.599712994919237e-05
2031-07-11,4.8805555555555555,0.7178912528055299,0.7178089923644131,0.7178418138867011,-8.226044111681041e-05,-4.943891882880358e-05
2031-07-18,4.9,0.7169409831019536,0.7168652142695955,0.7168985047307627,-7.576883235815846e-05,-4.24783711909793e-05
2031-07-25,4.919444444444444,0.7159915851215742,0.71592267705794,0.7159564680484513,-6.890806363424318e-05,-3.511707312298107e-05
2031-08-01,4.938888888888889,0.7150430587143518,0.7149813790979287,0.7150157020812112,-6.167961642311592e-05,-2.7356633140573905e-05
2031-08-08,4.958333333333333,0.714095403754589,0.7140413187601884,0.7140762050729729,-5.4084994400627195e-05,-1.919868161615046e-05
2031-08-15,4.977777777777778,0.7131486201403631,0.7131024944174886,0.7131379752701484,-4.612572287443495e-05,-1.0644870214626678e-05
2031-08-22,4.997222222222222,0.7122027077929688,0.7121649044447382,0.7122010109216289,-3.780334823055842e-05,-1.6968713398846091e-06
2031-08-29,5.016666666666667,0.7112576666563677,0.7112285472189825,0.7112653102787799,-2.9119437385149993e-05,7.643622412234485e-06
2031-09-05,5.036111111111111,0.7103134966966494,0.7102934211194011,0.710330871595439,-2.0075577248368504e-05,1.7374898789501714e-05
2031-09-12,5.055555555555555,0.7093701979014978,0.7093595245273044,0.7093976931279111,-1.0673374193359564e-05,2.7495226413321028e-05
2031-09-19,5.075,0.7084277702796681,0.708426855826131,0.7084657731349657,-9.144535371152784e-07,3.8002855297647464e-05
2031-09-26,5.094444444444444,0.707486213860471,0.7074791683071874,0.7075223620190055,-7.045553283568928e-06,3.614815853458797e-05
2031-10-03,5.113888888888889,0.7065455286932655,0.7065205812656591,0.7065705579875754,-2.4947427606392125e-05,2.5029294309919514e-05
2031-10-10,5.133333333333334,0.7056057148469597,0.7055632930455765,0.7056198969522633,-4.242180138314122e-05,1.4182105303683912e-05
2031-10-17,5.152777777777778,0.7046667724095197,0.7046073018871234,0.7046703777452809,-5.94705223962988e-05,3.6053357611587344e-06
2031-10-24,5.1722222222222225,0.7037287014874851,0.7036526060328677,0.7037219991997439,-7.609545461739753e-05,-6.702287741244817e-06
2031-10-31,5.191666666666666,0.702791502205494,0.7026992037277586,0.7027747601496728,-9.229847773539746e-05,-1.6742055821250545e-05
2031-11-07,5.211111111111111,0.7018551747058145,0.7017470932191237,0.7018286594299915,-0.00010808148669083639,-2.65152758229803e-05
2031-11-14,5.230555555555555,0.7009197191478834,0.7007962727566646,0.7008836958765284,-0.00012344639121886214,-3.602327135499017e-05
2031-11-21,5.25,0.6999851357078534,0.6998467405924551,0.6999398683260146,-0.00013839511539825988,-4.526738183874279e-05
2031-11-28,5.269444444444445,0.6990514245781461,0.6988984949809371,0.6989971756160845,-0.0001529295972089173,-5.424896206152052e-05
2031-12-05,5.288888888888889,0.698118585967014,0.6979515341789175,0.6980556165852752,-0.00016705178809650612,-6.296938173888655e-05
2031-12-12,5.308333333333334,0.6971866200981075,0.6970058564455653,0.6971151900730261,-0.00018076365254215965,-7.143002508136487e-05
2031-12-19,5.3277777777777775,0.6962555272100499,0.696061460042408,0.6961758949196791,-0.00019406716764192034,-7.963229037077912e-05
2031-12-26,5.347222222222222,0.6953253075560197,0.6951183432333288,0.6952377299664775,-0.0002069643226909612,-8.75775895422537e-05
2032-01-02,5.366666666666666,0.6943959614033388,0.6941765042845632,0.6943006940555664,-0.00021945711877557894,-9.526734777243195e-05
2032-01-09,5.386111111111111,0.6934674890330673,0.6932359414646956,0.6933647860299916,-0.00023154756837173718,-0.00010270300307568814
2032-01-16,5.405555555555556,0.6925398907396058,0.6922966530446567,0.6924300047337005,-0.00024323769494905,-0.00010988600590522424
2032-01-23,5.425,0.6916131668303032,0.6913586372977197,0.6914963490115407,-0.00025452953258342514,-0.00011681781876249353
2032-01-30,5.444444444444445,0.690687317625071,0.6904218924994977,0.6905638177092597,-0.0002654251255732598,-0.00012349991581128705
2032-02-06,5.463888888888889,0.6897623434560046,0.6894864169279399,0.6896324096735053,-0.0002759265280647405,-0.0001299337824993696
2032-02-13,5.483333333333333,0.68883824466701,0.6885522088633289,0.6887021237518248,-0.00028603580368113946,-0.00013612091518522274
2032-02-20,5.502777777777778,0.6879150216134367,0.6876192665882774,0.6877729587926651,-0.0002957550251592167,-0.00014206282077156018
2032-02-27,5.522222222222222,0.6869926746617167,0.6866875883877251,0.6868449136453715,-0.0003050862739915061,-0.00014776101634517147
2032-03-05,5.541666666666667,0.6860712041890099,0.6857571725489354,0.6859179871601884,-0.0003140316400744858,-0.00015321702882153954
2032-03-12,5.561111111111111,0.6851506105828546,0.6848280173614925,0.6849921781882582,-0.0003225932213621885,-0.00015843239459645275
2032-03-19,5.580555555555556,0.6842308942408242,0.6839001211172978,0.6840674855816218,-0.00033077312352636223,-0.0001634086592023909
2032-03-26,5.6,0.6833120555701889,0.6829734821105674,0.6831439081932174,-0.0003385734596215162,-0.00016814737697157245
2032-04-02,5.6194444444444445,0.6823940949875841,0.6820480986378283,0.6822214448768805,-0.00034599634975573945,-0.00017265011070355385
2032-04-09,5.638888888888889,0.6814770129186835,0.681123968997916,0.6813000944873442,-0.0003530439207674041,-0.000176918431339268
2032-04-16,5.658333333333333,0.6805608097978776,0.6802010914919706,0.6803798558802379,-0.0003597183059069753,-0.00018095391763972568
2032-04-23,5.677777777777778,0.6796454860679582,0.6792794644234341,0.6794607279120873,-0.0003660216445240394,-0.00018475815587082334
2032-04-30,5.697222222222222,0.6787310421798072,0.6783590860980474,0.6785427094403149,-0.00037195608175977224,-0.00018833273949225848
2032-05-07,5.716666666666667,0.6778174785920912,0.6774399548238469,0.6776257993232382,-0.00037752376824429223,-0.00019167926885299558
2032-05-14,5.736111111111111,0.6769047957709621,0.6765220689111614,0.6767099964200706,-0.000382726859800675,-0.0001947993508915058
2032-05-21,5.7555555555555555,0.67599299418976,0.6756054266726093,0.6757952995909204,-0.0003875675171507442,-0.00019769459883955953
2032-05-28,5.775,0.6750820743287245,0.674690026423095,0.6748817076967911,-0.0003920479056295223,-0.00020036663193334636
2032-06-04,5.794444444444444,0.6741720366747082,0.6737758664798065,0.6739692195995802,-0.0003961701949016794,-0.00020281707512792568
2032-06-11,5.813888888888889,0.6732628817208967,0.6728629451622115,0.6730578341620798,-0.00039993655868519884,-0.0002050475588168954
2032-06-18,5.833333333333333,0.6723546099665324,0.6719512607920549,0.6721475502479756,-0.0004033491744774853,-0.00020705971855683458
2032-06-25,5.852777777777778,0.6714472219166434,0.6710408116933556,0.6712383667218469,-0.00040641022328780085,-0.00020885519479652004
2032-07-02,5.872222222222222,0.670540718081777,0.6701315961924031,0.6703302824491661,-0.0004091218893738091,-0.0002104356326108059
2032-07-09,5.891666666666667,0.6696350989777375,0.6692236126177549,0.6694232962962988,-0.00041148635998267125,-0.00021180268143872194
2032-07-16,5.911111111111111,0.6687303651253292,0.6683168593002331,0.6685174071305028,-0.00041350582509613876,-0.00021295799482645705
2032-07-23,5.930555555555555,0.667826517050103,0.6674113345729215,0.6676126138199282,-0.00041518247718153045,-0.0002139032301747834
2032-07-30,5.95,0.6669235552821072,0.6665070367711622,0.666708915233617,-0.0004165185109450409,-0.00021464004849025553
2032-08-06,5.969444444444444,0.6660214803556442,0.6656039642325531,0.6658063102415029,-0.00041751612309115504,-0.00021517011414129428
2032-08-13,5.988888888888889,0.6651202928090293,0.6647021152969443,0.6649047977144109,-0.0004181775120849496,-0.00021549509461837868
2032-08-20,6.008333333333334,0.6642199931843553,0.6638014883064357,0.6640043765240565,-0.0004185048779196121,-0.00021561666029878968
2032-08-27,6.027777777777778,0.6633205820272604,0.6629020816053731,0.6631050455430463,-0.0004185004218872912,-0.0002155364842141294
2032-09-03,6.0472222222222225,0.6624220598867004,0.6620038935403457,0.6622068036448767,-0.0004181663463547203,-0.00021525624182372471
2032-09-10,6.066666666666666,0.6615244273147249,0.6611069224601831,0.6613096497039346,-0.00041750485454183917,-0.00021477761079036206
2032-09-17,6.086111111111111,0.6606276848662577,0.6602111667159521,0.6604135825954957,-0.00041651815030552264,-0.0002141022707620177
2032-09-24,6.105555555555555,0.65973183309888,0.6593166246609536,0.6595186011957258,-0.00041520843792630657,-0.00021323190315414298
2032-10-01,6.125,0.6588368725726191,0.6584232946507197,0.6586247043816792,-0.000413577921899444,-0.0002121681909399431
2032-10-08,6.144444444444445,0.6579428038497398,0.6575311750430106,0.6577318910312987,-0.0004116288067291807,-0.00021091281844110021
2032-10-15,6.163888888888889,0.6570496274945394,0.656640264197812,0.6568401600234158,-0.00040936329672747185,-0.0002094674711236033
2032-10-22,6.183333333333334,0.6561573440731472,0.6557505604773309,0.6559495102377497,-0.00040678359581625134,-0.00020783383539746403
2032-10-29,6.2027777777777775,0.6552659541533266,0.6548620622459943,0.6550599405549072,-0.00040389190733225444,-0.000206013598419319
2032-11-05,6.222222222222222,0.6543754583042812,0.6539747678704447,0.6541714498563824,-0.0004006904338365036,-0.0002040084478988069
2032-11-12,6.241666666666666,0.6534858570964658,0.6530886757195379,0.6532840370245565,-0.000397181376927902,-0.00020182007190927553
2032-11-19,6.261111111111111,0.6525971511013976,0.6522037841643399,0.652397700942697,-0.0003933669370577153,-0.00019945015870059812
2032-11-26,6.280555555555556,0.6517093408914739,0.6513200915781234,0.651512440494958,-0.0003892493133504926,-0.00019690039651587554
2032-12-03,6.3,0.6508224270397925,0.6504375963363658,0.6506282545663795,-0.00038483070342676395,-0.00019417247341302346
2032-12-10,6.319444444444445,0.6499364101199732,0.649556296816745,0.649745142042887,-0.00038011330322818004,-0.00019126807708613747
2032-12-17,6.338888888888889,0.6490512907059861,0.6486761913991375,0.6488631018112915,-0.00037509930684864745,-0.00018818889469462974
2032-12-24,6.358333333333333,0.6481670693719802,0.6477972784656147,0.6479821327592886,-0.00036979090636546363,-0.00018493661269158856
2032-12-31,6.377777777777778,0.6472837466921169,0.6469195564004404,0.6471022337754588,-0.00036419029167644723,-0.00018151291665802205
2033-01-07,6.397222222222222,0.6464013232404056,0.6460430235900674,0.646223403749267,-0.00035829965033817857,-0.0001779194911385451
2033-01-14,6.416666666666667,0.6455197995905428,0.6451676784231348,0.6453456415710614,-0.0003521211674080149,-0.0001741580194813963
2033-01-21,6.436111111111111,0.6446391763157548,0.6442935192904652,0.6444689461320748,-0.00034565702528965847,-0.00017023018368000908
2033-01-28,6.455555555555556,0.6437594539886418,0.643420544585061,0.6435933163244223,-0.00033890940358072275,-0.00016613766421946785
2033-02-04,6.475,0.6428806331810268,0.6425487527021028,0.6427187510411024,-0.0003318804789240737,-0.00016188213992440748
2033-02-11,6.4944444444444445,0.6420027144638065,0.6416781420389448,0.6418452491759964,-0.00032457242486172433,-0.00015746528781013236
2033-02-18,6.513888888888889,0.6411256984068048,0.6408087109951132,0.6409728096238674,-0.00031698741169161604,-0.00015288878293739927
2033-02-25,6.533333333333333,0.6402495855786292,0.6399404579723025,0.6401014312803607,-0.0003091276063267312,-0.00014815429826853244
2033-03-04,6.552777777777778,0.6393743765465313,0.6390733813743729,0.639231113042003,-0.00030099517215842475,-0.0001432635045283126
2033-03-11,6.572222222222222,0.6385000718762678,0.638207479607347,0.6383618538062025,-0.00029259226892075496,-0.00013821807006531017
2033-03-18,6.591666666666667,0.6376266721319659,0.6373427510794077,0.637493652471248,-0.0002839210525581448,-0.0001330196607178813
2033-03-25,6.611111111111111,0.6367541778759912,0.6364791942008943,0.6366265079363091,-0.0002749836750969292,-0.00012766993968205131
2033-04-01,6.6305555555555555,0.6358825896688172,0.6356168073842998,0.6357604191014354,-0.0002657822845173463,-0.0001221705673817297
2033-04-08,6.65,0.6350119080688983,0.6347555890442687,0.6348953848675568,-0.0002563190246296365,-0.00011652320134147853
2033-04-15,6.669444444444444,0.634142133632545,0.633895537597593,0.6340314041364822,-0.0002465960349520291,-0.00011072949606283355
2033-04-22,6.688888888888889,0.6332732669138024,0.6330366514632103,0.6331684758108999,-0.00023661545059205924,-0.00010479110290251281
2033-04-29,6.708333333333333,0.6324053084643292,0.6321789290622002,0.6323065987943771,-0.00022637940212899554,-9.870966995206842e-05
2033-05-06,6.727777777777778,0.6315382588332814,0.6313223688177817,0.6314457719913597,-0.000215890015499709,-9.248684192175727e-05
2033-05-13,6.747222222222222,0.6306721185671974,0.6304669691553101,0.6305859943071712,-0.0002051494118873176,-8.6124260026188e-05
2033-05-20,6.766666666666667,0.6298068882098848,0.6296127285022745,0.6297272646480137,-0.00019415970761038626,-7.962356187118935e-05
2033-05-27,6.786111111111111,0.6289425683023111,0.6287596452882942,0.628869581920966,-0.00018292301401690025,-7.298638134511926e-05
2033-06-03,6.805555555555555,0.628079159382495,0.6279077179451169,0.6280129450339846,-0.00017144143737812811,-6.621434851039609e-05
2033-06-10,6.825,0.6272166619854013,0.6270569449066147,0.6271573528959027,-0.00015971707878659203,-5.93090894985826e-05
2033-06-17,6.844444444444444,0.6263550766428373,0.6262073246087817,0.6263028044164297,-0.00014775203405559267,-5.2272226407579225e-05
2033-06-24,6.863888888888889,0.6254944038833519,0.6253588554897314,0.6254492985061512,-0.0001355483936205104,-4.5105377200704844e-05
2033-07-01,6.883333333333334,0.624634644232136,0.6245115359896933,0.6245968340765287,-0.00012310824244265994,-3.781015560733181e-05
2033-07-08,6.902777777777778,0.6237757982109265,0.6236653645510105,0.6237454100398989,-0.0001104336599160316,-3.0388171027628808e-05
2033-07-15,6.9222222222222225,0.6229178663379106,0.6228203396181364,0.6228950253094737,-9.752671977414362e-05,-2.2841028436859645e-05
2033-07-22,6.941666666666666,0.6220608491276335,0.6219764596376323,0.62204567879934,-8.438949000122431e-05,-1.517032829345677e-05
2033-07-29,6.961111111111111,0.6212047470909081,0.621133723058164,0.6211973694244582,-7.102403274417135e-05,-7.377666449870368e-06
2033-08-05,6.980555555555555,0.6203495607347256,0.6202921283304996,0.6203500961006639,-5.7432404225954414e-05,5.353659383589005e-07
2033-08-12,7.0,0.6194952905621696,0.619451673907506,0.6195038577446653,-4.3616654663569676e-05,8.56718249575561e-06
2033-08-19,7.019444444444445,0.6186419370723305,0.6186123582441466,0.6186586532740446,-2.957882818388491e-05,1.6716201714062073e-05
2033-08-26,7.038888888888889,0.617789500760224,0.6177741797974781,0.6178144816072568,-1.5320962745923872e-05,2.4980847032840536e-05
2033-09-02,7.058333333333334,0.6169379821167086,0.6169371370266477,0.6169713416636293,-8.450900609302536e-07,3.33595469207415e-05
2033-09-09,7.0777777777777775,0.616087381628408,0.6161012283928906,0.6161292323633621,1.3846764482572382e-05,4.1850734954107516e-05
2033-09-16,7.097222222222222,0.6152376997776331,0.6152664523595267,0.6152881526275271,2.875258189360963e-05,5.0452849894022656e-05
2033-09-23,7.116666666666666,0.6143889370423068,0.6144241754742643,0.6144451080462348,3.52384319575183e-05,5.6171003927962815e-05
2033-09-30,7.136111111111111,0.6135410938958908,0.613561501912236,0.613595589300105,2.040801634517475e-05,5.44954042142054e-05
2033-10-07,7.155555555555556,0.612694170807313,0.6127000395748052,0.6127470686467406,5.868767492200888e-06,5.2897839427523685e-05
2033-10-14,7.175,0.6118481682408984,0.6118397867613693,0.6118995451942189,-8.381479529084856e-06,5.137695332046999e-05
2033-10-21,7.194444444444445,0.6110030866562997,0.6109807417737129,0.6110530180509903,-2.2344882586788906e-05,4.993139469067209e-05
2033-10-28,7.213888888888889,0.6101589265084314,0.6101229029160057,0.6102074863258784,-3.6023592425715734e-05,4.855981744700255e-05
2033-11-04,7.233333333333333,0.6093156882474042,0.6092662684947977,0.6093629491280805,-4.9419752606527645e-05,4.7260880676303074e-05
2033-11-11,7.252777777777778,0.6084733723184622,0.6084108368190171,0.6085194055671682,-6.25354994451266e-05,4.603324870600112e-05
2033-11-18,7.272222222222222,0.6076319791619205,0.6075566061999661,0.6076768547530879,-7.537296195436749e-05,4.487559116739259e-05
2033-11-25,7.291666666666667,0.6067915092131052,0.6067035749513182,0.6068352957961609,-8.793426178699271e-05,4.378658305570493e-05
2033-12-02,7.311111111111111,0.605951962902295,0.6058517413891141,0.6059947278070851,-0.00010022151318089811,4.276490479004913e-05
2033-12-09,7.330555555555556,0.6051133406546638,0.6050011038317593,0.6051551498969339,-0.00011223682290451009,4.1809242270041125e-05
2033-12-16,7.35,0.6042756428902251,0.6041516606000201,0.6043165611771578,-0.00012398229020493812,4.091828693275623e-05
2033-12-23,7.3694444444444445,0.6034388700237776,0.6033034100170206,0.6034789607595846,-0.00013546000675701553,4.009073580701905e-05
2033-12-30,7.388888888888889,0.6026030224648536,0.602456350408239,0.6026423477564199,-0.00014667205661467175,3.932529156625009e-05
2034-01-06,7.408333333333333,0.6017681006176668,0.601610480101505,0.6018067212802474,-0.00015762051616186046,3.86206625805352e-05
2034-01-13,7.427777777777778,0.6009341048810626,0.6007657974269958,0.6009720804440297,-0.00016830745406681835,3.7975562967140775e-05
2034-01-20,7.447222222222222,0.6001010356484703,0.5999223007172333,0.6001384243611089,-0.00017873493123699014,3.738871263858634e-05
2034-01-27,7.466666666666667,0.5992688933078555,0.5990799883070804,0.5993057521452064,-0.00018890500077506367,3.685883735093931e-05
2034-02-03,7.486111111111111,0.5984376782416749,0.5982388585337381,0.5984740629104243,-0.0001988197079367815,3.6384668749334104e-05
2034-02-10,7.5055555555555555,0.5976073908268322,0.5973989097367418,0.597643355771245,-0.0002084810900904177,3.596494441282516e-05
2034-02-17,7.525,0.596778031434634,0.5965601402579586,0.5968136298425328,-0.00021789117667547764,3.559840789879587e-05
2034-02-24,7.544444444444444,0.5959496004307497,0.5957225484415833,0.5959848842395331,-0.00022705198916639358,3.5283808783370674e-05
2034-03-03,7.563888888888889,0.59512209817517,0.5948861326341357,0.5951571180778739,-0.0002359655410343331,3.50199027038256e-05
2034-03-10,7.583333333333333,0.5942955250221681,0.5940508911844571,0.5943303304735655,-0.0002446338377110058,3.480545139744606e-05
2034-03-17,7.602777777777778,0.5934698813202618,0.5932168224437071,0.5935045205430021,-0.0002530588765546904,3.4639222740273645e-05
2034-03-24,7.622222222222222,0.5926451674121771,0.5923839247653605,0.592679687402961,-0.00026124264681659515,3.451999078385448e-05
2034-03-31,7.641666666666667,0.5918213836348122,0.5915521965052034,0.5918558301706036,-0.0002691871296087722,3.444653579143253e-05
2034-04-07,7.661111111111111,0.5909985303192036,0.5907216360213311,0.5910329479634764,-0.00027689429787247644,3.441764427281058e-05
2034-04-14,7.680555555555555,0.5901766077904931,0.5898922416741437,0.5902110398995108,-0.00028436611634941045,3.443210901776794e-05
2034-04-21,7.7,0.5893556163678955,0.5890640118263434,0.5893901050970239,-0.0002916045415520818,3.4488729128479e-05
2034-04-28,7.719444444444444,0.5885355563646676,0.5882369448429314,0.5885701426747186,-0.00029861152173615846,3.458631005104351e-05
2034-05-05,7.738888888888889,0.5877164280880794,0.5874110390912045,0.5877511517516847,-0.0003053889968749335,3.4723663605240596e-05
2034-05-12,7.758333333333334,0.5868982318393843,0.5865862929407517,0.5869331314473989,-0.00031193889863256885,3.489960801461578e-05
2034-05-19,7.777777777777778,0.5860809679137924,0.5857627047634513,0.5861160808817253,-0.00031826315034111374,3.5112967932904304e-05
2034-05-26,7.7972222222222225,0.5852646366004437,0.5849402729334675,0.5852999991749162,-0.0003243636669761907,3.5362574472452835e-05
2034-06-02,7.816666666666666,0.5844492381823824,0.5841189958272472,0.5844848854476122,-0.0003302423551351241,3.564726522986561e-05
2034-06-09,7.836111111111111,0.5836347729365329,0.5832988718235169,0.583670738820843,-0.00033590111301595726,3.5965884310096286e-05
2034-06-16,7.855555555555555,0.5828212411336764,0.5824798993032794,0.5828575584160276,-0.0003413418303970239,3.6317282351205904e-05
2034-06-23,7.875,0.582008643038428,0.5816620766498105,0.5820453433549747,-0.00034656638861751965,3.670031654667838e-05
2034-06-30,7.894444444444445,0.581196978909216,0.580845402248656,0.5812340927598837,-0.0003515766605599602,3.711385066773598e-05
2034-07-07,7.913888888888889,0.5803862489982605,0.5800298744876288,0.5804238057533445,-0.00035637451063175174,3.755675508398948e-05
2034-07-14,7.933333333333334,0.5795764535515551,0.5792154917568046,0.5796144814583385,-0.0003609617947504251,3.802790678342216e-05
2034-07-21,7.9527777777777775,0.578767592808847,0.5784022524485205,0.5788061189982387,-0.00036534036032653816,3.852618939170771e-05
2034-07-28,7.972222222222222,0.5779596670036203,0.5775901549573699,0.5779987174968102,-0.0003695120462504642,3.9050493189862756e-05
2034-08-04,7.991666666666666,0.5771526763630789,0.5767791976802008,0.577192276078211,-0.00037347868287807007,3.959971513212146e-05
2034-08-11,8.011111111111111,0.5763466211081305,0.5759693790161118,0.5763867938669921,-0.00037724209201872583,4.0172758861589664e-05
2034-08-18,8.030555555555555,0.5755415014533717,0.5751606973664493,0.5755822699880979,-0.00038080408692242607,4.07685347262321e-05
2034-08-25,8.05,0.5747373176070742,0.5743531511348043,0.5747787035668672,-0.00038416647226990897,4.1385959792972216e-05
2034-09-01,8.069444444444445,0.5739340697711711,0.5735467387270095,0.573976093729033,-0.0003873310441616651,4.202395786190305e-05
2034-09-08,8.088888888888889,0.5731317581412446,0.5727414585511352,0.5731744396007233,-0.00039029959010938864,4.2681459478721706e-05
2034-09-15,8.108333333333333,0.5723303829065141,0.5719373090174874,0.5723737403084618,-0.00039307388902665163,4.3357401947718976e-05
2034-09-22,8.127777777777778,0.571529944249826,0.5711342885386038,0.5715739949791675,-0.0003956557112221315,4.40507293415493e-05
2034-09-29,8.147222222222222,0.5707304423476428,0.5703323955292512,0.570775202740156,-0.0003980468183916175,4.476039251322117e-05
2034-10-06,8.166666666666666,0.5699318773700351,0.5695316284064219,0.56997736271914,-0.0004002489636132367,4.54853491048679e-05
2034-10-13,8.186111111111112,0.5691342494806716,0.5687319855893308,0.5691804740442288,-0.00040226389134079277,4.622456355718452e-05
2034-10-20,8.205555555555556,0.5683375588368125,0.5679334654994124,0.5683845358439297,-0.0004040933374001021,4.697700711719932e-05
2034-10-27,8.225,0.5675418055893022,0.5671360665603176,0.5675895472471482,-0.0004057390289846641,4.7741657845934427e-05
2034-11-03,8.244444444444444,0.5667469898825628,0.5663397871979103,0.5667955073831878,-0.00040720268465244125,4.85175006250671e-05
2034-11-10,8.26388888888889,0.5659531118545887,0.5655446258402647,0.5660024153817517,-0.00040848601432408316,4.9303527162924965e-05
2034-11-17,8.283333333333333,0.5651601716369422,0.5647505809176623,0.565210270372942,-0.00040959071927992863,5.009873599981507e-05
2034-11-24,8.302777777777777,0.5643681693547484,0.563957650862588,0.5644190714872612,-0.0004105184921604499,5.090213251279785e-05
2034-12-01,8.322222222222223,0.5635771051266929,0.563165834109728,0.5636288178556115,-0.0004112710169649203,5.17127289185737e-05
2034-12-08,8.341666666666667,0.5627869790650181,0.5623751290959661,0.5628395086092963,-0.00041184996905196947,5.2529544278256957e-05
2034-12-15,8.36111111111111,0.5619977912755216,0.5615855342603807,0.56205114288002,-0.0004122570151409155,5.335160449837506e-05
2034-12-22,8.380555555555556,0.5612095418575542,0.5607970480442417,0.5612637197998888,-0.0004124938133125422,5.4177942334532325e-05
2034-12-29,8.4,0.5604222309040201,0.5600096688910081,0.5604772385014108,-0.0004125620130119856,5.500759739074379e-05
2035-01-05,8.419444444444444,0.5596358585013751,0.5592233952463235,0.5596916981174967,-0.0004124632550516205,5.5839616121655666e-05
2035-01-12,8.438888888888888,0.5588504247296284,0.5584382255580145,0.5589070977814603,-0.00041219917161394726,5.6673051831879206e-05
2035-01-19,8.458333333333334,0.558065929662343,0.5576541582760866,0.5581234366270184,-0.00041177138625647647,5.750696467532457e-05
2035-01-26,8.477777777777778,0.5572823733666377,0.5568711918527218,0.5573407137882918,-0.000411181513915837,5.834042165409059e-05
2035-02-02,8.497222222222222,0.5564997559031883,0.5560893247422755,0.5565589283998056,-0.000410431160912883,5.917249661724355e-05
2035-02-09,8.516666666666667,0.5557180773262317,0.5553085554012726,0.5557780795964895,-0.0004095219249591331,6.000227025781957e-05
2035-02-16,8.536111111111111,0.5549373376835682,0.5545288822884055,0.5549981665136783,-0.00040845539516276563,6.0828830110049026e-05
2035-02-23,8.555555555555555,0.5541575370165659,0.5537503038645308,0.5542191882871124,-0.00040723315203505805,6.165127054647002e-05
2035-03-02,8.575,0.5533786753601647,0.5529728185926659,0.5534411440529379,-0.0004058567674988245,6.246869277315437e-05
2035-03-09,8.594444444444445,0.5526007527428819,0.5521964249379859,0.5526640329477075,-0.0004043278048959653,6.328020482559982e-05
2035-03-16,8.613888888888889,0.5518237691868173,0.5514211213678215,0.5518878541083809,-0.0004026478189957938,6.4084921563623e-05
2035-03-23,8.633333333333333,0.5510477247076586,0.5506469063516549,0.5511126066723243,-0.000400818356003696,6.488196466569729e-05
2035-03-30,8.652777777777779,0.5502726193146892,0.5498737783611172,0.5503382897773123,-0.00039884095357201055,6.567046262306864e-05
2035-04-06,8.672222222222222,0.5494984530107941,0.5491017358699853,0.5495649025615271,-0.00039671714080879994,6.64495507329832e-05
2035-04-13,8.691666666666666,0.5487252257924679,0.5483307773541797,0.5487924441635595,-0.0003944484382881752,6.721837109169293e-05
2035-04-20,8.71111111111111,0.5479529376498224,0.5475609012917595,0.5480209137224095,-0.00039203635806295267,6.79760725870171e-05
2035-04-27,8.730555555555556,0.547181588566596,0.5467921061629217,0.5472503103774857,-0.00038948240367431275,6.872181088968254e-05
2035-05-04,8.75,0.5464111785201612,0.546024390449997,0.5464806332686072,-0.00038678807016423455,6.94547484459962e-05
2035-05-11,8.769444444444444,0.5456417074815347,0.5452577526374462,0.5457118815360026,-0.00038395484408848546,7.017405446785308e-05
2035-05-18,8.78888888888889,0.5448731754153875,0.5444921912118592,0.5449440543203115,-0.00038098420352827844,7.087890492396554e-05
2035-05-25,8.808333333333334,0.5441055822800545,0.5437277046619498,0.5441771507625841,-0.000377877618104705,7.15684825296492e-05
2035-06-01,8.827777777777778,0.5433389280275452,0.542964291478554,0.5434111700042825,-0.0003746365489912806,7.224197673727506e-05
2035-06-08,8.847222222222221,0.5425732126035557,0.5422019501546267,0.54264611118728,-0.0003712624489290439,7.289858372427904e-05
2035-06-15,8.866666666666667,0.5418084359474789,0.5414406791852389,0.5418819734538622,-0.0003677567622399902,7.353750638339207e-05
2035-06-22,8.886111111111111,0.541044597992417,0.5406804770675746,0.5411187559467279,-0.00036412092484239267,7.415795431087169e-05
2035-06-29,8.905555555555555,0.5402816986651945,0.5399213423009275,0.540356457808988,-0.00036035636426701156,7.475914379351245e-05
2035-07-06,8.925,0.5395197378863692,0.5391632733866984,0.5395950781841674,-0.00035646449967075,7.534029779820983e-05
2035-07-13,8.944444444444445,0.5387587155702468,0.5384062688283926,0.5388346162162048,-0.00035244674185419544,7.590064595797141e-05
2035-07-20,8.963888888888889,0.537998631624894,0.5376503271316162,0.5380750710494526,-0.000348304493277829,7.64394245585942e-05
2035-07-27,8.983333333333333,0.5372394859521515,0.5368954468040733,0.5373164418286785,-0.00034403914807823455,7.69558765270073e-05
2035-08-03,9.002777777777778,0.5364812784476493,0.5361416263555635,0.5365587276990648,-0.00033965209208575153,7.744925141550674e-05
2035-08-10,9.022222222222222,0.5357240090008202,0.5353888642979788,0.5358019278062094,-0.0003351447028413501,7.791880538920992e-05
2035-08-17,9.041666666666666,0.5349676774949156,0.5346371591453004,0.5350460412961255,-0.000330518349615172,7.836380120995745e-05
2035-08-24,9.061111111111112,0.53421228380702,0.5338865094135959,0.5342910673152435,-0.000325774393424072,7.87835082234345e-05
2035-08-31,9.080555555555556,0.5334578278080666,0.5331369136210163,0.5335370050104093,-0.00032091418705026964,7.91772023427395e-05
2035-09-07,9.1,0.5327043093628537,0.5323883702877935,0.5327838535288868,-0.0003159390750602231,7.954416603306314e-05
2035-09-14,9.119444444444444,0.5319517283300605,0.5316408779362368,0.5320316120183565,-0.00031085039382372504,7.988368829592307e-05
2035-09-21,9.13888888888889,0.5312000845622631,0.5308944350907302,0.5312802796269169,-0.00030564947153288724,8.019506465384296e-05
2035-09-28,9.158333333333333,0.5304493779059521,0.5301490402777296,0.530529855503085,-0.00030033762822256893,8.047759713281089e-05
2035-10-05,9.177777777777777,0.5296996082015498,0.5294046920257598,0.5297803387957959,-0.0002949161757900276,8.07305942460701e-05
2035-10-12,9.197222222222223,0.5289507752834264,0.5286613888654116,0.5290317286544041,-0.00028938641801479204,8.095337097768773e-05
2035-10-19,9.216666666666667,0.5282028789799189,0.527919129329339,0.5282840242286829,-0.00028374965057986756,8.114524876401408e-05
2035-10-26,9.23611111111111,0.5274559191133484,0.527177911952256,0.527537224668826,-0.0002780071610923862,8.130555547758433e-05
2035-11-02,9.255555555555556,0.5267098955000385,0.5264377352709342,0.5267913291254465,-0.0002721602291043679,8.143362540791177e-05
2035-11-09,9.275,0.5259648079503341,0.5256985978241993,0.5260463367495785,-0.00026621012613481376,8.152879924439027e-05
2035-11-16,9.294444444444444,0.5252206562686194,0.5249604981529288,0.5253022466926766,-0.00026015811569057856,8.159042405719852e-05
2035-11-23,9.313888888888888,0.5244774402533374,0.5242234348000485,0.5245590581066171,-0.000254005453288908,8.161785327964743e-05
2035-11-30,9.333333333333334,0.5237351596970095,0.5234874063105305,0.5238167701436973,-0.00024775338647897716,8.16104466878631e-05
2035-12-07,9.352777777777778,0.5229938143862541,0.5227524112313896,0.5230753819566373,-0.000241403154864539,8.156757038313422e-05
2035-12-14,9.372222222222222,0.5222534041018074,0.5220184481116804,0.522334892698579,-0.00023495599012701707,8.148859677159503e-05
2035-12-21,9.391666666666667,0.5215139286185422,0.521285515502495,0.5215953015230872,-0.00022841311604715475,8.137290454501844e-05
2035-12-28,9.411111111111111,0.5207753877054894,0.5205536119569596,0.52085660758415,-0.00022177574852977333,8.121987866060998e-05
2036-01-04,9.430555555555555,0.5200377811258574,0.519822736030232,0.5201188100361789,-0.0002150450956254213,8.102891032146786e-05
2036-01-11,9.45,0.519301108637053,0.5190928862794987,0.5193819080340092,-0.00020822235755435514,8.07993969561549e-05
2036-01-18,9.469444444444445,0.5185653699907025,0.5183640612639715,0.5186459007329006,-0.00020130872673096434,8.053074219815937e-05
2036-01-25,9.488888888888889,0.517830564932673,0.5176362595448858,0.5179107872885376,-0.00019430538778719697,8.022235586457871e-05
2036-02-01,9.508333333333333,0.5170966932030928,0.5169094796854965,0.5171765668570292,-0.00018721351759631855,7.987365393635759e-05
2036-02-08,9.527777777777779,0.5163637545363736,0.516183720251076,0.5164432385949103,-0.00018003428529766996,7.948405853663854e-05
2036-02-15,9.547222222222222,0.5156317486612318,0.5154589798089112,0.5157108016591413,-0.00017276885232064831,7.905299790944564e-05
2036-02-22,9.566666666666666,0.5149006753007107,0.5147352569283004,0.5149792552071086,-0.00016541837241035307,7.857990639792423e-05
2036-02-29,9.58611111111111,0.5141705341722024,0.5140125501805506,0.5142485983966255,-0.0001579839916517889,7.806422442313554e-05
2036-03-07,9.605555555555556,0.5134413249874692,0.5132908581389748,0.5135188303859315,-0.00015046684849440162,7.750539846229643e-05
2036-03-14,9.625,0.5127130474526678,0.5125701793788894,0.5127899503336939,-0.0001428680737783905,7.690288102613074e-05
2036-03-21,9.644444444444444,0.5119857012683698,0.5118505124776108,0.5120619573990072,-0.00013518879075902213,7.625613063733105e-05
2036-03-28,9.66388888888889,0.511259286129586,0.5111318560144529,0.511334850741394,-0.0001274301151331647,7.556461180791008e-05
2036-04-04,9.683333333333334,0.5105338017257884,0.5104142085707244,0.5106086295208051,-0.00011959315506404611,7.482779501666315e-05
2036-04-11,9.702777777777778,0.5098092477409336,0.5096975687297259,0.5098832928976199,-0.00011167901120767709,7.404515668629763e-05
2036-04-18,9.722222222222221,0.5090856238534854,0.5089819350767469,0.509158840032647,-0.00010368877673849752,7.321617916156153e-05
2036-04-25,9.741666666666667,0.5083629297364395,0.5082673061990636,0.5084352700871241,-9.562353737591067e-05,7.234035068459654e-05
2036-05-02,9.761111111111111,0.5076411650573451,0.5075536806859353,0.5077125822227188,-8.748437140981835e-05,7.141716537362175e-05
2036-05-09,9.780555555555555,0.5069203294783303,0.5068410571286024,0.5069907756015287,-7.92723497279324e-05,7.044612319839771e-05
2036-05-16,9.8,0.5062004226561244,0.5061294341202827,0.5062698493860819,-7.098853584175391e-05,6.94267299574669e-05
2036-05-23,9.819444444444445,0.505481444242083,0.5054188102561699,0.505549802739337,-6.263398591310754e-05,6.835849725406185e-05
2036-05-30,9.838888888888889,0.5047633938822109,0.5047091841334295,0.5048306348246842,-5.4209748781453015e-05,6.724094247323453e-05
2036-06-06,9.858333333333333,0.5040462712171873,0.5040005543511968,0.5041123448059446,-4.5716865990419464e-05,6.60735887573205e-05
2036-06-13,9.877777777777778,0.5033300758823888,0.5032929195105743,0.5033949318473716,-3.715637181445075e-05,6.485596498284618e-05
2036-06-20,9.897222222222222,0.5026148075079151,0.5025862782146282,0.5026783951136505,-2.852929328689413e-05,6.358760573543787e-05
2036-06-27,9.916666666666666,0.5019004657186127,0.5018806290683862,0.5019627337698993,-1.983665022653458e-05,6.226805128661805e-05
2036-07-04,9.936111111111112,0.5011870501340995,0.5011759706788342,0.5012479469816686,-1.1079455265239346e-05,6.0896847569158474e-05
2036-07-11,9.955555555555556,0.5004745603687896,0.5004723016549149,0.5005340339149424,-2.2587138747143243e-06,5.9473546152877255e-05
2036-07-18,9.975,0.49976299603191837,0.49976962060752306,0.49982099373613836,6.624575604685656e-06,5.799770421999195e-05
2036-07-25,9.994444444444444,0.4990523567275668,0.49906792614950435,0.49910882561210784,1.5569421937533523e-05,5.646888454102772e-05
2036-08-01,10.01388888888889,0.49834264205468704,0.49836721689565194,0.4983975287101362,2.457484096490825e-05,5.488665544917115e-05
2036-08-08,10.033333333333333,0.4976338516071268,0.4976674914627039,0.497687102197944,3.363985557708338e-05,5.3250590817177645e-05
2036-08-15,10.052777777777777,0.4969259849736553,0.49696874846934036,0.4969775452436862,4.276349568504978e-05,5.1560270030892585e-05
2036-08-22,10.072222222222223,0.49621904173798803,0.496270986536181,0.496268857015953,5.1944798192982145e-05,4.9815277964992966e-05
2036-08-29,10.091666666666667,0.49551302147881227,0.49557420428578214,0.4955610366837706,6.118280696987277e-05,4.801520495834044e-05
2036-09-05,10.11111111111111,0.49480792376981186,0.49487840034263403,0.4948540834166007,7.047657282216457e-05,4.6159646788834774e-05
2036-09-12,10.130555555555556,0.4941037481796938,0.4941835733331582,0.4941479963843413,7.982515346438568e-05,4.424820464749013e-05
2036-09-19,10.15,0.493400494272213,0.49348972188570484,0.4934427747573274,8.922761349183794e-05,4.228048511439875e-05
2036-09-26,10.169444444444444,0.49269816160619817,0.49278872121034517,0.49274414690624435,9.055960414700026e-05,4.598530004618073e-05
2036-10-03,10.188888888888888,0.4919967497355773,0.49208263248142037,0.49205068745083813,8.588274584309108e-05,5.3937715260854446e-05
2036-10-10,10.208333333333334,0.49129625820940354,0.49137755546658646,0.4913581006818733,8.12972571829218e-05,6.184247246976415e-05
2036-10-17,10.227777777777778,0.4905966865718811,0.49067348871621635,0.49066638566185733,7.68021443352529e-05,6.969908997622731e-05
2036-10-24,10.247222222222222,0.48989803436239104,0.48997043078276004,0.4899755414540683,7.239642036899196e-05,7.750709167725356e-05
2036-10-31,10.266666666666667,0.4892003011155168,0.4892683802207414,0.48928556712255417,6.807910522454996e-05,8.526600703734344e-05
2036-11-07,10.286111111111111,0.48850348636107116,0.48856733558675575,0.4885964617321335,6.384922568458684e-05,9.297537106234266e-05
2036-11-14,10.305555555555555,0.48780758962412113,0.4878672954394664,0.4879082243483938,5.970581534525676e-05,0.00010063472427268572
2036-11-21,10.325,0.48711261042501447,0.4871682583396018,0.48722085403769244,5.5647914587342306e-05,0.00010824361267797178
2036-11-28,10.344444444444445,0.48641854827940584,0.48647022284995284,0.4865343498671552,5.167457054700009e-05,0.00011580158774937566
2036-12-05,10.363888888888889,0.48572540269828324,0.4857731875353697,0.4858487109046772,4.778483708645087e-05,0.00012330820639394613
2036-12-12,10.383333333333333,0.4850331731879932,0.48507715096275866,0.4851639362189216,4.397777476544684e-05,0.0001307630309284047
2036-12-19,10.402777777777779,0.48434185925026824,0.48438211170107964,0.4844800248793198,4.0252450811406604e-05,0.0001381656290515565
2036-12-26,10.422222222222222,0.48365146038225226,0.48368806832134303,0.483796975956071,3.6607939090771424e-05,0.00014551557381875524
2037-01-02,10.441666666666666,0.482961976076527,0.4829950193966065,0.48311478852014217,3.3043320079473304e-05,0.0001528124436151468
2037-01-09,10.46111111111111,0.48227340582113837,0.4823029635019725,0.482433461643267,2.955768083412469e-05,0.00016005582212863523
2037-01-16,10.480555555555556,0.4815857490996228,0.481611899214585,0.4817529943979464,2.615011496220898e-05,0.0001672452983235706
2037-01-23,10.5,0.480899005391034,0.48092182511362697,0.48107338585744797,2.2819722592992697e-05,0.00017438046641399252
2037-01-30,10.519444444444444,0.4802131741699683,0.4802327397803169,0.4803946350958055,1.9565610348604157e-05,0.00018146092583720685
2037-02-06,10.53888888888889,0.4795282549065919,0.4795446417979062,0.4797167411878187,1.6386891314279506e-05,0.00018848628122680733
2037-02-13,10.558333333333334,0.4788442470666672,0.47885752975167645,0.4790397032090533,1.3282685009274875e-05,0.00019545614238614117
2037-02-20,10.577777777777778,0.4781611501115787,0.4781714022289361,0.4783635202358401,1.0252117357389956e-05,0.00020237012426138623
2037-02-27,10.597222222222221,0.47747896349836005,0.4774862578190179,0.4776881913452751,7.294320657824649e-06,0.00020922784691507212
2037-03-06,10.616666666666667,0.47679768667972,0.47680209511327565,0.47701371561521905,4.408433555647129e-06,0.00021602893549904634
2037-03-13,10.636111111111111,0.4761173191040692,0.47611891270508183,0.47634009212429745,1.5936010126504918e-06,0.00022277302022827294
2037-03-20,10.655555555555555,0.4754378602155462,0.4754367091898242,0.4756673199518996,-1.151025721957133e-06,0.0002294597363534101
2037-03-27,10.675,0.47475930945404443,0.4747554831649032,0.47499539817817893,-3.826289141251049e-06,0.00023608872413449777
2037-04-03,10.694444444444445,0.47408166625523834,0.47407523322972883,0.4743243258840523,-6.433025509511303e-06,0.0002426596288139793
2037-04-10,10.713888888888889,0.4734049300506101,0.47339595798571804,0.4736541021512,-8.972064892032172e-06,0.000249172100589945
2037-04-17,10.733333333333333,0.4727291002674753,0.47271765603629173,0.4729847260620651,-1.1444231183543874e-05,0.00025562579458981993
2037-04-24,10.752777777777778,0.4720541763290103,0.47204032598687173,0.4723161966998533,-1.3850342138577165e-05,0.0002620203708429969
2037-05-01,10.772222222222222,0.4713801576542786,0.4713639664448784,0.47164851314853284,-1.619120940021812e-05,0.00026835549425424654
2037-05-08,10.791666666666666,0.4707070436582565,0.4706885760197271,0.47098167449283385,-1.8467638529418018e-05,0.0002746308345773496
2037-05-15,10.811111111111112,0.47003483375186,0.47001415332282576,0.4703156798182482,-2.0680429034247716e-05,0.000280846066388174
2037-05-22,10.830555555555556,0.4693635273419717,0.46934069696757225,0.46965052821102926,-2.2830374399429587e-05,0.00028700086905758537
2037-05-29,10.85,0.4686931238314659,0.46866820556935074,0.4689862187581914,-2.4918262115147805e-05,0.0002930949267255234
2037-06-05,10.869444444444444,0.46802362261923663,0.4679966777455297,0.46832275054750977,-2.694487370691334e-05,0.00029912792827313517
2037-06-12,10.88888888888889,0.46735502310022214,0.4673261121154585,0.4676601226675199,-2.8910984763652614e-05,0.0003050995672977397
2037-06-19,10.908333333333333,0.46668732466543317,0.46665650730046493,0.4669983342075179,-3.0817364968238614e-05,0.0003110095420847392
2037-06-26,10.927777777777777,0.46602052670197763,0.465987861923852,0.46633738425755944,-3.266477812563506e-05,0.0003168575555818065
2037-07-03,10.947222222222223,0.4653546285930879,0.4653201746108955,0.46567727190845964,-3.4453982192428345e-05,0.00032264331537174007
2037-07-10,10.966666666666667,0.46468962971814687,0.46465344398884084,0.4650179962517933,-3.618572930602637e-05,0.0003283665336464292
2037-07-17,10.98611111111111,0.4640255294527138,0.4639876686869005,0.4643595563798936,-3.786076581330233e-05,0.0003340269271798202
2037-07-24,11.005555555555556,0.46336232716855086,0.4633228473362509,0.46370195138585274,-3.9479832299960105e-05,0.0003396242173018815
2037-07-31,11.025,0.4627000222336495,0.46265897857003,0.4630451803635211,-4.104366361945555e-05,0.00034515812987162553
2037-08-07,11.044444444444444,0.4620386140122561,0.4619960610233341,0.4623892424075069,-4.2552988921973345e-05,0.00035062839525079603
2037-08-14,11.063888888888888,0.4613781018648987,0.46133409333321534,0.4617341366131764,-4.4008531683348284e-05,0.00035603474827772263
2037-08-21,11.083333333333334,0.4607184851484125,0.4606730741386783,0.4610798620766528,-4.541100973420864e-05,0.0003613769282402868
2037-08-28,11.102777777777778,0.4600597632159663,0.4600130020806784,0.46042641789481686,-4.676113528789827e-05,0.00036665467885055314
2037-09-04,11.122222222222222,0.4594019354170884,0.4593538758021178,0.45977380316530553,-4.805961497061917e-05,0.0003718677482171251
2037-09-11,11.141666666666667,0.4587450010976926,0.4586956939478432,0.45912201698651234,-4.930714984940909e-05,0.0003770158888197206
2037-09-18,11.161111111111111,0.45808895960010404,0.4580384551646433,0.4584710584575873,-5.05044354607298e-05,0.00038209885748324846
2037-09-25,11.180555555555555,0.4574338102630855,0.4573821581012455,0.4578209266784359,-5.165216183999899e-05,0.0003871164153503859
2037-10-02,11.2,0.4567795524218626,0.4567268014083135,0.45717162074971907,-5.2751013549068304e-05,0.0003920683278564874
2037-10-09,11.219444444444445,0.45612618540815003,0.4560723837384443,0.4565231397728529,-5.3801669705755284e-05,0.0003969543647028839
2037-10-16,11.238888888888889,0.45547370855017766,0.45541890374616556,0.4558754828500086,-5.480480401209853e-05,0.00040177429983095925
2037-10-23,11.258333333333333,0.45482212117271553,0.45476636008793275,0.45522864908411165,-5.576108478277941e-05,0.0004065279113961151
2037-10-30,11.277777777777779,0.4541714225970999,0.45411475142212643,0.4545826375788417,-5.667117497348828e-05,0.00041121498174179205
2037-11-06,11.297222222222222,0.45352161214125936,0.4534640764090496,0.45393744743863257,-5.7535732209734736e-05,0.0004158352973732127
2037-11-13,11.316666666666666,0.4528726891197393,0.4528143337109247,0.4532930777686714,-5.8355408814603216e-05,0.0004203886489320685
2037-11-20,11.33611111111111,0.45222465284372865,0.45216552199189103,0.45264952767489874,-5.913085183761879e-05,0.0004248748311700967
2037-11-27,11.355555555555556,0.4515775026210844,0.4515176399180019,0.45200679626400786,-5.9862703082502744e-05,0.00042929364292343397
2037-12-04,11.375,0.450931237756358,0.4508706861572223,0.45136488264344504,-6.055159913570529e-05,0.00043364488708702575
2037-12-11,11.394444444444444,0.45028585755081973,0.45022465937942535,0.45072378592140855,-6.119817139438322e-05,0.00043792837058881373
2037-12-18,11.41388888888889,0.44964136130248455,0.4495795582563902,0.4500835052068486,-6.180304609437748e-05,0.00044214390436403406
2037-12-25,11.433333333333334,0.44899774830613787,0.4489353814617993,0.44944403960946744,-6.236684433857942e-05,0.00044629130332957123
2038-01-01,11.452777777777778,0.4483550178533597,0.4482921276712353,0.44880538823971833,-6.289018212440878e-05,0.000450370386358645
2038-01-08,11.472222222222221,0.4477131692325506,0.4476497955621786,0.4481675502088057,-6.337367037201336e-05,0.00045438097625510876
2038-01-15,11.491666666666667,0.4470722017289564,0.44700838381400454,0.4475305246286845,-6.381791495185807e-05,0.0004583228997280808
2038-01-22,11.511111111111111,0.4464321146246938,0.4463678911079809,0.44689431061206014,-6.422351671286908e-05,0.0004621959873663539
2038-01-29,11.530555555555555,0.4457929071987744,0.44572831612726466,0.44625890727238837,-6.45910715097453e-05,0.0004660000736139702
2038-02-05,11.55,0.44515457872713066,0.44508965755689983,0.44562431372387434,-6.4921170230825e-05,0.000469734996743687
2038-02-12,11.569444444444445,0.44451712848264013,0.44445191408381457,0.4449905290814728,-6.521439882556379e-05,0.00047340059883266283
2038-02-19,11.588888888888889,0.44388055573515045,0.4438150843968183,0.44435755246088754,-6.547133833212371e-05,0.00047699672573708884
2038-02-26,11.608333333333333,0.44324485975150385,0.4431791671865995,0.44372538297857095,-6.56925649043516e-05,0.0004805232270670978
2038-03-05,11.627777777777778,0.4426100397955624,0.44254416114572215,0.443094019751724,-6.587864984025638e-05,0.0004839799561616176
2038-03-12,11.647222222222222,0.4419760951282321,0.4419100649686242,0.4424634618982961,-6.603015960787717e-05,0.00048736677006400164
2038-03-19,11.666666666666666,0.4413430250074877,0.4412768773516138,0.441833708536984,-6.614765587387161e-05,0.0004906835294963274
2038-03-26,11.686111111111112,0.44071082868839656,0.44064459699286723,0.44120475878723203,-6.62316955293285e-05,0.0004939300988354711
2038-04-02,11.705555555555556,0.44007950542314445,0.44001322259242626,0.440576611769232,-6.628283071818952e-05,0.0004971063460875724
2038-04-09,11.725,0.43944905446105836,0.4393827528521949,0.4399492666039222,-6.630160886345049e-05,0.0005002121428638318
2038-04-16,11.744444444444444,0.4388194750486317,0.4387531864759376,0.43932272241298737,-6.628857269413979e-05,0.0005032473643556412
2038-04-23,11.76388888888889,0.4381907664295481,0.43812452216927567,0.43869697831885873,-6.624426027240782e-05,0.0005062118893106593
2038-04-30,11.783333333333333,0.43756292784470585,0.43749675863968535,0.4380720334447132,-6.616920502050538e-05,0.0005091056000073313
2038-05-07,11.802777777777777,0.43693595853224165,0.4368698945964948,0.4374478869144732,-6.606393574687397e-05,0.0005119283822315746
2038-05-14,11.822222222222223,0.4363098577275549,0.4362439287508814,0.4368245378528064,-6.592897667345721e-05,0.000514680125251521
2038-05-21,11.841666666666667,0.4356846246633315,0.4356188598158694,0.4362019853851255,-6.576484746212419e-05,0.0005173607217939802
2038-05-28,11.86111111111111,0.4350602585695676,0.4349946865063269,0.4355802286375872,-6.557206324070419e-05,0.0005199700680196262
2038-06-04,11.880555555555556,0.4344367586735934,0.43437140753896347,0.43495926673709323,-6.53511346299096e-05,0.0005225080634998491
2038-06-11,11.9,0.433814124200097,0.43374902163232754,0.4343390988112885,-6.510256776948165e-05,0.0005249746111914977
2038-06-18,11.919444444444444,0.4331923543711481,0.4331275275068035,0.4337197239885619,-6.482686434461371e-05,0.0005273696174137865
2038-06-25,11.938888888888888,0.432571448406221,0.4325069238846092,0.4331011413980455,-6.452452161181954e-05,0.0005296929918244819
2038-07-02,11.958333333333334,0.4319514055222187,0.4318872094897935,0.43248335016961403,-6.419603242524552e-05,0.0005319446473953104
2038-07-09,11.977777777777778,0.43133222493349643,0.4312683830482334,0.43186634943388513,-6.384188526303847e-05,0.0005341245003886996
2038-07-16,11.997222222222222,0.43071390585188385,0.4306504432876316,0.43125013832221853,-6.346256425227015e-05,0.0005362324703346855
2038-07-23,12.016666666666667,0.4300964474867095,0.4300333889375137,0.4306347159667157,-6.305854919580467e-05,0.0005382684800062099
2038-07-30,12.036111111111111,0.42947984904482367,0.4294172187292258,0.43002008150022025,-6.263031559788912e-05,0.0005402324553965832
2038-08-06,12.055555555555555,0.42886410973062106,0.42880193139593165,0.4294062340563165,-6.217833468941114e-05,0.0005421243256954478
2038-08-13,12.075,0.42824922874606425,0.42818752567261026,0.4287931727693299,-6.170307345398918e-05,0.0005439440232656301
2038-08-20,12.094444444444445,0.42763520529070626,0.4275740002960532,0.42818089677432647,-6.12049946530635e-05,0.0005456914836202142
2038-08-27,12.113888888888889,0.4270220385617138,0.426961354004862,0.42756940520711273,-6.068455685176444e-05,0.0005473666453989501
2038-09-03,12.133333333333333,0.4264097277538899,0.42634958553944574,0.42695869720423474,-6.0142214444169895e-05,0.0005489694503448272
2038-09-10,12.152777777777779,0.4257982720596961,0.42573869364201794,0.4263487719029785,-5.95784176781744e-05,0.0005504998432823704
2038-09-17,12.172222222222222,0.4251876706692761,0.42512867705659474,0.42573962844136914,-5.899361268135728e-05,0.000551957772093048
2038-09-24,12.191666666666666,0.4245779227704773,0.42451953452899166,0.4251312659581708,-5.83882414856296e-05,0.0005533431876935113
2038-10-01,12.21111111111111,0.42396902754887367,0.42391126480682123,0.42452368359288606,-5.7762742052436256e-05,0.0005546560440123915
2038-10-08,12.230555555555556,0.42336098418778817,0.4233038666394906,0.42391688048575593,-5.711754829756943e-05,0.0005558962979677617
2038-10-15,12.25,0.4227537918683151,0.42269733877819876,0.4233108557777596,-5.645309011631516e-05,0.000557063909444544
2038-10-22,12.269444444444444,0.4221474497693417,0.4220916799759341,0.4227056086106134,-5.576979340760069e-05,0.0005581588412716942
2038-10-29,12.28888888888889,0.42154195706757097,0.4214868889874716,0.4221011381267711,-5.506808009936304e-05,0.000559181059200109
2038-11-05,12.308333333333334,0.42093731293754366,0.42088296456937074,0.42149744346942364,-5.434836817291844e-05,0.0005601305318799765
2038-11-12,12.327777777777778,0.4203335165516595,0.4202799054799724,0.42089452378249825,-5.361107168710966e-05,0.0005610072308387393
2038-11-19,12.347222222222221,0.4197305670802,0.4196777104793966,0.4202923782106588,-5.285660080339705e-05,0.0005618111304587781
2038-11-26,12.366666666666667,0.41912846369134943,0.41907637832954003,0.41969100589930475,-5.208536180939527e-05,0.0005625422079553188
2038-12-03,12.386111111111111,0.418527205551217,0.41847590779407334,0.4190904059945713,-5.129775714363127e-05,0.0005632004433543392
2038-12-10,12.405555555555555,0.41792679182385845,0.4178762976384386,0.41849057764332903,-5.049418541985817e-05,0.0005637858194705858
2038-12-17,12.425,0.4173272216712971,0.4172775466298468,0.41789151999318325,-4.967504145031443e-05,0.0005642983218861475
2038-12-24,12.444444444444445,0.4167284942535462,0.41667965353727543,0.41729323219247405,-4.8840716270759366e-05,0.0005647379389278617
2038-12-31,12.463888888888889,0.41613060872862917,0.4160826171314658,0.4166957133902758,-4.799159716334378e-05,0.0005651046616466093
2039-01-07,12.483333333333333,0.41553356425260163,0.4154864361849204,0.4160989627363965,-4.712806768120137e-05,0.0005653984837948878
2039-01-14,12.502777777777778,0.4149373599795724,0.4148911094719007,0.41550297938137815,-4.62505076716524e-05,0.0005656194018057725
2039-01-21,12.522222222222222,0.4143419950617245,0.4142966357684245,0.4149077624764957,-4.5359293299962467e-05,0.0005657674147712122
2039-01-28,12.541666666666666,0.4137474686493362,0.4137030138522632,0.41431331117375714,-4.445479707299027e-05,0.0005658425244209342
2039-02-04,12.561111111111112,0.41315377989080165,0.41311024250293965,0.413719624625903,-4.3537387862002674e-05,0.0005658447351013507
2039-02-11,12.580555555555556,0.41256092793265275,0.4125183205017252,0.4131267019864061,-4.260743092754371e-05,0.000565774053753354
2039-02-18,12.6,0.4119689119195783,0.4119272466316377,0.4125345424094712,-4.166528794058433e-05,0.0005656304898928877
2039-02-25,12.619444444444444,0.4113777309944459,0.41133701967743863,0.41194314505003443,-4.071131700728037e-05,0.0005654140555885201
2039-03-04,12.63888888888889,0.41078738429832196,0.4107476384256307,0.41135250906376336,-3.974587269123253e-05,0.0005651247654414049
2039-03-11,12.658333333333333,0.4101978709704924,0.41015910166445546,0.41076263360705634,-3.876930603691209e-05,0.0005647626365639646
2039-03-18,12.677777777777777,0.409609190148483,0.40957140818389065,0.41017351783704226,-3.7781964592364936e-05,0.0005643276885592408
2039-03-25,12.697222222222223,0.40902134096807946,0.40898455677564766,0.40958516091158015,-3.678419243180464e-05,0.0005638199435006874
2039-04-01,12.716666666666667,0.408434322563348,0.40839854623316957,0.40899756198925924,-3.577633017842752e-05,0.0005632394259112439
2039-04-08,12.73611111111111,0.4078481340666552,0.40781337535162776,0.40841072022939784,-3.475871502744976e-05,0.0005625861627426287
2039-04-15,12.755555555555556,0.40726277460868787,0.40722904292792017,0.4078246347920437,-3.373168076770128e-05,0.0005618601833558556
2039-04-22,12.775,0.4066782433184739,0.40664554776066875,0.40723930483797344,-3.269555780516242e-05,0.0005610615194995283
2039-04-29,12.794444444444444,0.4060945393234006,0.4060628886502166,0.40665472952869197,-3.165067318400272e-05,0.0005601902052913554
2039-05-06,12.813888888888888,0.4055116617492361,0.40548106439862586,0.40607090802643253,-3.059735061022861e-05,0.0005592462771964457
2039-05-13,12.833333333333334,0.4049296097201476,0.4049000738096751,0.40548783949415623,-2.953591047250015e-05,0.0005582297740086561
2039-05-20,12.852777777777778,0.4043483823587221,0.4043199156888568,0.4049055230955516,-2.8466669865334637e-05,0.0005571407368294978
2039-05-27,12.872222222222222,0.40376797878598525,0.4037405888433751,0.40432395799503423,-2.738994261014538e-05,0.0005559792090489846
2039-06-03,12.891666666666667,0.40318839812142054,0.4031620920821432,0.40374314335774647,-2.6306039277335103e-05,0.0005547452363259264
2039-06-10,12.911111111111111,0.4026096394829897,0.40258442421578094,0.4031630783495574,-2.521526720877798e-05,0.0005534388665676682
2039-06-17,12.930555555555555,0.40203170198715055,0.4020075840566124,0.402583762137062,-2.411793053813671e-05,0.0005520601499114375
2039-06-24,12.95,0.4014545847488772,0.4014315704186633,0.4020051938875809,-2.3014330213899648e-05,0.0005506091387036949
2039-07-01,12.969444444444445,0.4008782868816785,0.4008563821176586,0.4014273727691603,-2.190476401986441e-05,0.000549085887481815
2039-07-08,12.988888888888889,0.4003028074976173,0.4002820179710206,0.40085029795057164,-2.0789526596731722e-05,0.0005474904529543245
2039-07-15,13.008333333333333,0.3997281457073292,0.39970847679786536,0.4002739686013108,-1.966890946381028e-05,0.0005458228939816401
2039-07-22,13.027777777777779,0.3991543006200412,0.39913575741900154,0.3996983838915982,-1.854320103966689e-05,0.0005440832715569721
2039-07-29,13.047222222222222,0.39858127134359106,0.3985638586569271,0.3991235429923783,-1.7412686663942356e-05,0.0005422716487872292
2039-08-05,13.066666666666666,0.3980090569844447,0.39799277933582733,0.3985494450753192,-1.6277648617391005e-05,0.0005403880908744774
2039-08-12,13.08611111111111,0.39743765664771574,0.3974225182815721,0.3979760893128124,-1.5138366143641058e-05,0.0005384326650966775
2039-08-19,13.105555555555556,0.3968670694371836,0.3968530743217138,0.39740347487797245,-1.3995115469789265e-05,0.0005364054407888674
2039-08-26,13.125,0.3962972944553116,0.3962844462854846,0.39683160094463654,-1.2848169826995548e-05,0.0005343064893249538
2039-09-02,13.144444444444444,0.3957283308032655,0.39571663300379434,0.39626046668736414,-1.1697799471188652e-05,0.0005321358840986168
2039-09-09,13.16388888888889,0.3951601775809318,0.39514963330922787,0.39569007128143674,-1.0544271703938346e-05,0.0005298937005049353
2039-09-16,13.183333333333334,0.39459283388693517,0.39458344603604284,0.39512041390285735,-9.387850892328409e-06,0.00052758001592218
2039-09-23,13.202777777777778,0.3940262988186569,0.3940180700201672,0.3945514937283504,-8.228798489717803e-06,0.0005251949096934938
2039-09-30,13.222222222222221,0.3934605714722528,0.3934535040991968,0.39398330993536124,-7.067373055946735e-06,0.0005227384631084631
2039-10-07,13.241666666666667,0.39289565094267054,0.392889747112393,0.3934158617020556,-5.90383027754271e-06,0.0005202107593850758
2039-10-14,13.261111111111111,0.39233153632366835,0.3923267979006805,0.39284914820731975,-4.738422987871083e-06,0.0005176118836514032
2039-10-21,13.280555555555555,0.39176822670783124,0.3917646553066445,0.39228316863075974,-3.571401186730494e-06,0.0005149419229285024
2039-10-28,13.3,0.39120572118658964,0.3912033181745289,0.391717922152701,-2.4030120607254624e-06,0.0005122009661113758
2039-11-04,13.319444444444445,0.3906440188502363,0.39064278535023333,0.39115340795418835,-1.2335000029728427e-06,0.0005093891039520404
2039-11-11,13.338888888888889,0.3900831187879439,0.3900830556813113,0.3905896252169854,-6.310663258624061e-08,0.0005065064290415422
2039-11-18,13.358333333333333,0.38952302008778195,0.38952412801696734,0.3900265731235743,1.1079291853954842e-06,0.000503553035792359
2039-11-25,13.377777777777778,0.38896372183673444,0.38896600120805513,0.38946425085715514,2.2793713206903377e-06,0.0005005290204206925
2039-12-02,13.397222222222222,0.3884052231207164,0.38840867410707486,0.3889026576016461,3.45098635845531e-06,0.0004974344809297038
2039-12-09,13.416666666666666,0.3878475230245914,0.38785214556817066,0.38834179254168266,4.622543579246852e-06,0.0004942695170912503
2039-12-16,13.436111111111112,0.38729062063218783,0.3872964144471288,0.38778165486261734,5.793814940979747e-06,0.0004910342304295101
2039-12-23,13.455555555555556,0.3867345150263164,0.38674147960137495,0.3872222437505196,6.964575058554523e-06,0.000487728724203218
2039-12-30,13.475,0.38617920528878646,0.3861873398899718,0.38666355839217503,8.134601185316725e-06,0.0004843531033885684
2040-01-06,13.494444444444444,0.38562469050042236,0.3856339941736169,0.38610559797508553,9.303673194516193e-06,0.0004809074746631725
2040-01-13,13.51388888888889,0.38507096974108074,0.38508144131464006,0.3855483616874686,1.0471573559323044e-05,0.00047739194638785065
2040-01-20,13.533333333333333,0.38451804208966633,0.3845296801770017,0.3849918487182571,1.1638087335341663e-05,0.00047380662859075606
2040-01-27,13.552777777777777,0.38396590662414876,0.38397870962628944,0.38443605825709887,1.2803002140682196e-05,0.000470151632950111
2040-02-03,13.572222222222223,0.3834145624215781,0.38342852852971665,0.38388098949435623,1.3966108138530053e-05,0.00046642707277810835
2040-02-10,13.591666666666667,0.3828640085581024,0.38287913575611965,0.3833266416211061,1.5127198017272914e-05,0.00046263306300370344
2040-02-17,13.61111111111111,0.3823142441089821,0.38233053017595564,0.38277301382913925,1.6286066973514313e-05,0.00045876972015712614
2040-02-24,13.630555555555556,0.3817652681486075,0.38178271066130026,0.3822201053109598,1.7442512692755763e-05,0.000454837162352284
2040-03-02,13.65,0.3812170797505137,0.38123567608584524,0.3816679152597854,1.8596335331522162e-05,0.00045083550927166316
2040-03-09,13.669444444444444,0.3806696779873972,0.38068942532489625,0.3811164428695465,1.9747337499043116e-05,0.00044676488214928645
2040-03-16,13.688888888888888,0.38012306193113093,0.3801439572553703,0.38056568733488605,2.0895324239378343e-05,0.0004426254037551147
2040-03-23,13.708333333333334,0.3795772306527803,0.37959927075579364,0.38001564785115916,2.2040103013321044e-05,0.00043841719837883764
2040-03-30,13.727777777777778,0.37903218322261895,0.3790553647062996,0.3794663236144328,2.318148368063433e-05,0.0004341403918138309
2040-04-06,13.747222222222222,0.37848791871014364,0.37851223798862593,0.3789177138214855,2.4319278482287654e-05,0.00042979511134183523
2040-04-13,13.766666666666667,0.37794443618409035,0.37796988948611254,0.3783698176698065,2.5453302022193647e-05,0.00042538148571613643
2040-04-20,13.786111111111111,0.3774017347124492,0.3774283180836997,0.37782263435759644,2.6583371250499255e-05,0.00042089964514724354
2040-04-27,13.805555555555555,0.37685981336247965,0.3768875226679252,0.3772761630837659,2.770930544554462e-05,0.0004163497212862355
2040-05-04,13.825,0.3763186712007257,0.37634750212692214,0.37673040304793576,2.883092619643257e-05,0.00041173184721005063
2040-05-11,13.844444444444445,0.37577830729303086,0.37580825535041684,0.3761853534504363,2.9948057385986715e-05,0.00040704615740544403
2040-05-18,13.863888888888889,0.37523872070455355,0.3752697812297266,0.3756410134923075,3.106052517304336e-05,0.00040229278775394395
2040-05-25,13.883333333333333,0.3746999104997816,0.374732078657757,0.3750973823752982,3.216815797540962e-05,0.00039747187551664176
2040-06-01,13.902777777777779,0.37416187574254683,0.37419514652900016,0.3745544593018657,3.3270786453321044e-05,0.0003925835593188709
2040-06-08,13.922222222222222,0.3736246154960401,0.3736589837395322,0.3740122434751758,3.43682434921222e-05,0.00038762797913571845
2040-06-15,13.941666666666666,0.37308812882282627,0.3731235891870109,0.3734707340991022,3.546036418461407e-05,0.0003826052762759269
2040-06-22,13.96111111111111,0.37255241478485784,0.3725889617706734,0.3729299303782261,3.654698581556648e-05,0.00037751559336823837
2040-06-29,13.980555555555556,0.37201747244349004,0.3720551003913343,0.3723898315178358,3.762794784428758e-05,0.00037235907434574056
2040-07-06,14.0,0.3714833008594953,0.3715220039513832,0.3718504367239267,3.8703091887859475e-05,0.00036713586443137824
2040-07-13,14.019444444444444,0.3709498990930771,0.3709896713547821,0.3713117452032005,3.977226170504e-05,0.0003618461101234094
2040-07-20,14.03888888888889,0.3704172662038842,0.37045810150706365,0.3707737561630651,4.083530317944284e-05,0.00035648995918091675
2040-07-27,14.058333333333334,0.3698854012510254,0.36992729331532875,0.3702364688116343,4.189206430332826e-05,0.00035106756060887534
2040-08-03,14.077777777777778,0.36935430329308266,0.3693972456882441,0.3696998823577271,4.2942395161449376e-05,0.0003455790646444412
2040-08-10,14.097222222222221,0.3688239713881256,0.36886795753604024,0.36916399601086786,4.3986147914620854e-05,0.000340024622742241
2040-08-17,14.116666666666667,0.36829440459372537,0.36833942777050904,0.36862880898128525,4.502317678367618e-05,0.00033440438755988344
2040-08-24,14.136111111111111,0.36776560196696834,0.3678116553050017,0.3680943204799127,4.605333803336942e-05,0.0003287185129443593
2040-08-31,14.155555555555555,0.3672375625644695,0.3672846390544265,0.3675605297183874,4.7076489956998646e-05,0.0003229671539178858
2040-09-07,14.175,0.36671028544238665,0.36675837793524624,0.36702743590905007,4.8092492859586056e-05,0.0003171504666634184
2040-09-14,14.194444444444445,0.36618376965643346,0.3662328708654765,0.36649503826494506,4.910120904305648e-05,0.00031126860851160565
2040-09-21,14.213888888888889,0.3656580142618931,0.36570811676468307,0.36596333599981945,5.0102502789972636e-05,0.0003053217379263562
2040-09-28,14.233333333333333,0.36513301831363176,0.36518411455397976,0.3654323283281227,5.1096240347991984e-05,0.00029931001449096106
2040-10-05,14.252777777777778,0.36460878086611165,0.3646608631560264,0.36490201446500664,5.208228991476771e-05,0.000293233598894993
2040-10-12,14.272222222222222,0.36408530097340425,0.3641383614950263,0.3643723936263252,5.306052162207253e-05,0.00028709265292092834
2040-10-19,14.291666666666666,0.3635625776892035,0.36361660849672467,0.36384346502863313,5.403080752114375e-05,0.000280887339429603
2040-10-26,14.311111111111112,0.3630406100668394,0.36309560308840516,0.36331522788918685,5.4993021565752365e-05,0.0002746178223474449
2040-11-02,14.330555555555556,0.3625193971592896,0.3625753441988892,0.3627876814259435,5.594703959960201e-05,0.00026828426665387317
2040-11-09,14.35,0.36199893801919375,0.3620558307585327,0.3622608248575603,5.6892739338954e-05,0.0002618868383665318
2040-11-16,14.369444444444444,0.36147923169886503,0.3615370616992243,0.36173465740339467,5.783000035924912e-05,0.00025542570452963265
2040-11-23,14.38888888888889,0.3609602772503043,0.36101903595438284,0.361209178283504,5.8758704078565316e-05,0.0002489010331997443
2040-11-30,14.408333333333333,0.36044207372521114,0.3605017524589558,0.36068438671864445,5.9678733744683576e-05,0.00024231299343330237
2040-12-07,14.427777777777777,0.35992462017499777,0.35998521014941653,0.36016028193027144,6.058997441876768e-05,0.00023566175527367506
2040-12-14,14.447222222222223,0.3594079156508007,0.35946940796376203,0.3596368631405391,6.149231296131985e-05,0.00022894748973839585
2040-12-21,14.466666666666667,0.3588919592034934,0.3589543448415115,0.3591141295722995,6.238563801808095e-05,0.00022217036880606278
2040-12-28,14.48611111111111,0.3583767498836986,0.35844001972370304,0.3585920804491028,6.326984000443181e-05,0.0002153305654041815
2041-01-04,14.505555555555556,0.3578622867418007,0.3579264315528925,0.35807071499519644,6.414481109179304e-05,0.00020842825339573157
2041-01-11,14.525,0.3573485688279574,0.3574135792731506,0.3575500324355253,6.50104451931921e-05,0.00020146360756789772
2041-01-18,14.544444444444444,0.3568355951921126,0.35690146183006144,0.35703003199573086,6.586663794883041e-05,0.00019443680361824756
2041-01-25,14.563888888888888,0.3563233648840077,0.3563900781707194,0.3565107129021509,6.671328671170595e-05,0.00018734801814324076
2041-02-01,14.583333333333334,0.3558118769531936,0.35587942724372795,0.3559920743818195,6.755029053434614e-05,0.0001801974286259056
2041-02-08,14.602777777777778,0.3553011304490433,0.3553695079991969,0.35547411566246634,6.83775501535977e-05,0.00017298521342301587
2041-02-15,14.622222222222222,0.35479112442076255,0.3548603193887403,0.35495683597251637,6.919496797774816e-05,0.00016571155175382213
2041-02-22,14.641666666666667,0.3542818579174023,0.3543518603654744,0.35444023454108947,7.000244807209288e-05,0.0001583766236871731
2041-03-01,14.661111111111111,0.35377332998787026,0.3538441298840156,0.35392431059800034,7.079989614533488e-05,0.00015098061013008035
2041-03-08,14.680555555555555,0.3532655396809421,0.353337126900478,0.3534090633737577,7.158721953592906e-05,0.00014352369281561694
2041-03-15,14.7,0.35275848604527327,0.3528308503724716,0.3528944920995643,7.236432719831543e-05,0.00013600605429103796
2041-03-22,14.719444444444445,0.35225216812941,0.3523252992590998,0.3523805960073161,7.313112968976299e-05,0.0001284278779060677
2041-03-29,14.738888888888889,0.35174658498180106,0.3518204725209575,0.3518673743296025,7.388753915643642e-05,0.00012078934780146433
2041-04-05,14.758333333333333,0.35124173565080874,0.35131636912012904,0.3513548262997057,7.463346932029546e-05,0.00011309064889697407
2041-04-12,14.777777777777779,0.35073761918472,0.3508129880201856,0.35084295115160014,7.536883546560569e-05,0.00010533196688011781
2041-04-19,14.797222222222222,0.3502342346317576,0.35031032818618396,0.3503317481199523,7.609355442633747e-05,9.75134881947004e-05
2041-04-26,14.816666666666666,0.3497315810400914,0.34980838858466323,0.3498212164401206,7.680754457184413e-05,8.963540002920878e-05
2041-05-03,14.83611111111111,0.3492296574578485,0.3493071681836437,0.3493113553481543,7.751072579520457e-05,8.169789030576524e-05
2041-05-10,14.855555555555556,0.34872846293312504,0.348806665952624,0.3488021640807941,7.820301949895692e-05,7.370114766908076e-05
2041-05-17,14.875,0.34822799651399633,0.34830688086257955,0.3482936418754712,7.888434858321913e-05,6.564536147485311e-05
2041-05-24,14.894444444444444,0.34772825724852796,0.34780781188596016,0.3477857879703065,7.955463743219982e-05,5.753072177855367e-05
2041-05-31,14.91388888888889,0.3472292441847864,0.3473094579966879,0.3472786016041114,8.021381190148613e-05,4.935741932499127e-05
2041-06-07,14.933333333333334,0.3467309563708491,0.34681181817015505,0.34677208201638676,8.08617993059424e-05,4.1125645537654076e-05
2041-06-14,14.952777777777778,0.3462333928548157,0.3463148913832221,0.3462662284473221,8.149852840638738e-05,3.2835592506386124e-05
2041-06-21,14.972222222222221,0.34573655268481773,0.34581867661421534,0.34576104013779585,8.212392939760393e-05,2.448745297811694e-05
2041-06-28,14.991666666666667,0.3452404349090298,0.34532317284292513,0.345256516329375,8.273793389534934e-05,1.608142034520421e-05
2041-07-05,15.011111111111111,0.34474503857567906,0.3448283790506036,0.34475265626431445,8.334047492453145e-05,7.617688635386255e-06
2041-07-12,15.030555555555555,0.3442503627330556,0.34433429421996253,0.3442494591855568,8.393148690694074e-05,-9.035474987650893e-07
2041-07-19,15.05,0.3437564064295232,0.34384091733517125,0.34374692433673204,8.451090564803865e-05,-9.48209279116874e-06
2041-07-26,15.069444444444445,0.3432631687135287,0.3433482473818549,0.3432450509621566,8.507866832618838e-05,-1.8117751372115354e-05
2041-08-02,15.088888888888889,0.3427706486336121,0.3428562833470918,0.342743838306834,8.563471347966534e-05,-2.6810326778092808e-05
2041-08-09,15.108333333333333,0.34227884523841684,0.3423650242194115,0.3422432856164536,8.61789809946667e-05,-3.555962196322149e-05
2041-08-16,15.127777777777778,0.34178775757669905,0.3418744689887933,0.34174339213739097,8.67114120942647e-05,-4.436543930808057e-05
2041-08-23,15.147222222222222,0.3412973846973383,0.3413846166466633,0.34124415711670647,8.723194932502842e-05,-5.3227580631809435e-05
2041-08-30,15.166666666666666,0.340807725649346,0.34089546618589284,0.3407455798021462,8.77405365468098e-05,-6.214584719982374e-05
2041-09-06,15.186111111111112,0.34031877948187633,0.3404070166007963,0.3402476594421405,8.823711891997599e-05,-7.112003973580583e-05
2041-09-13,15.205555555555556,0.33983054524423495,0.33991926688712915,0.3397503952858044,8.872164289419615e-05,-8.014995843053097e-05
2041-09-20,15.225,0.33934302198588867,0.33943221604208573,0.33925378658293653,8.919405619706167e-05,-8.923540295213694e-05
2041-09-27,15.244444444444444,0.3388562087564753,0.3389471757412821,0.3387729713763625,9.09669848067618e-05,-8.323738011284387e-05
2041-10-04,15.26388888888889,0.3383701046058126,0.3384628285511564,0.3382928050968901,9.272394534376449e-05,-7.729950892254589e-05
2041-10-11,15.283333333333333,0.3378847085839076,0.3379791734812706,0.33781328691699947,9.446489736297803e-05,-7.142166690815577e-05
2041-10-18,15.302777777777777,0.33740001974096606,0.3374962095426019,0.33733441601015646,9.618980163583757e-05,-6.560373080960469e-05
2041-10-25,15.322222222222223,0.3369160371274012,0.3370139357475407,0.3368561915508123,9.789862013948047e-05,-5.984557658889056e-05
2041-11-01,15.341666666666667,0.3364327597938435,0.3365323511098888,0.3363786127144025,9.959131604531102e-05,-5.414707944101371e-05
2041-11-08,15.36111111111111,0.3359501867911492,0.3360514546448572,0.3359016786773449,0.00010126785370800917,-4.850811380430198e-05
2041-11-15,15.380555555555556,0.335468317170409,0.33557124536906396,0.3354253886170394,0.00010292819865498348,-4.292855336957002e-05
2041-11-22,15.4,0.33498714998295787,0.33509172230053264,0.3349497417118672,0.00010457231757476926,-3.740827109066647e-05
2041-11-29,15.419444444444444,0.33450668428038305,0.33461288445869,0.3344747371411883,0.00010620017830692552,-3.194713919474346e-05
2041-12-06,15.438888888888888,0.33402691911453325,0.33413473086436385,0.3340003740853421,0.00010781174983059971,-2.6545029191138436e-05
2041-12-13,15.458333333333334,0.3335478535375268,0.33365726053978123,0.3335266517256451,0.00010940700225442468,-2.120181188169923e-05
2041-12-20,15.477777777777778,0.33306948660176133,0.3331804725085666,0.3330535692443908,0.00011098590680524989,-1.5917357370553997e-05
2041-12-27,15.497222222222222,0.3325918173599211,0.33270436579573925,0.3325811258248474,0.00011254843581814944,-1.0691535073714675e-05
2042-01-03,15.516666666666667,0.33211484486498655,0.3322289394277122,0.33210932065125787,0.00011409456272565288,-5.524213728680394e-06
2042-01-10,15.536111111111111,0.33163856817024184,0.3317541924322894,0.33163815290883863,0.00011562426204753118,-4.1526140320824467e-07
2042-01-17,15.555555555555555,0.331162986329284,0.331280123838664,0.3311676217837781,0.00011713750938002754,4.635454494139601e-06
2042-01-24,15.575,0.3306880983960307,0.33080673267741645,0.33069772646323564,0.00011863428138575438,9.628067204947577e-06
2042-01-31,15.594444444444445,0.33021390342472867,0.33033401798051254,0.3302284661353409,0.00012011455578386787,1.4562710612231466e-05
2042-02-07,15.613888888888889,0.32974040046996206,0.32986197878130147,0.32975983998919284,0.00012157831133940977,1.9439519230779467e-05
2042-02-14,15.633333333333333,0.32926758858666033,0.3293906141145136,0.32929184721485766,0.00012302552785325993,2.4258628197326715e-05
2042-02-21,15.652777777777779,0.3287954668301063,0.32891992301625844,0.32882448700336914,0.00012445618615214427,2.9020173262839233e-05
2042-02-28,15.672222222222222,0.3283240342559445,0.32844990452402334,0.3283577585467265,0.0001258702680788648,3.3724290782022326e-05
2042-03-07,15.691666666666666,0.32785328992018814,0.3279805576766707,0.3278916610378939,0.00012726775648258526,3.837111770577106e-05
2042-03-14,15.71111111111111,0.32738323287922855,0.32751188151443655,0.327426193670799,0.0001286486352080063,4.2960791570456625e-05
2042-03-21,15.730555555555556,0.3269138621898414,0.32704387507892824,0.3269613556403323,0.00013001288908681685,4.749345049087639e-05
2042-03-28,15.75,0.3264451769091955,0.3265765374131228,0.32649714614234604,0.00013136050392731358,5.196923315053947e-05
2042-04-04,15.769444444444444,0.32597717609486,0.3261098675613647,0.3260335643736526,0.00013269146650468633,5.638827879261843e-05
2042-04-11,15.78888888888889,0.32550985880481204,0.325643864569364,0.32557060953202394,0.00013400576455196989,6.075072721190011e-05
2042-04-18,15.808333333333334,0.32504322409744457,0.32517852748419473,0.32510828081619075,0.00013530338675016296,6.505671874618146e-05
2042-04-25,15.827777777777778,0.3245772710315737,0.3247138553542922,0.32464657742584085,0.00013658432271851373,6.930639426716567e-05
2042-05-02,15.847222222222221,0.3241119986664461,0.32424984722945166,0.32418549856161843,0.00013784856300558257,7.349989517235755e-05
2042-05-09,15.866666666666667,0.32364740606174613,0.32378650216082616,0.3237250434251229,0.00013909609908002718,7.763736337679239e-05
2042-05-16,15.886111111111111,0.32318349227760396,0.3233238192009247,0.3232652112189079,0.0001403269233207216,8.171894130393209e-05
2042-05-23,15.905555555555555,0.322720256374602,0.3228617974036102,0.32280600114648034,0.00014154102900820753,8.574477187833773e-05
2042-05-30,15.925,0.32225769741378246,0.3224004358240975,0.32234741241229925,0.0001427384103150353,8.971499851678777e-05
2042-06-06,15.944444444444445,0.3217958144566546,0.3219397335189517,0.32188944422177446,0.00014391906229710427,9.362976511984034e-05
2042-06-13,15.963888888888889,0.3213346065652015,0.32147968954608575,0.3214320957812663,0.00014508298088422578,9.748921606478334e-05
2042-06-20,15.983333333333333,0.3208740728018874,0.32102030296475914,0.3209753662980836,0.00014623016287174107,0.00010129349619619754
2042-06-27,16.002777777777776,0.32041421222966443,0.3205615728355754,0.32051925498048356,0.00014736060591097333,0.00010504275081912873
2042-07-04,16.022222222222222,0.3199550239119798,0.32010349822048056,0.32006376103767004,0.00014847430850079002,0.0001087371256902614
2042-07-11,16.041666666666668,0.3194965069127825,0.31964607818276103,0.3196088836797927,0.00014957126997855452,0.00011237676701020272
2042-07-18,16.06111111111111,0.31903866029653,0.319189311787042,0.31915462211794643,0.00015065149051202154,0.00011596182141643263
2042-07-25,16.080555555555556,0.3185814831281949,0.3187331980992849,0.3187009755641692,0.0001517149710900112,0.00011949243597431103
2042-08-01,16.1,0.3181249744732723,0.31827773618678623,0.31824794323144234,0.00015276171351391588,0.00012296875817002784
2042-08-08,16.119444444444444,0.3176691333977857,0.31782292511817517,0.3177955243336887,0.00015379172038948452,0.000126390935902998
2042-08-15,16.13888888888889,0.31721395896829363,0.3173687639634116,0.31734371808577155,0.0001548049951179964,0.00012975911747792335
2042-08-22,16.158333333333335,0.31675945025189667,0.3169152517937847,0.3168925237034941,0.0001558015418880454,0.0001330734515974097
2042-08-29,16.177777777777777,0.31630560631624355,0.3164623876819107,0.31644194040359813,0.00015678136566715795,0.00013633408735458374
2042-09-05,16.197222222222223,0.3158524262295373,0.31601017070173093,0.3159919674037628,0.00015774447219363275,0.00013954117422548817
2042-09-12,16.216666666666665,0.31539990906054244,0.31555859992851015,0.31554260392260397,0.0001586908679677146,0.00014269486206153204
2042-09-19,16.23611111111111,0.3149480538785902,0.31510767443883436,0.3150938491796728,0.00015962056024415583,0.0001457953010826074
2042-09-26,16.255555555555556,0.3144968597535861,0.3146573933106093,0.3146457023954551,0.00016053355702322358,0.00014884264186898477
2042-10-03,16.275,0.31404632575601443,0.3142077556230583,0.31419816279137014,0.00016142986704387186,0.00015183703535570636
2042-10-10,16.294444444444444,0.31359645095694616,0.3137587604567204,0.3137512295897694,0.00016230949977424913,0.00015477863282326032
2042-10-17,16.31388888888889,0.3131472344280438,0.3133104068934486,0.3133049020139359,0.0001631724654047595,0.00015766758589208507
2042-10-24,16.333333333333332,0.31269867524156786,0.31286269401640787,0.31285917928808316,0.00016401877484001348,0.00016050404651529737
2042-10-31,16.352777777777778,0.31225077247038274,0.3124156209100733,0.31241406063735355,0.00016484843969055696,0.00016328816697080972
2042-11-07,16.372222222222224,0.311803525187963,0.3119691866602282,0.3119695452878182,0.00016566147226521055,0.00016602009985516863
2042-11-14,16.391666666666666,0.31135693246839896,0.31152339035396254,0.3115256324664754,0.00016645788556357566,0.0001686999980764492
2042-11-21,16.41111111111111,0.31091099338640193,0.31107823107967036,0.3110823214012495,0.0001672376932684294,0.00017132801484753823
2042-11-28,16.430555555555557,0.31046570701731124,0.31063370792704875,0.31063961132099044,0.00016800090973750903,0.0001739043036791954
2042-12-05,16.45,0.3100210724370992,0.31018981998709555,0.31019750145547215,0.0001687475499963509,0.00017642901837294778
2042-12-12,16.469444444444445,0.3095770887223764,0.30974656635210723,0.30975599103539175,0.000169477629730852,0.00017890231301537218
2042-12-19,16.488888888888887,0.30913375495039846,0.30930394611567785,0.3093150792923687,0.0001701911652793875,0.00018132434197021263
2042-12-26,16.508333333333333,0.30869107019907044,0.30886195837269614,0.3088747654589432,0.00017088817362570508,0.00018369525987277369
2043-01-02,16.52777777777778,0.308249033546953,0.30842060221934464,0.30843504876857636,0.0001715686723916532,0.00018601522162337014
2043-01-09,16.54722222222222,0.30780764407326794,0.3079798767530973,0.3079959284556477,0.00017223267982935386,0.00018828438237977752
2043-01-16,16.566666666666666,0.30736690085790286,0.3075397810727177,0.3075574037554552,0.00017288021481481897,0.00019050289755234706
2043-01-23,16.586111111111112,0.30692680298141767,0.30710031427825724,0.30711947390421374,0.000173511296839568,0.00019267092279606768
2043-01-30,16.605555555555554,0.3064873495250489,0.3066614754710536,0.30668213813905476,0.00017412594600468845,0.00019478861400584746
2043-02-06,16.625,0.3060485395707156,0.30622326375372816,0.30624539569802417,0.00017472418301256454,0.0001968561273085756
2043-02-13,16.644444444444446,0.30561037220102405,0.305785678230185,0.30580924582008234,0.00017530602916093763,0.00019887361905829293
2043-02-20,16.663888888888888,0.30517284649927373,0.3053487180056086,0.3053736877451026,0.00017587150633485704,0.00020084124582886442
2043-02-27,16.683333333333334,0.3047359615494613,0.304912382186462,0.30493872071387024,0.0001764206370006849,0.00020275916440892772
2043-03-06,16.70277777777778,0.30429971643628667,0.3044766698804852,0.30450434396808174,0.00017695344419854653,0.0002046275317950652
2043-03-13,16.72222222222222,0.30386411024515786,0.30404158019669336,0.3040705567503436,0.0001774699515355027,0.00020644650518575336
2043-03-20,16.741666666666667,0.3034291420621953,0.30360711224537457,0.3036373583041712,0.00017797018317927682,0.0002082162419759226
2043-03-27,16.761111111111113,0.30299481097423747,0.30317326513808823,0.3032047478739881,0.00017845416385076085,0.000209936899750629
2043-04-03,16.780555555555555,0.3025611160688459,0.3027400379876637,0.302772724705125,0.00017892191881779818,0.00021160863627911475
2043-04-10,16.8,0.30212805643430907,0.3023074299081977,0.30234128804381816,0.00017937347388863323,0.00021323160950909026
2043-04-17,16.819444444444443,0.30169563115964815,0.3018754400150531,0.30191043713720955,0.0001798088554049726,0.0002148059775614053
2043-04-24,16.83888888888889,0.30126383933462153,0.3014440674248568,0.3014801712333445,0.0001802280902352682,0.00021633189872294345
2043-05-01,16.858333333333334,0.30083268004972913,0.3010133112554981,0.30105048958117164,0.0001806312057689441,0.00021780953144251436
2043-05-08,16.877777777777776,0.3004021523962176,0.3005831706261267,0.30062139143054195,0.00018101822990912453,0.00021923903432435887
2043-05-15,16.897222222222222,0.2999722554660843,0.30015364465715105,0.3001928760322068,0.00018138919106674978,0.00022062056612248693
2043-05-22,16.916666666666668,0.29954298835208254,0.2997247324702366,0.29976494263781794,0.0001817441181540813,0.000221954285735404
2043-05-29,16.93611111111111,0.2991143501477258,0.2992964331883039,0.29933759049992636,0.000182083040578096,0.00022324035220055993
2043-06-05,16.955555555555556,0.2986863399472919,0.29886874593552665,0.29891081887198057,0.0001824059882347684,0.0002244789246886869
2043-06-12,16.975,0.2982589568458278,0.2984416698373304,0.2984846270083265,0.00018271299150257603,0.00022567016249869232
2043-06-19,16.994444444444444,0.2978321999391545,0.2980152040203901,0.2980590141642063,0.00018300408123561596,0.00022681422505183013
2043-06-26,17.01388888888889,0.2974060683238699,0.29758934761262884,0.29763397959575666,0.00018327928875894184,0.00022791127188676041
2043-07-03,17.033333333333335,0.2969805610973545,0.2971640997432159,0.29720952256000865,0.000183538645861403,0.00022896146265416473
2043-07-10,17.052777777777777,0.296555677357775,0.296739459542565,0.2967856423148866,0.00018378218478998232,0.0002299649571115836
2043-07-17,17.072222222222223,0.2961314162040889,0.29631542614233225,0.29636233811920637,0.00018400993824335687,0.00023092191511747684
2043-07-24,17.091666666666665,0.2957077767360481,0.295891998675415,0.2959396092326756,0.000184221939366902,0.00023183249662750427
2043-07-31,17.11111111111111,0.29528475805420357,0.29546917627594915,0.2955174549158915,0.00018441822174558586,0.00023269686168791992
2043-08-07,17.130555555555556,0.29486235925990906,0.29504695807930825,0.2950958744303408,0.00018459881939919542,0.00023351517043174175
2043-08-14,17.15,0.2944405794553258,0.29462534322210143,0.2946748670383983,0.00018476376677561968,0.00023428758307247888
2043-08-21,17.169444444444444,0.2940194177434253,0.29420433084217124,0.2942544320033257,0.0001849130987459091,0.00023501425990035685
2043-08-28,17.18888888888889,0.2935988732279945,0.2937839200785926,0.2938345685892711,0.000185046850598114,0.00023569536127659996
2043-09-04,17.208333333333332,0.2931789450136392,0.29336411007167057,0.29341527606126805,0.00018516505803134464,0.00023633104762882384
2043-09-11,17.227777777777778,0.2927596322057877,0.2929448999629386,0.29299655368523386,0.0001852677571508865,0.0002369214794461505
2043-09-18,17.247222222222224,0.29234093391069504,0.29252628889515675,0.29257840072796915,0.00018535498446170529,0.00023746681727410124
2043-09-25,17.266666666666666,0.29192284923544665,0.2921082760123104,0.2921608164571572,0.00018542677686372855,0.0002379672217105444
2043-10-02,17.28611111111111,0.2915053772879621,0.2916908604596078,0.29174380014136214,0.00018548317164568395,0.00023842285340003322
2043-10-09,17.305555555555557,0.29108851717699874,0.291274041383479,0.29132735105002866,0.0001855242064802698,0.00023883387302991999
2043-10-16,17.325,0.2906722680121555,0.2908578179315736,0.29091146845348076,0.00018554991941810428,0.0002392004413252491
2043-10-23,17.344444444444445,0.29025662890387655,0.2904421892527591,0.29049615162292064,0.000185560348882563,0.00023952271904409406
2043-10-30,17.363888888888887,0.28984159896345474,0.29002715449711963,0.290081399830428,0.00018555553366489397,0.00023980086697328318
2043-11-06,17.383333333333333,0.2894271773030351,0.2896127128159532,0.28966721234895904,0.00018553551291811132,0.00024003504592395863
2043-11-13,17.40277777777778,0.2890133630356186,0.28919886336177114,0.28925358845234506,0.00018550032615255452,0.00024022541672646947
2043-11-20,17.42222222222222,0.28860015527506566,0.28878560528829567,0.2888405274152923,0.0001854500132300041,0.00024037214022665232
2043-11-27,17.441666666666666,0.28818755313609934,0.2883729377504582,0.28842802851338034,0.00018538461435885223,0.000240475377281002
2043-12-04,17.461111111111112,0.2877755557343085,0.2879608599043978,0.28801609102306097,0.00018530417008927325,0.00024053528875245256
2043-12-11,17.480555555555554,0.2873641621861524,0.2875493709074595,0.28760471422165806,0.0001852087213071174,0.00024055203550565896
2043-12-18,17.5,0.28695337160896217,0.28713846991819225,0.28719389738736545,0.00018509830923008064,0.0002405257784032777
2043-12-25,17.519444444444446,0.28654318312094557,0.2867281560963476,0.28678363979924726,0.00018497297540204238,0.0002404566783016926
2044-01-01,17.538888888888888,0.28613359584118986,0.28631842860287776,0.28637394073723604,0.00018483276168790308,0.00024034489604618514
2044-01-08,17.558333333333334,0.2857246088896643,0.2859092865999337,0.2859647994821317,0.00018467771026942081,0.00024019059246743746
2044-01-15,17.57777777777778,0.28531622138722446,0.28550072925086406,0.28555621531560127,0.0001845078636396047,0.00023999392837681377
2044-01-22,17.59722222222222,0.28490843245561476,0.28509275572021275,0.2851481875201777,0.00018432326459799642,0.00023975506456291873
2044-01-29,17.616666666666667,0.28450124121747145,0.2846853651737175,0.28474071537925816,0.00018412395624606281,0.00023947416178671244
2044-02-05,17.636111111111113,0.28409464679632573,0.28427855677830827,0.2843337981771042,0.00018390998198253294,0.00023915138077845732
2044-02-12,17.655555555555555,0.28368864831660734,0.2838723297021056,0.28392743519883995,0.00018368138549823554,0.00023878688223261113
2044-02-19,17.675,0.28328324490364676,0.28346668311441847,0.2835216257304517,0.00018343821077171363,0.00023838082680494033
2044-02-26,17.694444444444443,0.28287843568367865,0.2830616161857431,0.28311636905878673,0.00018318050206445058,0.00023793337510807921
2044-03-04,17.71388888888889,0.2824742197838447,0.28265712808776106,0.282711664471552,0.0001829083039163737,0.00023744468770731109
2044-03-11,17.733333333333334,0.28207059633219617,0.28225321799333736,0.28230751125731385,0.00018262166114119127,0.00023691492511768164
2044-03-18,17.752777777777776,0.2816675644576976,0.2818498850765193,0.28190390870549675,0.00018232061882172967,0.00023634424779916952
2044-03-25,17.772222222222222,0.28126512329022846,0.28144712851253406,0.2815008561063821,0.00018200522230560345,0.00023573281615363317
2044-04-01,17.791666666666668,0.2808632719605871,0.2810449474777877,0.28109835275110767,0.00018167551720060793,0.00023508079052059205
2044-04-08,17.81111111111111,0.2804620096004926,0.2806433411498631,0.2806963979316665,0.00018133154937050033,0.0002343883311738959
2044-04-15,17.830555555555556,0.2800613353425877,0.28024230870751826,0.2802949909409056,0.00018097336493055893,0.0002336555983178945
2044-04-22,17.85,0.27966124832044204,0.27984184933068484,0.27989413107252586,0.00018060101024280906,0.00023288275208382947
2044-04-29,17.869444444444444,0.27926174766855416,0.27944196220046624,0.2794938176210804,0.0001802145319120818,0.00023206995252622598
2044-05-06,17.88888888888889,0.2788628325223543,0.2790426464991361,0.2790940498819734,0.00017981397678185074,0.00023121735961911805
2044-05-13,17.908333333333335,0.27846450201820694,0.2786439014101366,0.2786948271514601,0.0001793993919296799,0.00023032513325316195
2044-05-20,17.927777777777777,0.2780667552934137,0.2782457261180768,0.27829614872664493,0.0001789708246631161,0.00022939343323125083
2044-05-27,17.947222222222223,0.27766959148621523,0.2778481198087307,0.2778980139054811,0.0001785283225154699,0.00022842241926585016
2044-06-03,17.966666666666665,0.27727300973579455,0.2774510816690362,0.2775004219867694,0.0001780719332416525,0.00022741225097483442
2044-06-10,17.98611111111111,0.27687700918227826,0.27705461088709255,0.2771033722701575,0.00017760170481428972,0.00022636308787926662
2044-06-17,18.005555555555556,0.2764815889667402,0.27665870665215964,0.27670686405613865,0.00017711768541944783,0.00022527508939845786
2044-06-24,18.025,0.2760867482312035,0.27626336815465574,0.2763108966460512,0.00017661992345224808,0.00022414841484769132
2044-07-01,18.044444444444444,0.27569248611864217,0.27586859458615576,0.275915469342077,0.00017610846751359155,0.00022298322343483612
2044-07-08,18.06388888888889,0.27529880177298444,0.2754743851393902,0.27552058144724134,0.00017558336640577377,0.0002217796742569056
2044-07-15,18.083333333333332,0.27490569433911455,0.2750807390082429,0.27512623226541133,0.0001750446691283769,0.00022053792629678215
2044-07-22,18.102777777777778,0.274513162962875,0.27468765538774975,0.2747324211012949,0.00017449242487477257,0.00021925813841994213
2044-07-29,18.122222222222224,0.2741212067910687,0.27429513347409673,0.2743391472604406,0.00017392668302801395,0.00021794046937190226
2044-08-05,18.141666666666666,0.273729824971462,0.2739031724646186,0.2739464100492361,0.00017334749315661702,0.00021658507777411184
2044-08-12,18.16111111111111,0.27333901665278526,0.27351177155779705,0.273554208774907,0.00017275490501178492,0.00021519212212173233
2044-08-19,18.180555555555557,0.27294878098473646,0.2731209299532591,0.2731625427455165,0.00017214896852263406,0.00021376176078002906
2044-08-26,18.2,0.27255911711798314,0.27273064685177567,0.2727714112699644,0.00017152973379253034,0.00021229415198126267
2044-09-02,18.219444444444445,0.2721700242041631,0.2723409214552595,0.2723808136579855,0.00017089725109642462,0.0002107894538224131
2044-09-09,18.238888888888887,0.27178150139588814,0.271951752966764,0.27199074922014965,0.00017025157087585674,0.0002092478242615159
2044-09-16,18.258333333333333,0.27139354784674535,0.27156314059048103,0.27160121726785996,0.00016959274373568034,0.00020766942111460907
2044-09-23,18.27777777777778,0.2710061627112989,0.27117508353174014,0.2712122171133524,0.0001689208204412318,0.00020605440205351266
2044-09-30,18.29722222222222,0.27061934514509256,0.2707875809970061,0.27082374806969484,0.00016823585191355628,0.00020440292460227605
2044-10-07,18.316666666666666,0.2702330943046508,0.2704006321938778,0.27043580945078555,0.00016753788922696522,0.0002027151461347354
2044-10-14,18.336111111111112,0.2698474093474817,0.2700142363310863,0.27004840057135315,0.00016682698360459547,0.00020099122387146062
2044-10-21,18.355555555555554,0.26946228943207806,0.2696283926184934,0.26966152074695515,0.00016610318641535615,0.00019923131487709078
2044-10-28,18.375,0.26907773371791943,0.2692431002670901,0.2692751692939768,0.00016536654917065352,0.00019743557605739204
2044-11-04,18.394444444444446,0.2686937413654743,0.26885835848899475,0.26888934552963095,0.00016461712352044966,0.0001956041641566486
2044-11-11,18.413888888888888,0.26831031153620144,0.26847416649745176,0.2685040487719565,0.0001638549612503204,0.00019373723575505375
2044-11-18,18.433333333333334,0.2679274433925516,0.26809052350682944,0.2681192783398174,0.00016308011427784708,0.00019183494726582317
2044-11-25,18.45277777777778,0.2675451360979697,0.26770742873261905,0.2677350335529022,0.0001622926346493414,0.000189897454932475
2044-12-02,18.47222222222222,0.2671633888168963,0.26732488139143284,0.267351313731723,0.0001614925745365703,0.00018792491482672036
2044-12-09,18.491666666666667,0.26678220071476905,0.26694288070100247,0.266968118197614,0.00016067998623342516,0.00018591748284496612
2044-12-16,18.511111111111113,0.26640157095802464,0.2665614258801773,0.2665854462727317,0.00015985492215264685,0.00018387531470703822
2044-12-23,18.530555555555555,0.2660214987141006,0.2661805161489232,0.26620329728005265,0.00015901743482260589,0.00018179856595207378
2044-12-30,18.55,0.2656419831514361,0.2658001507283205,0.26582167054337347,0.00015816757688436045,0.0001796873919373554
2045-01-06,18.569444444444443,0.26526302343947467,0.2654203288405627,0.2654405653873097,0.00015730540108804814,0.00017754194783503596
2045-01-13,18.58888888888889,0.2648846187486645,0.2650410497089547,0.2650599811372946,0.0001564309602902214,0.0001753623886301403
2045-01-20,18.608333333333334,0.26450676825046104,0.2646623125579112,0.2646799171195787,0.00015554430745012837,0.00017314886911767857
2045-01-27,18.627777777777776,0.26412947111732804,0.2642841166129554,0.26430037266122863,0.00015464549562738128,0.0001709015439005923
2045-02-03,18.647222222222222,0.26375272652273857,0.26390646110071697,0.26392134709012605,0.00015373457797840384,0.00016862056738747855
2045-02-10,18.666666666666668,0.2633765336411775,0.26352934524893096,0.26354283973496695,0.0001528116077534336,0.00016630609378942562
2045-02-17,18.68611111111111,0.26300089164814205,0.26315276828643586,0.2631648499252611,0.00015187663829380194,0.00016395827711906952
2045-02-24,18.705555555555556,0.26262579972014316,0.2627767294431719,0.26278737699133026,0.00015092972302871432,0.00016157727118709664
2045-03-03,18.725,0.2622512570347075,0.2624012279501801,0.26241042026430794,0.0001499709154726414,0.00015916322960046747
2045-03-10,18.744444444444444,0.2618772627703785,0.2620262630396001,0.2620339790761384,0.0001490002692215997,0.00015671630575991857
2045-03-17,18.76388888888889,0.2615038161067173,0.2616518339446687,0.26165805275957565,0.00014801783795137524,0.00015423665285835275
2045-03-24,18.783333333333335,0.2611309162243046,0.26127793989971854,0.2612826406481824,0.00014702367541391537,0.00015172442387778595
2045-03-31,18.802777777777777,0.2607585623047418,0.2609045801401764,0.26090774207632944,0.00014601783543460867,0.0001491797715876264
2045-04-07,18.822222222222223,0.2603867535306517,0.26053175390256156,0.2605333563791947,0.0001450003719098425,0.0001466028485430093
2045-04-14,18.841666666666665,0.2600154890856807,0.2601594604244843,0.26015948289276203,0.0001439713388036168,0.00014399380708135512
2045-04-21,18.86111111111111,0.25964476815449866,0.25978769894464415,0.2597861209538207,0.00014293079014549015,0.00014135279932203648
2045-04-28,18.880555555555556,0.25927458992280167,0.25941646870282886,0.25941326989996416,0.00014187878002719367,0.00013867997716249247
2045-05-05,18.9,0.25890495357731197,0.2590457689399123,0.2590409290695897,0.000140815362600355,0.00013597549227772898
2045-05-12,18.919444444444444,0.25853585830577935,0.25867559889785313,0.25866909780189645,0.0001397405920737782,0.00013323949611709907
2045-05-19,18.93888888888889,0.2581673032969827,0.25830595781969323,0.2582977754368859,0.00013865452271055734,0.00013047213990324824
2045-05-26,18.958333333333332,0.2577992877407307,0.2579368449495563,0.25792696131536,0.00013755720882563383,0.00012767357462933893
2045-06-02,18.977777777777778,0.2574318108278626,0.25756825953264595,0.25755665477892037,0.00013644870478335402,0.00012484395105777368
2045-06-09,18.997222222222224,0.2570648717502499,0.2572002008152445,0.257186855169968,0.00013532906499458264,0.0001219834197180858
2045-06-16,19.016666666666666,0.256698469700797,0.2568326680447112,0.25681756183170146,0.0001341983439142047,0.00011909213090444126
2045-06-23,19.03611111111111,0.2563326038734423,0.256465660469481,0.25644877410811695,0.00013305659603868314,0.0001161702346746396
2045-06-30,19.055555555555557,0.2559672734631588,0.2560991773390627,0.2560804913440066,0.00013190387590389374,0.0001132178808478379
2045-07-07,19.075,0.2556024776659557,0.2557332179040376,0.25571271288495817,0.0001307402380819056,0.00011023521900249689
2045-07-14,19.094444444444445,0.25523821567887867,0.25536778141605754,0.25534543807735377,0.00012956573717887165,0.00010722239847510417
2045-07-21,19.113888888888887,0.25487448670001117,0.2550028671278445,0.2549786662683692,0.00012838042783330783,0.00010417956835800934
2045-07-28,19.133333333333333,0.25451128992847516,0.2546384742931874,0.25461239680597286,0.0001271843647122628,0.00010110687749770308
2045-08-04,19.15277777777778,0.2541486245644319,0.2542746021669422,0.25424662903892503,0.00012597760251031875,9.800447449315186e-05
2045-08-11,19.17222222222222,0.2537864898090831,0.2539112500050293,0.2538813623167772,0.00012476019594620524,9.487250769413258e-05
2045-08-18,19.191666666666666,0.2534248848646712,0.2535484170644324,0.2535165959898704,0.00012353219976118934,9.171112519923419e-05
2045-08-25,19.211111111111112,0.25306380893448077,0.25318610260319696,0.2531523294093353,0.00012229366871618907,8.852047485452541e-05
2045-09-01,19.230555555555554,0.25270326122283876,0.25282430588042887,0.2527885619270906,0.00012104465759010807,8.530070425183389e-05
2045-09-08,19.25,0.2523432409351153,0.25246302615629235,0.25242529289584237,0.00011978522117706003,8.205196072708087e-05
2045-09-15,19.269444444444446,0.2519837472777251,0.25210226269200914,0.25206252166908344,0.00011851541428403722,7.87743913583383e-05
2045-09-22,19.288888888888888,0.25162477945812717,0.2517420147498567,0.251700247601092,0.00011723529172952274,7.546814296482962e-05
2045-09-29,19.308333333333334,0.2512663366848261,0.2513822815931664,0.2513384700469312,0.00011594490834027082,7.213336210509791e-05
2045-10-06,19.32777777777778,0.2509084181673728,0.25102306248632256,0.250977188362448,0.00011464431894975258,6.877019507517401e-05
2045-10-13,19.34722222222222,0.2505510231163649,0.25066435669476056,0.25061640190427226,0.00011333357839565794,6.53787879073553e-05
2045-10-20,19.366666666666667,0.25019415074344714,0.2503061634849655,0.2502561100298162,0.0001120127415183414,6.195928636903991e-05
2045-10-27,19.386111111111113,0.24983780026131278,0.24994848212447046,0.24989631209727298,0.00011068186315768558,5.851183596020104e-05
2045-11-03,19.405555555555555,0.2494819708837033,0.24959131188185557,0.24953700746561644,0.00010934099815226861,5.5036581913137095e-05
2045-11-10,19.425,0.2491266618254094,0.24923465202674577,0.24917819549459955,0.0001079902013363665,5.153366919014024e-05
2045-11-17,19.444444444444443,0.24877187230227193,0.24887850182980997,0.24881987554475427,0.000106629527538038,4.800324248233068e-05
2045-11-24,19.46388888888889,0.2484176015311814,0.24852286056275913,0.24846204697738988,0.00010525903157773686,4.444544620849089e-05
2045-12-01,19.483333333333334,0.2480638487300795,0.2481677274983448,0.24810470915459304,0.00010387876826528641,4.0860424513539106e-05
2045-12-08,19.502777777777776,0.24771061311795908,0.24781310191035813,0.24774786143922606,0.00010248879239904696,3.724832126697497e-05
2045-12-15,19.522222222222222,0.24735789391486473,0.24745898307362757,0.24739150319492625,0.00010108915876283486,3.360928006151953e-05
2045-12-22,19.541666666666668,0.24700569034189318,0.2471053702640181,0.24703563378610563,9.967992212492338e-05,2.99434442124491e-05
2045-12-29,19.56111111111111,0.24665400162119405,0.24675226275842943,0.2466802525779492,9.82611372353781e-05,2.6250956755152766e-05
2046-01-05,19.580555555555556,0.24630282697596986,0.24639965983479445,0.24632535893641466,9.683285882458592e-05,2.2531960444799326e-05
2046-01-12,19.6,0.24595216563047637,0.246047560772078,0.2459709522282312,9.53951416016452e-05,1.8786597754838485e-05
2046-01-19,19.619444444444444,0.24560201681002372,0.2456959648502752,0.24561703182089925,9.394804025147918e-05,1.501501087552981e-05
2046-01-26,19.63888888888889,0.24525237974097586,0.24534487135040994,0.24526359708268847,9.249160943408663e-05,1.1217341712610462e-05
2046-02-02,19.658333333333335,0.24490325365075138,0.2449942795545337,0.24491064738263793,9.102590378232134e-05,7.393731886545796e-06
2046-02-09,19.677777777777777,0.24455463776782407,0.24464418874572383,0.24455818209055508,8.955097789975497e-05,3.5443227310028025e-06
2046-02-16,19.697222222222223,0.2442065313217224,0.24429459820808208,0.24420620057701437,8.806688635967785e-05,-3.3074470803806655e-07
2046-02-23,19.716666666666665,0.24385893354303093,0.24394550722673322,0.24385470221335695,8.657368370229568e-05,-4.231329673975992e-06
2046-03-02,19.73611111111111,0.24351184366338965,0.24359691508782352,0.24350368637168912,8.507142443386906e-05,-8.157291700533476e-06
2046-03-09,19.755555555555556,0.24316526091549465,0.24324882107851944,0.24315315242488256,8.35601630247984e-05,-1.2108490612089406e-05
2046-03-16,19.775,0.24281918453309867,0.2429012244870061,0.24280309974657238,8.203995390743124e-05,-1.6084786526288086e-05
2046-03-23,19.794444444444444,0.2424736137510104,0.24255412460248554,0.24245352771115694,8.051085147514625e-05,-2.008603985345636e-05
2046-03-30,19.81388888888889,0.24212854780509582,0.24220752071517573,0.24210443569379642,7.897291007991081e-05,-2.4112111299406935e-05
2046-04-06,19.833333333333332,0.24178398593227762,0.2418614121163089,0.24175582307041288,7.742618403128176e-05,-2.8162861864744482e-05
2046-04-13,19.852777777777778,0.24143992737053552,0.24151579809812995,0.24140768921768824,7.58707275944348e-05,-3.223815284728038e-05
2046-04-20,19.872222222222224,0.24109637135890688,0.2411706779538952,0.2410600335130643,7.430659498833259e-05,-3.633784584258781e-05
2046-04-27,19.891666666666666,0.24075331713748616,0.24082605097787102,0.24071285533474163,7.27338403848643e-05,-4.046180274452915e-05
2046-05-04,19.91111111111111,0.24041076394742564,0.240481916465332,0.24036615406167866,7.115251790637545e-05,-4.4609885746976774e-05
2046-05-11,19.930555555555557,0.24006871103093513,0.24013827371256005,0.2400199290735906,6.956268162491841e-05,-4.878195734453472e-05
2046-05-18,19.95,0.23972715763128238,0.23979512201684255,0.23967417975094926,6.796438556017081e-05,-5.297788033312156e-05
2046-05-25,19.969444444444445,0.23938610299279284,0.23945246067647089,0.2393289054749815,6.635768367804773e-05,-5.719751781133042e-05
2046-06-01,19.988888888888887,0.23904554636085007,0.2391102889907394,0.23898410562766872,6.474262988934165e-05,-6.144073318134491e-05
2046-06-08,20.008333333333333,0.23870548698189578,0.23876860625994362,0.23863977959174582,6.311927804783513e-05,-6.570739014996607e-05
2046-06-15,20.02777777777778,0.23836592410342916,0.23842741178537893,0.23829592675070077,6.148768194977339e-05,-6.999735272839036e-05
2046-06-22,20.04722222222222,0.23802685697400833,0.23808670486933925,0.2379525464887733,5.9847895330922274e-05,-7.431048523504069e-05
2046-06-29,20.066666666666666,0.23768828484324864,0.23774648481511532,0.23760963819095413,5.8199971866679245e-05,-7.864665229451173e-05
2046-07-06,20.086111111111112,0.23735020696182416,0.23740675092699368,0.2372672012429843,5.654396516951987e-05,-8.300571883984587e-05
2046-07-13,20.105555555555554,0.23701262258146674,0.2370675025102548,0.23692523503135454,5.4879928788054144e-05,-8.738755011220012e-05
2046-07-20,20.125,0.23667553095496627,0.236728738871172,0.23658373894330353,5.320791620572196e-05,-9.179201166273354e-05
2046-07-27,20.144444444444446,0.23633893133617062,0.23639045931700994,0.23624271236681807,5.1527980839322085e-05,-9.62189693525517e-05
2046-08-03,20.163888888888888,0.2360028229799857,0.23605266315602322,0.2359021546906318,4.984017603751334e-05,-0.00010066828935390015
2046-08-10,20.183333333333334,0.23566720514237519,0.23571534969745475,0.2355620653042244,4.814455507956561e-05,-0.0001051398381507751
2046-08-17,20.20277777777778,0.23533207708036044,0.2353785182515347,0.2352224435978204,4.644117117424962e-05,-0.00010963348254003358
2046-08-24,20.22222222222222,0.23499743805202056,0.23504216812947892,0.23488328896238908,4.473007745836588e-05,-0.00011414908963147674
2046-08-31,20.241666666666667,0.23466328731649208,0.23470629864348722,0.2345446007896431,4.301132699513488e-05,-0.00011868652684898784
2046-09-07,20.261111111111113,0.23432962413396913,0.23437090910674258,0.2342063784720376,4.128497277344767e-05,-0.00012324566193153141
2046-09-14,20.280555555555555,0.23399644776570297,0.23403599883340936,0.2338686214027697,3.955106770639483e-05,-0.00012782636293326433
2046-09-21,20.3,0.2336637574740019,0.23370212637624946,0.23353253642719657,3.8368902247565284e-05,-0.00013122104680532432
2046-09-28,20.319444444444443,0.23333155252223114,0.23337208088379657,0.23320415567884753,4.0528361565428384e-05,-0.0001273968433836148
2046-10-05,20.33888888888889,0.23299983217481277,0.23304250149761652,0.23287623044222655,4.266932280375113e-05,-0.00012360173258621487
2046-10-12,20.358333333333334,0.23266859569722534,0.2327133875594514,0.2325487600943656,4.47918622260568e-05,-0.00011983560285974693
2046-10-19,20.377777777777776,0.23233784235600374,0.23238473841197307,0.23222174401313586,4.6896055969330996e-05,-0.0001160983428678819
2046-10-26,20.397222222222222,0.23200757141873896,0.2320565533987813,0.23189518157724665,4.898198004235632e-05,-0.0001123898414923108
2046-11-02,20.416666666666668,0.23167778215407772,0.2317288318644033,0.23156907216624517,5.1049710325573594e-05,-0.00010870998783255037
2046-11-09,20.43611111111111,0.23134847383172266,0.23140157315429172,0.23124341516051422,5.3099322569055696e-05,-0.00010505867120844115
2046-11-16,20.455555555555556,0.23101964572243144,0.23107477661482367,0.23091820994127163,5.513089239223001e-05,-0.00010143578115981433
2046-11-23,20.475,0.23069129709801717,0.23074844159329927,0.2305934558905695,5.714449528210208e-05,-9.784120744765756e-05
2046-11-30,20.494444444444444,0.23036342723134734,0.23042256743794054,0.23026915239129248,5.914020659320007e-05,-9.42748400548643e-05
2046-12-07,20.51388888888889,0.23003603539634412,0.2300971534978898,0.22994529882715684,6.111810154568742e-05,-9.073656918728856e-05
2046-12-14,20.533333333333335,0.22970912086798392,0.2297721991232088,0.2296218945827098,6.307825522486321e-05,-8.722628527413345e-05
2046-12-21,20.552777777777777,0.22938268292229705,0.22944770366487688,0.2292989390433278,6.502074257982993e-05,-8.374387896925573e-05
2046-12-28,20.572222222222223,0.22905672083636694,0.22912366647479007,0.2289764315952156,6.694563842313261e-05,-8.028924115133229e-05
2047-01-04,20.591666666666665,0.22873123388833072,0.22880008690575987,0.2286543716254056,6.885301742914907e-05,-7.686226292510923e-05
2047-01-11,20.61111111111111,0.22840622135737812,0.22847696431151135,0.2283327585217561,7.07429541332294e-05,-7.346283562201239e-05
2047-01-18,20.630555555555556,0.22808168252375113,0.22815429804668266,0.2280115916729506,7.261552293152951e-05,-7.009085080053601e-05
2047-01-25,20.65,0.22775761666874406,0.22783208746682326,0.22769087046849684,7.447079807920698e-05,-6.674620024721412e-05
2047-02-01,20.669444444444444,0.22743402307470273,0.22751033192839265,0.227370594298725,7.630885368992146e-05,-6.342877597773078e-05
2047-02-08,20.68888888888889,0.22711090102502424,0.2271890307887593,0.22705076255478726,7.812976373505753e-05,-6.0138470236975605e-05
2047-02-15,20.708333333333332,0.22678824980415663,0.2268681834061991,0.226731374628657,7.993360204247568e-05,-5.687517549962662e-05
2047-02-22,20.727777777777778,0.2264660686975982,0.22654778913989423,0.22641242991312652,8.172044229604047e-05,-5.3638784471676804e-05
2047-03-01,20.747222222222224,0.2261443569918975,0.22622784734993198,0.22609392780180718,8.349035803448257e-05,-5.0429190090323095e-05
2047-03-08,20.766666666666666,0.22582311397465218,0.2259083573973034,0.2257758676891277,8.524342265120444e-05,-4.7246285524493725e-05
2047-03-15,20.78611111111111,0.2255023389345093,0.22558931864390158,0.22545824897033281,8.697970939228195e-05,-4.408996417648581e-05
2047-03-22,20.805555555555557,0.22518203116116442,0.22527073045252122,0.22514107104148315,8.869929135679744e-05,-4.0960119681271445e-05
2047-03-29,20.825,0.22486218994536114,0.22495259218685681,0.22482433329945326,9.0402241495674e-05,-3.785664590788551e-05
2047-04-05,20.844444444444445,0.22454281457889083,0.22463490321150134,0.22450803514193068,9.20886326105097e-05,-3.477943696014729e-05
2047-04-12,20.863888888888887,0.22422390435459183,0.2243176628919452,0.22419217596741542,9.375853735338335e-05,-3.172838717641069e-05
2047-04-19,20.883333333333333,0.22390545856634922,0.22400087059457488,0.22387675517521788,9.541202822566097e-05,-2.8703391131340572e-05
2047-04-26,20.90277777777778,0.22358747650909402,0.2236845256866717,0.22356177216545894,9.704917757766274e-05,-2.5704343635080118e-05
2047-05-03,20.92222222222222,0.2232699574788029,0.2233686275364106,0.2232472263390681,9.867005760769154e-05,-2.2731139734805117e-05
2047-05-10,20.941666666666666,0.22295290077249746,0.2230531755128586,0.2229331170977825,0.00010027474036114481,-1.9783674714973776e-05
2047-05-17,20.961111111111112,0.2226363056882439,0.22273816898597398,0.22261944384414584,0.00010186329773007041,-1.6861844098076118e-05
2047-05-24,20.980555555555554,0.22232017152515224,0.22242360732660474,0.22230620598150808,0.00010343580145250053,-1.3965543644162137e-05
2047-05-31,21.0,0.22200449758337554,0.22210948990648735,0.2219934029140229,0.00010499232311181328,-1.1094669352645914e-05
2047-06-07,21.019444444444446,0.22168928316411018,0.22179581609824547,0.22168103404664785,0.00010653293413528941,-8.249117462333366e-06
2047-06-14,21.038888888888888,0.22137452756959405,0.22148258527538903,0.22136909878514324,0.00010805770579497276,-5.42878445081163e-06
2047-06-21,21.058333333333334,0.22106023010310713,0.22116979681231239,0.22105759653606988,0.00010956670920525546,-2.633567037252371e-06
2047-06-28,21.07777777777778,0.2207463900689699,0.22085745008429372,0.22074652670678951,0.0001110600153238217,1.3663781961437138e-07
2047-07-05,21.09722222222222,0.22043300677254338,0.22054554446749328,0.220435888705463,0.00011253769494989907,2.8819329196128063e-06
2047-07-12,21.116666666666667,0.22012007952022822,0.2202340793389523,0.22012568194104903,0.00011399981872409204,5.602420820816079e-06
2047-07-19,21.136111111111113,0.21980760761946413,0.21992305407659196,0.21981590582330374,0.00011544645712782686,8.298203839601781e-06
2047-07-26,21.155555555555555,0.2194955903787292,0.21961246805921195,0.21950655976277933,0.00011687768048274094,1.0969384050124598e-05
2047-08-02,21.175,0.21918402710753912,0.21930232066648897,0.21919764317082246,0.00011829355894985016,1.361606328334486e-05
2047-08-09,21.194444444444443,0.2188729171164469,0.21899261127897612,0.21888915545957444,0.00011969416252921583,1.6238343127528143e-05
2047-08-16,21.21388888888889,0.21856225971704174,0.21868333927810113,0.2185810960419688,0.00012107956105938955,1.8836324927051784e-05
2047-08-23,21.233333333333334,0.21825205422194874,0.2183745040461654,0.2182734643317312,0.00012244982421666384,2.1410109782460385e-05
2047-08-30,21.252777777777776,0.21794229994482794,0.21806610496634257,0.21796625974337822,0.00012380502151462802,2.3959798550271527e-05
2047-09-06,21.272222222222222,0.21763299620037355,0.2177581414226774,0.21765948169221577,0.00012514522230386294,2.6485491842226372e-05
2047-09-13,21.291666666666668,0.21732414230431346,0.21745061280008465,0.21735312959433858,0.00012647049577119152,2.8987290025123125e-05
2047-09-20,21.31111111111111,0.21701573757340875,0.21714351848434774,0.2170472028666292,0.00012778091093898492,3.1465293220456214e-05
2047-09-27,21.330555555555556,0.21670778132545218,0.21683685786211723,0.2167417009267565,0.00012907653666505148,3.391960130430527e-05
2047-10-04,21.35,0.21640027287926844,0.21653063032091022,0.2164366231931748,0.00013035744164177632,3.6350313906363674e-05
2047-10-11,21.369444444444444,0.21609321155471253,0.21622483524910865,0.2161319690851233,0.00013162369439612132,3.8757530410771235e-05
2047-10-18,21.38888888888889,0.21578659667266958,0.21591947203595824,0.21582773802262417,0.00013287536328865368,4.1141349954587625e-05
2047-10-25,21.408333333333335,0.21548042755505392,0.21561454007156713,0.21552392942648235,0.00013411251651321288,4.350187142843076e-05
2047-11-01,21.427777777777777,0.21517470352480805,0.21531003874690502,0.2152205427182839,0.00013533522209696613,4.5839193475838425e-05
2047-11-08,21.447222222222223,0.21486942390590252,0.21500596745380143,0.2149175773203953,0.00013654354789890966,4.8153414492768665e-05
2047-11-15,21.466666666666665,0.21456458802333458,0.21470232558494506,0.21461503265596232,0.00013773756161047923,5.044463262773857e-05
2047-11-22,21.48611111111111,0.21426019520312722,0.21439911253388197,0.21431290814890894,0.00013891733075474533,5.271294578171326e-05
2047-11-29,21.505555555555556,0.2139562447723294,0.2140963276950149,0.2140112032239365,0.00014008292268549716,5.4958451607078906e-05
2047-12-06,21.525,0.21365273605901383,0.21379397046360196,0.21370991730652217,0.00014123440458813086,5.718124750833664e-05
2047-12-13,21.544444444444444,0.21334966839227743,0.21349204023575485,0.21340904982291867,0.00014237184347742904,5.938143064124213e-05
2047-12-20,21.56388888888889,0.2130470411022397,0.21319053640843857,0.21310860020015274,0.0001434953061988653,6.15590979130276e-05
2047-12-27,21.583333333333332,0.21274485352004224,0.2128894583794696,0.21280856786602392,0.00014460485942735524,6.371434598168024e-05
2048-01-03,21.602777777777778,0.21244310497784777,0.21258880554751475,0.21250895224910427,0.00014570056966697886,6.584727125649725e-05
2048-01-10,21.622222222222224,0.21214179480883957,0.2122885773120902,0.21220975277873652,0.0001467825032506198,6.795796989694791e-05
2048-01-17,21.641666666666666,0.21184092234722007,0.21198877307356012,0.21191096888503377,0.0001478507263400486,7.004653781370052e-05
2048-01-24,21.66111111111111,0.21154048692821067,0.21168939223313543,0.21161259999887766,0.00014890530492475684,7.21130706669848e-05
2048-01-31,21.680555555555557,0.2112404878880504,0.21139043419287282,0.2113146455519182,0.0001499463048224292,7.41576638678132e-05
2048-02-07,21.7,0.21094092456399524,0.21109189835567344,0.21101710497657214,0.00015097379167819391,7.618041257689834e-05
2048-02-14,21.719444444444445,0.21064179629431712,0.21079378412528146,0.21071997770602233,0.0001519878309643452,7.81814117052082e-05
2048-02-21,21.738888888888887,0.21034310241830342,0.2104960909062834,0.21042326317421628,0.00015298848797998255,8.016075591285587e-05
2048-02-28,21.758333333333333,0.21004484227625544,0.21019881810410643,0.21012696081586568,0.00015397582785098285,8.211853961023752e-05
2048-03-06,21.77777777777778,0.20974701520948813,0.2099019651250176,0.2098310700664448,0.00015494991552947313,8.405485695667236e-05
2048-03-13,21.79722222222222,0.2094496205603287,0.20960553137612228,0.20953559036219013,0.00015591081579358068,8.596980186142966e-05
2048-03-20,21.816666666666666,0.2091526576721161,0.20930951626536323,0.2092405211400988,0.0001568585932471278,8.786346798270173e-05
2048-03-27,21.836111111111112,0.20885612588920002,0.20901391920151935,0.2089458618379277,0.00015779331231932647,8.97359487276872e-05
2048-04-03,21.855555555555554,0.2085600245569395,0.2087187395942046,0.20865161189419285,0.00015871503726508362,9.158733725334045e-05
2048-04-10,21.875,0.2082643530217029,0.2084239768538664,0.20835777074816778,0.0001596238321635024,9.341772646487279e-05
2048-04-17,21.894444444444446,0.2079691106308661,0.20812963039178506,0.20806433783988304,0.00016051976091896458,9.522720901694592e-05
2048-04-24,21.913888888888888,0.20767429673281199,0.2078356996200723,0.207771312610125,0.0001614028872603257,9.701587731300587e-05
2048-05-01,21.933333333333334,0.2073799106769295,0.20754218395166982,0.20747869450043474,0.0001622732747403044,9.878382350522741e-05
2048-05-08,21.95277777777778,0.2070859518136127,0.20724908280034862,0.20718648295310707,0.00016313098673592652,0.00010053113949437531
2048-05-15,21.97222222222222,0.20679241949425975,0.20695639558070764,0.2068946774111899,0.00016397608644788675,0.00010225791693013742
2048-05-22,21.991666666666667,0.20649931307127165,0.20666412170817233,0.20660327731848258,0.00016480863690068737,0.00010396424721093034
2048-05-29,22.011111111111113,0.20620663189805186,0.20637226059899394,0.20631228211953567,0.00016562870094208315,0.0001056502214838162
2048-06-05,22.030555555555555,0.2059143753290051,0.20608081167024797,0.20602169125964925,0.00016643634124285933,0.0001073159306441418
2048-06-12,22.05,0.20562254271953592,0.20578977433983317,0.2057315041848721,0.00016723162029724792,0.00010896146533617701
2048-06-19,22.069444444444443,0.20533113342604858,0.20549914802647043,0.20544172034200114,0.00016801460042184524,0.00011058691595255965
2048-06-26,22.08888888888889,0.20504014680594515,0.2052089321497015,0.20515233917857992,0.00016878534375636134,0.00011219237263476733
2048-07-03,22.108333333333334,0.20474958221762526,0.20491912612988783,0.20486336014289788,0.00016954391226256527,0.00011377792527261787
2048-07-10,22.127777777777776,0.2044594390204845,0.20462972938820964,0.20457478268398938,0.0001702903677251455,0.0001153436635048799
2048-07-17,22.147222222222222,0.20416971657491406,0.20434074134666433,0.20428660625163228,0.00017102477175026665,0.00011688967671821815
2048-07-24,22.166666666666668,0.20388041424229902,0.20405216142806584,0.2039988302963477,0.00017174718576681847,0.00011841605404866451
2048-07-31,22.18611111111111,0.20359153138501793,0.20376398905604312,0.2037114542693985,0.0001724576710251946,0.00011992288438056331
2048-08-07,22.205555555555556,0.20330306736644133,0.20347622365503898,0.2034244776227883,0.00017315628859765342,0.00012141025634698766
2048-08-14,22.225,0.20301502155093099,0.20318886465030928,0.20313789980926067,0.00017384309937829023,0.0001228782583296839
2048-08-21,22.244444444444444,0.202727393303839,0.20290191146792155,0.20285172028229828,0.00017451816408256549,0.00012432697845929375
2048-08-28,22.26388888888889,0.20244018199150615,0.2026153635347536,0.20256593849612145,0.0001751815432474435,0.00012575650461529864
2048-09-04,22.283333333333335,0.2021533869812618,0.20232922027849284,0.2022805539056878,0.0001758332972310317,0.0001271669244259921
2048-09-11,22.302777777777777,0.20186700764142196,0.20204348112763504,0.20199556596669044,0.00017647348621308012,0.00012855832526847966
2048-09-18,22.322222222222223,0.2015810433412887,0.2017581455114827,0.20171097413555789,0.00017710217019398233,0.00012993079426917853
2048-09-25,22.341666666666665,0.20129549345114905,0.20147321286014466,0.2014267778694525,0.000177719408995608,0.00013128441830345672
2048-10-02,22.36111111111111,0.2010103573422737,0.20118868260453437,0.20114297662626973,0.00017832526226066459,0.00013261928399602163
2048-10-09,22.380555555555556,0.2007256343869164,0.20090455417636907,0.20085956986463707,0.0001789197894526695,0.00013393547772067027
2048-10-16,22.4,0.20044132395831268,0.2006208270081686,0.20057655704391308,0.00017950304985592247,0.00013523308560040026
2048-10-23,22.419444444444444,0.20015742543067824,0.20033750053325403,0.20029393762418649,0.00018007510257578296,0.0001365121935082425
2048-10-30,22.43888888888889,0.19987393817920876,0.20005457418574685,0.20001171106627502,0.00018063600653808742,0.000137772887066262
2048-11-06,22.458333333333332,0.19959086158007838,0.1997720474005678,0.19972987683172488,0.00018118582048942677,0.00013901525164650153
2048-11-13,22.477777777777778,0.19930819501043842,0.1994899196134355,0.19944843438280924,0.00018172460299709092,0.00014023937237081507
2048-11-20,22.497222222222224,0.1990259378484168,0.1992081902608655,0.19916738318252755,0.00018225241244870793,0.00014144533411075688
2048-11-27,22.516666666666666,0.19874408947311645,0.19892685878016925,0.1988867226946047,0.00018276930705279915,0.00014263322148824753
2048-12-04,22.53611111111111,0.1984626492646144,0.19864592460945263,0.1986064523834895,0.00018327534483822405,0.0001438031188751021
2048-12-11,22.555555555555557,0.19818161660396094,0.19836538718761534,0.19832657171435455,0.00018377058365440235,0.00014495511039361308
2048-12-18,22.575,0.19790099087317814,0.19808524595434926,0.19804708015309475,0.00018425508117111966,0.0001460892799166058
2048-12-25,22.594444444444445,0.19762077145525864,0.19780550035013764,0.19776797716632613,0.00018472889487899935,0.00014720571106749403
2049-01-01,22.613888888888887,0.19734095773416524,0.19752614981625402,0.19748926222138546,0.0001851920820887809,0.00014830448722022438
2049-01-08,22.633333333333333,0.19706154909482881,0.19724719379476074,0.19721093478632906,0.00018564469993193056,0.00014938569150024783
2049-01-15,22.65277777777778,0.1967825449231481,0.19696863172850831,0.19693299432993155,0.00018608680536022493,0.00015044940678346497
2049-01-22,22.67222222222222,0.19650394460598794,0.19669046306113408,0.19665544032168533,0.00018651845514613963,0.00015149571569739173
2049-01-29,22.691666666666666,0.19622574753117844,0.19641268723706096,0.19637827223179938,0.00018693970588251618,0.00015252470062093737
2049-02-05,22.711111111111112,0.19594795308751373,0.19613530370149657,0.19610148953119844,0.0001873506139828396,0.00015353644368470976
2049-02-12,22.730555555555554,0.1956705606647509,0.19585831190043207,0.19582509169152193,0.0001877512356811828,0.00015453102677104313
2049-02-19,22.75,0.1953935696536087,0.19558171128064092,0.19554907818512293,0.00018814162703220672,0.00015550853151422017
2049-02-26,22.769444444444446,0.1951169794457668,0.19530550128967797,0.19527344848506759,0.00018852184391116023,0.00015646903930077727
2049-03-05,22.788888888888888,0.19484078943386426,0.19502968137587828,0.19499820206513385,0.00018889194201401893,0.00015741263126958782
2049-03-12,22.808333333333334,0.1945649990114982,0.19475425098835578,0.19472333839981057,0.00018925197685756845,0.00015833938831236183
2049-03-19,22.82777777777778,0.19428960757322347,0.19447920957700263,0.19444885696429662,0.0001896020037791546,0.00015924939107314628
2049-03-26,22.84722222222222,0.19401461451455035,0.19420455659248786,0.1941747572344998,0.00018994207793751605,0.00016014271994946316
2049-04-02,22.866666666666667,0.1937400192319446,0.1939302914862561,0.19390103868703623,0.00019027225431150763,0.00016101945509164328
2049-04-09,22.886111111111113,0.19346582112282515,0.19365641371052683,0.1936277007992291,0.0001905925877016823,0.00016187967640396428
2049-04-16,22.905555555555555,0.193192019585564,0.19338292271829322,0.19335474304910777,0.00019090313272920878,0.00016272346354376244
2049-04-23,22.925,0.192918614019484,0.19310981796332066,0.193082164915407,0.00019120394383664863,0.000163550895922987
2049-04-30,22.944444444444443,0.1926456038248587,0.1928370989001463,0.19280996587756574,0.00019149507528759546,0.0001643620527070344
2049-05-07,22.96388888888889,0.19237298840291026,0.19256476498407732,0.19253814541572642,0.00019177658116706353,0.0001651570128161639
2049-05-14,22.983333333333334,0.19210076715580898,0.1922928156711903,0.1922667030107341,0.00019204851538132117,0.00016593585492510887
2049-05-21,23.002777777777776,0.19182893948667187,0.19202125041833007,0.19199563814413514,0.00019231093165819613,0.00016669865746327117
2049-05-28,23.022222222222222,0.1915575047995611,0.1917500686831082,0.19172495029817654,0.0001925638835471033,0.00016744549861544278
2049-06-04,23.041666666666668,0.19128646249948345,0.1914792699239026,0.19145463895580503,0.00019280742441915577,0.00016817645632158373
2049-06-11,23.06111111111111,0.19101581199238876,0.19120885359985593,0.1911847036006662,0.0001930416074671648,0.00016889160827743277
2049-06-18,23.080555555555556,0.19074555268516868,0.19093881917087466,0.19091514371710336,0.00019326648570597293,0.00016959103193467384
2049-06-25,23.1,0.19047568398565579,0.190669166097628,0.1906459587901564,0.0001934821119722041,0.00017027480450060306
2049-07-02,23.119444444444444,0.1902062053026218,0.19039989384154693,0.1903771483055617,0.00019368853892512417,0.00017094300293990505
2049-07-09,23.13888888888889,0.18993711604577732,0.1901310018648229,0.19010871174975025,0.0001938858190455861,0.0001715957039729321
2049-07-16,23.158333333333335,0.1896684156257695,0.18986248963040694,0.1898406486098474,0.00019407400463744562,0.0001722329840778969
2049-07-23,23.177777777777777,0.18940010345418193,0.18959435660200863,0.18957295837367158,0.00019425314782670067,0.00017285491948965115
2049-07-30,23.197222222222223,0.18913217894353243,0.18932660224409462,0.18930564052973337,0.00019442330056218537,0.00017346158620093477
2049-08-06,23.216666666666665,0.1888646415072728,0.1890592260218882,0.1890386945672349,0.0001945845146154035,0.0001740530599620982
2049-08-13,23.23611111111111,0.18859749055978675,0.18879222740136775,0.18877211997606855,0.00019473684158100024,0.0001746294162817963
2049-08-20,23.255555555555556,0.18833072551638924,0.18852560584926575,0.1885059162468162,0.00019488033287651252,0.00017519073042696065
2049-08-27,23.275,0.18806434579332515,0.18825936083306796,0.18824008287074856,0.00019501503974281298,0.00017573707742341016
2049-09-03,23.294444444444444,0.1877983508077678,0.18799349182101202,0.1879746193398235,0.00019514101324422106,0.00017626853205571225
2049-09-10,23.31388888888889,0.18753273997781816,0.18772799828208667,0.1877095251466862,0.000195258304268503,0.0001767851688680433
2049-09-17,23.333333333333332,0.18726751272250322,0.18746287968603056,0.18744479978466735,0.00019536696352734362,0.00017728706216413315
2049-09-24,23.352777777777778,0.18700266846177493,0.18719813550333103,0.1871804427477826,0.00019546704155609662,0.00017777428600765366
2049-10-01,23.372222222222224,0.18673820661650906,0.18693376520522342,0.18691645353073147,0.00019555858871436738,0.000178246914222413
2049-10-08,23.391666666666666,0.18647412660850402,0.18666976826368986,0.1866528316288971,0.00019564165518584642,0.00017870502039307734
2049-10-15,23.41111111111111,0.18621042786047926,0.18640614415145787,0.18638957653834415,0.00019571629097861476,0.0001791486778648932
2049-10-22,23.430555555555557,0.18594710979607432,0.1861428923419999,0.18612668775581903,0.00019578254592558797,0.00017957795974471447
2049-10-29,23.45,0.18568417183984767,0.18588001230953194,0.18586416477874831,0.00019584046968426638,0.0001799929389006416
2049-11-05,23.469444444444445,0.1854216134172752,0.1856175035290124,0.18560200710523803,0.00019589011173720694,0.0001803936879628265
2049-11-12,23.488888888888887,0.18515943395474935,0.1853553654761413,0.18534021423407293,0.00019593152139193992,0.00018078027932358354
2049-11-19,23.508333333333333,0.18489763287957736,0.18509359762735894,0.18507878566471517,0.00019596474778157957,0.00018115278513780586
2049-11-26,23.52777777777778,0.18463620961998056,0.18483219945984525,0.18481772089730406,0.00019598983986468532,0.00018151127732349281
2049-12-03,23.54722222222222,0.18437516360509273,0.18457117045151836,0.1845570194326544,0.0001960068464256226,0.00018185582756166663
2049-12-10,23.566666666666666,0.18411449426495907,0.18431051008103375,0.18429668077225594,0.0001960158160746739,0.00018218650729687202
2049-12-17,23.586111111111112,0.1838542010305348,0.18405021782778305,0.1840367044182728,0.0001960167972482607,0.0001825033877380089
2049-12-24,23.605555555555554,0.18359428333368424,0.18379029317189338,0.183777089873542,0.00019600983820913798,0.00018280653985774942
2049-12-31,23.625,0.18333474060717905,0.1835307355942258,0.1835178366415729,0.00019599498704675478,0.0001830960343938426
2050-01-07,23.644444444444446,0.1830755722846972,0.18327154457637462,0.18325894422654623,0.00019597229167742092,0.00018337194184903094
2050-01-14,23.663888888888888,0.18281677780082212,0.1830127196006663,0.18300041213331325,0.0001959417998441959,0.0001836343324911338
2050-01-21,23.683333333333334,0.1825583565910406,0.18275426015015833,0.1827422398673947,0.00019590355911772162,0.00018388327635410207
2050-01-28,23.70277777777778,0.18230030809174236,0.18249616570863825,0.18248442693498,0.0001958576168958892,0.0001841188432376295
2050-02-04,23.72222222222222,0.18204263174021834,0.18223843576062274,0.18222697284292658,0.00019580402040439426,0.00018434110270823534
2050-02-11,23.741666666666667,0.1817853269746596,0.18198106979135623,0.18196987709875842,0.00019574281669662574,0.0001845501240988201
2050-02-18,23.761111111111113,0.18152839323415573,0.18172406728681031,0.1817131392106659,0.00019567405265458193,0.00018474597651016444
2050-02-25,23.780555555555555,0.18127182995869415,0.18146742773368255,0.18145675868750433,0.0001955977749883986,0.00018492872881017974
2050-03-04,23.8,0.1810156365891585,0.18121115061939516,0.18120073503879316,0.00019551403023665426,0.0001850984496346575
2050-03-11,23.819444444444443,0.18075981256732732,0.18095523543209452,0.18094506777471547,0.00019542286476720294,0.00018525520738815748
2050-03-18,23.83888888888889,0.18050435733587292,0.1806996816606497,0.18068975640611665,0.00019532432477678552,0.00018539907024373026
2050-03-25,23.858333333333334,0.18024927033836,0.18044448879465178,0.18043480044450383,0.00019521845629177914,0.00018553010614383303
2050-04-01,23.877777777777776,0.17999455101924472,0.18018965632441244,0.18018019940204472,0.0001951053051677254,0.00018564838279999663
2050-04-08,23.897222222222222,0.17974019882387293,0.17993518374096332,0.1799259527915668,0.000194984917090385,0.0001857539676938802
2050-04-15,23.916666666666668,0.17948621319847907,0.17968107053605484,0.17967206012655668,0.00019485733757576562,0.00018584692807760428
2050-04-22,23.93611111111111,0.17923259359018537,0.17942731620215518,0.17941852092115904,0.00019472261196981644,0.00018592733097366754
2050-04-29,23.955555555555556,0.17897933944699954,0.1791739202324493,0.17916533469017573,0.00019458078544976054,0.00018599524317619576
2050-05-06,23.975,0.1787264502178147,0.17892088212083776,0.1789125009490648,0.0001944319030230679,0.00018605073125010918
2050-05-13,23.994444444444444,0.17847392535240725,0.17866820136193612,0.17866001921394,0.00019427600952887092,0.00018609386153276009
2050-05-20,24.01388888888889,0.1782217643014358,0.17841587745107343,0.17840788900156937,0.00019411314963763138,0.00018612470013357196
2050-05-27,24.033333333333335,0.17796996651644015,0.17816390988429165,0.17815610982937496,0.00019394336785150124,0.00018614331293481667
2050-06-03,24.052777777777777,0.17771853144983976,0.17791229815834428,0.17790468121543154,0.00019376670850451694,0.00018614976559178098
2050-06-10,24.072222222222223,0.17746745855493243,0.17766104177069564,0.17765360267846564,0.00019358321576321003,0.00018614412353321064
2050-06-17,24.091666666666665,0.17721674728589326,0.17741014021951979,0.17740287373785515,0.00019339293362652388,0.00018612645196189326
2050-06-24,24.11111111111111,0.1769663970977731,0.1771595930036993,0.1771524939136282,0.00019319590592620228,0.0001860968158551024
2050-07-01,24.130555555555556,0.1767164074464975,0.17690939962282465,0.17690246272646218,0.00019299217632715027,0.00018605527996468085
2050-07-08,24.15,0.17646677778886535,0.17665955957719298,0.17665277969768298,0.00019278178832762838,0.00018600190881762346
2050-07-15,24.169444444444444,0.1762175075825473,0.17641007236780706,0.17640344434926408,0.0001925647852597523,0.00018593676671677106
2050-07-22,24.18888888888889,0.1759685962860852,0.17616093749637438,0.1761544562038259,0.0001923412102891875,0.00018585991774069943
2050-07-29,24.208333333333332,0.17572004335888994,0.17591215446530623,0.17590581478463466,0.00019211110641628726,0.0001857714257447185
2050-08-05,24.227777777777778,0.17547184826124076,0.1756637227777165,0.17565751961560166,0.00019187451647573184,0.0001856713543609001
2050-08-12,24.247222222222224,0.1752240104542839,0.17541564193742093,0.17540957022128237,0.00019163148313702805,0.00018555976699846655
2050-08-19,24.266666666666666,0.17497652940003092,0.1751679114489359,0.17516196612687565,0.00019138204890498112,0.00018543672684473433
2050-08-26,24.28611111111111,0.17472940456135802,0.17492053081747755,0.1749147068582227,0.00019112625611952816,0.00018530229686467004
2050-09-02,24.305555555555557,0.17448263540200407,0.1746734995489608,0.17466779194180643,0.00019086414695673737,0.00018515653980236135
2050-09-09,24.325,0.17423622138657002,0.17442681714999841,0.17442122090475082,0.00019059576342839168,0.00018499951818079508
2050-09-16,24.344444444444445,0.17399016198051703,0.17418048312789977,0.17417499327481895,0.0001903211473827382,0.00018483129430191259
2050-09-23,24.363888888888887,0.17374445665016555,0.1739344969906702,0.17392910858041397,0.00019004034050465468,0.00018465193024841398
2050-09-30,24.383333333333333,0.1734991048626938,0.17368885824700975,0.17368356635057638,0.0001897533843159549,0.0001844614878825923
2050-10-07,24.40277777777778,0.1732541060861366,0.17344356640631237,0.17343836611498462,0.00018946032017577719,0.00018426002884802672
2050-10-14,24.42222222222222,0.17300945978938406,0.17319862097866492,0.17319350740395337,0.000189161189280862,0.00018404761456930485
2050-10-21,24.441666666666666,0.17276516544218043,0.17295402147484593,0.17294898974843287,0.00018885603266549644,0.00018382430625243917
2050-10-28,24.461111111111112,0.17252122251512236,0.17270976740632502,0.17270481268000845,0.00018854489120265217,0.00018359016488608826
2050-11-04,24.480555555555554,0.1722776304796583,0.1724658582852618,0.17246097573089927,0.0001882278056035136,0.0001833452512409739
2050-11-11,24.5,0.1720343888080864,0.17222229362450456,0.1722174784339576,0.00018790481641814405,0.0001830896258711856
2050-11-18,24.519444444444446,0.17179149697355398,0.1719790729375898,0.17197432032266793,0.00018757596403581878,0.0001828233491139586
2050-11-25,24.538888888888888,0.1715489544500557,0.17173619573874094,0.17173150093114645,0.00018724128868524703,0.00018254648109075622
2050-12-02,24.558333333333334,0.1713067607124325,0.1714936615428675,0.1714890197941395,0.0001869008304349884,0.00018225908170699245
2050-12-09,24.57777777777778,0.1710649152363703,0.17125146986556394,0.17124687644702355,0.00018655462919364707,0.0001819612106532531
2050-12-16,24.59722222222222,0.17082341749839877,0.17100962022310898,0.17100507042580393,0.00018620272471020494,0.00018165292740515704
2050-12-23,24.616666666666667,0.17058226697588966,0.1707681121324643,0.1707636012671138,0.0001858451565746322,0.00018133429122413336
2050-12-30,24.636111111111113,0.17034146314705598,0.17052694511127395,0.1705224685082138,0.00018548196421797059,0.00018100536115780996
2051-01-06,24.655555555555555,0.17010100549095072,0.17028611867786303,0.17028167168699096,0.00018511318691230572,0.0001806661960402356
2051-01-13,24.675,0.16986089348746497,0.17004563235123693,0.17004121034195765,0.00018473886377196047,0.00018031685449268475
2051-01-20,24.694444444444443,0.16962112661732712,0.1698054856510804,0.1698010840122513,0.000184359033753273,0.00017995739492418505
2051-01-27,24.71388888888889,0.16938170436210154,0.1695656780977563,0.169561292237633,0.00018397373565476327,0.00017958787553146172
2051-02-03,24.733333333333334,0.16914262620418727,0.16932620921230515,0.16932183455848693,0.00018358300811788242,0.0001792083542996592
2051-02-10,24.752777777777776,0.16890389162681652,0.16908707851644367,0.16908271051581972,0.00018318688962715157,0.00017881888900320164
2051-02-17,24.772222222222222,0.16866550011405348,0.1688482855325641,0.16884391965125903,0.00018278541851060592,0.00017841953720554304
2051-02-24,24.791666666666668,0.16842745115079308,0.16860982978373315,0.1686054615070535,0.00018237863294007228,0.00017801035626041628
2051-03-03,24.81111111111111,0.1681897442227599,0.16837171079369123,0.16836733562607117,0.00018196657093133561,0.00017759140331127798
2051-03-10,24.830555555555556,0.16795237881650635,0.16813392808685107,0.16812954155179932,0.0001815492703447219,0.00017716273529297388
2051-03-17,24.85,0.1677153544194118,0.16789648118829725,0.1678920788283431,0.00018112676888545898,0.0001767244089312947
2051-03-24,24.869444444444444,0.16747867051968132,0.16765936962378508,0.16765494700042502,0.00018069910410375978,0.00017627648074369784
2051-03-31,24.88888888888889,0.16724232660634386,0.1674225929197394,0.1674181456133841,0.000180266313395544,0.000175819007040251
2051-04-07,24.908333333333335,0.1670063221692518,0.1671861506032541,0.1671816742131748,0.0001798284340022993,0.00017535204392302162
2051-04-14,24.927777777777777,0.16677065669907884,0.16695004220209084,0.16694553234636667,0.0001793855030119973,0.00017487564728782545
2051-04-21,24.947222222222223,0.16653532968731907,0.1667142672446781,0.16670971956014308,0.00017893755735903794,0.00017438987282400453
2051-04-28,24.966666666666665,0.16630034062628588,0.1664788252601105,0.16647423540230044,0.0001784846338246382,0.00017389477601456593
2051-05-05,24.98611111111111,0.16606568900911042,0.16624371577814756,0.16623907942124774,0.00017802676903713732,0.00017339041213731976
2051-05-12,25.005555555555556,0.16583137432973996,0.16600893832921296,0.1660042511660055,0.00017756399947299606,0.00017287683626554529
2051-05-19,25.025,0.16559739608293766,0.1657744924443936,0.1657697501862048,0.0001770963614559362,0.00017235410326713052
2051-05-26,25.044444444444444,0.16536375376427986,0.16554037765543847,0.16553557603208674,0.000176623891158606,0.00017182226780687593
2051-06-02,25.06388888888889,0.16513044687015613,0.1653065934947579,0.16530172825450157,0.0001761466246017751,0.0001712813843454397
2051-06-09,25.083333333333332,0.16489747489776702,0.16507313949542268,0.16506820640490766,0.000175664597655667,0.00017073150714064234
2051-06-16,25.102777777777778,0.1646648373451232,0.16484001519116276,0.16483501003537093,0.00017517784603957032,0.00017017269024774406
2051-06-23,25.122222222222224,0.16443253371104427,0.16460722011636691,0.16460213869856397,0.0001746864053226438,0.00016960498751969477
2051-06-30,25.141666666666666,0.16420056349515708,0.16437475380608121,0.16436959194776526,0.00017419031092413828,0.00016902845260818866
2051-07-07,25.16111111111111,0.1639689261978946,0.16414261579600845,0.1641373693368582,0.00017368959811384088,0.00016844313896360874
2051-07-14,25.180555555555557,0.1637376213204951,0.1639108056225071,0.16390547042033055,0.00017318430201199164,0.00016784909983544316
2051-07-21,25.2,0.16350664836500015,0.16367932282259057,0.16367389475327349,0.00017267445759042155,0.00016724638827333993
2051-07-28,25.219444444444445,0.16327600683425353,0.1634481669339258,0.1634426418913807,0.00017216009967227497,0.00016663505712716242
2051-08-04,25.238888888888887,0.1630456962319004,0.16321733749483297,0.16321171139094776,0.00017164126293256476,0.0001660151590473502
2051-08-11,25.258333333333333,0.16281571606238535,0.16298683404428413,0.16298110280887138,0.0001711179818987829,0.00016538674648602925
2051-08-18,25.27777777777778,0.16258606583095156,0.16275665612190232,0.16275081570264818,0.00017059029095076172,0.00016474987169662336
2051-08-25,25.29722222222222,0.16235674504363937,0.16252680326796098,0.1625208496303746,0.00017005822432161755,0.00016410458673524198
2051-09-01,25.316666666666666,0.16212775320728495,0.1622972750233826,0.1622912041507455,0.00016952181609763972,0.00016345094346054134
2051-09-08,25.336111111111112,0.16189908982951934,0.16206807092973813,0.16206187882305334,0.0001689811002187902,0.0001627889935340021
2051-09-15,25.355555555555554,0.1616707544187665,0.16183919052924584,0.16183287320718792,0.00016843611047934193,0.00016211878842142813
2051-09-22,25.375,0.16144274648424276,0.1616106333647705,0.16160418686363523,0.00016788688052774003,0.00016144037939247458
2051-09-29,25.394444444444446,0.16121506553595502,0.16138239897982257,0.16137581935347642,0.00016733344386754556,0.0001607538175213974
2051-10-06,25.413888888888888,0.16098771108469975,0.1611544869185572,0.1611477702383877,0.00016677583385743544,0.00016005915368794144
2051-10-13,25.433333333333334,0.16076068264206148,0.160926896725773,0.16092003908063868,0.00016621408371153557,0.00015935643857720172
2051-10-20,25.45277777777778,0.1605339797204119,0.1606996279469119,0.16069262544309226,0.00016564822650000366,0.0001586457226803728
2051-10-27,25.47222222222222,0.16030760183290815,0.16047268012805743,0.16046552888920368,0.00016507829514927908,0.00015792705629552595
2051-11-03,25.491666666666667,0.16008154849349163,0.16024605281593435,0.16023874898301943,0.00016450432244272117,0.0001572004895278034
2051-11-10,25.511111111111113,0.15985581921688713,0.1600197455579074,0.16001228528917666,0.00016392634102027626,0.00015646607228952947
2051-11-17,25.530555555555555,0.15963041351860102,0.15979375790198075,0.1597861373729027,0.00016334438337972657,0.00015572385430168145
2051-11-24,25.55,0.15940533091492023,0.15956808939679668,0.15956030480001368,0.00016275848187644049,0.00015497388509344567
2051-12-01,25.569444444444443,0.159180570922911,0.15934273959163514,0.1593347871369143,0.0001621686687241497,0.00015421621400329988
2051-12-08,25.58888888888889,0.1589561330604173,0.15911770803641234,0.15910958395059654,0.00016157497599503245,0.0001534508901792353
2051-12-15,25.608333333333334,0.1587320168460602,0.15889299428168033,0.1588846948086392,0.0001609774356201299,0.00015267796257900645
2051-12-22,25.627777777777776,0.15850822179923596,0.15866859787862586,0.15866011927920723,0.00016037607938990117,0.00015189747997126912
2051-12-29,25.647222222222222,0.15828474744011503,0.15844451837906945,0.15843585693105053,0.00015977093895441774,0.00015110949093549708
2052-01-05,25.666666666666668,0.1580615932896407,0.15822075533546454,0.15821190733350346,0.0001591620458238352,0.00015031404386275926
2052-01-12,25.68611111111111,0.1578387588695279,0.15799730830089673,0.1579882700564842,0.00015854943136883737,0.0001495111869563026
2052-01-19,25.705555555555556,0.15761624370226196,0.15777417682908265,0.15776494467049332,0.00015793312682069183,0.0001487009682313578
2052-01-26,25.725,0.1573940473110972,0.15755136047436935,0.15754193074661393,0.00015731316327213807,0.00014788343551672134
2052-02-02,25.744444444444444,0.15717216922005584,0.15732885879173308,0.15731922785651029,0.00015668957167724873,0.00014705863645445016
2052-02-09,25.76388888888889,0.15695060895392646,0.15710667133677866,0.15709683557242693,0.00015606238285220675,0.00014622661850047236
2052-02-16,25.783333333333335,0.15672936603826312,0.1568847976657385,0.15687475346718838,0.00015543162747538863,0.00014538742892525325
2052-02-23,25.802777777777777,0.15650843999938382,0.1566632373354718,0.1566529811141981,0.00015479733608797508,0.00014454111481426724
2052-03-01,25.822222222222223,0.15628783036436925,0.15644198990346336,0.15643151808743758,0.0001541595390941175,0.00014368772306833089
2052-03-08,25.841666666666665,0.15606753666106152,0.15622105492782315,0.15621036396146604,0.00015351826676163194,0.00014282730040451885
2052-03-15,25.86111111111111,0.1558475584180631,0.15600043196728508,0.15598951831141897,0.00015287354922197127,0.00014195989335585857
2052-03-22,25.880555555555556,0.1556278951647353,0.1557801205812063,0.15576898071300793,0.0001522254164710024,0.00014108554827263475
2052-03-29,25.9,0.15540854643119728,0.15556012032956623,0.15554875074251964,0.00015157389836895074,0.00014020431132236166
2052-04-05,25.919444444444444,0.1551895117483244,0.15534043077296567,0.1553288279768151,0.0001509190246412606,0.00013931622849069902
2052-04-12,25.93888888888889,0.15497079064774738,0.15512105147262598,0.15510921199332883,0.00015026082487859527,0.00013842134558145203
2052-04-19,25.958333333333332,0.15475238266185085,0.15490198199038832,0.15488990237006828,0.00014959932853747526,0.00013751970821743176
2052-04-26,25.977777777777778,0.15453428732377186,0.15468322188871236,0.1546708986856128,0.0001489345649405005,0.00013661136184092704
2052-05-03,25.997222222222224,0.15431650416739928,0.15446477073067594,0.1544522005191131,0.00014826656327665555,0.00013569635171381544
2052-05-10,26.016666666666666,0.15409903272737172,0.15424662807997386,0.1542338074502905,0.0001475953526021423,0.00013477472291878456
2052-05-17,26.03611111111111,0.15388187253907687,0.15402879350091703,0.15401571905943592,0.0001469209618401579,0.00013384652035905442
2052-05-24,26.055555555555557,0.15366502313865016,0.15381126655843172,0.15379793492740926,0.00014624341978156097,0.00013291178875909915
2052-05-31,26.075,0.15344848406297326,0.15359404681805866,0.15358045463563882,0.00014556275508539884,0.0001319705726655629
2052-06-07,26.094444444444445,0.1532322548496731,0.15337713384595206,0.1533632777661203,0.00014487899627896317,0.00013102291644720432
2052-06-14,26.113888888888887,0.15301633503712034,0.1531605272088789,0.15314640390141607,0.00014419217175856702,0.00013006886429572928
2052-06-21,26.133333333333333,0.15280072416442836,0.152944226474218,0.15292983262465454,0.0001435023097896282,0.0001291084602261794
2052-06-28,26.15277777777778,0.15258542177145207,0.15272823120995904,0.15271356351952917,0.00014280943850697447,0.00012814174807709855
2052-07-05,26.17222222222222,0.15237042739878637,0.15251254098470202,0.15249759617029812,0.0001421135859156486,0.0001271687715117542
2052-07-12,26.191666666666666,0.15215574058776515,0.15229715536765584,0.1522819301617831,0.00014141477989068618,0.00012618957401794306
2052-07-19,26.211111111111112,0.15194136088045992,0.15208207392863815,0.15206656507936872,0.00014071304817822594,0.00012520419890879597
2052-07-26,26.230555555555554,0.15172728781967876,0.15186729623807393,0.15185150050900195,0.00014000841839517664,0.0001242126893231943
2052-08-02,26.25,0.1515135209489646,0.15165282186699486,0.15163673603719097,0.00013930091803027178,0.0001232150882263805
2052-08-09,26.269444444444446,0.15130005981259464,0.15143865038703844,0.15142227125100494,0.00013859057444379208,0.00012221143841029125
2052-08-16,26.288888888888888,0.15108690395557875,0.1512247813704471,0.1512081057380727,0.0001378774148683426,0.00012120178249394598
2052-08-23,26.308333333333334,0.15087405292365802,0.15101121439006737,0.15099423908658244,0.00013716146640935234,0.0001201861629244183
2052-08-30,26.32777777777778,0.15066150626330407,0.15079794901934906,0.1507806708852807,0.000136442756044991,0.00011916462197661404
2052-09-06,26.34722222222222,0.15044926352171742,0.15058498483234445,0.1505674007234719,0.0001357213106270294,0.00011813720175449238
2052-09-13,26.366666666666667,0.1502373242468263,0.1503723214037071,0.1503544281910172,0.0001349971568808117,0.00011710394419089942
2052-09-20,26.386111111111113,0.15002568798728536,0.15015995830869153,0.15014175287833414,0.00013427032140617134,0.00011606489104878936
2052-09-27,26.405555555555555,0.1498143542924749,0.14994789512315207,0.14992937437639564,0.00013354083067718125,0.00011502008392075269
2052-10-04,26.425,0.14960332271249893,0.1497361314235419,0.14971729227672936,0.00013280871104295877,0.0001139695642304317
2052-10-11,26.444444444444443,0.14939259279818462,0.14952466678691248,0.1495055061714171,0.00013207398872785991,0.00011291337323249273
2052-10-18,26.46388888888889,0.1491821641010804,0.14931350079091252,0.14929401565309364,0.00013133668983211777,0.00011185155201323682
2052-10-25,26.483333333333334,0.14897203617345536,0.14910263301378726,0.1490828203149465,0.000130596840331898,0.00011078414149112703
2052-11-01,26.502777777777776,0.14876220856829778,0.14889206303437752,0.14887191975071484,0.00012985446607974294,0.00010971118241706601
2052-11-08,26.522222222222222,0.14855268083931367,0.1486817904321189,0.14866131355468887,0.0001291095928052377,0.00010863271537520092
2052-11-15,26.541666666666668,0.14834345254092582,0.14847181478704088,0.14845100132170927,0.00012836224611506575,0.00010754878078345076
2052-11-22,26.56111111111111,0.1481345232282728,0.14826213567976626,0.148240982647166,0.0001276124514934529,0.0001064594188932011
2052-11-29,26.580555555555556,0.14792589245720691,0.14805275269150978,0.14803125712699816,0.0001268602343028613,0.00010536466979124692
2052-12-06,26.6,0.14771755978429418,0.14784366540407784,0.1478218243576926,0.0001261056197836563,0.00010426457339840489
2052-12-13,26.619444444444444,0.1475095247668119,0.14763487339986744,0.14761268393628388,0.00012534863305554977,0.00010315916947198356
2052-12-20,26.63888888888889,0.14730178696274832,0.1474263762618652,0.14740383546035296,0.00012458929911687844,0.0001020484976046454
2052-12-27,26.658333333333335,0.14709434593080106,0.14721817357364678,0.1471952785280268,0.00012382764284571413,0.00010093259722573911
2053-01-03,26.677777777777777,0.14688720123037588,0.1470102649193759,0.1469870127379775,0.00012306368900003029,9.98115076016326e-05
2053-01-10,26.697222222222223,0.14668035242158559,0.14680264988380348,0.14677903768942166,0.00012229746221789628,9.86852678360739e-05
2053-01-17,26.716666666666665,0.14647379906524874,0.14659532805226702,0.1465713529821196,0.0001215289870182823,9.755391687085724e-05
2053-01-24,26.73611111111111,0.1462675407228884,0.1463882990106895,0.1463639582163745,0.00012075828780111486,9.641749348610062e-05
2053-01-31,26.755555555555556,0.1460615769567312,0.1461815623455787,0.14615685299303185,0.00011998538884749888,9.527603630066217e-05
2053-02-07,26.775,0.14585590732970588,0.1459751176440264,0.1459500369134789,0.00011921031432052254,9.412958377302827e-05
2053-02-14,26.794444444444444,0.14565053140544185,0.14576896449370746,0.14574350957964344,0.00011843308826561816,9.297817420159116e-05
2053-02-21,26.81388888888889,0.1454454487482687,0.14556310248287913,0.14553727059399352,0.00011765373461042339,9.182184572481544e-05
2053-02-28,26.833333333333332,0.14524065892321447,0.14535753120038003,0.14533131955953651,0.00011687227716555837,9.066063632204302e-05
2053-03-07,26.852777777777778,0.14503616149600437,0.14515225023562947,0.14512565607981842,0.00011608873962509758,8.949458381404818e-05
2053-03-14,26.872222222222224,0.14483195603305976,0.14494725917862666,0.14492027975892313,0.00011530314556690291,8.832372586337067e-05
2053-03-21,26.891666666666666,0.14462804210149738,0.14474255761994984,0.14471519020147203,0.00011451551845245711,8.714809997464878e-05
2053-03-28,26.91111111111111,0.14442441926912708,0.14453814515075536,0.14451038701262253,0.00011372588162827935,8.5967743495452e-05
2053-04-04,26.930555555555557,0.14422108710445197,0.144334021362777,0.14430586979806828,0.00011293425832503701,8.478269361630875e-05
2053-04-11,26.95,0.1440180451766661,0.14413018584832524,0.14410163816403768,0.00011214067165912778,8.359298737156684e-05
2053-04-18,26.969444444444445,0.14381529305565374,0.14392663820028603,0.1438976917172936,0.00011134514463229106,8.239866163986531e-05
2053-04-25,26.988888888888887,0.14361283031198846,0.14372337801212057,0.14369403006513268,0.00011054770013210757,8.119975314421768e-05
2053-05-02,27.008333333333333,0.14341065651693127,0.14352040487786402,0.14349065281538423,0.00010974836093274876,7.999629845295564e-05
2053-05-09,27.02777777777778,0.14320877124243,0.1433177183921249,0.1432875595764098,0.0001089471496948935,7.878833397978457e-05
2053-05-16,27.04722222222222,0.143007174061118,0.14311531815008433,0.14308474995710263,0.00010814408896633876,7.757589598464398e-05
2053-05-23,27.066666666666666,0.14280586454631267,0.14291320374749494,0.14288222356688662,0.00010733920118227713,7.635902057395727e-05
2053-05-30,27.086111111111112,0.14260484227201467,0.14271137478068044,0.1426799800157158,0.00010653250866576869,7.513774370113135e-05
2053-06-06,27.105555555555554,0.14240410681290652,0.1425098308465346,0.14247801891407352,0.00010572403362807403,7.391210116700075e-05
2053-06-13,27.125,0.14220365774435131,0.1423085715425204,0.14227633987297172,0.0001049137981690984,7.268212862041046e-05
2053-06-20,27.144444444444446,0.1420034946423919,0.14210759646666932,0.14207494250395045,0.00010410182427741943,7.144786155854899e-05
2053-06-27,27.163888888888888,0.14180361708374942,0.1419069052175806,0.141873826419077,0.0001032881338311753,7.020933532758677e-05
2053-07-04,27.183333333333334,0.14160402464582209,0.14170649739442026,0.14167299123094498,0.00010247274859817579,6.896658512289822e-05
2053-07-11,27.20277777777778,0.14140471690668419,0.14150637259692048,0.14147243655267422,0.00010165569023629084,6.77196459900331e-05
2053-07-18,27.22222222222222,0.14120569344508513,0.14130653042537863,0.14127216199790932,0.00010083698029350607,6.646855282418929e-05
2053-07-25,27.241666666666667,0.1410069538404476,0.14110697048065662,0.14107216718081952,0.000100016640209033,6.521334037193349e-05
2053-08-01,27.261111111111113,0.140808497672867,0.14090769236418005,0.14087245171609777,9.919469131305925e-05,6.395404323078502e-05
2053-08-08,27.280555555555555,0.1406103245231101,0.14070869567793737,0.1406730152189601,9.837115482727588e-05,6.269069585002063e-05
2053-08-15,27.3,0.1404124339726138,0.14050998002447918,0.1404738573051446,9.754605186537701e-05,6.142333253081333e-05
2053-08-22,27.319444444444443,0.14021482560348397,0.14031154500691725,0.1402749775909114,9.671940343328189e-05,6.015198742742589e-05
2053-08-29,27.33888888888889,0.1400174989984944,0.14011339022892402,0.14007637569304127,9.589123042963443e-05,5.887669454687772e-05
2053-09-05,27.358333333333334,0.1398204537410856,0.13991551529473145,0.13987805122883537,9.506155364585878e-05,5.7597487749777576e-05
2053-09-12,27.377777777777776,0.13962368941536354,0.1397179198091307,0.13968000381611445,9.423039376715847e-05,5.6314400750906435e-05
2053-09-19,27.397222222222222,0.13942720560609864,0.13952060337747074,0.13948223307321786,9.339777137210015e-05,5.5027467119217466e-05
2053-09-26,27.416666666666668,0.13923100189872453,0.13932356560565815,0.13928473861900337,9.256370693361271e-05,5.373672027883525e-05
2053-10-03,27.43611111111111,0.1390350778793369,0.1391268061001559,0.1390875200728462,9.17282208190151e-05,5.244219350930557e-05
2053-10-10,27.455555555555556,0.1388394331346924,0.1389303244679828,0.1388905770546381,9.089133329040489e-05,5.1143919945678684e-05
2053-10-17,27.475,0.13864406725220738,0.13873412031671264,0.13869390918478722,9.005306450526884e-05,4.98419325798416e-05
2053-10-24,27.494444444444444,0.1384489798199569,0.13853819325447347,0.13849751608421693,8.921343451656627e-05,4.853626426001845e-05
2053-10-31,27.51388888888889,0.13825417042667337,0.13834254288994666,0.13830139737436528,8.837246327328407e-05,4.7226947691908494e-05
2053-11-07,27.533333333333335,0.13805963866174564,0.1381471688323662,0.13810555267718438,8.75301706205478e-05,4.591401543874163e-05
2053-11-14,27.552777777777777,0.13786538411521776,0.13795207069151816,0.13790998161513984,8.668657630039878e-05,4.4597499922083284e-05
2053-11-21,27.572222222222223,0.13767140637778777,0.1377572480777393,0.13771468381120952,8.584169995154434e-05,4.3277433421751166e-05
2053-11-28,27.591666666666665,0.13747770504080659,0.13756270060191714,0.13751965888888368,8.499556111055129e-05,4.1953848077092015e-05
2053-12-05,27.61111111111111,0.13728427969627688,0.1373684278754884,0.13732490647216347,8.414817921151285e-05,4.0626775886593025e-05
2053-12-12,27.630555555555556,0.13709112993685213,0.1371744295104386,0.13713042618556082,8.3299573586465e-05,3.9296248708686754e-05
2053-12-19,27.65,0.13689825535583516,0.13698070511930138,0.1369362176540977,8.244976346621913e-05,3.796229826252828e-05
2053-12-26,27.669444444444444,0.13670565554717706,0.13678725431515734,0.13674228050330492,8.159876798027876e-05,3.6624956127856434e-05
2054-01-02,27.68888888888889,0.1365133301054763,0.1365940767116338,0.1365486143592222,8.074660615747797e-05,3.5284253745881955e-05
2054-01-09,27.708333333333332,0.13632127862597743,0.13640117192290346,0.136355218848397,7.989329692603686e-05,3.394022241956507e-05
2054-01-16,27.727777777777778,0.1361295007045699,0.13620853956368406,0.13616209359788387,7.903885911417219e-05,3.25928933139763e-05
2054-01-23,27.747222222222224,0.13593799593778713,0.13601617924923734,0.13596923823524393,7.81833114502084e-05,3.1242297456796075e-05
2054-01-30,27.766666666666666,0.13574676392280507,0.13582409059536865,0.13577665238854422,7.732667256357684e-05,2.9888465739147385e-05
2054-02-06,27.78611111111111,0.1355558042574414,0.13563227321842553,0.13558433568635675,7.646896098412181e-05,2.853142891534599e-05
2054-02-13,27.805555555555557,0.13536511654015415,0.13544072673529764,0.1353922877577582,7.561019514348843e-05,2.71712176040384e-05
2054-02-20,27.825,0.13517470037004084,0.13524945076341555,0.13520050823232885,7.475039337470624e-05,2.5807862288007577e-05
2054-02-27,27.844444444444445,0.13498455534683715,0.13505844492075011,0.13500899674015218,7.388957391296636e-05,2.4441393315033366e-05
2054-03-06,27.863888888888887,0.13479468107091586,0.13486770882581178,0.13481775291181433,7.302775489592683e-05,2.307184089847536e-05
2054-03-13,27.883333333333333,0.1346050771432857,0.13467724209764964,0.13462677637840284,7.216495436393466e-05,2.169923511713412e-05
2054-03-20,27.90277777777778,0.13441574316559035,0.13448704435585093,0.13443606677150666,7.13011902605809e-05,2.0323605916305887e-05
2054-03-27,27.92222222222222,0.13422667874010732,0.13429711522054003,0.13424562372321502,7.043648043270068e-05,1.894498310769932e-05
2054-04-03,27.941666666666666,0.13403788346974665,0.13410745431237778,0.13405544686611703,6.957084263112256e-05,1.756339637037918e-05
2054-04-10,27.961111111111112,0.13384935695804995,0.13391806125256075,0.13386553583330082,6.87042945108074e-05,1.6178875250877356e-05
2054-04-17,27.980555555555554,0.1336610988091895,0.1337289356628206,0.13367589025835308,6.783685363109804e-05,1.4791449163581438e-05
2054-04-24,28.0,0.13347310862796644,0.13354007716542302,0.133486509775358,6.696853745657982e-05,1.3401147391567392e-05
2054-05-01,28.019444444444446,0.13328538601981071,0.13335148538316724,0.13329739401889712,6.609936335652544e-05,1.2007999086405263e-05
2054-05-08,28.038888888888888,0.13309793059077893,0.1331631599393852,0.13310854262404836,6.522934860628271e-05,1.0612033269435939e-05
2054-05-15,28.058333333333334,0.132910741947554,0.13297510045794073,0.13291995522638533,6.435851038671947e-05,9.213278831327054e-06
2054-05-22,28.07777777777778,0.13272381969744365,0.13278730656322896,0.13273163146197686,6.348686578530605e-05,7.811764533210974e-06
2054-05-29,28.09722222222222,0.13253716344837965,0.1325997778801754,0.1325435709673861,6.261443179575443e-05,6.407519006434992e-06
2054-06-05,28.116666666666667,0.1323507728089162,0.13241251403423526,0.13235577337967003,6.1741225319073e-05,5.000570753838085e-06
2054-06-12,28.136111111111113,0.1321646473882292,0.13222551465139265,0.1321682383363788,6.0867263163455476e-05,3.5909481496121387e-06
2054-06-19,28.155555555555555,0.13197878679611544,0.13203877935816002,0.13198096547555513,5.999256204458625e-05,2.178679439690523e-06
2054-06-26,28.175,0.13179319064299086,0.13185230778157717,0.13179395443573325,5.911713858630652e-05,7.63792742386471e-07
2054-07-03,28.194444444444443,0.13160785853988985,0.13166609954921063,0.13160720485593871,5.82410093207808e-05,-6.536839511350756e-07
2054-07-10,28.21388888888889,0.13142279009846405,0.13148015428915294,0.13142071637568747,5.736419068888554e-05,-2.0737227765799116e-06
2054-07-17,28.233333333333334,0.13123798493098152,0.13129447163002178,0.13123448863498557,5.64866990402646e-05,-3.4962959959417006e-06
2054-07-24,28.252777777777776,0.13105344265032523,0.13110905120095942,0.13104852127432798,5.560855063418968e-05,-4.921375997252175e-06
2054-07-31,28.272222222222222,0.13086916286999217,0.1309238926316317,0.13086281393469815,5.472976163953258e-05,-6.348935294026026e-06
2054-08-07,28.291666666666668,0.13068514520409252,0.1307389955522278,0.13067736625756757,5.385034813526479e-05,-7.778946524955588e-06
2054-08-14,28.31111111111111,0.13050138926734822,0.1305543595934588,0.13049217788489487,5.297032611056851e-05,-9.211382453355732e-06
2054-08-21,28.330555555555556,0.13031789467509194,0.1303699843865575,0.13030724845912528,5.20897114655583e-05,-1.0646215966664263e-05
2054-08-28,28.35,0.13013466104326615,0.13018586956327738,0.1301225776231899,5.1208520011225556e-05,-1.208342007624763e-05
2054-09-04,28.369444444444444,0.12995168798842208,0.13000201475589215,0.129938165020505,5.0326767470076916e-05,-1.3522967917067863e-05
2054-09-11,28.38888888888889,0.1297689751277184,0.12981841959719473,0.12975401029497172,4.944446947632852e-05,-1.4964832746683365e-05
2054-09-18,28.408333333333335,0.12958652207892052,0.12963508372049656,0.12957011309097485,4.856164157604481e-05,-1.6408987945665254e-05
2054-09-25,28.427777777777777,0.12940432846039907,0.12945200675962706,0.1293864730533828,4.767829922799893e-05,-1.785540701626509e-05
2054-10-02,28.447222222222223,0.1292223938911292,0.12926918834893267,0.12920308982754647,4.679445780347846e-05,-1.9304063582720188e-05
2054-10-09,28.466666666666665,0.12904071799068925,0.1290866281232764,0.1290199630592987,4.5910132587145824e-05,-2.0754931390559728e-05
2054-10-16,28.48611111111111,0.1288593003792602,0.12890432571803662,0.1288370923949539,4.502533877642767e-05,-2.2207984306299444e-05
2054-10-23,28.505555555555556,0.12867814067762368,0.12872228076910694,0.1286544774813071,4.414009148326348e-05,-2.3663196316581203e-05
2054-10-30,28.525,0.128497238507162,0.12854049291289504,0.12847211796563357,4.325440573305084e-05,-2.5120541528422802e-05
2054-11-06,28.544444444444444,0.12831659348985608,0.12835896178632206,0.12829001349568775,4.236829646597773e-05,-2.657999416832979e-05
2054-11-13,28.56388888888889,0.1281362052482854,0.12817768702682197,0.12810816371970307,4.148177853657842e-05,-2.8041528582323227e-05
2054-11-20,28.583333333333332,0.12795607340562595,0.12799666827234077,0.12792656828639118,4.0594866714815936e-05,-2.9505119234773947e-05
2054-11-27,28.602777777777778,0.12777619758564995,0.12781590516133567,0.12774522684494105,3.970757568572125e-05,-3.0970740708902156e-05
2054-12-04,28.622222222222224,0.12759657741272437,0.1276353973327746,0.1275641390450188,3.881992005022594e-05,-3.243836770558395e-05
2054-12-11,28.641666666666666,0.12741721251181004,0.12745514442613526,0.12738330453676658,3.79319143252177e-05,-3.3907975043462324e-05
2054-12-18,28.66111111111111,0.12723810250846046,0.12727514608140444,0.1272027229708021,3.7043572943984415e-05,-3.5379537658364324e-05
2054-12-25,28.680555555555557,0.12705924702882115,0.12709540193907765,0.12702239399821832,3.615491025649176e-05,-3.6853030602829184e-05
2055-01-01,28.7,0.12688064569962818,0.12691591164015778,0.12684231727058226,3.526594052960519e-05,-3.832842904591405e-05
2055-01-08,28.719444444444445,0.1267022981482072,0.12673667482615486,0.1266624924399349,3.437667794767285e-05,-3.980570827227803e-05
2055-01-15,28.738888888888887,0.12652420400247255,0.12655769113908522,0.12648291915878995,3.3487136612664337e-05,-4.128484368259855e-05
2055-01-22,28.758333333333333,0.12634636289092613,0.1263789602214706,0.1263035970801339,3.2597330544476e-05,-4.276581079223907e-05
2055-01-29,28.77777777777778,0.12616877444265642,0.12620048171633783,0.12612452585742467,3.17072736814028e-05,-4.424858523174868e-05
2055-02-05,28.79722222222222,0.1259914382873375,0.12602225526721772,0.12594570514459186,3.0816979880221584e-05,-4.573314274564089e-05
2055-02-12,28.816666666666666,0.12581435405522765,0.12584428051814447,0.12576713459603497,2.9926462916829433e-05,-4.721945919267112e-05
2055-02-19,28.836111111111112,0.1256375213771689,0.12566655711365507,0.12558881386662396,2.9035736486160424e-05,-4.8707510544948596e-05
2055-02-26,28.855555555555554,0.12546093988458568,0.12548908469878858,0.12541074261169782,2.8144814202907265e-05,-5.019727288785303e-05
2055-03-05,28.875,0.12528460920948353,0.1253118629190851,0.12523292048706416,2.7253709601576803e-05,-5.1688722419368505e-05
2055-03-12,28.894444444444446,0.1251085289844486,0.12513489142058562,0.12505534714899866,2.6362436137017387e-05,-5.31818354499447e-05
2055-03-19,28.913888888888888,0.12493269884264635,0.12495816984983084,0.12487802225424449,2.5471007184488248e-05,-5.467658840185852e-05
2055-03-26,28.933333333333334,0.1247571184178205,0.12478169785386056,0.1247009454600114,2.4579436040061964e-05,-5.617295780910303e-05
2055-04-02,28.95277777777778,0.12458178734429216,0.1246054750802133,0.12452411642397547,2.368773592113793e-05,-5.767092031669363e-05
2055-04-09,28.97222222222222,0.12440670525695875,0.12442950117692513,0.12434753480427814,2.279591996637298e-05,-5.9170452680612495e-05
2055-04-16,28.991666666666667,0.12423187179129278,0.12425377579252922,0.12417120025952588,2.1904001236444648e-05,-6.067153176689266e-05
2055-04-23,29.011111111111113,0.12405728658334116,0.12407829857605515,0.12399511244878927,2.1011992713995675e-05,-6.21741345518817e-05
2055-04-30,29.030555555555555,0.12388294926972404,0.1239030691770281,0.1238192710316028,2.011990730406421e-05,-6.367823812124251e-05
2055-05-07,29.05,0.12370885948763378,0.12372808724546822,0.12364367566796365,1.922775783443076e-05,-6.518381967013376e-05
2055-05-14,29.069444444444443,0.12353501687483394,0.12355335243189002,0.12346832601833178,1.8335557056076146e-05,-6.669085650215512e-05
2055-05-21,29.08888888888889,0.12336142106965828,0.12337886438730142,0.1232932217436286,1.744331764313989e-05,-6.819932602968037e-05
2055-05-28,29.108333333333334,0.12318807171100978,0.12320462276320328,0.12311836250523692,1.6551052193503057e-05,-6.970920577285822e-05
2055-06-04,29.127777777777776,0.1230149684383598,0.12303062721158861,0.12294374796500003,1.5658773228816036e-05,-7.122047335976489e-05
2055-06-11,29.147222222222222,0.12284211089174649,0.12285687738494187,0.12276937778522107,1.4766493195386698e-05,-7.273310652541887e-05
2055-06-18,29.166666666666668,0.12266949871177461,0.1226833729362384,0.12259525162866261,1.3874224463791829e-05,-7.42470831120029e-05
2055-06-25,29.18611111111111,0.122497131539614,0.12251011351894353,0.1224213691585461,1.298197932952938e-05,-7.576238106790645e-05
2055-07-02,29.205555555555556,0.12232500901699858,0.12233709878701197,0.12224773003855063,1.2089770013393175e-05,-7.727897844794773e-05
2055-07-09,29.225,0.12215313078622562,0.12216432839488715,0.1220743339328131,1.1197608661528413e-05,-7.879685341252718e-05
2055-07-16,29.244444444444444,0.12198149649015456,0.12199180199750068,0.12190118050592724,1.0305507346111686e-05,-8.031598422732211e-05
2055-07-23,29.26388888888889,0.1218101057722061,0.1218195192502711,0.12172826942294292,9.413478064990155e-06,-8.183634926318961e-05
2055-07-30,29.283333333333335,0.121638958276361,0.12164747980910401,0.12155560034936573,8.521532743013815e-06,-8.335792699526445e-05
2055-08-06,29.302777777777777,0.1214680536471596,0.12147568333039072,0.12138317295115637,7.629683231119566e-06,-8.488069600322279e-05
2055-08-13,29.322222222222223,0.1212973915297002,0.12130412947100778,0.12121098689472969,6.737941307580209e-06,-8.640463497051887e-05
2055-08-20,29.341666666666665,0.12112697156963857,0.12113281788831652,0.12103904184695474,5.846318677948936e-06,-8.792972268382993e-05
2055-08-27,29.36111111111111,0.1209567934131865,0.12096174824016197,0.12086733747515335,4.95482697546179e-06,-8.945593803315333e-05
2055-09-03,29.380555555555556,0.12078685670711152,0.12079092018487242,0.12069587344710035,4.0634777608988815e-06,-9.098326001116819e-05
2055-09-10,29.4,0.12061716109873512,0.1206203333812587,0.12052464943102227,3.1722825235835916e-06,-9.25116677128468e-05
2055-09-17,29.419444444444444,0.12044770623593232,0.12044998748861348,0.12035366509559711,2.2812526811605283e-06,-9.404114033520483e-05
2055-09-24,29.43888888888889,0.1202784917671304,0.12027988216671053,0.12018292010995374,1.3903995801228808e-06,-9.557165717666294e-05
2055-10-01,29.458333333333332,0.12010951734130827,0.12011001707580425,0.12001241414367107,4.99734495978954e-07,-9.710319763719943e-05
2055-10-08,29.477777777777778,0.119940782607995,0.11994039187662876,0.11984214686677769,-3.9073136623435367e-07,-9.863574121730945e-05
2055-10-15,29.497222222222224,0.11977228721726935,0.11977100623039721,0.11967211794975106,-1.2809868721319617e-06,-0.00010016926751828248
2055-10-22,29.516666666666666,0.11960403081975843,0.11960185979880147,0.11950232706351711,-2.171020956953651e-06,-0.00010170375624131422
2055-10-29,29.53611111111111,0.11943601306663688,0.11943295224401082,0.1193327738794494,-3.060822626063664e-06,-0.00010323918718747882
2055-11-05,29.555555555555557,0.11926823360962596,0.11926428322867197,0.11916345806936884,-3.950380953993138e-06,-0.00010477554025711822
2055-11-12,29.575,0.11910069210099265,0.11909585241590788,0.11899437930554281,-4.839685084773171e-06,-0.00010631279544984218
2055-11-19,29.594444444444445,0.1189333881935481,0.1189276594693173,0.11882553726068461,-5.7287242307968445e-06,-0.00010785093286348746
2055-11-26,29.613888888888887,0.11876632154064781,0.11875970405297408,0.11865693160795296,-6.617487673735156e-06,-0.00010938993269485331
2055-12-03,29.633333333333333,0.11859949179618942,0.11859198583142644,0.11848856202095141,-7.505964762982709e-06,-0.0001109297752380084
2055-12-10,29.65277777777778,0.1184328986146126,0.11842450446969635,0.1183204281737276,-8.394144916254453e-06,-0.00011247044088501246
2055-12-17,29.67222222222222,0.11826654165089781,0.11825725963327896,0.11815252974077282,-9.282017618850169e-06,-0.00011401191012498646
2055-12-24,29.691666666666666,0.11810042056056534,0.1180902509881417,0.11798486639702128,-1.0169572423640583e-05,-0.00011555416354405712
2055-12-31,29.711111111111112,0.11793453499967431,0.11792347820072371,0.11781743781784962,-1.1056798950595526e-05,-0.00011709718182469075
2056-01-07,29.730555555555554,0.11776888462482195,0.11775694093793537,0.11765024367907634,-1.1943686886575766e-05,-0.00011864094574561002
2056-01-14,29.75,0.11760346909314234,0.1175906388671573,0.11748328365696104,-1.2830225985041577e-05,-0.00012018543618130817
2056-01-21,29.769444444444446,0.11743828806230555,0.11742457165623994,0.11731655742820403,-1.3716406065608644e-05,-0.00012173063410152174
2056-01-28,29.788888888888888,0.11727334119051717,0.11725873897350277,0.11715006466994558,-1.4602217014408891e-05,-0.00012327652057159133
2056-02-04,29.808333333333334,0.11710862813651644,0.11709314048773371,0.11698380505976547,-1.5487648782730457e-05,-0.0001248230767509767
2056-02-11,29.82777777777778,0.11694414855957608,0.1169277758681884,0.11681777827568213,-1.6372691387683824e-05,-0.00012637028389395066
2056-02-18,29.84722222222222,0.11677990211950126,0.11676264478458966,0.11665198399615266,-1.7257334911605082e-05,-0.00012791812334859987
2056-02-25,29.866666666666667,0.11661588847662814,0.11659774690712667,0.11648642190007143,-1.8141569501473054e-05,-0.00012946657655671379
2056-03-03,29.886111111111113,0.11645210729182348,0.11643308190645432,0.11632109166677003,-1.9025385369159098e-05,-0.00013101562505345166
2056-03-10,29.905555555555555,0.11628855822648364,0.11626864945369288,0.11615599297601663,-1.9908772790760976e-05,-0.0001325652504670094
2056-03-17,29.925,0.11612524094253336,0.11610444922042668,0.11599112550801513,-2.0791722106686117e-05,-0.00013411543451823105
2056-03-24,29.944444444444443,0.11596215510242511,0.1159404808787042,0.11582648894340505,-2.167422372090222e-05,-0.00013566615902005363
2056-03-31,29.96388888888889,0.11579930036913783,0.11577674410103693,0.11566208296326037,-2.2556268100895616e-05,-0.00013721740587745168
2056-04-07,29.983333333333334,0.11563667640617654,0.11561323856039885,0.1154979072490893,-2.343784577769903e-05,-0.0001387691570872429
2056-04-14,30.002777777777776,0.11547428287757085,0.11544996393022579,0.11533396148283384,-2.4318947345058906e-05,-0.00014032139473700578
2056-04-21,30.022222222222222,0.11531211944787445,0.11528691988441478,0.1151702453468687,-2.5199563459671337e-05,-0.0001418741010057456
2056-04-28,30.041666666666668,0.11515018578216386,0.11512410609732332,0.11500675852400118,-2.6079684840543682e-05,-0.0001434272581626872
2056-05-05,30.06111111111111,0.1149884815460379,0.114961522243769,0.11484350069747039,-2.6959302268897423e-05,-0.0001449808485675108
2056-05-12,30.080555555555556,0.11482700640561629,0.11479916799902844,0.1146804715509466,-2.7838406587848974e-05,-0.00014653485466968597
2056-05-19,30.1,0.11466576002753906,0.11463704303883687,0.11451767076853095,-2.871698870218764e-05,-0.00014808925900811065
2056-05-26,30.119444444444444,0.11450474207896578,0.11447514703938763,0.11435509803475465,-2.959503957815357e-05,-0.00014964404421113908
2056-06-02,30.13888888888889,0.11434395222757412,0.11431347967733119,0.11419275303457824,-3.0472550242938157e-05,-0.0001511991929958878
2056-06-09,30.158333333333335,0.11418339014155932,0.11415204062977469,0.11403063545339132,-3.1349511784628525e-05,-0.00015275468816799975
2056-06-16,30.177777777777777,0.11402305548963337,0.11399082957428133,0.11386874497701198,-3.2225915352041e-05,-0.0001543105126213945
2056-06-23,30.197222222222223,0.11386294794102386,0.11382984618886965,0.11370708129168601,-3.310175215420763e-05,-0.00015586664933785188
2056-06-30,30.216666666666665,0.11370306716547306,0.11366909015201289,0.11354564408408636,-3.3977013460168015e-05,-0.0001574230813866928
2056-07-07,30.23611111111111,0.11354341283323713,0.11350856114263834,0.11338443304131286,-3.48516905987889e-05,-0.0001589797919242658
2056-07-14,30.255555555555556,0.11338398461508527,0.11334825884012686,0.11322344785089113,-3.5725774958403345e-05,-0.0001605367641941413
2056-07-21,30.275,0.1132247821822988,0.11318818292431197,0.11306268820077253,-3.659925798682462e-05,-0.00016209398152626509
2056-07-28,30.294444444444444,0.11306580520666994,0.11302833307547935,0.11290215377933331,-3.74721311905829e-05,-0.0001636514273366252
2056-08-04,30.31388888888889,0.11290705336050141,0.11286870897436622,0.11274184427537398,-3.834438613518898e-05,-0.00016520908512743238
2056-08-11,30.333333333333332,0.1127485263166053,0.11270931030216076,0.112581759378119,-3.9216014444537484e-05,-0.0001667669384863013
2056-08-18,30.352777777777778,0.11259022374830208,0.11255013674050128,0.1124218987772159,-4.008700780079588e-05,-0.00016832497108618116
2056-08-25,30.372222222222224,0.1124321453294197,0.11239118797147572,0.11226226216273505,-4.095735794397426e-05,-0.00016988316668464787
2056-09-01,30.391666666666666,0.11227429073429303,0.11223246367762102,0.1121028492251689,-4.182705667200859e-05,-0.00017144150912412615
2056-09-08,30.41111111111111,0.11211665963776266,0.11207396354192245,0.11194365965543117,-4.269609584020562e-05,-0.00017299998233148706
2056-09-15,30.430555555555557,0.11195925171517403,0.1119156872478129,0.11178469314485691,-4.356446736113184e-05,-0.0001745585703171182
2056-09-20,30.444444444444443,0.11184695394228229,0.11180276962276346,0.1116712820333742,-4.418431951883073e-05,-0.00017567190890808992
