start_date,end_date,start_act360_years,forward_period_days,true_forward_rate,log_linear_forward_rate,linear_continuous_zero_forward_rate,cubic_continuous_zero_forward_rate,log_linear_error_bp,linear_continuous_zero_error_bp,cubic_continuous_zero_error_bp
2026-09-18,2026-10-16,0.0,28,0.07770182983167848,0.07764622337423699,0.07764622337423699,0.07766873844489913,-0.5560645744148718,-0.5560645744148718,-0.33091386779343646
2026-09-25,2026-10-23,0.019444444444444445,28,0.07743959056296403,0.07756160098182649,0.07759765214800453,0.0775881355124478,1.2201041886246433,1.5806158504050316,1.4854494948376984
2026-10-02,2026-10-30,0.03888888888888889,28,0.07718190844917443,0.07726542696811801,0.0773839409193479,0.07739852005671954,0.8351851894358719,2.0203247017347437,2.1661160754511686
2026-10-09,2026-11-06,0.058333333333333334,28,0.07692871734449801,0.07696925973609048,0.07710223605836397,0.07710738828893472,0.40542391592471305,1.7351871386596385,1.7867094443671516
2026-10-16,2026-11-13,0.07777777777777778,28,0.07667995204480693,0.07667309928558971,0.07675254200778175,0.07674911550597661,-0.06852759217218507,0.7258996297482279,0.6916346116968286
2026-10-23,2026-11-20,0.09722222222222222,28,0.0764355482740082,0.07646156025853168,0.07638343076682969,0.0763832890974192,0.26011984523482967,-0.5211750717851182,-0.5225917658899237
2026-10-30,2026-11-27,0.11666666666666667,28,0.07619544267059718,0.07621293864310223,0.07615236194132466,0.07607385927909391,0.17495972505054969,-0.4308072927251827,-1.215833915032688
2026-11-06,2026-12-04,0.1361111111111111,28,0.075959572774394,0.07596432180690409,0.07592947734102001,0.07583658290604145,0.04749032510090179,-0.3009543337398335,-1.2298986835254655
2026-11-13,2026-12-11,0.15555555555555556,28,0.07572787701349107,0.07571570974984874,0.07571477654292272,0.07566008622032351,-0.12167263642323678,-0.13100470568350175,-0.6779079316755754
2026-11-20,2026-12-18,0.175,28,0.07550029469139773,0.07546710247184198,0.07550825913958725,0.07551380356272214,-0.33192219555749913,0.07964448189526352,0.1350887132441081
2026-11-27,2026-12-25,0.19444444444444445,28,0.07527676597434457,0.07527602960081957,0.07528525695894858,0.07535617356815358,-0.007363735250037751,0.08490984604009322,0.7940759380900553
2026-12-04,2027-01-01,0.21388888888888888,28,0.0750572318788307,0.07483020388005032,0.07508776360053299,0.0751719146125602,-2.270279987803825,0.3053172170228158,1.1468273372949866
2026-12-11,2027-01-08,0.23333333333333334,28,0.07484163425928772,0.07438439352845558,0.07489568332854223,0.07496310870979477,-4.5724073083214245,0.5404906925450537,1.2147445050704475
2026-12-18,2027-01-15,0.25277777777777777,28,0.07462991579597812,0.07393859854550433,0.07470901590186056,0.0747365986626731,-6.913172504737913,0.7910010588244032,1.066828666949765
2026-12-25,2027-01-22,0.2722222222222222,28,0.07442201998306189,0.07368386545524583,0.07451153134332295,0.07450335205037716,-7.381545278160595,0.8951136026105755,0.8133206731526788
2027-01-01,2027-01-29,0.2916666666666667,28,0.07421789111681168,0.07368386545524583,0.07429395616834343,0.07427157512916432,-5.340256615658512,0.7606505153175125,0.5368401235264497
2027-01-08,2027-02-05,0.3111111111111111,28,0.0740174742840335,0.07368386545524583,0.07407638465406421,0.07404283278963744,-3.3360882878767653,0.5891037003070976,0.2535850560393682
2027-01-15,2027-02-12,0.33055555555555555,28,0.07382071535064443,0.07368386545524583,0.07385881680042822,0.07381825284453113,-1.3684989539859693,0.3810144978379226,-0.024625061132987902
2027-01-22,2027-02-19,0.35,28,0.07362756095042158,0.07368386545524583,0.0736412526073755,0.07359896303159998,0.5630450482424498,0.13691656953918052,-0.2859791882160734
2027-01-29,2027-02-26,0.36944444444444446,28,0.0734379584739196,0.07368386545524867,0.07342369207483751,0.07338609101776099,2.4590698132907765,-0.14266399082085712,-0.5186745615860799
2027-02-05,2027-03-05,0.3888888888888889,28,0.07325185605753935,0.07368386545524583,0.07320613520276004,0.07318076440418946,4.32009397706476,-0.45720854779315867,-0.7109165334989731
2027-02-12,2027-03-12,0.4083333333333333,28,0.07306920257277653,0.07368386545524583,0.07298858199107741,0.07298411073240267,6.14662882469294,-0.806205816991229,-0.8509184037386319
2027-02-19,2027-03-19,0.42777777777777776,28,0.07288994761560735,0.07368386545524583,0.07277103243972682,0.0727972574913457,7.939178396384749,-1.1891517588052958,-0.9269012426164902
2027-02-26,2027-03-26,0.44722222222222224,28,0.07271404149605967,0.07336201012354802,0.07261435607853052,0.07262125224000668,6.479686274883517,-0.9968541752915228,-0.9278925605299415
2027-03-05,2027-04-02,0.4666666666666667,28,0.07254143522790127,0.0727987825697978,0.07250953303529936,0.0724557391661402,2.5734734189652997,-0.31902192601906965,-0.856960617610647
2027-03-12,2027-04-09,0.4861111111111111,28,0.07237208051850225,0.07223557954914028,0.07241260122953738,0.07229895603548776,-1.3650096936196343,0.4052071103513577,-0.7312448301448338
2027-03-19,2027-04-16,0.5055555555555555,28,0.07220592975886302,0.07167240106050775,0.07232356048377797,0.07214872771587214,-5.335286983552678,1.1763072491495496,-0.5720204299088094
2027-03-26,2027-04-23,0.525,28,0.0720429360137336,0.07143104636063333,0.07218154285613723,0.07200257852323842,-6.118896531002727,1.3860684240363241,-0.40357490495177006
2027-04-02,2027-04-30,0.5444444444444444,28,0.0718830530119414,0.07143104636063333,0.07199556738696687,0.07185905562340793,-4.520066513080678,1.12514375025477,-0.23997388533467112
2027-04-09,2027-05-07,0.5638888888888889,28,0.07172623513682735,0.07143104636063333,0.07180959459287095,0.07171773211334204,-2.951887761940275,0.8335945604359685,-0.0850302348531784
2027-04-16,2027-05-14,0.5833333333333334,28,0.07157243741681649,0.07143104636063333,0.07162362447380952,0.07157821356078818,-1.4139105618315995,0.511870569930295,0.057761439716946805
2027-04-23,2027-05-21,0.6027777777777777,28,0.07142161551615368,0.07143104636063333,0.07143765702973973,0.07144010555138802,0.09430844479643707,0.1604151358604311,0.1849003523433923
2027-04-30,2027-05-28,0.6222222222222222,28,0.07127372572575405,0.07143104636063333,0.07125169226062734,0.0713030136881979,1.573206348792766,-0.22033465126705676,0.2928796244384968
2027-05-07,2027-06-04,0.6416666666666667,28,0.07112872495419285,0.07143104636063333,0.07106573016643525,0.07116654359131479,3.023214064404728,-0.6299478775760592,0.3781863712193356
2027-05-14,2027-06-11,0.6611111111111111,28,0.07098657071883269,0.07143104636063333,0.07087977074712061,0.07103030089762795,4.444756418006401,-1.0679997171207656,0.43730178795262087
2027-05-21,2027-06-18,0.6805555555555556,28,0.07084722113707333,0.07143104636063333,0.07069381400264918,0.07089389126067903,5.8382522356,-1.5340713442414666,0.4667012360570766
2027-05-28,2027-06-25,0.7,28,0.07071063491774426,0.07124444995849505,0.07056660955788306,0.0707569346663593,5.338150407507847,-1.4402535986120235,0.4629974861503072
2027-06-04,2027-07-02,0.7194444444444444,28,0.07057677135260018,0.07080906882668808,0.07052263463813173,0.07061953731465755,2.3229747408790025,-0.5413671446845292,0.4276596205736449
2027-06-11,2027-07-09,0.7388888888888889,28,0.07044559030795325,0.07037370235693555,0.07048551396163052,0.07048245258893232,-0.7188795101770173,0.3992365367727624,0.3686228097907196
2027-06-18,2027-07-16,0.7583333333333333,28,0.07031705221645122,0.0699383505487464,0.0704552474693381,0.07034657603858971,-3.7870166770481717,1.3819525288687184,0.2952382213848581
2027-06-25,2027-07-23,0.7777777777777778,28,0.07019111806892392,0.06968958466947323,0.07037308610068665,0.07021289797328395,-5.015333994506932,1.819680317627359,0.21779904360030855
2027-07-02,2027-07-30,0.7972222222222223,28,0.07006774940640106,0.06968958466947608,0.07021455242258723,0.07008203159646025,-3.7816473692497965,1.4680301618616443,0.14282190059181077
2027-07-09,2027-08-06,0.8166666666666667,28,0.06994690831221284,0.06968958466947323,0.07005602068863263,0.06995405203748987,-2.5732364273961528,1.0911237641979266,0.07143725277033997
2027-07-16,2027-08-13,0.8361111111111111,28,0.06982855740422757,0.06968958466947608,0.06989749089879435,0.0698290013418999,-1.3897273475148297,0.6893349456678355,0.004439376723314181
2027-07-23,2027-08-20,0.8555555555555555,28,0.06971265982718926,0.06968958466947608,0.06973896305305237,0.06970692155556854,-0.23075157713173255,0.2630322586311129,-0.057382716207171613
2027-07-30,2027-08-27,0.875,28,0.06959917924516651,0.06968958466947608,0.06958043715137815,0.06958785472479649,0.9040542430957532,-0.1874209378835423,-0.11324520370017965
2027-08-06,2027-09-03,0.8944444444444445,28,0.06948807983412701,0.06968958466947323,0.06942191319375171,0.06947184289643264,2.0150483534621397,-0.6616664037530084,-0.16236937694369402
2027-08-13,2027-09-10,0.9138888888888889,28,0.06937932627460341,0.06968958466947323,0.06926339118015022,0.06935892811795107,3.102583948698112,-1.1593509445319283,-0.20398156652348676
2027-08-20,2027-09-17,0.9333333333333333,28,0.06927288374447908,0.06968958466947323,0.06910487111054511,0.06924915243756237,4.167009249941428,-1.6801263393396992,-0.23731306916713324
2027-08-27,2027-09-24,0.9527777777777777,28,0.06916871791186813,0.06951534306983888,0.06904233838288912,0.06914255694507812,3.4662515797075075,-1.2637952897900928,-0.26160966790006457
2027-09-03,2027-10-01,0.9722222222222222,28,0.06906679492812096,0.06890551596623837,0.06922792125843046,0.06903909750928536,-1.6127896188258828,1.6112633030949952,-0.27697418835598286
2027-09-10,2027-10-08,0.9916666666666667,28,0.06896708142088981,0.06829571763179633,0.0694261845324316,0.06893857082635314,-6.713637890934793,4.591031115417921,-0.2851059453666538
2027-09-17,2027-10-15,1.011111111111111,28,0.06886954448734851,0.06768594806515672,0.06963712878828021,0.06884074027271504,-11.835964221917905,7.67584300931698,-0.2880421463347105
2027-09-24,2027-10-22,1.0305555555555554,28,0.06877415168747497,0.06725041598688586,0.06976476317143408,0.0687453515698842,-15.237357005891127,9.906114839591112,-0.2880011759076595
2027-10-01,2027-10-29,1.05,28,0.06868087103743648,0.06725041598688586,0.06965694872014451,0.06865221704485208,-14.304550505506164,9.760776827080347,-0.2865399258439316
2027-10-08,2027-11-05,1.0694444444444444,28,0.06858967100308343,0.06725041598688586,0.06954913516805851,0.06856128958014875,-13.392550161975686,9.594641649750823,-0.28381422934681266
2027-10-15,2027-11-12,1.0888888888888888,28,0.06850052049353453,0.06725041598688586,0.06944132251517322,0.06847253676526847,-12.501045066486693,9.408020216386953,-0.27983728266053887
2027-10-22,2027-11-19,1.1083333333333334,28,0.06841338885484755,0.06725041598688872,0.06933351076147723,0.06838592619170969,-11.62972867958828,9.20121906629684,-0.2746266313785606
2027-10-29,2027-11-26,1.1277777777777778,28,0.06832824586378715,0.06725041598688586,0.06922569990696482,0.06830142545290638,-10.7782987690129,8.974540431776756,-0.26820410880770695
2027-11-05,2027-12-03,1.1472222222222221,28,0.06824506172168691,0.06725041598688872,0.06911788995163029,0.06821900214419672,-9.94645734798197,8.72828229943376,-0.260595774901895
2027-11-12,2027-12-10,1.1666666666666667,28,0.06816380704839713,0.06725041598688872,0.06901008089546222,0.06813862386274032,-9.13391061508409,8.462738470650933,-0.2518318565680744
2027-11-19,2027-12-17,1.1861111111111111,28,0.0680844528763266,0.06725041598688872,0.06890227273845774,0.06806025820749248,-8.340368894378807,8.178198621311417,-0.2419466883411825
2027-11-26,2027-12-24,1.2055555555555555,28,0.06800697064455312,0.06725041598688872,0.0687944654806083,0.06798387277914708,-7.565546576644016,7.874948360551831,-0.23097865406038198
2027-12-03,2027-12-31,1.225,28,0.06793133219304812,0.06725041598688586,0.06868665912190247,0.06790943518006813,-6.809162061622576,7.553269288543552,-0.2189701297998503
2027-12-10,2028-01-07,1.2444444444444445,28,0.06785750975696114,0.06725041598688872,0.06857885366233742,0.06783691301427261,-6.070937700724254,7.213439053762732,-0.20596742688533398
2027-12-17,2028-01-14,1.2638888888888888,28,0.06778547596099875,0.06725041598688586,0.0684710491019017,0.06776627388735618,-5.35059974112892,6.8557314090295085,-0.1920207364257409
2027-12-24,2028-01-21,1.2833333333333334,28,0.06771520381388887,0.06725041598688872,0.06836324544058961,0.06769748540645619,-4.647878270001571,6.4804162670073495,-0.17718407432684713
2027-12-31,2028-01-28,1.3027777777777778,28,0.0676466667029052,0.06725041598688586,0.06825544267839259,0.06763051518020019,-3.962507160193418,6.087759754873911,-0.1615152270501019
2028-01-07,2028-02-04,1.3222222222222222,28,0.06757983838851146,0.06725041598688586,0.06814764081530779,0.06756533081867172,-3.2942240162560363,5.678024267963266,-0.14507569839741774
2028-01-14,2028-02-11,1.3416666666666666,28,0.06751469299902572,0.06725041598688872,0.06803983985132092,0.06750189993334464,-2.642770121370069,5.251468522951969,-0.12793065681082627
2028-01-21,2028-02-18,1.3611111111111112,28,0.06745120502542738,0.06725041598688586,0.067932039786432,0.06744019013706026,-2.00789038541524,4.808347610046199,-0.11014888367119613
2028-01-28,2028-02-25,1.3805555555555555,28,0.06738934931618701,0.06725041598688872,0.06782424062062674,0.0673801690439703,-1.3893332929829083,4.348913044397301,-0.09180272216705032
2028-02-04,2028-03-03,1.4,28,0.06732910107218754,0.06725041598688872,0.06771644235389943,0.06732180426949975,-0.7868508529881857,3.873412817118893,-0.07296802687781212
2028-02-11,2028-03-10,1.4194444444444445,28,0.06727043584175117,0.06725041598688586,0.06760864498624436,0.06726506343029831,-0.20019854865313547,3.3820914449318726,-0.05372411452861381
2028-02-18,2028-03-17,1.4388888888888889,28,0.06721332951567469,0.06725041598688872,0.06750084851765298,0.06720991414420904,0.37086471214031747,2.875190019782925,-0.03415371465642636
2028-02-25,2028-03-24,1.4583333333333333,28,0.06715775832240478,0.06725041598688872,0.06739305294811958,0.06715632403022262,0.9265766448393609,2.3529462571479645,-0.014342921821619559
2028-03-03,2028-03-31,1.4777777777777779,28,0.06710369882322192,0.06725041598688586,0.06728525827762986,0.06710426070844314,1.4671716366393417,1.8155945440793964,0.005618852212119219
2028-03-10,2028-04-07,1.4972222222222222,28,0.06705112790755267,0.06725041598688586,0.0671774645061867,0.067053691800031,1.992880793331847,1.2633659863402202,0.025638924783244477
2028-03-17,2028-04-14,1.5166666666666666,28,0.06700002278830196,0.06725041598688586,0.06706967163377581,0.06700458492719433,2.5039319858390083,0.696488454738492,0.045621388923694495
2028-03-24,2028-04-21,1.5361111111111112,28,0.06695036099727389,0.06725041598688586,0.06696187966038863,0.06695690771313188,3.0005498961196975,0.11518663114745697,0.06546715857994045
2028-03-31,2028-04-28,1.5555555555555556,28,0.06690212038066681,0.06725041598688872,0.06685408858602232,0.06691062778199594,3.4829560622190447,-0.4803179464449303,0.08507401329127529
2028-04-07,2028-05-05,1.575,28,0.06685527909461689,0.06725041598688586,0.06674629841066546,0.06686571275886946,3.951368922689713,-1.089806839514318,0.10433664252573749
2028-04-14,2028-05-12,1.5944444444444446,28,0.06680981560081582,0.06725041598688872,0.06663850913431515,0.06682213026972043,4.406003860728952,-1.713064665006675,0.12314668904611636
2028-04-21,2028-05-19,1.613888888888889,28,0.06676570866218867,0.06725041598688586,0.06653072075696288,0.06677984794137615,4.847073246971867,-2.349879052257892,0.1413927918747504
2028-04-28,2028-05-26,1.6333333333333333,28,0.06672293733864004,0.06725041598688586,0.06642293327859436,0.06673883340148036,5.27478648245816,-3.0000406004568325,0.15896062840317637
2028-05-05,2028-06-02,1.6527777777777777,28,0.06668148098284897,0.06725041598688872,0.06631514669920957,0.06669905427847336,5.689350040397473,-3.663342836393996,0.17573295624392915
2028-05-12,2028-06-09,1.6722222222222223,28,0.06664131923614068,0.06725041598688872,0.06620736101879997,0.06666047820155198,6.090967507480366,-4.3395821734071305,0.19158965411297801
2028-05-19,2028-06-16,1.6916666666666667,28,0.0666024320244128,0.06725041598688586,0.06609957623735412,0.066623072800641,6.479839624730643,-5.028557870586786,0.20640776228209035
2028-05-26,2028-06-23,1.711111111111111,28,0.06656479955410712,0.06725041598688586,0.06599179235486918,0.0665868057063647,6.856164327787434,-5.730071992379321,0.2200615225758651
2028-06-02,2028-06-30,1.7305555555555556,28,0.06652840230826129,0.06725041598688586,0.06588400937133088,0.06655164455001536,7.220136786245668,-6.443929369304158,0.2324224175406786
2028-06-09,2028-07-07,1.75,28,0.066493221042612,0.06725041598688586,0.0657762272867392,0.06651755696352758,7.571949442738562,-7.169937558728079,0.24335920915580234
2028-06-16,2028-07-14,1.7694444444444444,28,0.06645923678172659,0.06725041598688872,0.06566844610108559,0.06648451057945838,7.911792051621264,-7.907906806410015,0.25273797731789616
2028-06-23,2028-07-21,1.788888888888889,28,0.06642643081524607,0.06725041598688872,0.06556066581435863,0.06645247303093285,8.239851716426438,-8.657650008874473,0.2604221568677789
2028-06-30,2028-07-28,1.8083333333333333,28,0.06639478469411676,0.06725041598688872,0.06545288642655546,0.0664214119516642,8.556312927719551,-9.41898267561303,0.26627257547442995
2028-07-07,2028-08-04,1.8277777777777777,28,0.06636428022694453,0.06725041598688872,0.06534510793766181,0.06639129497587952,8.861357599441872,-10.191722892827215,0.2701474893498923
2028-07-14,2028-08-11,1.8472222222222223,28,0.06633489947633496,0.06725041598688872,0.06523733034767767,0.06636208973833403,9.155165105537572,-10.975691286572859,0.27190261999071597
2028-07-21,2028-08-18,1.8666666666666667,28,0.06630662475534756,0.06725041598688586,0.06512955365659165,0.06633376387426829,9.437912315383018,-11.77071098755908,0.27139118920729843
2028-07-28,2028-08-25,1.886111111111111,28,0.0662794386239472,0.06725041598688872,0.065021777864398,0.06630628501938819,9.709773629415219,-12.57660759549195,0.2684639544099643
2028-08-04,2028-09-01,1.9055555555555554,28,0.06625332388554973,0.06725041598688872,0.06491400297108818,0.06627962080985356,9.97092101338984,-13.39320914461553,0.2629692430382302
2028-08-11,2028-09-08,1.925,28,0.06622826358358758,0.06725041598688872,0.06480622897665361,0.06625373888223818,10.22152403301141,-14.22034606933964,0.25475298650601275
2028-08-18,2028-09-15,1.9444444444444444,28,0.06620424099814956,0.06725041598688872,0.06469845588108575,0.06622860687353262,10.46174988739157,-15.057851170638125,0.24365875383056124
2028-08-25,2028-09-22,1.9638888888888888,28,0.06618123964264072,0.06715799161106745,0.06479887386195061,0.06620419285625623,9.767519684267256,-13.823657806901062,0.22953213615506396
2028-09-01,2028-09-29,1.9833333333333334,28,0.06615924326052212,0.06683451150057815,0.06542870972690748,0.0661805031933506,6.752682400560234,-7.30533533614644,0.21259932828476824
2028-09-08,2028-10-06,2.0027777777777778,28,0.06613823582207047,0.06651103948641815,0.06607245710854581,0.06615761377632882,3.7280366434767895,-0.6577871352465847,0.1937795425835387
2028-09-15,2028-10-13,2.022222222222222,28,0.06611820152120362,0.06618757556838764,0.06673011808280219,0.06613561149519466,0.6937404718401763,6.119165615985633,0.1740997399103661
2028-09-22,2028-10-20,2.0416666666666665,28,0.06609912477233447,0.06595653486934662,0.06719346265799,0.06611458706881766,-1.4258990298784968,10.943378856555357,0.15462296483192972
2028-09-29,2028-10-27,2.061111111111111,28,0.06608099020729341,0.06595653486934662,0.06714119742434331,0.06609459719033943,-1.244553379467911,10.602072170498994,0.13606983046018928
2028-10-06,2028-11-03,2.0805555555555557,28,0.06606378267226796,0.06595653486934376,0.0670889324020504,0.06607563328915005,-1.072478029242041,10.251497297824319,0.11850616882080889
2028-10-13,2028-11-10,2.1,28,0.06604748722480513,0.06595653486934376,0.06703666759111984,0.06605768006054914,-0.9095235546137392,9.89180366314707,0.10192835744007867
2028-10-20,2028-11-17,2.1194444444444445,28,0.06603208913085666,0.06595653486934662,0.06698440299154022,0.0660407222001618,-0.755542615100413,9.523138606835623,0.08633069305138963
2028-10-27,2028-11-24,2.138888888888889,28,0.06601757386185275,0.06595653486934662,0.06693213860332012,0.0660247444039243,-0.6103899250613221,9.145647414673663,0.0717054207154122
2028-11-03,2028-12-01,2.158333333333333,28,0.06600392709183872,0.06595653486934662,0.06687987442645094,0.0660097313680698,-0.473922224921014,8.75947334612215,0.058042762310778206
2028-11-10,2028-12-08,2.1777777777777776,28,0.06599113469462292,0.06595653486934662,0.06682761046093555,0.0659956677891284,-0.345998252763019,8.364757663126277,0.045330945054739
2028-11-17,2028-12-15,2.1972222222222224,28,0.06597918274100469,0.06595653486934376,0.06677534670677396,0.06598253836390137,-0.22647871660924634,7.961639657692726,0.033556228966891144
2028-11-24,2028-12-22,2.216666666666667,28,0.06596805749600801,0.06595653486934662,0.06672308316396044,0.0659703277894698,-0.11522626661389368,7.550256679524359,0.02270293461795192
2028-12-01,2028-12-29,2.236111111111111,28,0.0659577454161751,0.06595653486934662,0.06667081983250071,0.06595902076314886,-0.012105468284867582,7.13074416325607,0.012753469737503131
2028-12-08,2029-01-05,2.2555555555555555,28,0.06594823314688858,0.06595653486934662,0.06661855671238907,0.06594860198251919,0.08301722458040062,6.703235655004941,0.0036883563060696734
2028-12-15,2029-01-12,2.275,28,0.06593950751973063,0.06595653486934662,0.06656629380362837,0.065939056145387,0.17027349615991727,6.267862838977428,-0.00451374343624078
2028-12-22,2029-01-19,2.2944444444444443,28,0.0659315555499023,0.06595653486934662,0.0665140311062129,0.06593036794977834,0.2497931944432652,5.824755563106077,-0.011876001239502498
2028-12-29,2029-01-26,2.313888888888889,28,0.06592436443363697,0.06595653486934662,0.06646176862014551,0.0659225220939476,0.3217043570964695,5.374041865085361,-0.018423396893757493
2029-01-05,2029-02-02,2.3333333333333335,28,0.0659179215457081,0.06595653486934376,0.0664095063454262,0.06591550327633763,0.3861332363566672,4.915847997181006,-0.02418269370460524
2029-01-12,2029-02-09,2.352777777777778,28,0.06591221443690826,0.06595653486934662,0.06635724428205211,0.06590929619559681,0.44320432438363366,4.450298451438572,-0.02918241311447578
2029-01-19,2029-02-16,2.3722222222222222,28,0.06590723083162267,0.06595653486934662,0.06630498243002039,0.06590388555054766,0.4930403772394898,3.97751598397722,-0.033452810750123074
2029-01-26,2029-02-23,2.3916666666666666,28,0.06590295862540245,0.06595653486934376,0.06625272078933106,0.0658992560401983,0.5357624394131122,3.497621639286103,-0.037025852041433494
2029-02-02,2029-03-02,2.411111111111111,28,0.06589938588257516,0.06595653486934376,0.06620045935998979,0.06589539236371383,0.5714898676860425,3.0107347741463455,-0.03993518861322709
2029-02-09,2029-03-09,2.4305555555555554,28,0.06589650083392089,0.06595653486934662,0.06614819814198805,0.0658922792204164,0.6003403542573227,2.516973080671642,-0.04221613504482025
2029-02-16,2029-03-16,2.45,28,0.06589429187431994,0.06595653486934376,0.06609593713532869,0.06588990130978228,0.6224299502381736,2.016452610087427,-0.04390564537659625
2029-02-23,2029-03-23,2.4694444444444446,28,0.06589274756051168,0.06595653486934662,0.06604367634000884,0.06588824333142197,0.6378730883493944,1.5092877949715588,-0.04504229089707934
2029-03-02,2029-03-30,2.488888888888889,28,0.0658918566088164,0.06595653486934662,0.06599141575602564,0.06588728998506868,0.6467826053022097,0.9955914720924386,-0.045666237477176574
2029-03-09,2029-04-06,2.5083333333333333,28,0.06589160789293137,0.06595653486934376,0.06593915538338482,0.06588702597058983,0.6492697641238832,0.47547490453450636,-0.04581922341539979
2029-03-16,2029-04-13,2.5277777777777777,28,0.06589199044175542,0.06595653486934376,0.06588689522208067,0.0658874359879556,0.6454442758833945,-0.05095219674747242,-0.04554453799821001
2029-03-23,2029-04-20,2.547222222222222,28,0.06589299343721068,0.06595653486934376,0.06583463527211318,0.06588850473725039,0.6354143213307961,-0.5835816509749958,-0.04488699960294995
2029-03-30,2029-04-27,2.566666666666667,28,0.06589460621214142,0.06595653486934376,0.06578237553348235,0.06589021691864991,0.6192865720233698,-1.122306786590782,-0.043892934915162884
2029-04-06,2029-05-04,2.5861111111111112,28,0.06589681824821574,0.06595653486934662,0.06573011600618532,0.0658925572324184,0.5971662113088416,-1.6670224203041428,-0.04261015797341061
2029-04-13,2029-05-11,2.6055555555555556,28,0.06589961917385288,0.06595653486934662,0.06567785669022211,0.0658955103789086,0.5691569549373665,-2.2176248363077464,-0.04108794944279737
2029-04-20,2029-05-18,2.625,28,0.06590299876221918,0.06595653486934662,0.06562559758559555,0.06589906105854176,0.5353610712743873,-2.7740117662362893,-0.039377036774174146
2029-04-27,2029-05-25,2.6444444444444444,28,0.06590694692917826,0.06595653486934662,0.0655733386922971,0.06590319397180767,0.4958794016836354,-3.3360823688115273,-0.037529573705813446
2029-05-04,2029-06-01,2.6638888888888888,28,0.06591145373136113,0.06595653486934376,0.06552108001033531,0.06590789381925889,0.45081137982627695,-3.903737210258218,-0.035599121022411584
2029-05-11,2029-06-08,2.683333333333333,28,0.06591650936419637,0.06595653486934662,0.06546882153970447,0.06591314530149939,0.4002550515025405,-4.476878244918936,-0.033640626969783094
2029-05-18,2029-06-15,2.702777777777778,28,0.06592210415998588,0.06595653486934376,0.06541656328039888,0.06591893311918165,0.3443070935787995,-5.055408795869992,-0.03171040804231251
2029-05-25,2029-06-22,2.7222222222222223,28,0.06592822858603503,0.06595653486934662,0.06536430523242709,0.0659252419729953,0.28306283311588243,-5.639233536079424,-0.029866130397265822
2029-06-01,2029-06-29,2.7416666666666667,28,0.06593487324275987,0.06595653486934662,0.06531204739578055,0.06593205656367848,0.21661626586746974,-6.228258469793274,-0.02816679081391049
2029-06-08,2029-07-06,2.761111111111111,28,0.06594202886187711,0.06595653486934662,0.06525978977046495,0.06593936159197503,0.14506007469508586,-6.822390914121568,-0.02667269902084657
2029-06-15,2029-07-13,2.7805555555555554,28,0.06594968630457133,0.06595653486934662,0.0652075323564746,0.06594714175866592,0.06848564775285837,-7.421539480967354,-0.025445459054113106
2029-06-22,2029-07-20,2.8,28,0.06595783655971069,0.06595653486934662,0.06515527515380949,0.06595538176454926,-0.013016903640666877,-8.025614059011948,-0.024547951614217745
2029-06-29,2029-07-27,2.8194444444444446,28,0.06596647074209688,0.06595653486934662,0.06510301816246677,0.06596406631042598,-0.0993587275026353,-8.634525796301084,-0.02404431670904872
2029-07-06,2029-08-03,2.838888888888889,28,0.06597558009072088,0.06595653486934376,0.06505076138245215,0.06597318009711131,-0.1904522137712028,-9.248187082687293,-0.023999936095697727
2029-07-13,2029-08-10,2.8583333333333334,28,0.06598515596705846,0.06595653486934662,0.06499850481375992,0.06598270782541762,-0.28621097711845067,-9.866511532985456,-0.024481416408400625
2029-07-20,2029-08-17,2.8777777777777778,28,0.06599518985337172,0.06595653486934662,0.06494624845639008,0.06599263419615158,-0.38654984025096595,-10.489413969816397,-0.02555657220140728
2029-07-27,2029-08-24,2.897222222222222,28,0.06600567335105881,0.06595653486934662,0.06489399231033977,0.06600294391011127,-0.49138481712188153,-11.116810407190425,-0.027294409475353554
2029-08-03,2029-08-31,2.9166666666666665,28,0.06601659817900396,0.06595653486934662,0.06484173637561184,0.0660136216680805,-0.6006330965734052,-11.74861803392116,-0.029765109234580756
2029-08-10,2029-09-07,2.936111111111111,28,0.06602795617197296,0.06595653486934662,0.06478948065220345,0.0660246521708317,-0.7142130262634272,-12.38475519769508,-0.0330400114126328
2029-08-17,2029-09-14,2.9555555555555557,28,0.06603973927901446,0.06595653486934376,0.0647372251401146,0.066036020119103,-0.8320440967070353,-13.025141388998684,-0.03719159911458325
2029-08-24,2029-09-21,2.975,28,0.0660519395618813,0.06597771956640607,0.06477412780793612,0.06604771023973166,-0.7421999547523039,-12.778117539451738,-0.042293221496347844
2029-08-31,2029-09-28,2.9944444444444445,28,0.06606454919350016,0.06612601341820717,0.06535053613793679,0.06605972061319029,0.6146422470701407,-7.1401305556337284,-0.048285803098679914
2029-09-07,2029-10-05,3.013888888888889,28,0.0660775604564301,0.06627430897169281,0.06593492131108349,0.06607208491893525,1.9674851526271797,-1.426391453466097,-0.05475537494845084
2029-09-14,2029-10-12,3.033333333333333,28,0.06609096574136647,0.06642260622688578,0.06652728440722669,0.06608484381188028,3.3164048551931335,4.363186658602192,-0.061219294861941664
2029-09-21,2029-10-19,3.0527777777777776,28,0.06610475754565368,0.06654971951433591,0.06703845231386087,0.06609803929053287,4.449619686822393,9.33694768207191,-0.06718255120802263
2029-09-28,2029-10-26,3.0722222222222224,28,0.06611892847182618,0.06654971951433877,0.06701799486835469,0.06611170136940109,4.307910425125905,8.990663965285083,-0.07227102425094722
2029-10-05,2029-11-02,3.091666666666667,28,0.06613347122616409,0.06654971951433877,0.06699753745523404,0.06612582583354795,4.162482881746865,8.640662290699542,-0.07645392616134616
2029-10-12,2029-11-09,3.111111111111111,28,0.0661483786172799,0.06654971951433591,0.0669770800744932,0.06614040286226347,4.013408970560128,8.28701457213296,-0.07975755016431663
2029-10-19,2029-11-16,3.1305555555555555,28,0.06616364355469972,0.06654971951433591,0.06695662272613216,0.06615542263483201,3.8607595963618957,7.929791714324369,-0.08220919867713006
2029-10-26,2029-11-23,3.15,28,0.06617925904750425,0.06654971951433591,0.0669361654101538,0.06617087533053503,3.7046046683165965,7.56906362649551,-0.083837169692208
2029-11-02,2029-11-30,3.1694444444444443,28,0.06619521820295571,0.06654971951433591,0.06691570812655812,0.06618675112866258,3.5450131138020646,7.204899236024076,-0.0846707429312532
2029-11-09,2029-12-07,3.188888888888889,28,0.06621151422514737,0.06654971951433591,0.06689525087533937,0.06620304020849327,3.382052891885423,6.837366501920017,-0.08474016654103078
2029-11-16,2029-12-14,3.2083333333333335,28,0.06622814041370471,0.06654971951433591,0.06687479365650617,0.06621973274929431,3.215791006312002,6.466532428014565,-0.08407664410403637
2029-11-23,2029-12-21,3.227777777777778,28,0.06624509016245497,0.06654971951433877,0.06685433647005562,0.06623681893032149,3.046293518838006,6.092463076006471,-0.08271232133483242
2029-11-30,2029-12-28,3.2472222222222222,28,0.06626235695815394,0.06654971951433591,0.06683387931598489,0.0662542889308163,2.873625561819748,5.715223578309503,-0.08068027337646
2029-12-07,2030-01-04,3.2666666666666666,28,0.06627993437922118,0.06654971951433591,0.06681342219429684,0.06627213293000311,2.6978513511473343,5.334878150756589,-0.07801449218067247
2029-12-14,2030-01-11,3.286111111111111,28,0.06629781609447827,0.06654971951433877,0.06679296510498572,0.06629034110708348,2.5190341986050524,4.951490105074563,-0.0747498739478436
2029-12-21,2030-01-18,3.3055555555555554,28,0.066315995861924,0.06654971951433591,0.06677250804806015,0.06630890364123612,2.337236524119213,4.565121861361543,-0.07092220687870965
2029-12-28,2030-01-25,3.325,28,0.06633446752752109,0.06654971951433591,0.06675205102351153,0.06632781071160831,2.1525198681482394,4.175834959904423,-0.0665681591277556
2030-01-04,2030-02-01,3.3444444444444446,28,0.06635322502399715,0.06654971951433877,0.06673159403134557,0.06634705249732166,1.9649449034161992,3.7836900734841694,-0.06172526675493617
2030-01-11,2030-02-08,3.363888888888889,28,0.06637226236965134,0.06654971951433591,0.06671113707156229,0.06636661917747208,1.7745714468457574,3.3887470191094895,-0.056431921792582385
2030-01-18,2030-02-15,3.3833333333333333,28,0.06639157366720669,0.06654971951433591,0.06669068014415881,0.06638650093110979,1.581458471292263,2.9910647695212402,-0.0507273609690051
2030-01-25,2030-02-22,3.4027777777777777,28,0.06641115310265677,0.06654971951433877,0.066670223249138,0.06640668793725078,1.3856641168200068,2.590701464812301,-0.04465165405989624
2030-02-01,2030-03-01,3.422222222222222,28,0.06643099494412663,0.06654971951433591,0.06664976638649416,0.06642717037488247,1.1872457020928318,2.1877144236752413,-0.03824569244165188
2030-02-08,2030-03-08,3.441666666666667,28,0.06645109354077075,0.06654971951433591,0.06662930955623013,0.06644793842293233,0.98625973565164,1.782160154593787,-0.031551178384242595
2030-02-15,2030-03-15,3.4611111111111112,28,0.06647144332165686,0.06654971951433877,0.06660885275835161,0.06646898226029929,0.7827619268191421,1.374094366947548,-0.024610613575670737
2030-02-22,2030-03-22,3.4805555555555556,28,0.06649203879468958,0.06654971951433591,0.06658839599285006,0.06649029206583373,0.5768071964633303,0.9635719816047938,-0.017467288558475902
2030-03-01,2030-03-29,3.5,28,0.0665128745455428,0.06654971951433877,0.06656793925973403,0.06651185801832613,0.36844968795968214,0.5506471419122749,-0.010165272166795525
2030-03-08,2030-04-05,3.5194444444444444,28,0.06653394523660047,0.06654971951433591,0.06654748255899781,0.06653367029654117,0.15774277735441933,0.13537322397338958,-0.002749400593027307
2030-03-15,2030-04-12,3.5388888888888888,28,0.06655524560591454,0.06654971951433591,0.0665270258906357,0.06655571907916086,-0.055260915786253806,-0.28219715278846036,0.0047347324631796806
2030-03-22,2030-04-19,3.558333333333333,28,0.06657677046619158,0.06654971951433591,0.06650656925465911,0.06657799454483859,-0.2705095185566442,-0.7020121153246406,0.012240786470135712
2030-03-29,2030-04-26,3.577777777777778,28,0.06659851470376209,0.06654971951433591,0.06648611265106519,0.0666004868721621,-0.48795189426173446,-1.1240205269689996,0.019721684000190143
2030-04-05,2030-05-03,3.5972222222222223,28,0.06662047327760418,0.06654971951433877,0.06646565607984822,0.06662318623965918,-0.7075376326540206,-1.5481719775595204,0.0271296205500704
2030-04-12,2030-05-10,3.6166666666666667,28,0.06664264121834723,0.06654971951433591,0.06644519954101107,0.06664608282581197,-0.9292170401131727,-1.974416773361659,0.034416074647380945
2030-04-19,2030-05-17,3.636111111111111,28,0.0666650136273098,0.06654971951433591,0.06642474303455659,0.06666916680902261,-1.1529411297388215,-2.402705927532084,0.04153181712818199
2030-04-26,2030-05-24,3.6555555555555554,28,0.06668758567554317,0.06654971951433591,0.06640428656047906,0.06669242836765049,-1.3786616120725625,-2.8329911506411176,0.04842692107320801
2030-05-03,2030-05-31,3.675,28,0.0667103526028837,0.06654971951433591,0.06638383011878421,0.06671585767998073,-1.6063308854778746,-3.2652248409949234,0.05505077097026079
2030-05-10,2030-06-07,3.6944444444444446,28,0.06673330971703052,0.06654971951433591,0.06636337370946915,0.0667394449242328,-1.8359020269460846,-3.6993600756136944,0.061352072022735626
2030-05-17,2030-06-14,3.713888888888889,28,0.06675645239262355,0.06654971951433591,0.06634291733253107,0.06676318027856906,-2.067328782876382,-4.135350600924792,0.06727885945509438
2030-05-24,2030-06-21,3.7333333333333334,28,0.06677977607035272,0.06654971951433591,0.06632246098797566,0.06678705392108052,-2.3005655601680832,-4.573150823770633,0.07277850727793744
2030-05-31,2030-06-28,3.7527777777777778,28,0.06680327625604443,0.06654971951433877,0.06630200467580005,0.06681105602978679,-2.5355674170565723,-5.012715802443779,0.07779773742361273
2030-06-07,2030-07-05,3.772222222222222,28,0.06682694851981077,0.06654971951433591,0.06628154839600425,0.06683517678264472,-2.772290054748605,-5.454001238065221,0.08228262833948063
2030-06-14,2030-07-12,3.7916666666666665,28,0.0668507884951646,0.06654971951433877,0.06626109214858827,0.06685940635753974,-3.010689808258249,-5.896963465763239,0.08617862375145946
2030-06-21,2030-07-19,3.811111111111111,28,0.06687479187816298,0.06654971951433877,0.06624063593355498,0.06688373493228023,-3.2507236382420257,-6.341559446080003,0.08943054117249716
2030-06-28,2030-07-26,3.8305555555555557,28,0.06689895442659363,0.06654971951433591,0.06622017975089861,0.0669081526846146,-3.4923491225771763,-6.787746756950208,0.09198258020967631
2030-07-05,2030-08-02,3.85,28,0.06692327195910412,0.06654971951433591,0.06619972360062208,0.06693264979220848,-3.735524447682076,-7.235483584820401,0.0937783310435425
2030-07-12,2030-08-09,3.8694444444444445,28,0.06694774035441402,0.06654971951433591,0.06617926748272535,0.0669572164326561,-3.9802084007810326,-7.684728716886719,0.09476078242087738
2030-07-19,2030-08-16,3.888888888888889,28,0.06697235555049831,0.06654971951433591,0.06615881139720559,0.06698184278348895,-4.226360361623965,-8.135441532927251,0.09487232990643135
2030-07-26,2030-08-23,3.908333333333333,28,0.06699711354378524,0.06654971951433877,0.06613835534407134,0.06700651902214995,-4.473940294464629,-8.587581997138994,0.09405478364712949
2030-08-02,2030-08-30,3.9277777777777776,28,0.06702201038837975,0.06654971951433877,0.06611789932331405,0.06703123532601639,-4.722908740409787,-9.04111065065702,0.0922493763663712
2030-08-09,2030-09-06,3.9472222222222224,28,0.06704704219527846,0.06654971951433877,0.06609744333493373,0.06705598187239131,-4.9732268093968806,-9.495988603447358,0.08939677112851374
2030-08-16,2030-09-13,3.966666666666667,28,0.06707220513162161,0.06654971951433591,0.06607698737893607,0.06708074883849502,-5.2248561728569785,-9.952177526855454,0.08543706873406776
2030-08-23,2030-09-20,3.986111111111111,28,0.06709749541993373,0.06654971951433591,0.06605653145531536,0.06710552640147924,-5.4777590559781935,-10.409639646183772,0.08030981545503746
2030-08-30,2030-09-27,4.0055555555555555,28,0.06712290933737279,0.06687261179529733,0.06651073445393031,0.06713031328972972,-2.5029754207546437,-6.121748834424789,0.07403952356932475
2030-09-06,2030-10-04,4.025,28,0.06714844321501078,0.06719551214356839,0.06696947421966438,0.06715514276266456,0.4706892855761702,-1.7896899534639021,0.06699547653782334
2030-09-13,2030-10-11,4.044444444444444,28,0.06717409343710282,0.06751842055935185,0.06743275123448633,0.0671800575271732,3.443271222490357,2.586577973835158,0.059640900703789024
2030-09-20,2030-10-18,4.063888888888889,28,0.0671998564403764,0.0678413370428475,0.0679005659851525,0.06720510126775452,6.414806024711006,7.00709544776093,0.05244827378111938
2030-09-27,2030-10-25,4.083333333333333,28,0.06722572871333471,0.0678413370428475,0.06789819167917496,0.0672303100951886,6.1560832951279565,6.724629658402536,0.04581381853885347
2030-10-04,2030-11-01,4.102777777777778,28,0.06725170679556294,0.0678413370428475,0.06789581737363136,0.06725568656651003,5.8963024728456155,6.4411057806841585,0.03979770947085126
2030-10-11,2030-11-08,4.122222222222222,28,0.06727778727704312,0.0678413370428475,0.06789344306852454,0.06728122476882005,5.635497658043887,6.156557914814287,0.03437491776933643
2030-10-18,2030-11-15,4.141666666666667,28,0.06730396679747175,0.0678413370428475,0.06789106876385453,0.0673069187891771,5.373702453757567,5.871019663827859,0.029519917053577593
2030-10-25,2030-11-22,4.161111111111111,28,0.06733024204562042,0.0678413370428475,0.06788869445961845,0.06733276271461396,5.110949972270823,5.584524139980313,0.025206689935330928
2030-11-01,2030-11-29,4.180555555555555,28,0.06735660975865056,0.0678413370428475,0.06788632015582202,0.06735875063209479,4.84727284196948,5.297103971714651,0.02140873444231306
2030-11-08,2030-12-06,4.2,28,0.06738306672148539,0.0678413370428475,0.06788394585245953,0.06738487662855532,4.5827032136211425,5.008791309741439,0.018099070699245656
2030-11-15,2030-12-13,4.219444444444444,28,0.06740960976618471,0.0678413370428475,0.0678815715495367,0.06741113479089408,4.317272766627966,4.719617833519873,0.015250247093756553
2030-11-22,2030-12-20,4.238888888888889,28,0.06743623577127687,0.0678413370428475,0.06787919724704494,0.06743751920594969,4.05101271570632,4.429614757680694,0.012834346728163304
2030-11-29,2030-12-27,4.258333333333334,28,0.06746294166118494,0.0678413370428475,0.06787682294499284,0.06746402396053222,3.7839538166256625,4.138812838078987,0.010822993472825448
2030-12-06,2031-01-03,4.277777777777778,28,0.0674897244055872,0.0678413370428475,0.06787444864337466,0.0674906431413975,3.5161263726030123,3.8472423778745934,0.009187358102902277
2030-12-13,2031-01-10,4.2972222222222225,28,0.06751658101881766,0.0678413370428475,0.06787207434219328,0.06751737083526134,3.2475602402984305,3.5549332337561634,0.007898164436775934
2030-12-20,2031-01-17,4.316666666666666,28,0.06754350855928079,0.0678413370428475,0.0678697000414487,0.06754420112878254,2.9782848356671443,3.2619148216790625,0.006925695017478972
2030-12-27,2031-01-24,4.336111111111111,28,0.06757050412886338,0.0678413370428475,0.0678673257411409,0.06757112810858842,2.708329139841231,2.96821612277523,0.006239797250423562
2031-01-03,2031-01-31,4.355555555555555,28,0.06759756487234084,0.06784133704285036,0.06786495144126706,0.06759814586124925,2.4377217050952638,2.6738656892622004,0.005809889084135156
2031-01-10,2031-02-07,4.375,28,0.06762468797683178,0.0678413370428475,0.06786257714183,0.06762524847328676,2.1664906601571996,2.3788916499821458,0.005604964549710267
2031-01-17,2031-02-14,4.394444444444445,28,0.06765187067122433,0.06784133704285036,0.06786020284283259,0.06765243003118553,1.8946637162603475,2.083321716082609,0.005593599611969369
2031-01-24,2031-02-21,4.413888888888889,28,0.06767911022560215,0.0678413370428475,0.06785782854426627,0.06767968462136739,1.6222681724535615,1.7871831866411725,0.005743957652432075
2031-01-31,2031-02-28,4.433333333333334,28,0.067706403950745,0.0678413370428475,0.06785545424613959,0.06770700633021987,1.3493309210250992,1.4905029539459547,0.00602379474870518
2031-02-07,2031-03-07,4.4527777777777775,28,0.06773374919752621,0.0678413370428475,0.0678530799484497,0.0677343892440734,1.075878453212914,1.1933075092349088,0.006400465471928518
2031-02-14,2031-03-14,4.472222222222222,28,0.06776114335644179,0.0678413370428475,0.0678507056511909,0.06776182744920708,0.8019368640571622,0.8956229474911537,0.006840927652962403
2031-02-21,2031-03-21,4.491666666666666,28,0.06778858385703927,0.0678413370428475,0.06784833135437461,0.06778931503185996,0.5275318580823252,0.5974749733533846,0.0073117482068951745
2031-02-28,2031-03-28,4.511111111111111,28,0.06781606816741542,0.0678413370428475,0.06784595705798939,0.0678168460782112,0.25268875432082893,0.29888890573967486,0.007779107957794906
2031-03-07,2031-04-04,4.530555555555556,28,0.06784359379373367,0.0678413370428475,0.06784358276204097,0.06784441467439141,-0.022567508861648378,-0.00011031692698226792,0.008208806577397754
2031-03-14,2031-04-11,4.55,28,0.06787115827965888,0.0678413370428475,0.0678412084665322,0.06787201490649121,-0.29821236811375385,-0.2994981312667844,0.008566268323295656
2031-03-21,2031-04-18,4.569444444444445,28,0.0678987592059234,0.0678413370428475,0.06783883417145452,0.06789964086053558,-0.5742216307590142,-0.5992503446888842,0.00881654612178151
2031-03-28,2031-04-25,4.588888888888889,28,0.06792639418979324,0.0678413370428475,0.06783645987681933,0.06792728662251811,-0.8505714694573285,-0.8993431297391052,0.008924327248721609
2031-04-04,2031-05-02,4.608333333333333,28,0.06795406088460837,0.0678413370428475,0.06783408558261522,0.06795494627836383,-1.1272384176086447,-1.199753019931471,0.00885393755464814
2031-04-11,2031-05-09,4.627777777777778,28,0.06798175697929176,0.0678413370428475,0.06783171128884792,0.06798261391395499,-1.404199364442582,-1.5004569044384242,0.008569346632292252
2031-04-18,2031-05-16,4.647222222222222,28,0.06800948019788683,0.0678413370428475,0.06782933699552027,0.06801028361512815,-1.681431550393242,-1.8014320236656167,0.008034172413184937
2031-04-25,2031-05-23,4.666666666666667,28,0.06803722829909788,0.0678413370428475,0.06782696270262369,0.06803794946765418,-1.9589125625037174,-2.1026559647419063,0.007211685563029979
2031-05-02,2031-05-30,4.686111111111111,28,0.06806499907581896,0.0678413370428475,0.06782458841016675,0.06806560555727545,-2.236620329714584,-2.404106656522104,0.006064814564860077
2031-05-09,2031-06-06,4.705555555555556,28,0.06809279035468574,0.0678413370428475,0.06782221411814662,0.0680932459696572,-2.514533118382345,-2.705762365391162,0.004556149714590729
2031-05-16,2031-06-13,4.725,28,0.06812059999565007,0.0678413370428475,0.06781983982656042,0.06812086479044188,-2.792629528025614,-3.007601690896422,0.002647947918155147
2031-05-23,2031-06-20,4.7444444444444445,28,0.06814842589150327,0.0678413370428475,0.06781746553541103,0.06814845610520052,-3.070888486557677,-3.309603560922442,0.0003021369725242362
2031-05-30,2031-06-27,4.763888888888889,28,0.06817626596747355,0.0678413370428475,0.06781509124469556,0.06817601399945852,-3.3492892462604065,-3.611747227779821,-0.0025196801502203048
2031-06-06,2031-07-04,4.783333333333333,28,0.06820411818078924,0.0678413370428475,0.0678127169544169,0.06820353255869842,-3.6278113794173397,-3.9140122637233707,-0.005856220908206922
2031-06-13,2031-07-11,4.802777777777778,28,0.06823198052025342,0.0678413370428475,0.06781034266457787,0.06823100586834853,-3.9064347740591643,-4.216378556755468,-0.009746519048919877
2031-06-20,2031-07-18,4.822222222222222,28,0.06825985100582997,0.0678413370428475,0.06780796837517279,0.06825842801378292,-4.185139629824669,-4.5188263065718,-0.014229920470565371
2031-06-27,2031-07-25,4.841666666666667,28,0.06828772768822956,0.0678413370428475,0.0678055940862045,0.06828579308033282,-4.463906453820582,-4.821336020250644,-0.019346078967419356
2031-07-04,2031-08-01,4.861111111111111,28,0.06831560864851863,0.0678413370428475,0.06780321979767587,0.06831309515327812,-4.742716056711227,-5.123888508427599,-0.025134952405109212
2031-07-11,2031-08-08,4.8805555555555555,28,0.0683434919977025,0.0678413370428475,0.06780084550957545,0.06834032831784725,-5.021549548549914,-5.426464881270466,-0.03163679855242019
2031-07-18,2031-08-15,4.9,28,0.06837137587633713,0.0678413370428475,0.06779847122191754,0.06836748665922304,-5.300388334896211,-5.729046544195871,-0.03889217114083632
2031-07-25,2031-08-22,4.919444444444444,28,0.06839925845414088,0.0678413370428475,0.06779609693469357,0.06839456426253118,-5.579214112933773,-6.031615194473094,-0.046941916096998604
2031-08-01,2031-08-29,4.938888888888889,28,0.06842713792962053,0.0678413370428475,0.06779372264790354,0.06842155521286308,-5.858008867730274,-6.334152817169953,-0.055827167574490355
2031-08-08,2031-09-05,4.958333333333333,28,0.0684550125296744,0.0678413370428475,0.06779134836155315,0.0684484535952474,-6.136754868268923,-6.636641681212474,-0.06558934426997842
2031-08-15,2031-09-12,4.977777777777778,28,0.06848288050922983,0.0678413370428475,0.06778897407563671,0.0684752534946842,-6.4154346638233,-6.939064335931278,-0.07627014545638633
2031-08-22,2031-09-19,4.997222222222222,28,0.06851074015087491,0.0678413370428475,0.06778659979015705,0.06850194899611076,-6.694031080274055,-7.241403607178565,-0.0879115476415393
2031-08-29,2031-09-26,5.016666666666667,28,0.06853858976449015,0.06813811975524173,0.0680171017428848,0.06852853576359832,-4.004700092484215,-5.21488021605343,-0.10054000891823733
2031-09-05,2031-10-03,5.036111111111111,28,0.0685664276869031,0.06865750589991171,0.06842471526362415,0.06855503611183128,0.9107821300860519,-1.4171242327895572,-0.11391575071822979
2031-09-12,2031-10-10,5.055555555555555,28,0.06859425228151432,0.069176912915461,0.06883545280577362,0.0685814949626359,5.8266063394668555,2.412005242592996,-0.12757318878425794
2031-09-19,2031-10-17,5.075,28,0.06862206193796055,0.06969634080272608,0.06924931466632708,0.06860795867715279,10.74278864765521,6.272527283665285,-0.14103260807765694
2031-09-26,2031-10-24,5.094444444444444,28,0.06864985507176925,0.06991895914391881,0.06943339519268907,0.06863447281300822,12.691040721495572,7.83540120919815,-0.15382258761034717
2031-10-03,2031-10-31,5.113888888888889,28,0.06867763012402454,0.06991895914391881,0.06944346585292337,0.06866105705260932,12.413290198942661,7.658357288988227,-0.16573071415226792
2031-10-10,2031-11-07,5.133333333333334,28,0.06870538556100758,0.06991895914391881,0.06945353652100852,0.06868770924667819,12.135735829112287,7.481509600009428,-0.17676314329390097
2031-10-17,2031-11-14,5.152777777777778,28,0.06873311987391384,0.06991895914391881,0.06946360719693599,0.06871442658223069,11.858392700049707,7.304873230221526,-0.18693291683150037
2031-10-24,2031-11-21,5.1722222222222225,28,0.06876083157846491,0.06991895914392167,0.06947367788071432,0.06874120624625128,11.581275654567596,7.128463022494092,-0.19625332213626945
2031-10-31,2031-11-28,5.191666666666666,28,0.06878851921464296,0.06991895914391881,0.06948374857233494,0.06876804542571874,11.304399292758477,6.9522935769197876,-0.20473788924224579
2031-11-07,2031-12-05,5.211111111111111,28,0.06881618134632822,0.06991895914391881,0.0694938192718007,0.0687949413075804,11.0277779759059,6.776379254724851,-0.21240038747816214
2031-11-14,2031-12-12,5.230555555555555,28,0.068843816561022,0.06991895914392167,0.0695038899791145,0.06882189107876366,10.75142582899674,6.600734180925022,-0.2192548225833646
2031-11-21,2031-12-19,5.25,28,0.06887142346951267,0.06991895914391881,0.06951396069427057,0.06884889192617015,10.475356744061443,6.425372247579054,-0.22531543342516058
2031-11-28,2031-12-26,5.269444444444445,28,0.0688990007055788,0.06991895914391881,0.06952403141727752,0.06887594103668729,10.199584383400046,6.250307116987125,-0.23059668891517449
2031-12-05,2032-01-02,5.288888888888889,28,0.06892654692569801,0.06991895914391881,0.06953410214812676,0.06890303559716537,9.924122182208006,6.075552224287517,-0.2351132853263549
2031-12-12,2032-01-09,5.308333333333334,28,0.06895406080872421,0.06991895914391881,0.06954417288682116,0.0689301727944404,9.648983351946,5.901120780969493,-0.23888014283809933
2031-12-19,2032-01-16,5.3277777777777775,28,0.06898154105562224,0.06991895914392167,0.06955424363336357,0.06895734981532842,9.374180882994326,5.727025777413353,-0.2419124029381936
2031-12-26,2032-01-23,5.347222222222222,28,0.06900898638915948,0.06991895914391881,0.06956431438774827,0.06898456384661117,9.099727547593334,5.553279985887894,-0.24422542548308002
2032-01-02,2032-01-30,5.366666666666666,28,0.06903639555363471,0.06991895914392167,0.06957438514998383,0.06901181207505903,8.82563590286961,5.379895963491254,-0.24583478575673778
2032-01-09,2032-02-06,5.386111111111111,28,0.06906376731458108,0.06991895914391881,0.06958445592005884,0.06903909168741094,8.551918293377286,5.2068860547775655,-0.2467562717013705
2032-01-16,2032-02-13,5.405555555555556,28,0.06909110045850074,0.06991895914391881,0.06959452669798472,0.069066399870383,8.278586854180702,5.034262394839756,-0.24700588117737565
2032-01-23,2032-02-20,5.425,28,0.06911839379258497,0.06991895914392167,0.06960459748375573,0.06909373381067706,8.005653513366989,4.86203691170764,-0.2465998190791241
2032-01-30,2032-02-27,5.444444444444445,28,0.069145646144443,0.06991895914391597,0.06961466827736906,0.06912109069494925,7.73312999472961,4.690221329260585,-0.2455544949375721
2032-02-06,2032-03-05,5.463888888888889,28,0.06917285636183942,0.06991895914392167,0.06962473907883325,0.06914846770986147,7.461027820822447,4.518827169938261,-0.2438865197795792
2032-02-13,2032-03-12,5.483333333333333,28,0.06920002331242284,0.06991895914391881,0.06963480988813973,0.06917586204202987,7.1893583149597315,4.3478657571689725,-0.24161270392966672
2032-02-20,2032-03-19,5.502777777777778,28,0.06922714588347478,0.06991895914391881,0.06964488070529422,0.06920327087805354,6.918132604440269,4.177348218194349,-0.23875005421239437
2032-02-27,2032-03-26,5.522222222222222,28,0.06925422298163841,0.06991895914392167,0.06965495153029387,0.06923069140451725,6.647361622832554,4.007285486554574,-0.23531577121163605
2032-03-05,2032-04-02,5.541666666666667,28,0.06928125353269016,0.06991895914391881,0.0696650223631358,0.06925812080796012,6.3770561122865335,3.837688304456494,-0.23132724730035026
2032-03-12,2032-04-09,5.561111111111111,28,0.06930823648126566,0.06991895914392167,0.06967509320382861,0.06928555627491839,6.107226626560075,3.6685672256295265,-0.2268020634726975
2032-03-19,2032-04-16,5.580555555555556,28,0.06933517079062566,0.06991895914391881,0.06968516405236658,0.06931299499189406,5.837883532931465,3.4999326174091347,-0.2217579873160791
2032-03-26,2032-04-23,5.6,28,0.0693620554424019,0.06991895914392167,0.06969523490874968,0.06934043414536628,5.569037015197703,3.3317946634778273,-0.2162129703561777
2032-04-02,2032-04-30,5.6194444444444445,28,0.06938888943636876,0.06991895914391881,0.0697053057729751,0.06936787092179422,5.300697075500543,3.1641633660633994,-0.2101851457453341
2032-04-09,2032-05-07,5.638888888888889,28,0.06941567179020915,0.06991895914391881,0.06971537664505137,0.06939530250760566,5.032873537096638,2.9970485484222262,-0.2036928260348847
2032-04-16,2032-05-14,5.658333333333333,28,0.06944240153924902,0.06991895914391881,0.0697254475249728,0.06942272608921408,4.765576046697889,2.83045985723776,-0.19675450034936648
2032-04-23,2032-05-21,5.677777777777778,28,0.06946907773627752,0.06991895914391881,0.06973551841273938,0.06945013885300158,4.498814076412949,2.664406764618654,-0.18938883275934626
2032-04-30,2032-05-28,5.697222222222222,28,0.06949569945127568,0.06991895914392167,0.06974558930835396,0.06947753798533027,4.232596926459914,2.498898570782865,-0.18161465945409905
2032-05-07,2032-06-04,5.716666666666667,28,0.0695222657711996,0.06991895914391881,0.069755660211808,0.06950492067253938,3.966933727192062,2.3339444060839485,-0.17345098660220826
2032-05-14,2032-06-11,5.736111111111111,28,0.06954877579978908,0.06991895914392167,0.06976573112311289,0.06953228410093112,3.7018334413259355,2.1695532332381697,-0.16491698857951098
2032-05-21,2032-06-18,5.7555555555555555,28,0.06957522865730212,0.06991895914391881,0.06977580204226008,0.06955962545681331,3.437304866166918,2.0057338495796384,-0.15603200488809033
2032-05-28,2032-06-25,5.775,28,0.0696016234803322,0.06991895914391881,0.06978587296925529,0.06958694192643675,3.1733566358660426,1.8424948892308002,-0.14681553895459776
2032-06-04,2032-07-02,5.794444444444444,28,0.06962795942158,0.06991895914391881,0.06979594390409849,0.06961423069605216,2.909997223388139,1.679844825184934,-0.13728725527836771
2032-06-11,2032-07-09,5.813888888888889,28,0.06965423564965338,0.06991895914391881,0.06980601484678685,0.06964148895187325,2.6472349426542863,1.51779197133467,-0.12746697780133265
2032-06-18,2032-07-16,5.833333333333333,28,0.06968045134884772,0.06991895914392167,0.06981608579732036,0.06966871388009935,2.3850779507395004,1.356344484726435,-0.11737468748371227
2032-06-25,2032-07-23,5.852777777777778,28,0.0697066057189374,0.06991895914391881,0.06982615675569903,0.06969590266689846,2.1235342498140963,1.1955103676163092,-0.10703052038943395
2032-07-02,2032-07-30,5.872222222222222,28,0.06973269797499317,0.06991895914392167,0.06983622772192856,0.06972305249841858,1.862611689285032,1.0352974693539352,-0.09645476574587919
2032-07-09,2032-08-06,5.891666666666667,28,0.06975872734716512,0.06991895914391881,0.06984629869599754,0.06975016056078769,1.602317967536876,0.8757134883241591,-0.08566786377436908
2032-07-16,2032-08-13,5.911111111111111,28,0.06978469308049144,0.06991895914391881,0.06985636967791166,0.06977722404010527,1.3426606342736846,0.7167659742021715,-0.07469040386176573
2032-07-23,2032-08-20,5.930555555555555,28,0.06981059443470145,0.06991895914392167,0.06986644066767665,0.06980424012245365,1.083647092202239,0.5584623297520686,-0.06354312247797145
2032-07-30,2032-08-27,5.95,28,0.06983643068401856,0.06991895914392167,0.06987651166528679,0.06983120599388373,0.8252845990311397,0.4008098126823123,-0.05224690134822407
2032-08-06,2032-09-03,5.969444444444444,28,0.06986220111698899,0.06991895914392167,0.06988658267073923,0.06985811884043219,0.5675802693268228,0.24381553750243978,-0.04082276556793829
2032-08-13,2032-09-10,5.988888888888889,28,0.06988790503626488,0.06991895914392167,0.06989665368403968,0.06988497584810428,0.31054107656788843,0.08748647774795004,-0.029291881605969516
2032-08-20,2032-09-17,6.008333333333334,28,0.06991354175844716,0.06991895914391881,0.06990672470519099,0.06991177420289096,0.05417385471648273,-0.06817053256169547,-0.017675555561980083
2032-08-27,2032-09-24,6.027777777777778,28,0.06993911061388866,0.06991895914391881,0.06991679573418175,0.06993851109075466,-0.20151469969850733,-0.22314879706913926,-0.005995231339983587
2032-09-03,2032-10-01,6.0472222222222225,28,0.0699646109465113,0.06991895914391881,0.06992686677102336,0.06996518369763782,-0.45651802592486246,-0.3774417548793596,0.005727511265263274
2032-09-10,2032-10-08,6.066666666666666,28,0.06999004211363774,0.06991895914391881,0.06993693781571013,0.06999178920946575,-0.7108296971893024,-0.531042979276114,0.017470958280085824
2032-09-17,2032-10-15,6.086111111111111,28,0.07001540348581438,0.06991895914391881,0.06994700886823921,0.07001832481212666,-0.964443418955685,-0.6839461757517096,0.02921326312285699
2032-09-24,2032-10-22,6.105555555555555,28,0.07004069444662285,0.06991895914392167,0.06995707992861627,0.07004478769150874,-1.2173530270118138,-0.8361451800657782,0.04093244885886027
2032-10-01,2032-10-29,6.125,28,0.07006591439253164,0.06991895914391881,0.0699671509968385,0.07007117503344881,-1.4695524861282894,-0.9876339569313275,0.05260640917173487
2032-10-08,2032-11-05,6.144444444444445,28,0.07009106273271337,0.06991895914391881,0.0699772220729059,0.07009748402379794,-1.7210358879456156,-1.1384065980747649,0.06421291084565683
2032-10-15,2032-11-12,6.163888888888889,28,0.07011613888887348,0.06991895914391881,0.06998729315682128,0.07012371184835299,-1.9717974495467305,-1.2884573205219907,0.07572959479507091
2032-10-22,2032-11-19,6.183333333333334,28,0.07014114229510181,0.06991895914391881,0.06999736424858183,0.07014985569290794,-2.2218315118299747,-1.437780465199795,0.08713397806128786
2032-10-29,2032-11-26,6.2027777777777775,28,0.07016607239769838,0.06991895914392167,0.07000743534819037,0.0701759127432368,-2.471132537767151,-1.5863704950801194,0.09840345538414397
2032-11-05,2032-12-03,6.222222222222222,28,0.07019092865500223,0.06991895914392167,0.07001750645564409,0.07020188018507646,-2.7196951108056364,-1.734221993581475,0.10951530074229665
2032-11-12,2032-12-10,6.241666666666666,28,0.07021571053727424,0.06991895914391881,0.07002757757094294,0.07022775520416381,-2.9675139335542946,-1.8813296633130028,0.12044666889574063
2032-11-19,2032-12-17,6.261111111111111,28,0.07024041752648305,0.06991895914391881,0.07003764869408981,0.07025353498619293,-3.214583825642409,-2.027688323932436,0.13117459709874324
2032-11-26,2032-12-24,6.280555555555556,28,0.07026504911619094,0.06991895914391881,0.07004771982508183,0.07027921671686357,-3.460899722721317,-2.1732929110911128,0.1416760067263212
2032-12-03,2032-12-31,6.3,28,0.07028960481139958,0.06991895914391881,0.070057790963919,0.07030479758182986,-3.706456674807679,-2.318138474805831,0.15192770430286218
2032-12-10,2033-01-07,6.319444444444445,28,0.07031408412836448,0.06991895914391881,0.07006786211060417,0.07033027476674018,-3.9512498444567443,-2.462220177603114,0.16190638375698785
2032-12-17,2033-01-14,6.338888888888889,28,0.07033848659450083,0.06991895914391881,0.07007793326513166,0.07035564545722295,-4.195274505820191,-2.6055332936916753,0.17158862722119195
2032-12-24,2033-01-21,6.358333333333333,28,0.07036281174818645,0.06991895914391881,0.07008800442750715,0.070380906838878,-4.438526042676444,-2.7480732067930447,0.18095090691547244
2032-12-31,2033-01-28,6.377777777777778,28,0.07038705913865334,0.06991895914392167,0.07009807559773064,0.0704060560972995,-4.6809999473167165,-2.889835409227021,0.18996958646155804
2033-01-07,2033-02-04,6.397222222222222,28,0.07041122832581641,0.06991895914391881,0.07010814677579928,0.0704310904180502,-4.922691818975977,-3.030815500171258,0.19862092233785544
2033-01-14,2033-02-11,6.416666666666667,28,0.07043531888015066,0.06991895914392167,0.07011821796171594,0.07045600698668425,-5.1635973622898845,-3.171009184347179,0.2068810653359232
2033-01-21,2033-02-18,6.436111111111111,28,0.07045933038254848,0.06991895914392167,0.0701282891554749,0.07048080298872732,-5.403712386268106,-3.310412270735863,0.2147260617883784
2033-01-28,2033-02-25,6.455555555555556,28,0.07048326242416834,0.06991895914391881,0.07013836035708186,0.0705054756096936,-5.64303280249534,-3.449020670864833,0.22213185525254975
2033-02-04,2033-03-04,6.475,28,0.0705071146063263,0.06991895914392167,0.07014843156653111,0.07053002203508305,-5.881554624046354,-3.5868303979519345,0.2290742875674101
2033-02-11,2033-03-11,6.4944444444444445,28,0.07053088654033043,0.06991895914391881,0.07015850278383123,0.07055443945035846,-6.11927396411624,-3.7238375649920052,0.2355291002802129
2033-02-18,2033-03-18,6.513888888888889,28,0.07055457784737801,0.06991895914391881,0.07016857400897651,0.07057872504099409,-6.356187034591981,-3.8600383840149686,0.2414719361608364
2033-02-25,2033-03-25,6.533333333333333,28,0.07057818815839287,0.06991895914391881,0.0701786452419698,0.07060287599242424,-6.5922901447405815,-3.995429164230652,0.24687834031367206
2033-03-04,2033-04-01,6.552777777777778,28,0.07060171711392536,0.06991895914391881,0.07018871648280538,0.07062688949007173,-6.827579700065534,-4.130006311199863,0.25172376146367914
2033-03-11,2033-04-08,6.572222222222222,28,0.07062516436400403,0.06991895914392167,0.07019878773148897,0.07065076271935089,-7.062052200823565,-4.263766325150603,0.2559835534686472
2033-03-18,2033-04-15,6.591666666666667,28,0.07064852956802417,0.06991895914391881,0.07020885898801771,0.07067449286565029,-7.295704241053608,-4.396705800064627,0.2596329762612204
2033-03-25,2033-04-22,6.611111111111111,28,0.07067181239461373,0.06991895914392167,0.07021893025239447,0.07069807711434427,-7.528532506920621,-4.528821422192658,0.2626471973053712
2033-04-01,2033-04-29,6.6305555555555555,28,0.07069501252151619,0.06991895914391881,0.07022900152461636,0.07072151265080143,-7.760533775973827,-4.660109968998293,0.2650012928523404
2033-04-08,2033-05-06,6.65,28,0.0707181296354707,0.06991895914392167,0.07023907280468057,0.07074479666036185,-7.9917049154902555,-4.790568307901228,0.2666702489115269
2033-04-15,2033-05-13,6.669444444444444,28,0.07074116343206935,0.06991895914391881,0.0702491440925985,0.07076792632834847,-8.22204288150538,-4.920193394708505,0.26762896279119985
2033-04-22,2033-05-20,6.688888888888889,28,0.07076411361568573,0.06991895914391881,0.0702592153883587,0.07079089884009276,-8.45154471766918,-5.048982273270219,0.2678522440703601
2033-04-29,2033-05-27,6.708333333333333,28,0.07078697989930374,0.06991895914392167,0.07026928669196694,0.07081371138088631,-8.680207553820734,-5.176932073368001,0.2673148158256755
2033-05-06,2033-06-03,6.727777777777778,28,0.07080976200444328,0.06991895914391881,0.07027935800342032,0.07083636113601204,-8.908028605244672,-5.304040010229577,0.2659913156875804
2033-05-13,2033-06-10,6.747222222222222,28,0.07083245966103181,0.06991895914391881,0.07028942932271885,0.07085884529075294,-9.135005171130029,-5.430303383129608,0.26385629721126236
2033-05-20,2033-06-17,6.766666666666667,28,0.0708550726072816,0.06991895914391881,0.07029950064986254,0.07088116103036628,-9.361134633627948,-5.555719574190654,0.26088423084671963
2033-05-27,2033-06-24,6.786111111111111,28,0.07087760058960406,0.06991895914391881,0.07030957198485137,0.07090330554009792,-9.586414456852488,-5.680286047526906,0.25704950493865564
2033-06-03,2033-07-01,6.805555555555555,28,0.0709000433624699,0.06991895914391881,0.07031964332769393,0.0709252760051823,-9.810842185510872,-5.804000347759686,0.25232642712397224
2033-06-10,2033-07-08,6.825,28,0.07092240068831483,0.06991895914391881,0.07032971467837593,0.07094706961084528,-10.03441544396022,-5.926860099389058,0.2466892253044639
2033-06-17,2033-07-15,6.844444444444444,28,0.07094467233744833,0.06991895914392167,0.0703397860369088,0.0709686835422956,-10.257131935266644,-6.048863005395367,0.24011204847268486
2033-06-24,2033-07-22,6.863888888888889,28,0.07096685808792223,0.06991895914391881,0.07034985740328681,0.07099011498473061,-10.478989440034226,-6.170006846354243,0.23256896808376837
2033-07-01,2033-07-29,6.883333333333334,28,0.07098895772543079,0.06991895914392167,0.07035992877750427,0.07101136112334189,-10.699985815091212,-6.290289479265187,0.22403397911097134
2033-07-08,2033-08-05,6.902777777777778,28,0.07101097104322797,0.06991895914391881,0.07037000015957544,0.07103241914330681,-10.920118993091588,-6.409708836525308,0.21448100078841348
2033-07-15,2033-08-12,6.9222222222222225,28,0.07103289784199321,0.06991895914391881,0.07038007154949177,0.07105328622979412,-11.139386980743987,-6.528262925014349,0.20388387800912566
2033-07-22,2033-08-19,6.941666666666666,28,0.07105473792976863,0.06991895914391881,0.07039014294725325,0.07107395956795834,-11.357787858498197,-6.6459498251537905,0.19221638189709234
2033-07-29,2033-08-26,6.961111111111111,28,0.07107649112182202,0.06991895914391881,0.07040021435286274,0.0710944363429511,-11.575319779032062,-6.762767689592747,0.17945221129078703
2033-08-05,2033-09-02,6.980555555555555,28,0.07109815724057825,0.06991895914391881,0.07041028576631739,0.07111471373991549,-11.791980966594368,-6.878714742608594,0.16556499337239128
2033-08-12,2033-09-09,7.0,28,0.07111973611550518,0.06991895914391881,0.07042035718761433,0.07113478894396602,-12.007769715863676,-6.99378927890848,0.15052828460843104
2033-08-19,2033-09-16,7.019444444444445,28,0.07114122758302509,0.06991895914391881,0.07043042861676213,0.07115465914024867,-12.222684391062778,-7.1079896626295715,0.13431557223581025
2033-08-26,2033-09-23,7.038888888888889,28,0.07116263148642618,0.07010056875186235,0.07050347809081187,0.07117432170107676,-10.62062734563829,-6.591533956143147,0.1169021465058373
2033-09-02,2033-09-30,7.058333333333334,28,0.07118394767573699,0.07073622247213956,0.07073474963807914,0.07119379035663588,-4.477252035974266,-4.49198037657847,0.09842680898888845
2033-09-09,2033-10-07,7.0777777777777775,28,0.07120517600769213,0.07137190744854875,0.07096722986678707,0.07121310791232238,1.667314408566184,-2.3794614090506814,0.07931904630248399
2033-09-16,2033-10-14,7.097222222222222,28,0.07122631634557809,0.07200762368262868,0.07120091884198645,0.07123232061742067,7.813073370505908,-0.2539750359163706,0.06004271842580122
2033-09-23,2033-10-21,7.116666666666666,28,0.07124736855919332,0.07246172584517556,0.07137283405006142,0.07125147506064078,12.14357285982237,1.2546549086810133,0.04106501447456723
2033-09-30,2033-10-28,7.136111111111111,28,0.07126833252473112,0.07246172584517271,0.07138772455354309,0.07127060199937077,11.933933204415908,1.1939202881196265,0.022694746396462184
2033-10-07,2033-11-04,7.155555555555556,28,0.07128920812469978,0.07246172584516986,0.0714026150741739,0.07128970364224393,11.725177204700705,1.1340694947412078,0.004955175441495596
2033-10-14,2033-11-11,7.175,28,0.07130999524783688,0.07246172584517271,0.07141750561195957,0.0713087792806271,11.517305973358372,1.0751036412269543,-0.012159672097833418
2033-10-21,2033-11-18,7.194444444444445,28,0.07133069378902361,0.07246172584517271,0.07143239616689437,0.07132782820585858,11.310320561491032,1.0170237787075764,-0.02865583165034824
2033-10-28,2033-11-25,7.213888888888889,28,0.0713513036492021,0.07246172584517271,0.07144728673898117,0.0713468497092995,11.104221959706145,0.95983089779067,-0.04453939902601678
2033-11-04,2033-12-02,7.233333333333333,28,0.07137182473527824,0.07246172584517556,0.07146217732821425,0.07136584308228816,10.899011098973176,0.9035259293600773,-0.05981652990080799
2033-11-11,2033-12-09,7.252777777777778,28,0.07139225696006177,0.07246172584517271,0.07147706793459932,0.07138480761616574,10.694688851109468,0.8481097453755249,-0.07449343896029359
2033-11-18,2033-12-16,7.272222222222222,28,0.07141260024216635,0.07246172584517271,0.07149195855813353,0.0714037426022705,10.491256030063651,0.7935831596718457,-0.08857639895845648
2033-11-25,2033-12-23,7.291666666666667,28,0.07143285450594394,0.07246172584517271,0.07150684919881975,0.07142264733192936,10.288713392287708,0.7399469287580618,-0.10207174014578713
2033-12-02,2033-12-30,7.311111111111111,28,0.07145301968139053,0.07246172584516986,0.0715217398566551,0.0714415210964806,10.087061637793216,0.6872017526456109,-0.11498584909938603
2033-12-09,2034-01-06,7.330555555555556,28,0.07147309570407195,0.07246172584517271,0.07153663053164243,0.07146036318723681,9.886301411007603,0.6353482757047446,-0.12732516835145535
2033-12-16,2034-01-13,7.35,28,0.0714930825150582,0.07246172584517271,0.07155152122377892,0.0714791728955306,9.686433301145103,0.5843870872071499,-0.1390961952760228
2033-12-23,2034-01-20,7.3694444444444445,28,0.07151298006082353,0.07246172584517271,0.07156641193306454,0.07149794951266886,9.487457843491837,0.534318722410082,-0.1503054815467364
2033-12-30,2034-01-27,7.388888888888889,28,0.07153278829319788,0.07246172584517271,0.071581302659505,0.07151669232997561,9.289375519748317,0.48514366307123025,-0.16095963222273468
2034-01-06,2034-02-03,7.408333333333333,28,0.07155250716927844,0.07246172584516986,0.07159619340309176,0.07153540063874919,9.092186758914156,0.43686233813317044,-0.17106530529248376
2034-01-13,2034-02-10,7.427777777777778,28,0.07157213665133254,0.07246172584517271,0.0716110841638305,0.07155407373029934,8.895891938401762,0.3894751249795825,-0.18062921033193402
2034-01-20,2034-02-17,7.447222222222222,28,0.07159167670678622,0.07246172584517271,0.07162597494172124,0.07157271089593298,8.700491383864945,0.34298234935017935,-0.1896581085324145
2034-01-27,2034-02-24,7.466666666666667,28,0.07161112730807867,0.07246172584517271,0.07164086573675826,0.07159131142693413,8.505985370940438,0.297384286795932,-0.19815881144538694
2034-02-03,2034-03-03,7.486111111111111,28,0.0716304884326451,0.07246172584517556,0.07165575654895015,0.07160987461461257,8.312374125304528,0.25268116305043886,-0.2061381803253326
2034-02-10,2034-03-10,7.5055555555555555,28,0.07164976006283107,0.07246172584517271,0.07167064737829115,0.07162839975024664,8.119657823416476,0.2088731546008582,-0.2136031258442861
2034-02-17,2034-03-17,7.525,28,0.07166894218580394,0.07246172584516986,0.07168553822478131,0.07164688612513181,7.927836593659143,0.16596038977370609,-0.2205606067212651
2034-02-24,2034-03-24,7.544444444444444,28,0.07168803479350735,0.07246172584517271,0.07170042908842346,0.07166533303054358,7.7369105166535945,0.12394294916104331,-0.22701762963775463
2034-03-03,2034-03-31,7.563888888888889,28,0.07170703788259251,0.07246172584516986,0.0717153199692176,0.071683739757766,7.546879625773411,0.08282086625080454,-0.23298124826515165
2034-03-10,2034-04-07,7.583333333333333,28,0.07172595145433558,0.07246172584517556,0.07173021086716089,0.07170210559807456,7.3577439083998,0.04259412825308173,-0.23845856261014986
2034-03-17,2034-04-14,7.602777777777778,28,0.07174477551457757,0.07246172584517271,0.0717451017822533,0.07172042984273334,7.169503305951425,0.0032626767572374593,-0.2434567184422809
2034-03-24,2034-04-21,7.622222222222222,28,0.07176351007367307,0.07246172584517556,0.07175999271450342,0.0717387117830207,6.982157715024889,-0.03517359169646905,-0.24798290652369714
2034-03-31,2034-04-28,7.641666666666667,28,0.07178215514640453,0.07246172584517556,0.07177488366389412,0.07175695071019497,6.7957069877103145,-0.07271482510409766,-0.2520443620955548
2034-04-07,2034-05-05,7.661111111111111,28,0.07180071075193092,0.07246172584516986,0.07178977463044538,0.0717751459155174,6.610150932389313,-0.10936121485546901,-0.2556483641352747
2034-04-14,2034-05-12,7.680555555555555,28,0.07181917691372774,0.07246172584517556,0.07180466561414006,0.07179329669025204,6.425489314478145,-0.14511299587682824,-0.2588022347570218
2034-04-21,2034-05-19,7.7,28,0.07183755365950997,0.07246172584517271,0.07181955661498961,0.07181140232564014,6.2417218566274135,-0.17997044520365324,-0.2615133386983659
2034-04-28,2034-05-26,7.719444444444444,28,0.07185584102117781,0.07246172584517271,0.07183444763299113,0.07182946211294862,6.058848239949011,-0.2139338818668568,-0.26378908229193754
2034-05-05,2034-06-02,7.738888888888889,28,0.07187403903477099,0.07246172584517271,0.07184933866813324,0.071847475343413,5.876868104017219,-0.24700366637750437,-0.2656369135799197
2034-05-12,2034-06-09,7.758333333333334,28,0.07189214774037746,0.07246172584517271,0.07186422972043591,0.07186544130827453,5.695781047952569,-0.2791801994155019,-0.26706432102924227
2034-05-19,2034-06-16,7.777777777777778,28,0.07191016718210763,0.07246172584517271,0.0718791207898877,0.07188335929878585,5.5155866306508265,-0.31046392219929997,-0.26807883321780523
2034-05-26,2034-06-23,7.7972222222222225,28,0.07192809740801165,0.07246172584517271,0.07189401187648864,0.07190122860617107,5.336284371610656,-0.34085531523009305,-0.2686880184057938
2034-06-02,2034-06-30,7.816666666666666,28,0.07194593847002796,0.07246172584517556,0.0719089029802473,0.07191904852166855,5.157873751475972,-0.37035489780665176,-0.26889948359407057
2034-06-09,2034-07-07,7.836111111111111,28,0.07196369042392911,0.07246172584517271,0.07192379410114937,0.07193681833651386,4.980354212436033,-0.39896322779744975,-0.2687208741525282
2034-06-16,2034-07-14,7.855555555555555,28,0.07198135332926459,0.07246172584517271,0.07193868523920344,0.07195453734192535,4.803725159081285,-0.4266809006114869,-0.26815987339237624
2034-06-23,2034-07-21,7.875,28,0.07199892724930379,0.07246172584517271,0.0719535763944095,0.07197220482912714,4.627985958689241,-0.453508548942938,-0.26722420176650274
2034-06-30,2034-07-28,7.894444444444445,28,0.07201641225098175,0.07246172584516986,0.0719684675667647,0.07198982008934333,4.453135941881042,-0.47944684217052225,-0.2659216163841682
2034-07-07,2034-08-04,7.913888888888889,28,0.07203380840483918,0.07246172584517271,0.0719833587562719,0.07200738241378662,4.279174403335334,-0.5044964856727729,-0.2642599105255605
2034-07-14,2034-08-11,7.933333333333334,28,0.07205111578497966,0.07246172584516986,0.07199824996292824,0.0720248910936697,4.106100601901918,-0.5286582205142609,-0.2622469130995897
2034-07-21,2034-08-18,7.9527777777777775,28,0.0720683344690154,0.07246172584517271,0.07201314118674228,0.0720423454202138,3.9339137615732045,-0.551932822731166,-0.2598904880159181
2034-07-28,2034-08-25,7.972222222222222,28,0.07208546453798441,0.07246172584517271,0.0720280324277026,0.07205974468461449,3.7626130718830533,-0.5743211028180761,-0.25719853369923773
2034-08-04,2034-09-01,7.991666666666666,28,0.07210250607635059,0.07246172584517271,0.07204292368581491,0.07207708817808157,3.5921976882212494,-0.5958239053567571,-0.25417898269014527
2034-08-11,2034-09-08,8.011111111111111,28,0.07211945917190654,0.07246172584517556,0.07205781496108209,0.0720943751918135,3.4226667326901774,-0.616442108244547,-0.2508398009304358
2034-08-18,2034-09-15,8.030555555555555,28,0.07213632391575084,0.07246172584517271,0.07207270625349553,0.07211160501700865,3.2540192942187574,-0.6361766225530807,-0.24718898742184803
2034-08-25,2034-09-22,8.05,28,0.07215310040222514,0.07246172584517271,0.07208759756306098,0.07212877694486261,3.0862544294757432,-0.6550283916416377,-0.243234573625295
2034-09-01,2034-09-29,8.069444444444445,28,0.07216978872887145,0.07246172584517271,0.07210248888977842,0.07214589026657091,2.919371163012663,-0.6729983909302406,-0.2389846230053949
2034-09-08,2034-10-06,8.088888888888889,28,0.0721863889963692,0.07246172584517271,0.07211738023364214,0.07216294427332054,2.753368488035146,-0.6900876272705747,-0.23444723048660077
2034-09-15,2034-10-13,8.108333333333333,28,0.07220290130850968,0.07246172584517271,0.07213227159466072,0.07217993825629566,2.5882453666303817,-0.7062971384895478,-0.22963052214011737
2034-09-22,2034-10-20,8.127777777777778,28,0.07221932577213025,0.07246172584517271,0.07214716297283129,0.0721968715066804,2.424000730424647,-0.7216279929896097,-0.22454265449847743
2034-09-29,2034-10-27,8.147222222222222,28,0.07223566249706025,0.07246172584517271,0.07216205436815384,0.07221374331565032,2.26063348112468,-0.7360812890640223,-0.21919181409923993
2034-10-06,2034-11-03,8.166666666666666,28,0.0722519115961151,0.07246172584517271,0.07217694578063126,0.07223055297439528,2.098142490576105,-0.749658154838434,-0.21358621719827497
2034-10-13,2034-11-10,8.186111111111112,28,0.072268073184988,0.07246172584517556,0.07219183721025495,0.07224729977408227,1.9365266018755989,-0.762359747330521,-0.20773410905727818
2034-10-20,2034-11-17,8.205555555555556,28,0.07228414738226123,0.07246172584517271,0.07220672865702779,0.07226398300587546,1.775784629114846,-0.7741872523343851,-0.20164376385772842
2034-10-27,2034-11-24,8.225,28,0.07230013430933768,0.07246172584517271,0.07222162012095261,0.07228060196096468,1.6159153583503172,-0.7851418838507318,-0.19532348372999775
2034-11-03,2034-12-01,8.244444444444444,28,0.07231603409037803,0.07246172584517556,0.07223651160203515,0.07229715593049699,1.4569175479753338,-0.7952248834287856,-0.18878159881038914
2034-11-10,2034-12-08,8.26388888888889,28,0.07233184685229219,0.07246172584517271,0.07225140310026111,0.07231364420563935,1.2987899288052773,-0.8044375203107579,-0.1820264665283733
2034-11-17,2034-12-15,8.283333333333333,28,0.07234757272466506,0.07246172584516986,0.07226629461564192,0.07233006607757021,1.1415312050479243,-0.8127810902314181,-0.17506647094850392
2034-11-24,2034-12-22,8.302777777777777,28,0.07236321183974802,0.07246172584517271,0.07228118614817758,0.07234642083742804,0.9851400542469635,-0.8202569157043926,-0.16791002319979653
2034-12-01,2034-12-29,8.322222222222223,28,0.07237876433236748,0.07246172584517271,0.07229607769785666,0.07236270777637982,0.8296151280523523,-0.8268663451081737,-0.16056555987659094
2034-12-08,2035-01-05,8.341666666666667,28,0.07239423033993925,0.07246172584517271,0.07231096926469346,0.07237892618557545,0.6749550523346692,-0.8326107524578297,-0.15304154363793288
2034-12-15,2035-01-12,8.36111111111111,28,0.07240961000238855,0.07246172584517556,0.0723258608486794,0.07239507535616196,0.521158427870122,-0.8374915370915059,-0.14534646226582737
2034-12-22,2035-01-19,8.380555555555556,28,0.07242490346210717,0.07246172584517271,0.07234075244981732,0.07241115457930063,0.3682238306554342,-0.8415101228985422,-0.13748882806544072
2034-12-29,2035-01-26,8.4,28,0.07244011086394783,0.07246172584517271,0.07235564406810724,0.07242716314612421,0.21614981224882257,-0.8446679584059313,-0.12947717823619254
2035-01-05,2035-02-02,8.419444444444444,28,0.07245523235513845,0.07246172584516986,0.07237053570354915,0.07244310034778545,0.0649349003140065,-0.846966515893055,-0.12132007353005125
2035-01-12,2035-02-09,8.438888888888888,28,0.07247026808528798,0.07246172584517556,0.07238542735614592,0.07245896547542564,-0.08542240112416333,-0.8484072914205498,-0.11302609862332003
2035-01-19,2035-02-16,8.458333333333334,28,0.07248521820630341,0.07246172584517271,0.0724003190258861,0.07247475782017469,-0.2349236113069475,-0.8489918041730549,-0.10460386128716137
2035-01-26,2035-02-23,8.477777777777778,28,0.07250008287239856,0.07246172584517271,0.07241521071278115,0.07249047667318248,-0.38357027225849327,-0.8487215961741623,-0.09606199216083411
2035-02-02,2035-03-02,8.497222222222222,28,0.07251486224001402,0.07246172584517271,0.07243010241683104,0.0725061213255789,-0.5313639484130772,-0.8475982318298381,-0.08740914435118041
2035-02-09,2035-03-09,8.516666666666667,28,0.07252955646779714,0.07246172584516986,0.07244499413802721,0.07252169106849385,-0.678306226272879,-0.8456232976992994,-0.07865399303294551
2035-02-16,2035-03-16,8.536111111111111,28,0.07254416571656216,0.07246172584516986,0.0724598858763811,0.07253718519306007,-0.8243987139230913,-0.8427984018107015,-0.0698052350209255
2035-02-23,2035-03-23,8.555555555555555,28,0.07255869014926729,0.07246172584516986,0.07247477763188412,0.07255260299041032,-0.9696430409743273,-0.8391251738316952,-0.060871588569710866
2035-03-02,2035-03-30,8.575,28,0.07257312993095479,0.07246172584517271,0.07248966940453341,0.07256794375166876,-1.114040857820714,-0.8346052642137225,-0.05186179286020831
2035-03-09,2035-04-06,8.594444444444445,28,0.07258748522872528,0.07246172584517271,0.07250456119434043,0.0725832067679539,-1.2575938355256777,-0.8292403438485418,-0.04278460771375836
2035-03-16,2035-04-13,8.613888888888889,28,0.07260175621172348,0.07246172584517556,0.07251945300129942,0.07259839133039561,-1.4003036654791634,-0.8230321042405897,-0.033648813278636114
2035-03-23,2035-04-20,8.633333333333333,28,0.07261594305105248,0.07246172584517271,0.0725343448254047,0.07261349673010953,-1.5421720587976973,-0.8159822564778041,-0.024463209429559374
2035-03-30,2035-04-27,8.652777777777779,28,0.07263004591978817,0.07246172584517271,0.07254923666667056,0.07262852225822268,-1.6832007461545229,-0.8080925311761133,-0.015236615654862229
2035-04-06,2035-05-04,8.672222222222222,28,0.07264406499292766,0.07246172584516986,0.07256412852508268,0.07264346720584212,-1.8233914775780957,-0.7993646784498765,-0.005977870855405909
2035-04-13,2035-05-11,8.691666666666666,28,0.0726580004473438,0.07246172584517271,0.07257902040064394,0.07265833086408918,-1.9627460217108705,-0.7898004669985859,0.003304167453810347
2035-04-20,2035-05-18,8.71111111111111,28,0.07267185246177071,0.07246172584517556,0.07259391229336577,0.0726731125240795,-2.1012661659515484,-0.7794016840494133,0.012600623087860585
2035-04-27,2035-05-25,8.730555555555556,28,0.07268562121676402,0.07246172584517556,0.07260880420322817,0.07268781147691154,-2.238953715884562,-0.7681701353584591,0.021902601475276562
2035-05-04,2035-06-01,8.75,28,0.07269930689466067,0.07246172584517271,0.07262369613025113,0.07270242701371236,-2.37581049487956,-0.756107644095394,0.031201190516944033
2035-05-11,2035-06-08,8.769444444444444,28,0.07271290967955345,0.07246172584517271,0.07263858807442038,0.07271695842558902,-2.511838343807332,-0.7432160513307084,0.040487460355731475
2035-05-18,2035-06-15,8.78888888888889,28,0.0727264297572594,0.07246172584516986,0.07265348003574447,0.07273140500363429,-2.647039120895478,-0.7294972151493384,0.04975246374883113
2035-05-25,2035-06-22,8.808333333333334,28,0.07273986731529426,0.07246172584516986,0.07266837201422055,0.07274576603896664,-2.7814147012440724,-0.7149530107371238,0.05898723672376205
2035-06-01,2035-06-29,8.827777777777778,28,0.07275322254280958,0.07246172584517271,0.07268326400984579,0.07276004082268456,-2.9149669763686714,-0.6995853296379306,0.06818279874976074
2035-06-08,2035-07-06,8.847222222222221,28,0.07276649563061843,0.07246172584517271,0.07269815602262872,0.07277422864589227,-3.0476978544571875,-0.6833960798971472,0.07733015273833632
2035-06-15,2035-07-13,8.866666666666667,28,0.07277968677111835,0.07246172584517556,0.07271304805255793,0.07278832879969681,-3.1796092594278678,-0.6663871856041337,0.08642028578462191
2035-06-22,2035-07-20,8.886111111111111,28,0.07279279615826274,0.07246172584517271,0.072727940099642,0.07280234057518241,-3.310703130900289,-0.6485605862074917,0.09544416919665677
2035-06-29,2035-07-27,8.905555555555555,28,0.07280582398757808,0.07246172584517556,0.07274283216387804,0.07281626326346752,-3.4409814240252135,-0.6299182370003709,0.10439275889437272
2035-07-06,2035-08-03,8.925,28,0.07281877045606677,0.07246172584517271,0.0727577242452661,0.07283009615563067,-3.5704461089405837,-0.6104621080067762,0.11325699563899394
2035-07-13,2035-08-10,8.944444444444445,28,0.07283163576222718,0.07246172584516986,0.07277261634380615,0.07284383854277891,-3.6990991705732057,-0.5901941842102743,0.1220278055173718
2035-07-20,2035-08-17,8.963888888888889,28,0.07284442010601648,0.07246172584516986,0.07278750845949819,0.0728574897160136,-3.8269426084662497,-0.5691164651829006,0.1306960999711282
2035-07-27,2035-08-24,8.983333333333333,28,0.07285712368880219,0.07246172584517271,0.07280240059233936,0.07287104896641607,-3.9539784362947747,-0.5472309646283036,0.13925277613874298
2035-08-03,2035-08-31,9.002777777777778,28,0.0728697467133621,0.07246172584517271,0.0728172927423354,0.07288451558508482,-4.080208681893904,-0.5245397102671134,0.14768871722720123
2035-08-10,2035-09-07,9.022222222222222,28,0.07288228938383005,0.07246172584517271,0.07283218490948627,0.0728978888631098,-4.205635386573397,-0.5010447434378174,0.1559947927974592
2035-08-17,2035-09-14,9.041666666666666,28,0.07289475190568741,0.07246172584517556,0.07284707709378344,0.07291116809158377,-4.330260605118486,-0.4767481190397216,0.1641618589635907
2035-08-24,2035-09-21,9.061111111111112,28,0.07290713448574015,0.07246172584517271,0.07286196929524115,0.07292435256160237,-4.454086405674406,-0.4516519049900525,0.17218075862218685
2035-08-31,2035-09-28,9.080555555555556,28,0.072919437332059,0.07246172584517271,0.0728768615138423,0.07293744156424697,-4.577114868862808,-0.42575818216691874,0.18004232187979197
2035-09-07,2035-10-05,9.1,28,0.07293166065399076,0.07246172584517556,0.0728917537495983,0.07295043439061605,-4.699348088152005,-0.39906904392456033,0.1877373662528825
2035-09-14,2035-10-12,9.119444444444444,28,0.07294380466212415,0.07246172584517271,0.07290664600250915,0.07296333033178813,-4.82078816951434,-0.3715865961499698,0.19525669663983392
2035-09-21,2035-10-19,9.13888888888889,28,0.07295586956823545,0.07246172584517271,0.07292153827256913,0.07297612867884741,-4.941437230627371,-0.34331295666323314,0.2025911061195873
2035-09-28,2035-10-26,9.158333333333333,28,0.07296785558530289,0.07246172584517271,0.0729364305597811,0.07298882872288953,-5.061297401301735,-0.31425025521780725,0.20973137586643986
2035-10-05,2035-11-02,9.177777777777777,28,0.07297976292746945,0.07246172584517556,0.07295132286414509,0.07300142975499872,-5.180370822938929,-0.2844006332436422,0.2166682752927085
2035-10-12,2035-11-09,9.197222222222223,28,0.07299159180998865,0.07246172584517271,0.07296621518566676,0.07301393106626206,-5.298659648159399,-0.2537662432189336,0.22339256273401498
2035-10-19,2035-11-16,9.216666666666667,28,0.07300334244924457,0.07246172584516986,0.07298110752433473,0.07302633194776373,-5.4161660407471555,-0.22234924909839138,0.22989498519157547
2035-10-26,2035-11-23,9.23611111111111,28,0.07301501506269467,0.07246172584517271,0.0729959998801604,0.07303863169058511,-5.5328921752195726,-0.19015182534276587,0.2361662789043817
2035-11-02,2035-11-30,9.255555555555556,28,0.073026609868867,0.07246172584517271,0.0730108922531352,0.07305082958581613,-5.648840236942842,-0.15717615731797308,0.24219716949130943
2035-11-09,2035-12-07,9.275,28,0.07303812708732307,0.07246172584517271,0.07302578464326201,0.0730629249245353,-5.764012421503595,-0.12342444061064217,0.24797837212223173
2035-11-16,2035-12-14,9.294444444444444,28,0.07304956693864074,0.07246172584517271,0.07304067705054079,0.07307491699783254,-5.878410934680306,-0.08889888099952725,0.2535005919179767
2035-11-23,2035-12-21,9.313888888888888,28,0.07306092964438848,0.07246172584517556,0.0730555694749773,0.07308680509679208,-5.992037992129245,-0.053601694111893305,0.25875452403595345
2035-11-30,2035-12-28,9.333333333333334,28,0.073072215427094,0.07246172584517271,0.07307046191656008,0.07309858851248954,-6.104895819212808,-0.017535105339139267,0.26373085395547946
2035-12-07,2036-01-04,9.352777777777778,28,0.07308342451024423,0.07246172584517271,0.07308535437529486,0.07311026653601774,-6.216986650715156,0.019298650506260895,0.2684202577350747
2035-12-14,2036-01-11,9.372222222222222,28,0.07309455711825111,0.07246172584517556,0.07310024685118448,0.07312183845845231,-6.328312730755487,0.0568973293336994,0.2728134020120454
2035-12-21,2036-01-18,9.391666666666667,28,0.07310561347641725,0.07246172584517271,0.0731151393442261,0.07313330357088603,-6.438876312445386,0.09525867808848898,0.27690094468776905
2035-12-28,2036-01-25,9.411111111111111,28,0.07311659381093318,0.07246172584517271,0.07313003185441971,0.07314466116439457,-6.548679657604612,0.1343804348653832,0.28067353461391775
2036-01-04,2036-02-01,9.430555555555555,28,0.07312749834884295,0.07246172584517271,0.07314492438177103,0.07315591053006498,-6.657725036702394,0.17426032928077873,0.2841218122202893
2036-01-11,2036-02-08,9.45,28,0.07313832731803288,0.07246172584517271,0.07315981692627435,0.07316705095899005,-6.766014728601666,0.21489608241470615,0.28723640957170615
2036-01-18,2036-02-15,9.469444444444445,28,0.07314908094719717,0.07246172584517271,0.07317470948792108,0.07317808174223688,-6.873551020244589,0.25628540723909854,0.2900079503970199
2036-01-25,2036-02-22,9.488888888888889,28,0.07315975946584365,0.07246172584517271,0.0731896020667284,0.07318900217090395,-6.98033620670932,0.29842600884746884,0.2924270506030058
2036-02-01,2036-02-29,9.508333333333333,28,0.07317036310423099,0.07246172584517556,0.07320449466268483,0.07319981153607547,-7.08637259055428,0.3413155845384541,0.29448431844478207
2036-02-08,2036-03-07,9.527777777777779,28,0.07318089209340009,0.07246172584517271,0.07321938727579326,0.0732105091288328,-7.191662482273764,0.38495182393169514,0.29617035432707994
2036-02-15,2036-03-14,9.547222222222222,28,0.0731913466650913,0.07246172584517271,0.0732342799060594,0.07322109424026017,-7.296208199185916,0.42933240968087705,0.297475751688675
2036-02-22,2036-03-21,9.566666666666666,28,0.07320172705179294,0.07246172584516986,0.07324917255347753,0.07323156616145608,-7.400012066230838,0.4744550168458983,0.29839109663143404
2036-02-29,2036-03-28,9.58611111111111,28,0.07321203348668132,0.07246172584517271,0.0732640652180448,0.07324192418350187,-7.503076415086019,0.5203173136347772,0.29890696820550344
2036-03-07,2036-04-04,9.605555555555556,28,0.07322226620358656,0.07246172584517271,0.07327895789976692,0.07325216759748177,-7.605403584138442,0.5669169618036096,0.2990139389520696
2036-03-14,2036-04-11,9.625,28,0.07323242543702962,0.07246172584517271,0.07329385059863533,0.0732622956944914,-7.706995918569104,0.6142516160570488,0.29870257461775407
2036-03-21,2036-04-18,9.644444444444444,28,0.073242511422151,0.07246172584517271,0.07330874331466429,0.073272307765615,-7.807855769782907,0.6623189251328543,0.2979634346399196
2036-03-28,2036-04-25,9.66388888888889,28,0.07325252439470781,0.07246172584516986,0.07332363604784524,0.07328220310193961,-7.9079854953795214,0.7111165313743173,0.296787072318061
2036-04-04,2036-05-02,9.683333333333334,28,0.07326246459107383,0.07246172584516986,0.07333852879817535,0.07329198099457233,-8.007387459039727,0.7606420710151718,0.29516403498505706
2036-04-11,2036-05-09,9.702777777777778,28,0.07327233224819382,0.07246172584517271,0.07335342156566028,0.07330164073459734,-8.10606403021108,0.8108931746646231,0.2930848640352035
2036-04-18,2036-05-16,9.722222222222221,28,0.07328212760357491,0.07246172584516986,0.07336831435030008,0.07331118161311029,-8.204017584050593,0.8618674672516979,0.2905400953537307
2036-04-25,2036-05-23,9.741666666666667,28,0.07329185089528956,0.07246172584517556,0.07338320715208901,0.07332060292120682,-8.301250501139974,0.9135625679945747,0.28752025917261337
2036-05-02,2036-05-30,9.761111111111111,28,0.07330150236192116,0.07246172584517271,0.07339809997103279,0.07332990394997971,-8.3977651674845,0.9659760911162607,0.2840158805854365
2036-05-09,2036-06-06,9.780555555555555,28,0.07331108224257848,0.07246172584516986,0.07341299280713143,0.07333908399053028,-8.493563974086292,1.0191056455294278,0.2800174795179744
2036-05-16,2036-06-13,9.8,28,0.07332059077685843,0.07246172584517271,0.0734278856603792,0.07334814233395136,-8.588649316857156,1.0729488352076433,0.27551557092928003
2036-05-23,2036-06-20,9.819444444444445,28,0.07333002820484895,0.07246172584516986,0.07344277853078182,0.07335707827135567,-8.683023596790933,1.127503259328727,0.27050066506717485
2036-05-30,2036-06-27,9.838888888888889,28,0.07333939476708334,0.07246172584517271,0.07345767141833928,0.07336589109383601,-8.776689219106293,1.1827665125593856,0.26496326752667443
2036-06-06,2036-07-04,9.858333333333333,28,0.07334869070455456,0.07246172584517556,0.07347256432304589,0.07337458009250516,-8.869648593790025,1.2387361849132417,0.2588938795060336
2036-06-13,2036-07-11,9.877777777777778,28,0.07335791625867806,0.07246172584517556,0.07348745724490735,0.0733831445584616,-8.961904135025012,1.2954098622929011,0.2522829978353347
2036-06-20,2036-07-18,9.897222222222222,28,0.07336707167128324,0.07246172584517271,0.07350235018392365,0.07339158378280379,-9.053458261105291,1.3527851264040491,0.24512111520547109
2036-06-27,2036-07-25,9.916666666666666,28,0.07337615718460493,0.07246172584517271,0.0735172431400891,0.07339989705665596,-9.144313394322118,1.4108595548417702,0.23739872051037336
2036-07-04,2036-08-01,9.936111111111112,28,0.07338517304124904,0.07246172584517271,0.07353213611340939,0.0734080836711223,-9.234471960763296,1.469630721603471,0.22910629873251764
2036-07-11,2036-08-08,9.955555555555556,28,0.07339411948419837,0.07246172584517271,0.07354702910388454,0.0734161429173127,-9.323936390256554,1.5290961968617012,0.2202343311433208
2036-07-18,2036-08-15,9.975,28,0.07340299675678397,0.07246172584517271,0.07356192211150882,0.07342407408635136,-9.412709116112527,1.5892535472485092,0.21077329567395497
2036-07-25,2036-08-22,9.994444444444444,28,0.07341180510266236,0.07246172584517271,0.07357681513628794,0.07343187646934535,-9.500792574896472,1.6501003362558164,0.20071366682986036
2036-08-01,2036-08-29,10.01388888888889,28,0.07342054476582126,0.07246172584517271,0.07359170817822193,0.07343954935741312,-9.588189206485437,1.7116341240067112,0.19004591591861852
2036-08-08,2036-09-05,10.033333333333333,28,0.07342921599056235,0.07246172584517271,0.0736066012373079,0.07344709204168742,-9.674901453896323,1.7738524674555667,0.17876051125076398
2036-08-15,2036-09-12,10.052777777777777,28,0.0734378190214643,0.07246172584517556,0.07362149431355158,0.07345450381327817,-9.760931762887449,1.8367529208727917,0.16684791813867395
2036-08-22,2036-09-19,10.072222222222223,28,0.07344635410339695,0.07246172584517271,0.07363638740694155,0.07346178396331528,-9.846282582242349,1.9003330354459835,0.15429859918328348
2036-08-29,2036-09-26,10.091666666666667,28,0.0734548214814842,0.07267486508027966,0.07350093250193471,0.073468932532352,-7.799564012045401,0.4611102045050386,0.14111050867793296
2036-09-05,2036-10-03,10.11111111111111,28,0.07346322140109551,0.07304786719614542,0.07325192980356578,0.07347596217869132,-4.153542049500913,-2.112915975297364,0.12740777595804387
2036-09-12,2036-10-10,10.130555555555556,28,0.07347155410785439,0.07342088007245229,0.07300192579176468,0.07348289614769886,-0.5067403540209847,-4.696283160897097,0.11342039844472462
2036-09-19,2036-10-17,10.15,28,0.07347981984758706,0.0737939037095143,0.07275092052479337,0.07348975818466608,3.140838619272446,-7.2889932279368574,0.09938337079018478
2036-09-26,2036-10-24,10.169444444444444,28,0.07348801886633957,0.07395377427673028,0.07264925042596206,0.07349657146981642,4.657554103907058,-8.38768440377516,0.08552603476846832
2036-10-03,2036-10-31,10.188888888888888,28,0.07349615141035493,0.07395377427672743,0.07266011807177103,0.07350334674996192,4.576228663725063,-8.36033338583897,0.07195339606996809
2036-10-10,2036-11-07,10.208333333333334,28,0.0735042177260446,0.07395377427673028,0.07267098572670415,0.07351008436919017,4.495565506856813,-8.332319993404475,0.05866643145571726
2036-10-17,2036-11-14,10.227777777777778,28,0.07351221805999991,0.07395377427673028,0.07268185339077565,0.07351678435603835,4.415562167303655,-8.303646692242594,0.045662960384412754
2036-10-24,2036-11-21,10.247222222222222,28,0.0735201526589692,0.07395377427672743,0.07269272106398272,0.07352344673902936,4.336216177582286,-8.274315949864802,0.03294080060153859
2036-10-31,2036-11-28,10.266666666666667,28,0.07352802176983785,0.07395377427672743,0.07270358874632248,0.07353007154671465,4.257525068895873,-8.244330235153697,0.020497768768029667
2036-11-07,2036-12-05,10.286111111111111,28,0.07353582563962822,0.07395377427672743,0.07271445643779778,0.07353665880761996,4.17948637099208,-8.213692018304435,0.008331679917372714
2036-11-14,2036-12-12,10.305555555555555,28,0.07354356451548551,0.07395377427672743,0.0727253241384058,0.07354320855027391,4.102097612419254,-8.182403770797125,-0.0035596521159864114
2036-11-21,2036-12-19,10.325,28,0.07355123864464622,0.07395377427673028,0.07273619184815505,0.07354972080322796,4.025356320840611,-8.150467964911645,-0.015178414182609457
2036-11-28,2036-12-26,10.344444444444445,28,0.07355884827444964,0.07395377427672743,0.07274705956702844,0.07355619559500212,3.9492600227779286,-8.117887074211987,-0.026526794475179027
2036-12-05,2037-01-02,10.363888888888889,28,0.07356639365232644,0.07395377427672743,0.07275792729504024,0.07356263295414214,3.8738062440099585,-8.084663572861944,-0.03760698184293587
2036-12-12,2037-01-09,10.383333333333333,28,0.07357387502576433,0.07395377427673028,0.07276879503219044,0.07356903290918236,3.7989925096594543,-8.050799935738901,-0.04842116581971201
2036-12-19,2037-01-16,10.402777777777779,28,0.0735812926423196,0.07395377427672743,0.07277966277847048,0.07357539548865992,3.724816344078258,-8.016298638491293,-0.058971536596869045
2036-12-26,2037-01-23,10.422222222222222,28,0.07358864674958847,0.07395377427672743,0.07279053053388607,0.0735817207211063,3.6512752713896424,-7.981162157024019,-0.06926028482165392
2037-01-02,2037-01-30,10.441666666666666,28,0.07359593759521285,0.07395377427673028,0.07280139829844005,0.07358800863506725,3.578366815174261,-7.945392967727977,-0.07928960145606179
2037-01-09,2037-02-06,10.46111111111111,28,0.07360316542685462,0.07395377427673028,0.07281226607212675,0.07359425925908278,3.506088498756582,-7.908993547278698,-0.08906167771841056
2037-01-16,2037-02-13,10.480555555555556,28,0.07361033049218424,0.07395377427672743,0.07282313385494327,0.07360047262167863,3.4344378454319315,-7.871966372409722,-0.09857870505614041
2037-01-23,2037-02-20,10.5,28,0.07361743303889215,0.07395377427672743,0.07283400164689821,0.07360664875140913,3.363412378352831,-7.834313919939384,-0.10784287483023292
2037-01-30,2037-02-27,10.519444444444444,28,0.07362447331464882,0.07395377427672743,0.07284486944798584,0.07361278767680288,3.293009620786158,-7.796038666629812,-0.11685637845940122
2037-02-06,2037-03-06,10.53888888888889,28,0.07363145156710754,0.07395377427672743,0.07285573725820901,0.07361888942639988,3.2232270961989054,-7.757143088985286,-0.12562140707661484
2037-02-13,2037-03-13,10.558333333333334,28,0.07363836804389884,0.07395377427672743,0.07286660507756773,0.07362495402874591,3.1540623282859395,-7.717629663311076,-0.13414015152923842
2037-02-20,2037-03-20,10.577777777777778,28,0.07364522299261322,0.07395377427672743,0.0728774729060563,0.07363098151237527,3.0855128411420853,-7.677500865569259,-0.1424148023795868
2037-02-27,2037-03-27,10.597222222222221,28,0.07365201666078411,0.07395377427673028,0.07288834074368612,0.07363697190583654,3.017576159461688,-7.636759170979862,-0.15044754947568517
2037-03-06,2037-04-03,10.616666666666667,28,0.07365874929590209,0.07395377427672743,0.07289920859044578,0.0736429252376612,2.9502498082534245,-7.595407054563075,-0.15824058240895833
2037-03-13,2037-04-10,10.636111111111111,28,0.07366542114537213,0.07395377427672743,0.072910076446341,0.0736488415364007,2.883531313553067,-7.553446990311297,-0.16579608971431514
2037-03-20,2037-04-17,10.655555555555555,28,0.07367203245653636,0.07395377427673028,0.07292094431137176,0.07365472083059219,2.817418201939148,-7.510881451645996,-0.17311625944177456
2037-03-27,2037-04-24,10.675,28,0.0736785834766399,0.07395377427672743,0.07293181218553807,0.07366056314877284,2.751908000875325,-7.467712911018304,-0.18020327867060426
2037-04-03,2037-05-01,10.694444444444445,28,0.07368507445282502,0.07395377427672743,0.07294268006883994,0.07366636851949414,2.686998239024158,-7.4239438398507325,-0.18705933330878666
2037-04-10,2037-05-08,10.713888888888889,28,0.07369150563214268,0.07395377427672743,0.07295354796127164,0.07367213697129037,2.6226864458475663,-7.379576708710367,-0.1936866085230915
2037-04-17,2037-05-15,10.733333333333333,28,0.07369787726151822,0.07395377427672743,0.07296441586284175,0.07367786853271012,2.5589701520921384,-7.334613986764715,-0.2000872880809912
2037-04-24,2037-05-22,10.752777777777778,28,0.07370418958773994,0.07395377427672743,0.07297528377354455,0.0736835632322963,2.4958468898748922,-7.2890581419539355,-0.20626355443642552
2037-05-01,2037-05-29,10.772222222222222,28,0.07371044285749052,0.07395377427673028,0.07298615169338005,0.07368922109859177,2.4333141923975345,-7.242911641104771,-0.2122175889875122
2037-05-08,2037-06-05,10.791666666666666,28,0.0737166373172785,0.07395377427672743,0.07299701962235394,0.07369484216014513,2.3713695944893587,-7.196176949245542,-0.21795157133366883
2037-05-15,2037-06-12,10.811111111111112,28,0.07372277321348676,0.07395377427673028,0.07300788756046053,0.07370042644549926,2.3100106324351612,-7.148856530262288,-0.2234676798749946
2037-05-22,2037-06-19,10.830555555555556,28,0.07372885079231839,0.07395377427672743,0.07301875550770268,0.07370597398319705,2.2492348440904255,-7.1009528461571385,-0.22876809121344377
2037-05-29,2037-06-26,10.85,28,0.07373487029981085,0.07395377427672743,0.07302962346408037,0.07371148480178707,2.1890397691658183,-7.052468357304775,-0.23385498023775764
2037-06-05,2037-07-03,10.869444444444444,28,0.07374083198184175,0.07395377427673028,0.07304049142959076,0.07371695892981224,2.12942294888524,-7.003405522509887,-0.23873052029513286
2037-06-12,2037-07-10,10.88888888888889,28,0.07374673608406315,0.07395377427672743,0.0730513594042367,0.0737223963958154,2.0703819266428,-6.9537667982645655,-0.2433968824774868
2037-06-19,2037-07-17,10.908333333333333,28,0.07375258285197298,0.07395377427672743,0.07306222738801532,0.07372779722835375,2.0119142475445715,-6.903554639576537,-0.24785623619225094
2037-06-26,2037-07-24,10.927777777777777,28,0.07375837253084644,0.07395377427673028,0.07307309538093522,0.07373316145596442,1.9540174588383863,-6.852771499112204,-0.2521107488201446
2037-07-03,2037-07-31,10.947222222222223,28,0.07376410536575323,0.07395377427672743,0.07308396338298209,0.07373848910719888,1.896689109742028,-6.801419827711374,-0.2561625855435068
2037-07-10,2037-08-07,10.966666666666667,28,0.07376978160154891,0.07395377427672743,0.07309483139416452,0.07374378021060858,1.8399267517851814,-6.749502073843949,-0.2600139094033338
2037-07-17,2037-08-14,10.98611111111111,28,0.07377540148285494,0.07395377427672743,0.07310569941448535,0.07374903479473069,1.783727938724916,-6.697020683695959,-0.26366688124251914
2037-07-24,2037-08-21,11.005555555555556,28,0.07378096525405585,0.07395377427672743,0.07311656744393888,0.07375425288812806,1.7280902267158282,-6.643978101169706,-0.2671236592778625
2037-07-31,2037-08-28,11.025,28,0.07378647315930774,0.07395377427673028,0.07312743548252795,0.07375943451933788,1.6730111742253861,-6.590376767797862,-0.2703863996986189
2037-08-07,2037-09-04,11.044444444444444,28,0.07379192544250694,0.07395377427672743,0.07313830353025257,0.07376457971690874,1.6184883422049046,-6.536219122543763,-0.27345725598204584
2037-08-14,2037-09-11,11.063888888888888,28,0.0737973223473043,0.07395377427673028,0.07314917158711275,0.07376968850940349,1.5645192942598252,-6.481507601915487,-0.27633837900803426
2037-08-21,2037-09-18,11.083333333333334,28,0.07380266411707938,0.07395377427672743,0.07316003965310275,0.07377476092535076,1.5111015964805463,-6.426244639766293,-0.27903191728614885
2037-08-28,2037-09-25,11.102777777777778,28,0.07380795099493488,0.07395377427672743,0.07317090772822832,0.07377979699331913,1.4582328179255089,-6.370432667065634,-0.28154001615751656
2037-09-04,2037-10-02,11.122222222222222,28,0.07381318322371369,0.07395377427673028,0.07318177581249229,0.07378479674185431,1.4059105301658659,-6.314074112214047,-0.2838648185937709
2037-09-11,2037-10-09,11.141666666666667,28,0.07381836104596179,0.07395377427673028,0.07319264390588895,0.07378976019950491,1.3541323076848855,-6.257171400728401,-0.28600846456880435
2037-09-18,2037-10-16,11.161111111111111,28,0.07382348470393112,0.07395377427672743,0.07320351200841829,0.07379468739482523,1.3028957279631603,-6.199726955128243,-0.28797309105890734
2037-09-25,2037-10-23,11.180555555555555,28,0.07382855443958526,0.07395377427673028,0.0732143801200889,0.07379957835636386,1.2521983714501583,-6.14174319496355,-0.28976083221401994
2037-10-02,2037-10-30,11.2,28,0.0738335704945852,0.07395377427673028,0.07322524824088937,0.07380443311266939,1.202037821450841,-6.083222536958227,-0.2913738191580306
2037-10-09,2037-11-06,11.219444444444445,28,0.07383853311025503,0.07395377427672743,0.07323611637082537,0.07380925169230183,1.1524116647240734,-6.024167394296509,-0.29281417953191946
2037-10-16,2037-11-13,11.238888888888889,28,0.07384344252763622,0.07395377427673028,0.07324698450989978,0.07381403412380694,1.1033174909405585,-5.964580177364454,-0.29408403829284113
2037-10-23,2037-11-20,11.258333333333333,28,0.07384829898742483,0.07395377427672743,0.07325785265809831,0.07381878043574185,1.0547528930260341,-5.904463293265189,-0.2951855168298323
2037-10-30,2037-11-27,11.277777777777779,28,0.0738531027299914,0.07395377427672743,0.07326872081544097,0.07382349065666086,1.0067154673602807,-5.843819145504304,-0.2961207333054827
2037-11-06,2037-12-04,11.297222222222222,28,0.07385785399536969,0.07395377427672743,0.07327958898191346,0.07382816481510972,0.95920281357742,-5.7826501345623065,-0.29689180259973025
2037-11-13,2037-12-11,11.316666666666666,28,0.07386255302324793,0.07395377427672743,0.07329045715752722,0.07383280293965415,0.9122125347950372,-5.72095865720712,-0.2975008359377973
2037-11-20,2037-12-18,11.33611111111111,28,0.07386720005297752,0.07395377427673028,0.07330132534227651,0.07383740505884274,0.8657422375275836,-5.6587471070100595,-0.29794994134774155
2037-11-27,2037-12-25,11.355555555555556,28,0.07387179532353302,0.07395377427672743,0.0733121935361528,0.07384197120122409,0.8197895319440873,-5.596017873802234,-0.29824122308938494
2037-12-04,2038-01-01,11.375,28,0.07387633907355497,0.07395377427672743,0.07332306173916749,0.0738465013953639,0.7743520317246566,-5.532773343874808,-0.29837678191063643
2037-12-11,2038-01-08,11.394444444444444,28,0.07388083154129278,0.07395377427672743,0.07333392995131487,0.07385099566980793,0.7294273543465013,-5.469015899779162,-0.29835871484848453
2037-12-18,2038-01-15,11.41388888888889,28,0.07388527296464188,0.07395377427672743,0.0733447981725978,0.07385545405311904,0.6850131208555044,-5.404747920440823,-0.29818911522844216
2037-12-25,2038-01-22,11.433333333333334,28,0.07388966358111514,0.07395377427672743,0.07335566640301915,0.07385987657384867,0.641106956122961,-5.339971780959907,-0.29787007266468546
2038-01-01,2038-01-29,11.452777777777778,28,0.07389400362783714,0.07395377427672743,0.07336653464257317,0.07386426326055684,0.5977064889028938,-5.274689852639708,-0.29740367280303714
2038-01-08,2038-02-05,11.472222222222221,28,0.07389829334155566,0.07395377427673028,0.07337740289126275,0.07386861414180355,0.5548093517461494,-5.2089045029291015,-0.2967919975210842
2038-01-15,2038-02-12,11.491666666666667,28,0.07390253295860452,0.07395377427672743,0.07338827114908503,0.07387292924613455,0.5124131812291044,-5.142618095194951,-0.2960371246997495
2038-01-22,2038-02-19,11.511111111111111,28,0.07390672271494068,0.07395377427672743,0.07339913941604286,0.07387720860211555,0.4705156178674841,-5.0758329889782905,-0.295141128251325
2038-01-29,2038-02-26,11.530555555555555,28,0.07391086284610715,0.07395377427672743,0.0734100076921391,0.07388145223830657,0.4291143062028213,-5.00855153968055,-0.29410607800581245
2038-02-05,2038-03-05,11.55,28,0.0739149535872387,0.07395377427672743,0.07342087597736802,0.0738856601832562,0.38820689488738847,-4.940776098706773,-0.2929340398249991
2038-02-12,2038-03-12,11.569444444444445,28,0.07391899517305328,0.07395377427672743,0.07343174427173249,0.0738898324655273,0.3477910367415127,-4.872509013207904,-0.2916270752598149
2038-02-19,2038-03-19,11.588888888888889,28,0.07392298783785206,0.07395377427672743,0.07344261257523252,0.0738939691136856,0.3078643887537147,-4.803752626195424,-0.2901872416645468
2038-02-26,2038-03-26,11.608333333333333,28,0.07392693181551938,0.07395377427673028,0.07345348088786809,0.0738980701562797,0.26842461210901947,-4.7345092765128935,-0.2886165923968176
2038-03-05,2038-04-02,11.627777777777778,28,0.0739308273394942,0.07395377427672743,0.07346434920963064,0.07390213562186958,0.2294693723323138,-4.6647812986355675,-0.28691717624623747
2038-03-12,2038-04-09,11.647222222222222,28,0.07393467464279585,0.07395377427672743,0.07347521754053732,0.07390616553902099,0.19099633931582427,-4.594571022585314,-0.2850910377485971
2038-03-19,2038-04-16,11.666666666666666,28,0.07393847395800401,0.07395377427672743,0.07348608588057383,0.07391015993629393,0.15300318723418527,-4.523880774301853,-0.28314021710079684
2038-03-26,2038-04-23,11.686111111111112,28,0.07394222551724727,0.07395377427672743,0.07349695422974303,0.07391411884223986,0.11548759480159432,-4.452712875042398,-0.2810667500741104
2038-04-02,2038-04-30,11.705555555555556,28,0.07394592955222029,0.07395377427672743,0.0735078225880535,0.0739180422854302,0.07844724507141687,-4.381069641667956,-0.27887266790094234
2038-04-09,2038-05-07,11.725,28,0.07394958629415813,0.07395377427672743,0.0735186909554938,0.0739219302944221,0.04187982569306414,-4.308953386643194,-0.276559997360315
2038-04-16,2038-05-14,11.744444444444444,28,0.07395319597384185,0.07395377427673028,0.07352955933207822,0.07392578289777557,0.00578302888423754,-4.236366417636334,-0.2741307606628218
2038-04-23,2038-05-21,11.76388888888889,28,0.0739567588215844,0.07395377427672743,0.07354042771778962,0.0739296001240535,-0.029845448569626454,-4.163311037947704,-0.27158697530893505
2038-04-30,2038-05-28,11.783333333333333,28,0.07396027506725046,0.07395377427673028,0.07355129611263658,0.07393338200181875,-0.06500790520183597,-4.089789546138784,-0.26893065431715657
2038-05-07,2038-06-04,11.802777777777777,28,0.07396374494022512,0.07395377427673028,0.07356216451662194,0.07393712855962845,-0.09970663494840437,-4.015804236031789,-0.26616380596672373
2038-05-14,2038-06-11,11.822222222222223,28,0.07396716866942242,0.07395377427672743,0.07357303292973999,0.07394083982604835,-0.13394392694987545,-3.9413573968243023,-0.2632884337407104
2038-05-21,2038-06-18,11.841666666666667,28,0.07397054648328531,0.07395377427672743,0.0735839013519936,0.07394451582964415,-0.16772206557880143,-3.866451312917185,-0.260306536411653
2038-05-28,2038-06-25,11.86111111111111,28,0.07397387860977434,0.07395377427672743,0.07359476978337989,0.07394815659897588,-0.20104333046902512,-3.79108826394442,-0.25722010798451267
2038-06-04,2038-07-02,11.880555555555556,28,0.07397716527636179,0.07395377427672743,0.07360563822390459,0.07395176216261211,-0.23390999634359533,-3.7152705245720172,-0.25403113749683515
2038-06-11,2038-07-09,11.9,28,0.07398040671002898,0.07395377427672743,0.073616506673562,0.07395533254911284,-0.26632433301546077,-3.6390003646698252,-0.2507416091614145
2038-06-18,2038-07-16,11.919444444444444,28,0.07398360313728329,0.07395377427672743,0.07362737513235494,0.0739588677870381,-0.29828860555858316,-3.562280049283495,-0.24735350245191912
2038-06-25,2038-07-23,11.938888888888888,28,0.07398675478411823,0.07395377427673028,0.07363824360028629,0.07396236790496502,-0.32980507387952995,-3.4851118383194546,-0.24386879153209806
2038-07-02,2038-07-30,11.958333333333334,28,0.07398986187603056,0.07395377427673028,0.07364911207735034,0.0739658329314422,-0.3608759930028016,-3.4074979868022046,-0.24028944588361245
2038-07-09,2038-08-06,11.977777777777778,28,0.07399292463803173,0.07395377427672743,0.07365998056354421,0.07396926289504105,-0.39150361304293724,-3.329440744875151,-0.23661742990677137
2038-07-16,2038-08-13,11.997222222222222,28,0.073995943294605,0.07395377427672743,0.07367084905888222,0.07397265782433303,-0.42169017877569104,-3.2509423572278653,-0.2328547027197203
2038-07-23,2038-08-20,12.016666666666667,28,0.07399891806973694,0.07395377427672743,0.0736817175633472,0.07397601774787527,-0.45143793009502775,-3.1720050638973927,-0.2290032186166857
2038-07-30,2038-08-27,12.036111111111111,28,0.07400184918690021,0.07395377427672743,0.07369258607695059,0.07397934269424208,-0.4807491017277954,-3.092631099496229,-0.22506492658128097
2038-08-06,2038-09-03,12.055555555555555,28,0.07400473686904789,0.07395377427673028,0.07370345459969238,0.07398263269199631,-0.5096259231761324,-3.0128226935551004,-0.22104177051576746
2038-08-13,2038-09-10,12.075,28,0.07400758133862777,0.07395377427673028,0.07371432313156687,0.0739858877697094,-0.5380706189749007,-2.9325820706090076,-0.2169356891837393
2038-08-20,2038-09-17,12.094444444444445,28,0.07401038281753948,0.07395377427672743,0.07372519167257689,0.07398910795593563,-0.5660854081204758,-2.851911449625877,-0.21274861603845507
2038-08-27,2038-09-24,12.113888888888889,28,0.07401314152717735,0.07395377427672743,0.07373606022272249,0.07399229327924932,-0.5936725044991542,-2.7708130445486256,-0.20848247928029195
2038-09-03,2038-10-01,12.133333333333333,28,0.07401585768841043,0.07395377427672743,0.0737469287819979,0.07399544376822474,-0.6208341168299769,-2.6892890641252998,-0.2041392018568844
2038-09-10,2038-10-08,12.152777777777779,28,0.0740185315215596,0.07395377427672743,0.07375779735041459,0.07399855945142189,-0.6475724483216705,-2.6073417114501343,-0.19972070137708187
2038-09-17,2038-10-15,12.172222222222222,28,0.0740211632464205,0.07395377427672743,0.07376866592796968,0.07400164035740936,-0.6738896969306352,-2.524973184508117,-0.19522889011136524
2038-09-24,2038-10-22,12.191666666666666,28,0.07402375308225485,0.07395377427672743,0.07377953451465175,0.0740046865147643,-0.6997880552742086,-2.4421856760310776,-0.19066567490552688
2038-10-01,2038-10-29,12.21111111111111,28,0.074026301247782,0.07395377427673028,0.07379040311047508,0.07400769795204955,-0.7252697105172845,-2.35898137306928,-0.18603295732458336
2038-10-08,2038-11-05,12.230555555555556,28,0.07402880796116744,0.07395377427672743,0.07380127171542826,0.07401067469782228,-0.750336844400068,-2.275362457391794,-0.1813326334515475
2038-10-15,2038-11-12,12.25,28,0.07403127344005705,0.07395377427672743,0.07381214032951698,0.07401361678067676,-0.7749916332962237,-2.1913311054007343,-0.17656659380291262
2038-10-22,2038-11-19,12.269444444444444,28,0.07403369790152294,0.07395377427672743,0.0738230089527441,0.07401652422916159,-0.7992362479550263,-2.1068894877883384,-0.17173672361342485
2038-10-29,2038-11-26,12.28888888888889,28,0.07403608156209472,0.07395377427672743,0.07383387758510107,0.0740193970718539,-0.8230728536728904,-2.022039769936507,-0.1668449024082308
2038-11-05,2038-12-03,12.308333333333334,28,0.07403842463776249,0.07395377427672743,0.0738447462265993,0.07402223533733368,-0.8465036103505463,-1.9367841116318951,-0.1618930042880662
2038-11-12,2038-12-10,12.327777777777778,28,0.0740407273439368,0.07395377427672743,0.07385561487723022,0.07402503905415525,-0.869530672093638,-1.8511246670657733,-0.15688289781545794
2038-11-19,2038-12-17,12.347222222222221,28,0.07404298989549433,0.07395377427672743,0.07386648353699954,0.07402780825090716,-0.8921561876690243,-1.7650635849479623,-0.151816445871783
2038-11-26,2038-12-24,12.366666666666667,28,0.0740452125067294,0.07395377427672743,0.07387735220590441,0.0740305429561437,-0.9143823000196116,-1.6786030082498182,-0.14669550585696967
2038-12-03,2038-12-31,12.386111111111111,28,0.07404739539138243,0.07395377427672743,0.07388822088393912,0.07403324319844488,-0.936211146549959,-1.5917450744330763,-0.14152192937544328
2038-12-10,2039-01-07,12.405555555555555,28,0.0740495387626429,0.07395377427673028,0.07389908957111224,0.07403590900637928,-0.9576448591262776,-1.5044919153066327,-0.13629756263622284
2038-12-17,2039-01-14,12.425,28,0.07405164283310363,0.07395377427673028,0.0739099582674209,0.07403854040852403,-0.9786855637335112,-1.4168456568272592,-0.13102424579594651
2038-12-24,2039-01-21,12.444444444444445,28,0.07405370781481212,0.07395377427673028,0.07392082697286227,0.07404113743345057,-0.9993353808183947,-1.3288084194984506,-0.12570381361542982
2038-12-31,2039-01-28,12.463888888888889,28,0.07405573391923635,0.07395377427673028,0.07393169568744204,0.07404370010973033,-1.019596425060748,-1.2403823179431284,-0.12033809506026283
2039-01-07,2039-02-04,12.483333333333333,28,0.07405772135727334,0.07395377427672743,0.07394256441115449,0.07404622846594044,-1.0394708054591029,-1.1515694611885507,-0.11492891332898214
2039-01-14,2039-02-11,12.502777777777778,28,0.07405967033922632,0.07395377427672743,0.0739534331440025,0.07404872253064378,-1.0589606249888917,-1.0623719522381836,-0.10947808582545404
2039-01-21,2039-02-18,12.522222222222222,28,0.07406158107485318,0.07395377427672743,0.07396430188598892,0.07405118233242033,-1.07806798125748,-0.9727918886426323,-0.10398742432846109
2039-01-28,2039-02-25,12.541666666666666,28,0.07406345377330663,0.07395377427672743,0.07397517063710803,0.07405360789985295,-1.0967949657919585,-0.8828313619860251,-0.09845873453678822
2039-02-04,2039-03-04,12.561111111111112,28,0.07406528864316268,0.07395377427673028,0.07398603939736269,0.07405599926150165,-1.115143664324053,-0.7924924579999493,-0.0928938166103177
2039-02-11,2039-03-11,12.580555555555556,28,0.07406708589242639,0.07395377427672743,0.07399690816675289,0.07405835644594928,-1.1331161569895498,-0.7017772567349811,-0.08729446477104275
2039-02-18,2039-03-18,12.6,28,0.07406884572849469,0.07395377427672743,0.07400777694527864,0.07406067948177013,-1.1507145176725686,-0.6106878321604503,-0.08166246724561343
2039-02-25,2039-03-25,12.619444444444444,28,0.07407056835820214,0.07395377427672743,0.07401864573293995,0.07406296839753278,-1.1679408147470538,-0.5192262526218516,-0.07599960669360528
2039-03-04,2039-04-01,12.63888888888889,28,0.07407225398777234,0.07395377427672743,0.07402951452973681,0.0740652232218172,-1.1847971104490818,-0.42739458035526146,-0.07030765955137741
2039-03-11,2039-04-08,12.658333333333333,28,0.07407390282285224,0.07395377427672743,0.07404038333566636,0.07406744398320628,-1.2012854612480917,-0.335194871858846,-0.0645883964596472
2039-03-18,2039-04-15,12.677777777777777,28,0.07407551506850352,0.07395377427673028,0.07405125215073717,0.07406963071026855,-1.2174079177323938,-0.24262917766346148,-0.05884358234967135
2039-03-25,2039-04-22,12.697222222222223,28,0.07407709092916262,0.07395377427672743,0.07406212097493782,0.07407178343157549,-1.2331665243518752,-0.14969954224799964,-0.053074975871342245
2039-04-01,2039-04-29,12.716666666666667,28,0.07407863060870934,0.07395377427672743,0.07407298980827402,0.07407390217571562,-1.2485633198190682,-0.05640800435316451,-0.04728432993719722
2039-04-08,2039-05-06,12.73611111111111,28,0.07408013431040107,0.07395377427672743,0.07408385865074577,0.07407598697125183,-1.2636003367363924,0.037243403446934886,-0.04147339149246365
2039-04-15,2039-05-13,12.755555555555556,28,0.07408160223690428,0.07395377427672743,0.07409472750235592,0.07407803784677267,-1.2782796017685172,0.13125265451635615,-0.03564390131619022
2039-04-22,2039-05-20,12.775,28,0.07408303459028875,0.07395377427672743,0.07410559636309877,0.07408005483085527,-1.2926031356132184,0.22561772810014702,-0.029797594334884936
2039-04-29,2039-05-27,12.794444444444444,28,0.07408443157201333,0.07395377427672743,0.07411646523297716,0.07408203795207394,-1.306572952858992,0.32033660963826094,-0.023936199393947977
2039-05-06,2039-06-03,12.813888888888888,28,0.0740857933829545,0.07395377427673028,0.07412733411199396,0.0740839872390058,-1.3201910622422097,0.4154072903946038,-0.01806143948693273
2039-05-13,2039-06-10,12.833333333333334,28,0.0740871202233549,0.07395377427672743,0.07413820300014061,0.07408590272023087,-1.333459466274639,0.5108277678571305,-0.012175031240263534
2039-05-20,2039-06-17,12.852777777777778,28,0.07408841229288626,0.07395377427672743,0.0741490718974285,0.07408778442432627,-1.3463801615883064,0.6065960454224029,-0.006278685599908629
2039-05-27,2039-06-24,12.872222222222222,28,0.07408966979058652,0.07395377427672743,0.0741599408038491,0.074089632379872,-1.3589551385909115,0.7027101326258223,-0.0003741071452623146
2039-06-03,2039-07-01,12.891666666666667,28,0.07409089291489122,0.07395377427672743,0.07417080971940809,0.0740914466154509,-1.3711863816379122,0.7991680451686911,0.005537005596800704
2039-06-10,2039-07-08,12.911111111111111,28,0.0740920818636421,0.07395377427672743,0.07418167864409979,0.07409322715963443,-1.3830758691467382,0.8959678045768193,0.011452959923219375
2039-06-17,2039-07-15,12.930555555555555,28,0.07409323683405855,0.07395377427672743,0.07419254757792418,0.07409497404101112,-1.3946255733111868,0.993107438656271,0.01737206952567849
2039-06-24,2039-07-22,12.95,28,0.07409435802275187,0.07395377427672743,0.07420341652088983,0.07409668728815527,-1.4058374602443635,1.0905849813795665,0.02329265403402947
2039-07-01,2039-07-29,12.969444444444445,28,0.07409544562571384,0.07395377427672743,0.07421428547298531,0.07409836692964403,-1.416713489864052,1.1883984727147079,0.029213039301895227
2039-07-08,2039-08-05,12.988888888888889,28,0.07409649983833676,0.07395377427672743,0.0742251544342192,0.07410001299406593,-1.4272556160932481,1.2865459588244643,0.035131557291762094
2039-07-15,2039-08-12,13.008333333333333,28,0.07409752085539337,0.07395377427672743,0.0742360234045858,0.074101625510001,-1.4374657866593477,1.3850254919242633,0.041046546076367596
2039-07-22,2039-08-19,13.027777777777779,28,0.0740985088710341,0.07395377427673028,0.07424689238409078,0.07410320450602637,-1.4473459430382196,1.483835130566824,0.04695634992266107
2039-07-29,2039-08-26,13.047222222222222,28,0.07409946407881268,0.07395377427673028,0.07425776137273703,0.07410475001072202,-1.456898020824049,1.5829729392434488,0.05285931909335129
2039-08-05,2039-09-02,13.066666666666666,28,0.07410038667164624,0.07395377427673028,0.07426863037051312,0.07410626205267651,-1.4661239491596534,1.682436988668795,0.05875381030265303
2039-08-12,2039-09-09,13.08611111111111,28,0.07410127684183523,0.07395377427673028,0.07427949937742476,0.07410774066046415,-1.4750256510495663,1.7822253558952283,0.06463818628912876
2039-08-19,2039-09-16,13.105555555555556,28,0.07410213478107774,0.07395377427672743,0.07429036839347194,0.07410918586267062,-1.4836050435031167,1.8823361239420078,0.0705108159287926
2039-08-26,2039-09-23,13.125,28,0.07410296068043808,0.07395377427672743,0.07430123741864897,0.0741105976878788,-1.4918640371064384,1.9827673821089242,0.0763700744071949
2039-09-02,2039-09-30,13.144444444444444,28,0.07410375473036673,0.07395377427672457,0.07431210645296726,0.07411197616467437,-1.499804536421595,2.0835172260053048,0.08221434307634223
2039-09-09,2039-10-07,13.16388888888889,28,0.07410451712070332,0.07395377427673028,0.0743229754964211,0.07411332132164018,-1.507428439730396,2.18458375717781,0.08804200936865514
2039-09-16,2039-10-14,13.183333333333334,28,0.07410524804063932,0.07395377427672743,0.07433384454901049,0.07411463318734768,-1.5147376391189127,2.2859650837116217,0.09385146708354442
2039-09-23,2039-10-21,13.202777777777778,28,0.07410594767877246,0.07395377427672743,0.07434471361073541,0.07411591179039398,-1.5217340204502772,2.3876593196295315,0.09964111621518779
2039-09-30,2039-10-28,13.222222222222221,28,0.07410661622306096,0.07395377427673028,0.07435558268159875,0.07411715715936193,-1.5284194633068127,2.489664585377943,0.10540936300970638
2039-10-07,2039-11-04,13.241666666666667,28,0.07410725386084353,0.07395377427672743,0.07436645176159479,0.07411836932282581,-1.5347958411610074,2.59197900751254,0.11115461982277863
2039-10-14,2039-11-11,13.261111111111111,28,0.07410786077884511,0.07395377427673028,0.07437732085072352,0.07411954830937992,-1.5408650211483355,2.6946007187840513,0.11687530534806867
2039-10-21,2039-11-18,13.280555555555555,28,0.0741084371631511,0.07395377427672743,0.07438818994899066,0.07412069414760707,-1.5466288642367043,2.797527858395543,0.12256984455963349
2039-10-28,2039-11-25,13.3,28,0.07410898319923317,0.07395377427672743,0.07439905905639334,0.07412180686608728,-1.5520892250574236,2.9007585716016306,0.1282366685410874
2039-11-04,2039-12-02,13.319444444444445,28,0.07410949907193201,0.07395377427672743,0.07440992817293157,0.07412288649340626,-1.5572479520457871,3.0042910099956077,0.13387421474247985
2039-11-11,2039-12-09,13.338888888888889,28,0.07410998496546599,0.07395377427672743,0.07442079729860535,0.0741239330581554,-1.5621068873855615,3.1081233313935694,0.1394809268941144
2039-11-18,2039-12-16,13.358333333333333,28,0.0741104410634311,0.07395377427673028,0.07443166643341753,0.07412494658891758,-1.5666678670082923,3.212253699864248,0.1450552548647177
2039-11-25,2039-12-23,13.377777777777778,28,0.07411086754878957,0.07395377427672743,0.07444253557735957,0.07412592711427278,-1.5709327206213375,3.3166802857000075,0.15059565483213633
2039-12-02,2039-12-30,13.397222222222222,28,0.07411126460387266,0.07395377427672743,0.07445340473043999,0.07412687466282097,-1.5749032714522382,3.4214012656733073,0.15610058948317684
2039-12-09,2040-01-06,13.416666666666666,28,0.07411163241040931,0.07395377427672743,0.07446427389265597,0.07412778926313646,-1.5785813368188184,3.5264148224666005,0.1615685272714218
2039-12-16,2040-01-13,13.436111111111112,28,0.07411197114946612,0.07395377427673028,0.0744751430640075,0.07412867094381063,-1.5819687273584127,3.6317191454138253,0.1669979434451574
2039-12-23,2040-01-20,13.455555555555556,28,0.074112281001513,0.07395377427672743,0.07448601224449458,0.07412951973342922,-1.585067247855676,3.7373124298158142,0.17238731916224825
2039-12-30,2040-01-27,13.475,28,0.07411256214637182,0.07395377427672743,0.07449688143412292,0.07413033566057507,-1.5878786964439173,3.843192877510948,0.1777351420324813
2040-01-06,2040-02-03,13.494444444444444,28,0.07411281476325066,0.07395377427673028,0.07450775063287823,0.07413111875384816,-1.5904048652037872,3.949358696275773,0.18303990597504094
2040-01-13,2040-02-10,13.51388888888889,28,0.07411303903071241,0.07395377427672743,0.07451861984077196,0.07413186904181991,-1.5926475398497786,4.055808100595498,0.18830011107501265
2040-01-20,2040-02-17,13.533333333333333,28,0.07411323512671185,0.07395377427673028,0.07452948905780696,0.07413258655309601,-1.594608499815714,4.162539310951091,0.19351426384164871
2040-01-27,2040-02-24,13.552777777777777,28,0.07411340322856429,0.07395377427673028,0.07454035828396892,0.07413327131625362,-1.5962895183400938,4.26955055404632,0.19868087689334235
2040-02-03,2040-03-02,13.572222222222223,28,0.0741135435129541,0.07395377427672743,0.07455122751927215,0.07413392335988414,-1.5976923622666728,4.376840063180509,0.20379846930040912
2040-02-10,2040-03-09,13.591666666666667,28,0.07411365615594617,0.07395377427673028,0.07456209676371094,0.07413454271257328,-1.5988187921589514,4.484406077647635,0.2088655662710326
2040-02-17,2040-03-16,13.61111111111111,28,0.07411374133296304,0.07395377427672743,0.0745729660172824,0.07413512940291245,-1.5996705623561036,4.5922468431935926,0.21388069949404565
2040-02-24,2040-03-23,13.630555555555556,28,0.07411379921881915,0.07395377427672743,0.07458383527999228,0.07413568345949592,-1.600249420917188,4.700360611731291,0.21884240676769973
2040-03-02,2040-03-30,13.65,28,0.07411382998767518,0.07395377427673028,0.07459470455183771,0.07413620491089798,-1.6005571094490634,4.808745641625284,0.2237492322279544
2040-03-09,2040-04-06,13.669444444444444,28,0.07411383381308946,0.07395377427672457,0.07460557383281868,0.07413669378573287,-1.6005953636488712,4.917400197292227,0.2285997264341033
2040-03-16,2040-04-13,13.688888888888888,28,0.07411381086797222,0.07395377427672743,0.07461644312293807,0.07413715011256919,-1.6003659124479153,5.026322549658429,0.23339244596964903
2040-03-23,2040-04-20,13.708333333333334,28,0.07411376132460853,0.07395377427672743,0.07462731242219015,0.0741375739200069,-1.5998704788110218,5.135510975816104,0.23812595398367553
2040-03-30,2040-04-27,13.727777777777778,28,0.0741136853546582,0.07395377427672743,0.07463818173057492,0.07413796523663457,-1.5991107793077164,5.244963759167137,0.2427988197636899
2040-04-06,2040-05-04,13.747222222222222,28,0.07411358312915299,0.07395377427672743,0.07464905104809809,0.07413832409103792,-1.598088524255581,5.354679189450984,0.24740961884928137
2040-04-13,2040-05-11,13.766666666666667,28,0.07411345481850518,0.07395377427673028,0.07465992037475397,0.0741386505118169,-1.596805417748981,5.4646555624879305,0.25195693311719225
2040-04-20,2040-05-18,13.786111111111111,28,0.07411330059248465,0.07395377427672743,0.07467078971055109,0.07413894452756008,-1.595263157572191,5.574891180664398,0.25643935075425617
2040-04-27,2040-05-25,13.805555555555555,28,0.07411312062023326,0.07395377427672743,0.07468165905548091,0.07413920616685316,-1.5934634350582566,5.6853843524765075,0.2608554661989726
2040-05-04,2040-06-01,13.825,28,0.0741129150702762,0.07395377427673028,0.07469252840955486,0.07413943545829899,-1.5914079354592547,5.796133392786534,0.2652038802278267
2040-05-11,2040-06-08,13.844444444444445,28,0.0741126841105049,0.07395377427672743,0.07470339777275292,0.07413963243048041,-1.5890983377746248,5.9071366224802695,0.26948319975517165
2040-05-18,2040-06-15,13.863888888888889,28,0.07411242790817983,0.07395377427672743,0.07471426714508939,0.07413979711198598,-1.5865363145239897,6.018392369095543,0.2736920380615182
2040-05-25,2040-06-22,13.883333333333333,28,0.0741121466299477,0.07395377427672743,0.07472513652656712,0.07413992953142426,-1.5837235322026244,6.129898966194258,0.27782901476564037
2040-06-01,2040-06-29,13.902777777777779,28,0.07411184044182141,0.07395377427672743,0.07473600591717469,0.07414002971737237,-1.5806616509397853,6.241654753532805,0.2818927555095496
2040-06-08,2040-07-06,13.922222222222222,28,0.07411150950917156,0.07395377427672743,0.07474687531692352,0.07414009769843315,-1.5773523244412557,6.353658077519614,0.2858818926158857
2040-06-15,2040-07-13,13.941666666666666,28,0.0741111539967749,0.07395377427672743,0.07475774472580504,0.07414013350319802,-1.5737972004746525,6.465907290301443,0.2897950642312408
2040-06-22,2040-07-20,13.96111111111111,28,0.07411077406876013,0.07395377427673028,0.07476861414382498,0.07414013716025838,-1.5699979202984937,6.5784007506485,0.29363091498257887
2040-06-29,2040-07-27,13.980555555555556,28,0.07411036988862506,0.07395377427672743,0.07477948357097475,0.07414010869820567,-1.5659561189762528,6.691136823496896,0.2973880958061226
2040-07-06,2040-08-03,14.0,28,0.07410994161927079,0.07395377427673028,0.07479035300726578,0.07414004814563414,-1.5616734254050857,6.804113879949892,0.30106526363357644
2040-07-13,2040-08-10,14.019444444444444,28,0.0741094894229504,0.07395377427672743,0.07480122245269236,0.07413995553114663,-1.55715146222965,6.917330297419588,0.3046610819623652
2040-07-20,2040-08-17,14.03888888888889,28,0.07410901346129745,0.07395377427672743,0.07481209190725162,0.074139830883326,-1.552391845700135,7.030784459541723,0.3081742202855342
2040-07-27,2040-08-24,14.058333333333334,28,0.07410851389532315,0.07395377427672743,0.07482296137095215,0.07413967423077221,-1.5473961859571728,7.144474756290014,0.3116033544905972
2040-08-03,2040-08-31,14.077777777777778,28,0.07410799088542205,0.07395377427673028,0.07483383084378538,0.07413948560208526,-1.5421660869177622,7.258399583633252,0.3149471666320791
2040-08-10,2040-09-07,14.097222222222221,28,0.07410744459135207,0.07395377427672743,0.07484470032575416,0.07413926502585083,-1.5367031462464043,7.372557344020869,0.31820434498758265
2040-08-17,2040-09-14,14.116666666666667,28,0.0741068751722659,0.07395377427672743,0.07485556981685848,0.07413901253066893,-1.5310089553846606,7.486946445925819,0.32137358403031
2040-08-24,2040-09-21,14.136111111111111,28,0.07410628278668817,0.07395377427673028,0.0748664393170955,0.07413872814513953,-1.52508509957891,7.601565304073271,0.32445358451357875
2040-08-31,2040-09-28,14.155555555555555,28,0.07410566759250971,0.07395377427672457,0.07487730882647378,0.07413841189784831,-1.5189331578513432,7.716412339640738,0.3274430533860284
2040-09-07,2040-10-05,14.175,28,0.07410502974701899,0.07395377427672743,0.07488817834498761,0.07413806381740098,-1.5125547029155861,7.831485979686165,0.3303407038199313
2040-09-14,2040-10-12,14.194444444444445,28,0.07410436940687642,0.07395377427673028,0.07489904787263699,0.07413768393239183,-1.5059513014614723,7.946784657605621,0.33314525515401594
2040-09-21,2040-10-19,14.213888888888889,28,0.07410368672812861,0.07395377427672743,0.07490991740942476,0.07413727227140653,-1.4991245140118237,8.062306812961495,0.3358554327791141
2040-09-28,2040-10-26,14.233333333333333,28,0.07410298186618837,0.07395377427673028,0.0749207869553481,0.07413682886305933,-1.4920758945809187,8.17805089159726,0.3384699687096482
2040-10-05,2040-11-02,14.252777777777778,28,0.07410225497587472,0.07395377427673028,0.07493165651040126,0.07413635373593028,-1.4848069914444317,8.294015345265414,0.34098760055556454
2040-10-12,2040-11-09,14.272222222222222,28,0.07410150621135861,0.07395377427672457,0.07494252607458998,0.07413584691862786,-1.47731934634035,8.410198632313737,0.3434070726925087
2040-10-19,2040-11-16,14.291666666666666,28,0.07410073572622863,0.07395377427672457,0.07495339564791711,0.0741353084397578,-1.4696144950405998,8.526599216884811,0.34572713529162913
2040-10-26,2040-11-23,14.311111111111112,28,0.07409994367343385,0.07395377427672743,0.07496426523037979,0.07413473832789721,-1.4616939670641926,8.64321556945935,0.3479465446336316
2040-11-02,2040-11-30,14.330555555555556,28,0.07409913020531242,0.07395377427672743,0.07497513482198372,0.07413413661165467,-1.4535592858498647,8.76004616671297,0.350064063422556
2040-11-09,2040-12-07,14.35,28,0.07409829547359438,0.07395377427673028,0.0749860044227232,0.07413350331963299,-1.4452119686410303,8.877089491288181,0.352078460386096
2040-11-16,2040-12-14,14.369444444444444,28,0.07409743962937602,0.07395377427673314,0.07499687403260108,0.07413283848041788,-1.4366535264288827,8.99434403225055,0.3539885104185403
2040-11-23,2040-12-21,14.38888888888889,28,0.0740965628231741,0.07395377427672743,0.07500774365160881,0.07413214212261503,-1.427885464466705,9.111808284347072,0.35579299440924306
2040-11-30,2040-12-28,14.408333333333333,28,0.07409566520486299,0.07395377427672743,0.07501861327974924,0.07413141427482728,-1.4189092813556015,9.229480748862429,0.3574906996428595
2040-12-07,2041-01-04,14.427777777777777,28,0.07409474692371758,0.07395377427673028,0.07502948291703376,0.07413065496564603,-1.4097264698730017,9.347359933161853,0.35908041928447987
2040-12-14,2041-01-11,14.447222222222223,28,0.07409380812840752,0.07395377427673028,0.07504035256344814,0.07412986422367412,-1.4003385167724036,9.465444350406221,0.3605609526660669
2040-12-21,2041-01-18,14.466666666666667,28,0.07409284896697724,0.07395377427672743,0.07505122221900093,0.07412904207751156,-1.3907469024980468,9.583732520236921,0.36193110534321615
2040-12-28,2041-01-25,14.48611111111111,28,0.0740918695868688,0.07395377427672743,0.0750620918836921,0.07412818855576113,-1.3809531014136178,9.702222968233087,0.3631896889233488
2041-01-04,2041-02-01,14.505555555555556,28,0.0740908701349333,0.07395377427673028,0.07507296155751599,0.07412730368702,-1.3709585820302628,9.820914225826815,0.36433552086698184
2041-01-11,2041-02-08,14.525,28,0.07408985075737094,0.07395377427672457,0.07508383124047827,0.07412638749988526,-1.360764806463688,9.939804831073234,0.365367425143176
2041-01-18,2041-02-15,14.544444444444444,28,0.07408881159982807,0.07395377427673028,0.07509470093257324,0.07412544002295977,-1.3503732309778915,10.058893327451745,0.3662842313170711
2041-01-25,2041-02-22,14.563888888888888,28,0.07408775280730584,0.07395377427673028,0.07510557063380949,0.07412446128484065,-1.3397853057556253,10.178178265036475,0.36708477534813655
2041-02-01,2041-03-01,14.583333333333334,28,0.0740866745242116,0.07395377427672743,0.07511644034417841,0.07412345131413359,-1.329002474841634,10.297658199668186,0.3677678992199118
2041-02-08,2041-03-08,14.602777777777778,28,0.07408557689435602,0.07395377427672743,0.0751273100636829,0.0741224101394357,-1.3180261762858747,10.41733169326875,0.3683324507967878
2041-02-15,2041-03-15,14.622222222222222,28,0.07408446006093314,0.07395377427672743,0.07513817979232293,0.07412133778935269,-1.3068578420570576,10.537197313897906,0.36877728419551503
2041-02-22,2041-03-22,14.641666666666667,28,0.07408332416654886,0.07395377427672457,0.0751490495301042,0.07412023429249308,-1.2954988982429028,10.65725363555342,0.369101259442145
2041-03-01,2041-03-29,14.661111111111111,28,0.07408216935320391,0.07395377427673028,0.07515991927701819,0.0741190996774426,-1.2839507647363635,10.777499238142779,0.36930324238682033
2041-03-08,2041-04-05,14.680555555555555,28,0.07408099576228803,0.07395377427673028,0.07517078903306487,0.07411793397280977,-1.2722148555775747,10.897932707768371,0.3693821052173918
2041-03-15,2041-04-12,14.7,28,0.07407980353460575,0.07395377427672743,0.07518165879825853,0.0741167372072003,-1.2602925787831565,11.01855263652779,0.3693367259455238
2041-03-22,2041-04-19,14.719444444444445,28,0.0740785928103506,0.07395377427672743,0.0751925285725763,0.07411550940920845,-1.248185336231722,11.139357622256957,0.36916598857850147
2041-03-29,2041-04-26,14.738888888888889,28,0.07407736372911954,0.07395377427672743,0.07520339835603533,0.07411425060743992,-1.2358945239210328,11.26034626915795,0.36886878320388505
2041-04-05,2041-05-03,14.758333333333333,28,0.07407611642992704,0.07395377427672743,0.07521426814862991,0.07411296083050324,-1.2234215319960329,11.38151718702879,0.36844400576205305
2041-04-12,2041-05-10,14.777777777777779,28,0.07407485105117953,0.07395377427673028,0.07522513795036577,0.07411164010699554,-1.2107677444925247,11.502868991862398,0.3678905581601388
2041-04-19,2041-05-17,14.797222222222222,28,0.07407356773068965,0.07395377427672743,0.0752360077612286,0.0741102884655225,-1.1979345396222196,11.624400305389472,0.3672073483285132
2041-04-26,2041-05-24,14.816666666666666,28,0.07407226660568764,0.07395377427673028,0.07524687758123554,0.07410890593468698,-1.1849232895735917,11.74610975547899,0.3663932899934663
2041-05-03,2041-05-31,14.83611111111111,28,0.07407094781278417,0.07395377427673028,0.07525774741037804,0.0741074925430975,-1.1717353605389391,11.867995975938655,0.3654473031332317
2041-05-10,2041-06-07,14.855555555555556,28,0.07406961148803047,0.07395377427672743,0.07526861724864752,0.07410604831934547,-1.1583721130303815,11.990057606170446,0.3643683131500375
2041-05-17,2041-06-14,14.875,28,0.07406825776686102,0.07395377427672743,0.07527948709605825,0.07410457329204803,-1.1448349013358505,12.112293291972332,0.36315525187013975
2041-05-24,2041-06-21,14.894444444444444,28,0.07406688678414224,0.07395377427672457,0.07529035695261024,0.07410306748979371,-1.13112507417662,12.234701684680077,0.3618070565147846
2041-05-31,2041-06-28,14.91388888888889,28,0.07406549867413816,0.07395377427673028,0.07530122681829209,0.07410153094120535,-1.1172439740787798,12.357281441539303,0.3603226706719309
2041-06-07,2041-07-05,14.933333333333334,28,0.0740640935705247,0.07395377427673028,0.07531209669311803,0.07409996367487436,-1.1031929379441696,12.480031225933358,0.358701043496612
2041-06-14,2041-07-12,14.952777777777778,28,0.07406267160641253,0.07395377427673028,0.07532296657707668,0.07409836571940641,-1.088973296822504,12.602949706641553,0.3569411299388092
2041-06-21,2041-07-19,14.972222222222221,28,0.07406123291429566,0.07395377427673028,0.07533383647016516,0.07409673710342718,-1.074586375653802,12.726035558695003,0.35504189131521646
2041-06-28,2041-07-26,14.991666666666667,28,0.07405977762610855,0.07395377427672457,0.07534470637239776,0.07409507785551384,-1.0600334938397349,12.849287462892157,0.3530022940528843
2041-07-05,2041-08-02,15.011111111111111,28,0.07405830587319187,0.07395377427672457,0.07535557628376305,0.07409338800428346,-1.0453159646729715,12.972704105711774,0.35082131091587754
2041-07-12,2041-08-09,15.030555555555555,28,0.07405681778630102,0.07395377427672743,0.0753664462042639,0.07409166757833889,-1.0304350957358877,13.096284179628798,0.3484979203786931
2041-07-19,2041-08-16,15.05,28,0.074055313495629,0.07395377427673028,0.07537731613390886,0.07408991660628869,-1.015392188987163,13.220026382798622,0.3460311065969779
2041-07-26,2041-08-23,15.069444444444445,28,0.07405379313076642,0.07395377427672743,0.0753881860726808,0.07408813511674422,-1.000188540389857,13.343929419143835,0.3434198597780658
2041-08-02,2041-08-30,15.088888888888889,28,0.0740522568207415,0.07395377427672743,0.07539905602058829,0.0740863231382998,-0.9848254401406686,13.467991998467877,0.34066317558298365
2041-08-09,2041-09-06,15.108333333333333,28,0.07405070469400009,0.07395377427672743,0.07540992597763989,0.07408448069957821,-0.9693041727265594,13.592212836397998,0.3377600557812055
2041-08-16,2041-09-13,15.127777777777778,28,0.07404913687840274,0.07395377427672457,0.07542079594382134,0.07408260782916802,-0.9536260167816724,13.716590654185984,0.3347095076527973
2041-08-23,2041-09-20,15.147222222222222,28,0.07404755350126477,0.07395377427673028,0.07543166591914119,0.0740807045556835,-0.9377922453449039,13.841124178764208,0.33151054418728565
2041-08-30,2041-09-27,15.166666666666666,28,0.07404595468928767,0.0739036946355563,0.07486461575864269,0.07407877155982012,-1.4226005373137174,8.1866106935502,0.3281687053245663
2041-09-06,2041-10-04,15.186111111111112,28,0.07404434056863053,0.07385361518833289,0.0742961162729843,0.07407681213726734,-1.907253802976433,2.517757043537655,0.32471568636810444
2041-09-13,2041-10-11,15.205555555555556,28,0.07404271126487291,0.07380353593505719,0.07372616765548567,0.07407483025409548,-2.391753298157245,-3.165436093872376,0.3211898922256262
2041-09-20,2041-10-18,15.225,28,0.0740410669030148,0.07375345687572635,0.0731547700999689,0.07407282989633604,-2.8761002728845684,-8.862968030459022,0.31762993321235444
2041-09-27,2041-10-25,15.244444444444444,28,0.07403940760750524,0.07375345687572635,0.07315974193417896,0.07407081441790332,-2.859507317788945,-8.796656733262854,0.3140681039807969
2041-10-04,2041-11-01,15.26388888888889,28,0.07403773350221655,0.07375345687572635,0.0731647137702932,0.0740687845776503,-2.8427662649020693,-8.730197319233579,0.31051075433746744
2041-10-11,2041-11-08,15.283333333333333,28,0.07403604471044442,0.07375345687572635,0.07316968560832304,0.07406674048403593,-2.8258783471807325,-8.66359102121378,0.30695773591507547
2041-10-18,2041-11-15,15.302777777777777,28,0.07403434135494205,0.07375345687572635,0.07317465744827135,0.07406468224551059,-2.808844792157039,-8.596839066706968,0.3034089056853928
2041-10-25,2041-11-22,15.322222222222223,28,0.07403262355787746,0.0737534568757292,0.073179629290121,0.07406260997051042,-2.791666821482519,-8.529942677564517,0.299864126329652
2041-11-01,2041-11-29,15.341666666666667,28,0.07403089144086764,0.07375345687572635,0.07318460113388912,0.07406052376749152,-2.7743456514128795,-8.462903069785115,0.29632326623882377
2041-11-08,2041-12-06,15.36111111111111,28,0.07402914512497004,0.0737534568757292,0.07318957297956713,0.07405842374490712,-2.756882492408325,-8.395721454029086,0.29278619937081474
2041-11-15,2041-12-13,15.380555555555556,28,0.07402738473067684,0.0737534568757292,0.07319454482715505,0.07405631001118763,-2.739278549476337,-8.32839903521787,0.2892528051079424
2041-11-22,2041-12-20,15.4,28,0.07402561037791783,0.07375345687572635,0.07319951667666429,0.07405418267478917,-2.7215350219148005,-8.260937012535413,0.28572296871337555
2041-11-29,2041-12-27,15.419444444444444,28,0.07402382218608038,0.07375345687572635,0.07320448852806916,0.07405204184416782,-2.7036531035402875,-8.193336580112204,0.28219658087441646
2041-12-06,2042-01-03,15.438888888888888,28,0.07402202027398085,0.0737534568757292,0.0732094603813982,0.07404988762775114,-2.6856339825163946,-8.12559892582651,0.27867353770291703
2041-12-13,2042-01-10,15.458333333333334,28,0.07402020475988179,0.0737534568757292,0.07321443223663428,0.07404772013400665,-2.6674788415258224,-8.05772523247511,0.27515374124861824
2041-12-20,2042-01-17,15.477777777777778,28,0.07401837576150617,0.0737534568757292,0.07321940409378026,0.07404553947137048,-2.649188857769685,-7.989716677259118,0.27163709864302943
2041-12-27,2042-01-24,15.497222222222222,28,0.07401653339600316,0.0737534568757292,0.07322437595284186,0.07404334574829013,-2.630765202739499,-7.92157443161301,0.26812352286978425
2042-01-03,2042-01-31,15.516666666666667,28,0.0740146777800023,0.07375345687572635,0.07322934781381335,0.0740411390732189,-2.612209042759522,-7.853299661889496,0.26461293216595294
2042-01-10,2042-02-07,15.536111111111111,28,0.07401280902955364,0.07375345687572635,0.0732343196766976,0.07403891955459573,-2.593521538272886,-7.784893528560294,0.26110525042088994
2042-01-17,2042-02-14,15.555555555555555,28,0.0740109272601676,0.07375345687572635,0.07323929154148891,0.07403668730087956,-2.5747038444125234,-7.716357186786926,0.2576004071196125
2042-01-24,2042-02-21,15.575,28,0.07400903258682082,0.0737534568757292,0.07324426340819867,0.0740344424205094,-2.5557571109161015,-7.647691786221433,0.2540983368858052
2042-01-31,2042-02-28,15.594444444444445,28,0.07400712512391605,0.0737534568757292,0.07324923527681834,0.07403218502192704,-2.5366824818684464,-7.578898470977091,0.2505989801099284
2042-02-07,2042-03-07,15.613888888888889,28,0.0740052049853479,0.0737534568757292,0.07325420714735076,0.07402991521358862,-2.517481096186991,-7.509978379971471,0.24710228240715226
2042-02-14,2042-03-14,15.633333333333333,28,0.07400327228444287,0.0737534568757292,0.07325917901979022,0.07402763310393594,-2.498154087136606,-7.440932646526482,0.24360819493071673
2042-02-21,2042-03-21,15.652777777777779,28,0.07400132713399644,0.0737534568757292,0.0732641508941453,0.07402533880141654,-2.4787025826723816,-7.37176239851145,0.2401166742009575
2042-02-28,2042-03-28,15.672222222222222,28,0.07399936964626454,0.0737534568757292,0.07326912277041028,0.07402303241448369,-2.4591277053533087,-7.302468758542541,0.236627682191487
2042-03-07,2042-04-04,15.691666666666666,28,0.07399739993294922,0.07375345687572635,0.07327409464858801,0.07402071405157917,-2.4394305722287566,-7.233052843612087,0.23314118629949587
2042-03-14,2042-04-11,15.71111111111111,28,0.07399541810524443,0.0737534568757292,0.07327906652868135,0.07401838382114484,-2.4196122951522514,-7.16351576563079,0.2296571590040819
2042-03-21,2042-04-18,15.730555555555556,28,0.07399342427377878,0.07375345687572635,0.07328403841067889,0.0740160418316368,-2.3996739805243195,-7.0938586309989,0.22617557858026216
2042-03-28,2042-04-25,15.75,28,0.07399141854866421,0.07375345687572635,0.07328901029459203,0.07401368819149973,-2.37961672937867,-7.024082540721816,0.2226964283551236
2042-04-04,2042-05-02,15.769444444444444,28,0.07398940103947022,0.0737534568757292,0.07329398218041794,0.0740113230091726,-2.359441637410087,-6.95418859052277,0.21921969702382027
2042-04-11,2042-05-09,15.78888888888889,28,0.07398737185524386,0.07375345687572635,0.07329895406814803,0.07400894639311151,-2.3391497951751052,-6.884177870958297,0.21574537867649624
2042-04-18,2042-05-16,15.808333333333334,28,0.07398533110449261,0.07375345687572635,0.0733039259578023,0.07400655845176113,-2.3187422876626282,-6.814051466903087,0.2122734726851816
2042-04-25,2042-05-23,15.827777777777778,28,0.07398327889520154,0.0737534568757292,0.0733088978493579,0.07400415929356045,-2.2982201947233105,-6.743810458436361,0.20880398358916197
2042-05-02,2042-05-30,15.847222222222221,28,0.07398121533482753,0.0737534568757292,0.07331386974282911,0.07400174902696843,-2.277584590983234,-6.673455919984223,0.2053369214090328
2042-05-09,2042-06-06,15.866666666666667,28,0.07397914053029078,0.0737534568757292,0.07331884163821593,0.07399932776041832,-2.256836545615759,-6.602988920748482,0.20187230127532985
2042-05-16,2042-06-13,15.886111111111111,28,0.07397705458800331,0.0737534568757292,0.0733238135355041,0.07399689560236336,-2.235977122741067,-6.532410524992121,0.19841014360047482
2042-05-23,2042-06-20,15.905555555555555,28,0.07397495761384613,0.0737534568757292,0.07332878543471644,0.0739944526612511,-2.215007381169282,-6.461721791296976,0.19495047404963217
2042-05-30,2042-06-27,15.925,28,0.07397284971318069,0.0737534568757292,0.07333375733583296,0.0739919990455205,-2.1939283745148197,-6.390923773477303,0.19149332339818415
2042-06-06,2042-07-04,15.944444444444445,28,0.07397073099084311,0.07375345687572635,0.07333872923886796,0.07398953486363055,-2.1727411511676675,-6.320017519751558,0.18803872787437337
2042-06-13,2042-07-11,15.963888888888889,28,0.07396860155114997,0.07375345687572635,0.07334370114380714,0.07398706022402303,-2.1514467542362024,-6.249004073428238,0.184586728730618
2042-06-20,2042-07-18,15.983333333333333,28,0.07396646149790678,0.0737534568757292,0.07334867305065908,0.07398457523513693,-2.130046221775761,-6.177884472477052,0.18113737230152083
2042-06-27,2042-07-25,16.002777777777776,28,0.07396431093440237,0.07375345687572635,0.07335364495942377,0.07398208000542265,-2.108540586760188,-6.106659749785942,0.17769071020287686
2042-07-04,2042-08-01,16.022222222222222,28,0.07396214996340308,0.07375345687573207,0.07335861687010407,0.07397957464332773,-2.0869308767101913,-6.0353309329901075,0.17424679924646358
2042-07-11,2042-08-08,16.041666666666668,28,0.07395997868717284,0.0737534568757292,0.07336358878268857,0.07397705925729113,-2.065218114436357,-5.96389904484268,0.17080570118288563
2042-07-18,2042-08-15,16.06111111111111,28,0.07395779720746168,0.0737534568757292,0.07336856069719438,0.07397453395576895,-2.0434033173247212,-5.892365102672937,0.1673674830726668
2042-07-25,2042-08-22,16.080555555555556,28,0.07395560562549434,0.07375345687573207,0.07337353261360725,0.07397199884720301,-2.0214874976227923,-5.820730118870909,0.16393221708668748
2042-08-01,2042-08-29,16.1,28,0.0739534040420017,0.07375345687572635,0.07337850453192145,0.07396945404003802,-1.9994716627534659,-5.748995100802457,0.16049998036324342
2042-08-08,2042-09-05,16.119444444444444,28,0.07395119255721783,0.0737534568757292,0.07338347645215983,0.07396689964271579,-1.9773568148861997,-5.677161050579999,0.15707085497959627
2042-08-15,2042-09-12,16.13888888888889,28,0.07394897127084013,0.07375345687572349,0.07338844837430811,0.0739643357636867,-1.955143951166416,-5.60522896532023,0.1536449284657293
2042-08-22,2042-09-19,16.158333333333335,28,0.07394674028209496,0.07375345687572349,0.07339342029836914,0.07396176251139831,-1.9328340637146668,-5.533199837258196,0.15022229303357504
2042-08-29,2042-09-26,16.177777777777777,28,0.07394449968967479,0.0737534568757292,0.07339839222434291,0.07395917999428958,-1.9104281394557998,-5.461074653318743,0.14680304614794748
2042-09-05,2042-10-03,16.197222222222223,28,0.07394224959179249,0.07375345687572635,0.0734033641522266,0.07395658832080804,-1.88792716066144,-5.388854395658865,0.14338729015545004
2042-09-12,2042-10-10,16.216666666666665,28,0.07393999008615275,0.07375345687573207,0.07340833608202305,0.0739539875994098,-1.865332104206835,-5.31654004129703,0.13997513257049676
2042-09-19,2042-10-17,16.23611111111111,28,0.07393772126994927,0.0737534568757292,0.07341330801372653,0.07395137793852241,-1.842643942200628,-5.244132562227389,0.13656668573142072
2042-09-26,2042-10-24,16.255555555555556,28,0.07393544323991609,0.0737534568757292,0.07341827994733993,0.07394875944659912,-1.8198636418688408,-5.171632925761588,0.1331620668303113
2042-10-03,2042-10-31,16.275,28,0.07393315609225054,0.0737534568757292,0.07342325188287463,0.07394613223209603,-1.7969921652133403,-5.09904209375911,0.12976139845494172
2042-10-10,2042-11-07,16.294444444444444,28,0.07393085992267892,0.07375345687572635,0.07342822382031354,0.07394349640343784,-1.7740304695257336,-5.026361023653808,0.12636480758915214
2042-10-17,2042-11-14,16.31388888888889,28,0.07392855482642219,0.07375345687572635,0.0734331957596709,0.07394085206908065,-1.7509795069584055,-4.9535906675128585,0.12297242658457219
2042-10-24,2042-11-21,16.333333333333332,28,0.07392624089822743,0.0737534568757292,0.07343816770093817,0.07393819933747198,-1.7278402249822078,-4.880731972892599,0.11958439244549868
2042-10-31,2042-11-28,16.352777777777778,28,0.07392391823233067,0.0737534568757292,0.07344313964410963,0.07393553831705083,-1.7046135660146733,-4.807785882210425,0.11620084720151413
2042-11-07,2042-12-05,16.372222222222224,28,0.0739215869224912,0.0737534568757292,0.07344811158919955,0.07393286911626186,-1.681300467619995,-4.734753332916592,0.11282193770653648
2042-11-14,2042-12-12,16.391666666666666,28,0.07391924706200298,0.07375345687572635,0.07345308353619938,0.07393019184355833,-1.65790186276632,-4.661635258036006,0.1094478155534706
2042-11-21,2042-12-19,16.41111111111111,28,0.07391689874361466,0.07375345687572349,0.07345805548511196,0.07392750660737349,-1.6344186789117587,-4.588432585027058,0.10607863758824165
2042-11-28,2042-12-26,16.430555555555557,28,0.07391454205964955,0.07375345687572635,0.07346302743594015,0.07392481351616059,-1.6108518392320137,-4.5151462370940365,0.10271456511043442
2042-12-05,2043-01-02,16.45,28,0.07391217710193418,0.0737534568757292,0.07346799938867538,0.07392211267835862,-1.587202262049725,-4.441777132588031,0.09935576424438541
2042-12-12,2043-01-09,16.469444444444445,28,0.07390980396178407,0.0737534568757292,0.07347297134331766,0.07391940420240653,-1.563470860548588,-4.368326184664012,0.09600240622464895
2042-12-19,2043-01-16,16.488888888888887,28,0.07390742273009224,0.0737534568757292,0.07347794329988126,0.073916688196769,-1.5396585436303067,-4.294794302109745,0.09265466676761092
2042-12-26,2043-01-23,16.508333333333333,28,0.07390503349721783,0.0737534568757292,0.07348291525835192,0.07391396476987071,-1.5157662148862494,-4.221182388659122,0.08931272652876188
2043-01-02,2043-01-30,16.52777777777778,28,0.0739026363530718,0.0737534568757292,0.07348788721873246,0.07391123403015921,-1.491794773425953,-4.147491343393373,0.08597677087412992
2043-01-09,2043-02-06,16.54722222222222,28,0.07390023138709687,0.0737534568757292,0.07349285918103148,0.07390849608609346,-1.4677451136765884,-4.073722060653901,0.08264698996590658
2043-01-16,2043-02-13,16.566666666666666,28,0.07389781868823901,0.0737534568757292,0.07349783114523468,0.07390575104609244,-1.4436181250980507,-3.999875430043265,0.07932357853429606
2043-01-23,2043-02-20,16.586111111111112,28,0.07389539834498463,0.0737534568757292,0.07350280311135064,0.0739029990186151,-1.4194146925541884,-3.9259523363398277,0.07600673630481225
2043-01-30,2043-02-27,16.605555555555554,28,0.07389297044535757,0.0737534568757292,0.07350777507938508,0.07390024011211185,-1.3951356962836614,-3.8519536597249324,0.07269666754280979
2043-02-06,2043-03-06,16.625,28,0.07389053507691067,0.07375345687572635,0.07351274704932655,0.07389747443501024,-1.3707820118431802,-3.7778802758411945,0.06939358099575244
2043-02-13,2043-03-13,16.644444444444446,28,0.07388809232670283,0.07375345687572635,0.07351771902117792,0.07389470209575778,-1.3463545097648633,-3.703733055249181,0.06609769054949366
2043-02-20,2043-03-20,16.663888888888888,28,0.07388564228137337,0.07375345687572635,0.07352269099494776,0.07389192320281916,-1.3218540564702286,-3.629512864256057,0.06280921445792065
2043-02-27,2043-03-27,16.683333333333334,28,0.07388318502706191,0.07375345687573207,0.07352766297061894,0.07388913786460481,-1.2972815132984705,-3.555220564429723,0.05952837542899658
2043-03-06,2043-04-03,16.70277777777778,28,0.07388072064944565,0.07375345687572635,0.07353263494820572,0.07388634618958509,-1.2726377371929942,-3.480857012399252,0.056255401394422755
2043-03-13,2043-04-10,16.72222222222222,28,0.0738782492337764,0.0737534568757292,0.07353760692771097,0.07388354828619326,-1.247923580471877,-3.406423060654251,0.05299052416862793
2043-03-20,2043-04-17,16.741666666666667,28,0.07387577086480634,0.07375345687572635,0.07354257890912042,0.07388074426285687,-1.2231398907999735,-3.3319195568592974,0.049733980505284325
2043-03-27,2043-04-24,16.761111111111113,28,0.0738732856268395,0.07375345687572349,0.07354755089244261,0.07387793422805203,-1.198287511160051,-3.2573473439688474,0.04648601212534076
2043-04-03,2043-05-01,16.780555555555555,28,0.0738707936037459,0.0737534568757292,0.07355252287768327,0.073875118290192,-1.1733672801669814,-3.1827072606263607,0.04324686446094406
2043-04-10,2043-05-08,16.8,28,0.07386829487890458,0.0737534568757292,0.07355749486483099,0.07387229655773288,-1.1483800317536874,-3.1080001407358946,0.04001678828302602
2043-04-17,2043-05-15,16.819444444444443,28,0.07386578953526916,0.0737534568757292,0.07356246685389431,0.0738694691391222,-1.1233265953995708,-3.0332268137485405,0.03679603853043445
2043-04-24,2043-05-22,16.83888888888889,28,0.07386327765533368,0.07375345687572635,0.07356743884486752,0.07386663614279325,-1.098207796073336,-2.958388104661591,0.03358487459567683
2043-05-01,2043-05-29,16.858333333333334,28,0.07386075932112966,0.0737534568757292,0.07357241083774493,0.07386379767719355,-1.073024454004562,-2.8834848338472883,0.03038356063883585
2043-05-08,2043-06-05,16.877777777777776,28,0.07385823461426037,0.07375345687572635,0.07357738283254367,0.07386095385077063,-1.0477773853402594,-2.808517817167039,0.02719236510254075
2043-05-15,2043-06-12,16.897222222222222,28,0.07385570361586666,0.0737534568757292,0.07358235482924945,0.0738581047719549,-1.022467401374516,-2.7334878661720854,0.02401156088238654
2043-05-22,2043-06-19,16.916666666666668,28,0.07385316640663536,0.07375345687572635,0.07358732682785941,0.0738552505491939,-0.9970953090901458,-2.658395787759477,0.020841425585338413
2043-05-29,2043-06-26,16.93611111111111,28,0.0738506230668366,0.07375345687572635,0.07359229882839641,0.07385239129093232,-0.9716619111024838,-2.583242384401885,0.017682240957273
2043-06-05,2043-07-03,16.955555555555556,28,0.07384807367627223,0.07375345687573207,0.0735972708308319,0.07384952710561198,-0.9461680054016763,-2.5080284544033713,0.014534293397427955
2043-06-12,2043-07-10,16.975,28,0.0738455183143102,0.07375345687572635,0.07360224283518584,0.07384665810167183,-0.9206143858385418,-2.432754791243663,0.011397873616314502
2043-06-19,2043-07-17,16.994444444444444,28,0.07384295705989308,0.07375345687572635,0.07360721484145825,0.07384378438755945,-0.8950018416672978,-2.357422184348229,0.00827327666375055
2043-06-26,2043-07-24,17.01388888888889,28,0.07384038999149808,0.07375345687572349,0.07361218684963486,0.07384090607171379,-0.8693311577459562,-2.2820314186322577,0.005160802157011535
2043-07-03,2043-07-31,17.033333333333335,28,0.07383781718718563,0.07375345687572349,0.07361715885972707,0.07383802326257666,-0.843603114621394,-2.2065832745855882,0.002060753910293478
2043-07-10,2043-08-07,17.052777777777777,28,0.07383523872457934,0.0737534568757292,0.07362213087172632,0.07383513606859562,-0.8178184885013207,-2.1310785285301446,-0.0010265598371361762
2043-07-17,2043-08-14,17.072222222222223,28,0.07383265468084892,0.07375345687572635,0.07362710288563548,0.07383224459820394,-0.7919780512256891,-2.05551795213435,-0.004100826449804362
2043-07-24,2043-08-21,17.091666666666665,28,0.07383006513275868,0.07375345687573207,0.07363207490146026,0.07382934895984627,-0.7660825702661411,-1.9799023129841997,-0.007161729124044447
2043-07-31,2043-08-28,17.11111111111111,28,0.07382747015662755,0.07375345687572635,0.07363704691919778,0.07382644926196733,-0.7401328090120285,-1.9042323742976541,-0.010208946602252578
2043-08-07,2043-09-04,17.130555555555556,28,0.07382486982833486,0.07375345687572635,0.07364201893884235,0.07382354561299463,-0.7141295260851277,-1.8285088949250572,-0.013242153402287515
2043-08-14,2043-09-11,17.15,28,0.07382226422337165,0.0737534568757292,0.07364699096040539,0.07382063812139572,-0.6880734764244667,-1.7527326296626344,-0.016261019759322703
2043-08-21,2043-09-18,17.169444444444444,28,0.07381965341675503,0.0737534568757292,0.07365196298387833,0.07381772689558387,-0.6619654102582584,-1.6769043287670482,-0.019265211711610997
2043-08-28,2043-09-25,17.18888888888889,28,0.07381703748309963,0.07375345687572635,0.07365693500925545,0.07381481204402089,-0.6358060737328419,-1.6010247384418141,-0.022254390787401768
2043-09-04,2043-10-02,17.208333333333332,28,0.07381441649660893,0.0737534568757292,0.07366190703655676,0.07381189367514006,-0.6095962087972195,-1.5250946005217203,-0.025228214688699513
2043-09-11,2043-10-09,17.227777777777778,28,0.07381179053103537,0.0737534568757292,0.0736668790657651,0.07380897189737746,-0.5833365530616419,-1.4491146527026433,-0.028186336579055782
2043-09-18,2043-10-16,17.247222222222224,28,0.0738091596597317,0.07375345687572635,0.0736718510968805,0.07380604681918067,-0.5570278400535145,-1.3730856285119886,-0.031128405510311152
2043-09-25,2043-10-23,17.266666666666666,28,0.0738065239556253,0.0737534568757292,0.07367682312991436,0.07380311854899148,-0.530670798960936,-1.2970082571094055,-0.03405406633821828
2043-10-02,2043-10-30,17.28611111111111,28,0.0738038834912239,0.07375345687572349,0.07368179516485528,0.07380018719524888,-0.5042661550040684,-1.22088326368619,-0.03696295975019748
2043-10-09,2043-11-06,17.305555555555557,28,0.07380123833862978,0.07375345687572635,0.07368676720170894,0.07379725286638898,-0.47781462903434546,-1.1447113692084065,-0.039854722408000365
2043-10-16,2043-11-13,17.325,28,0.07379858856952565,0.0737534568757292,0.07369173924047535,0.0737943156708679,-0.45131693796440775,-1.068493290502931,-0.0427289865774505
2043-10-23,2043-11-20,17.344444444444445,28,0.07379593425517163,0.07375345687572349,0.07369671128115739,0.07379137571710175,-0.42477379448138675,-0.992229740142403,-0.045585380698820455
2043-10-30,2043-11-27,17.363888888888887,28,0.07379327546643388,0.0737534568757292,0.0737016833237436,0.07378843311354379,-0.3981859070467664,-0.9159214269027771,-0.04842352890097046
2043-11-06,2043-12-04,17.383333333333333,28,0.07379061227375892,0.07375345687572635,0.07370665536824543,0.0737854879686444,-0.3715539803257617,-0.8395690551349366,-0.051243051145261065
2043-11-13,2043-12-11,17.40277777777778,28,0.07378794474716788,0.0737534568757292,0.07371162741465717,0.07378254039081115,-0.34487871438670936,-0.7631733251070583,-0.054043563567224284
2043-11-20,2043-12-18,17.42222222222222,28,0.0737852729563136,0.07375345687573207,0.0737165994629845,0.07377959048852015,-0.31816080581531514,-0.6867349332909112,-0.05682467793449719
2043-11-27,2043-12-25,17.441666666666666,28,0.07378259697042072,0.0737534568757292,0.07372157151322176,0.07377663837020178,-0.2914009469151546,-0.6102545719896546,-0.05958600218944343
2043-12-04,2044-01-01,17.461111111111112,28,0.07377991685828565,0.0737534568757292,0.0737265435653689,0.07377368414428075,-0.2645998255644544,-0.5337329291675574,-0.062327140049056595
2043-12-11,2044-01-08,17.480555555555554,28,0.07377723268837359,0.07375345687572635,0.07373151561943164,0.0737707279192217,-0.2377581264724482,-0.45717068941950045,-0.0650476915188547
2043-12-18,2044-01-15,17.5,28,0.07377454452867305,0.07375345687572635,0.07373648767540145,0.07376776980344651,-0.21087652946699675,-0.380568532716008,-0.06774725226532663
2043-12-25,2044-01-22,17.519444444444446,28,0.0737718524468099,0.0737534568757292,0.073741459733284,0.07376480990537702,-0.18395571080687123,-0.3039271352589523,-0.07042541432869531
2044-01-01,2044-01-29,17.538888888888888,28,0.07376915651001609,0.0737534568757292,0.07374643179308217,0.07376184833349786,-0.15699634286880926,-0.22724716933916755,-0.07308176518228127
2044-01-08,2044-02-05,17.558333333333334,28,0.07376645678510675,0.07375345687572635,0.07375140385478739,0.07375888519621375,-0.12999909380403962,-0.1505293031936472,-0.0757158889300169
2044-01-15,2044-02-12,17.57777777777778,28,0.07376375333851445,0.07375345687572635,0.07375637591840535,0.07375592060197222,-0.10296462788106364,-0.07377420109103139,-0.07832736542229268
2044-01-22,2044-02-19,17.59722222222222,28,0.07376104623628635,0.07375345687572635,0.07376134798394464,0.07375295465922939,-0.07589360560000813,0.0030174765829060757,-0.08091577056959509
2044-01-29,2044-02-26,17.616666666666667,28,0.07375833554406139,0.07375345687572635,0.07376632005137955,0.07374998747639282,-0.04878668335039915,0.07984507318162248,-0.08348067668570436
2044-02-05,2044-03-04,17.636111111111113,28,0.07375562132708735,0.0737534568757292,0.07377129212073578,0.07374701916193287,-0.02164451358144248,0.15670793648434045,-0.08602165154483754
2044-02-12,2044-03-11,17.655555555555555,28,0.07375290365025235,0.0737534568757292,0.07377626419200478,0.07374404982426569,0.005532254768597644,0.23360541752434627,-0.08853825986657182
2044-02-19,2044-03-18,17.675,28,0.0737501825780191,0.07375345687572349,0.07378123626518082,0.07374107957183311,0.03274297704386475,0.31053687161719523,-0.09103006185992579
2044-02-26,2044-03-25,17.694444444444443,28,0.07374745817448775,0.0737534568757292,0.07378620834027817,0.07373810851308552,0.059987012414608465,0.38750165790427116,-0.09349661402230369
2044-03-04,2044-04-01,17.71388888888889,28,0.0737447305033645,0.0737534568757292,0.07379118041727972,0.07373513675645046,0.08726372364709079,0.4644991391522524,-0.09593746914032808
2044-03-11,2044-04-08,17.733333333333334,28,0.07374199962796155,0.07375345687572349,0.07379615249618832,0.07373216441037261,0.11457247761942346,0.5415286822677001,-0.09835217588932688
2044-03-18,2044-04-15,17.752777777777776,28,0.07373926561125423,0.07375345687573207,0.07380112457701823,0.07372919158329953,0.14191264477839138,0.618589657640084,-0.10074027954692921
2044-03-25,2044-04-22,17.772222222222222,28,0.07373652851578395,0.0737534568757292,0.07380609665975518,0.07372621838364735,0.16928359945253546,0.6956814397122979,-0.10310132136606698
2044-04-01,2044-04-29,17.791666666666668,28,0.07373378840374098,0.0737534568757292,0.07381106874440205,0.07372324491986929,0.19668471988226743,0.7728034066106781,-0.10543483871694459
2044-04-08,2044-05-06,17.81111111111111,28,0.0737310453369387,0.0737534568757292,0.07381604083096738,0.07372027130040149,0.22411538790512164,0.8499549402868345,-0.10774036537208875
2044-04-15,2044-05-13,17.830555555555556,28,0.07372829937679942,0.0737534568757292,0.07382101291943975,0.07371729763366863,0.2515749892978425,0.9271354264032972,-0.1100174313078961
2044-04-22,2044-05-20,17.85,28,0.0737255505843886,0.0737534568757292,0.07382598500981917,0.07371432402812683,0.2790629134061251,1.0043442543057612,-0.11226556261761944
2044-04-29,2044-05-27,17.869444444444444,28,0.0737227990204005,0.07375345687572635,0.07383095710212276,0.07371135059220935,0.3065785532584131,1.0815808172225105,-0.1144842819116032
2044-05-06,2044-06-03,17.88888888888889,28,0.0737200447451298,0.07375345687572635,0.07383592919632768,0.07370837743434372,0.3341213059654402,1.1588445119788127,-0.11667310786084295
2044-05-13,2044-06-10,17.908333333333335,28,0.07371728781853706,0.0737534568757292,0.07384090129244823,0.07370540466298607,0.36169057192142473,1.2361347391116884,-0.11883155550992952
2044-05-20,2044-06-17,17.927777777777777,28,0.07371452830020037,0.07375345687572635,0.07384587339048437,0.07370243238655824,0.3892857552598161,1.3134509028400743,-0.12095913642123923
2044-05-27,2044-06-24,17.947222222222223,28,0.07371176624931236,0.07375345687572635,0.07385084549042473,0.07369946071350203,0.4169062641398713,1.3907924111236647,-0.12305535810330781
2044-06-03,2044-07-01,17.966666666666665,28,0.07370900172473739,0.0737534568757292,0.07385581759228353,0.07369648975225644,0.44455150991815073,1.4681586754614062,-0.12511972480949707
2044-06-10,2044-07-08,17.98611111111111,28,0.07370623478494011,0.07375345687572635,0.07386078969605224,0.07369351961125759,0.4722209078623918,1.5455491111213138,-0.12715173682523173
2044-06-17,2044-07-15,18.005555555555556,28,0.07370346548803403,0.07375345687572635,0.07386576180172513,0.07369055039893871,0.4999138769232192,1.6229631369110709,-0.1291508909531669
2044-06-24,2044-07-22,18.025,28,0.0737006938917958,0.07375345687573207,0.07387073390932221,0.07368758222374451,0.5276298393626366,1.7004001752640718,-0.13111668051291048
2044-07-01,2044-07-29,18.044444444444444,28,0.07369792005361095,0.07375345687572635,0.07387570601882347,0.07368461519410253,0.5553682211539845,1.7778596521252077,-0.13304859508414535
2044-07-08,2044-08-05,18.06388888888889,28,0.07369514403050813,0.0737534568757292,0.07388067813023749,0.0736816494184489,0.5831284522107849,1.8553409972936474,-0.1349461205922553
2044-07-15,2044-08-12,18.083333333333332,28,0.07369236587918485,0.0737534568757292,0.07388565024356712,0.0736786850052397,0.6109099654436068,1.9328436438227625,-0.13680873945140504
2044-07-22,2044-08-19,18.102777777777778,28,0.07368958565596749,0.07375345687572635,0.07389062235880381,0.07367572206288824,0.6387121975885701,2.010367028363186,-0.1386359307925522
2044-07-29,2044-08-26,18.122222222222224,28,0.07368680341679701,0.0737534568757292,0.07389559447595323,0.07367276069984488,0.6665345893219765,2.0879105915622143,-0.14042716952128442
2044-08-05,2044-09-02,18.141666666666666,28,0.07368401921733746,0.0737534568757292,0.07390056659501543,0.0736698010245486,0.6943765839174942,2.165473776779697,-0.14218192788850725
2044-08-12,2044-09-09,18.16111111111111,28,0.0736812331128332,0.07375345687572349,0.07390553871598751,0.07366684314541555,0.7222376289028887,2.2430560315431225,-0.1438996741764953
2044-08-19,2044-09-16,18.180555555555557,28,0.07367844515819463,0.0737534568757292,0.07391051083887806,0.07366388717090182,0.7501171753457325,2.320656806834298,-0.14557987292815322
2044-08-26,2044-09-23,18.2,28,0.07367565540802376,0.0737534568757292,0.07391548296367567,0.07366093320944067,0.7780146770544616,2.398275556519114,-0.14722198583089208
2044-09-02,2044-09-30,18.219444444444445,28,0.07367286391651152,0.07375345687572349,0.07392045509038317,0.07365798136945394,0.8059295921196419,2.475911738716446,-0.14882547057587514
2044-09-09,2044-10-07,18.238888888888887,28,0.07367007073755197,0.07375345687573207,0.07392542721900629,0.07365503175939489,0.833861381800971,2.553564814543191,-0.1503897815707811
2044-09-16,2044-10-14,18.258333333333333,28,0.07366727592468227,0.07375345687572635,0.0739303993495393,0.07365208448769105,0.8618095104408197,2.6312342485702853,-0.1519143699121872
2044-09-23,2044-10-21,18.27777777777778,28,0.07366447953108272,0.07375345687572349,0.0739353714819822,0.07364913966277285,0.8897734464076434,2.7089195089947946,-0.15339868309871552
2044-09-30,2044-10-28,18.29722222222222,28,0.07366168160962536,0.07375345687573207,0.07394034361634359,0.07364619739308781,0.9177526610670839,2.78662006718236,-0.15484216537547946
2044-10-07,2044-11-04,18.316666666666666,28,0.07365888221279672,0.0737534568757292,0.07394531575261201,0.0736432577870692,0.9457466293248673,2.8643353981529227,-0.15624425727514546
2044-10-14,2044-11-11,18.336111111111112,28,0.07365608139277795,0.07375345687572349,0.07395028789078749,0.07364032095314459,0.9737548294554144,2.9420649800954157,-0.15760439633361045
2044-10-21,2044-11-18,18.355555555555554,28,0.07365327920141043,0.07375345687573207,0.07395526003088713,0.07363738699975578,1.0017767432163316,3.019808294767029,-0.1589220165465477
2044-10-28,2044-11-25,18.375,28,0.0736504756901844,0.07375345687572635,0.07396023217289097,0.07363445603533034,1.029811855419449,3.0975648270656353,-0.16019654854065868
2044-11-04,2044-12-02,18.394444444444446,28,0.07364767091027323,0.0737534568757292,0.0739652043168047,0.07363152816831578,1.0578596545597618,3.1753340653146997,-0.1614274195745058
2044-11-11,2044-12-09,18.413888888888888,28,0.07364486491251336,0.07375345687573207,0.07397017646263405,0.07362860350713683,1.0859196321870435,3.253115501206938,-0.16261405376527538
2044-11-18,2044-12-16,18.433333333333334,28,0.07364205774740157,0.0737534568757292,0.0739751486103733,0.0736256821602353,1.1139912832763832,3.3309086297172996,-0.16375587166272965
2044-11-25,2044-12-23,18.45277777777778,28,0.07363924946510629,0.0737534568757292,0.0739801207600196,0.07362276423604161,1.1420741062291573,3.408712949133086,-0.1648522906468053
2044-12-02,2044-12-30,18.47222222222222,28,0.07363644011547908,0.07375345687572635,0.07398509291158721,0.07361984984299186,1.1701676024726548,3.486527961081287,-0.16590272487224111
2044-12-09,2045-01-06,18.491666666666667,28,0.0736336297480289,0.07375345687572349,0.07399006506506188,0.07361693908951361,1.1982712769459392,3.564353170329854,-0.1669065851528373
2044-12-16,2045-01-13,18.511111111111113,28,0.07363081841195067,0.07375345687572635,0.07399503722044644,0.0736140320840487,1.2263846377567889,3.642188084957698,-0.16786327901974207
2044-12-23,2045-01-20,18.530555555555555,28,0.07362800615611675,0.0737534568757292,0.07400000937775518,0.07361112893503893,1.2545071961245213,3.720032216384256,-0.16877221077821192
2044-12-30,2045-01-27,18.55,28,0.07362519302905403,0.07375345687572349,0.07400498153695383,0.07360822975090331,1.2826384666946022,3.7978850789979757,-0.16963278150719519
2045-01-06,2045-02-03,18.569444444444443,28,0.07362237907900676,0.07375345687573207,0.07400995369808237,0.07360533464009508,1.3107779672530406,3.875746190756119,-0.17044438911678617
2045-01-13,2045-02-10,18.58888888888889,28,0.07361956435384524,0.0737534568757292,0.07401492586111795,0.07360244371102466,1.3389252188396317,3.953615072727068,-0.17120642820583898
2045-01-20,2045-02-17,18.608333333333334,28,0.07361674890116568,0.07375345687572349,0.07401989802606058,0.0735995570721396,1.3670797455780925,4.031491248949054,-0.17191829026083627
2045-01-27,2045-02-24,18.627777777777776,28,0.07361393276824739,0.0737534568757292,0.07402487019292739,0.07359667483187314,1.395241074818171,4.109374246799996,-0.1725793637424866
2045-02-03,2045-03-03,18.647222222222222,28,0.07361111600201856,0.0737534568757292,0.07402984236169839,0.07359379709866141,1.4234087371065018,4.187263596798357,-0.1731890335714137
2045-02-10,2045-03-10,18.666666666666668,28,0.07360829864912187,0.07375345687572349,0.07403481453237643,0.07359092398094053,1.4515822660161881,4.265158832545551,-0.17374668181344144
2045-02-17,2045-03-17,18.68611111111111,28,0.07360548075588026,0.07375345687573207,0.07403978670497008,0.07358805558712664,1.4797611985180315,4.343059490898166,-0.17425168753623654
2045-02-24,2045-03-24,18.705555555555556,28,0.07360266236829695,0.0737534568757292,0.0740447588794765,0.07358519202567582,1.5079450743225864,4.420965111795461,-0.17470342621131452
2045-03-03,2045-03-31,18.725,28,0.07359984353205538,0.07375345687572635,0.07404973105588424,0.07358233340500135,1.5361334367096358,4.498875238288513,-0.1751012705403232
2045-03-10,2045-04-07,18.744444444444444,28,0.0735970242925678,0.07375345687573207,0.07405470323421902,0.07357947983355079,1.564325831642649,4.576789416512184,-0.1754445901701318
2045-03-17,2045-04-14,18.76388888888889,28,0.07359420469489246,0.07375345687572349,0.07405967541446083,0.07357663141975739,1.5925218083102932,4.654707195683727,-0.1757327513507434
2045-03-24,2045-04-21,18.783333333333335,28,0.07359138478381638,0.07375345687572635,0.07406464759661256,0.07357378827204585,1.6207209190996497,4.732628127961797,-0.17596511770537338
2045-03-31,2045-04-28,18.802777777777777,28,0.07358856460380402,0.0737534568757292,0.0740696197806856,0.07357095049885798,1.6489227192519051,4.810551768815868,-0.176141049460371
2045-04-07,2045-05-05,18.822222222222223,28,0.07358574419901144,0.07375345687572349,0.07407459196665998,0.0735681182086185,1.6771267671204793,4.888477676485426,-0.17625990392941548
2045-04-14,2045-05-12,18.841666666666665,28,0.073582923613315,0.07375345687573207,0.07407956415454711,0.07356529150976922,1.705332624170608,4.966405412321073,-0.17632103545786593
2045-04-21,2045-05-19,18.86111111111111,28,0.07358010289025417,0.07375345687572635,0.07408453634434986,0.0735624705107377,1.7335398547217717,5.044334540956902,-0.1763237951646346
2045-04-28,2045-05-26,18.880555555555556,28,0.0735772820730886,0.07375345687572635,0.0740895085360568,0.07355965531995722,1.761748026377491,5.122264629681961,-0.176267531313834
2045-05-05,2045-06-02,18.9,28,0.07357446120479537,0.07375345687573207,0.07409448072968505,0.07355684604585815,1.7899567093669633,5.200195248896838,-0.17615158937223097
2045-05-12,2045-06-09,18.919444444444444,28,0.0735716403280232,0.07375345687572635,0.07409945292522321,0.07355404279687093,1.8181654770314803,5.278125972000142,-0.1759753115226914
2045-05-19,2045-06-16,18.93888888888889,28,0.07356881948514106,0.07375345687572635,0.07410442512266556,0.07355124568144308,1.8463739058528772,5.356056375245,-0.1757380369797612
2045-05-26,2045-06-23,18.958333333333332,28,0.07356599871822672,0.07375345687573207,0.07410939732203493,0.07354845480798788,1.8745815750534356,5.433986038082122,-0.175439102388375
2045-06-02,2045-06-30,18.977777777777778,28,0.07356317806905249,0.0737534568757292,0.07411436952330279,0.07354567028495287,1.902788066767136,5.511914542502966,-0.17507784099618506
2045-06-09,2045-07-07,18.997222222222224,28,0.07356035757909948,0.0737534568757292,0.0741193417264834,0.07354289222076561,1.9309929662972292,5.58984147383923,-0.1746535833387075
2045-06-16,2045-07-14,19.016666666666666,28,0.07355753728956614,0.0737534568757292,0.07412431393157963,0.07354012072384794,1.9591958616306526,5.66776642013489,-0.17416565718200716
2045-06-23,2045-07-21,19.03611111111111,28,0.07355471724136546,0.07375345687572349,0.07412928613858291,0.07353735590264737,1.9873963435802777,5.745688972174507,-0.1736133871808876
2045-06-30,2045-07-28,19.055555555555557,28,0.07355189747510213,0.07375345687572635,0.07413425834750179,0.07353459786558864,2.015594006242183,5.823608723996565,-0.1729960951349363
2045-07-07,2045-08-04,19.075,28,0.07354907803112098,0.0737534568757292,0.07413923055833914,0.0735318467211107,2.0437884460822175,5.901525272181546,-0.1723131001028777
2045-07-14,2045-08-11,19.094444444444445,28,0.07354625894945288,0.07375345687572349,0.07414420277108068,0.07352910257762968,2.0719792627060807,5.979438216277972,-0.1715637182320151
2045-07-21,2045-08-18,19.113888888888887,28,0.073543440269866,0.07375345687573207,0.07414917498573782,0.07352636554359597,2.100166058660591,6.057347158718168,-0.17074726270036034
2045-07-28,2045-08-25,19.133333333333333,28,0.07354062203182592,0.07375345687573207,0.07415414720230487,0.07352363572742002,2.128348439061484,6.135251704789541,-0.16986304405899877
2045-08-04,2045-09-01,19.15277777777778,28,0.073537804274527,0.07375345687572349,0.07415911942077326,0.07352091323755218,2.156526011964921,6.213151462462624,-0.16891036974817086
2045-08-11,2045-09-08,19.17222222222222,28,0.07353498703690667,0.07375345687573207,0.07416409164117153,0.07351819818242289,2.1846983882539694,6.291046042648657,-0.16788854483779092
2045-08-18,2045-09-15,19.191666666666666,28,0.07353217035756833,0.0737534568757292,0.074169063863474,0.07351549067045397,2.2128651816087643,6.368935059056641,-0.16679687114357078
2045-08-25,2045-09-22,19.211111111111112,28,0.07352935427488985,0.07375345687572635,0.07417403608768636,0.07351279081007586,2.2410260083649547,6.446818127965049,-0.1656346481399007
2045-09-01,2045-09-29,19.230555555555554,28,0.07352653882694936,0.07375345687573207,0.07417900831381719,0.07351009870973892,2.2691804878270663,6.5246948686782655,-0.1644011721044225
2045-09-08,2045-10-06,19.25,28,0.07352372405153945,0.0737534568757292,0.07418398054185506,0.07350741447784787,2.297328241897545,6.602564903156055,-0.16309573691586365
2045-09-15,2045-10-13,19.269444444444446,28,0.0735209099861987,0.07375345687572635,0.07418895277179997,0.07350473822284741,2.3254688952764613,6.680427856012722,-0.16171763351294222
2045-09-22,2045-10-20,19.288888888888888,28,0.07351809666818587,0.0737534568757292,0.07419392500366337,0.07350207005317648,2.3536020754333364,6.758283354774964,-0.16026615009392953
2045-09-29,2045-10-27,19.308333333333334,28,0.07351528413447708,0.0737534568757292,0.07419889723743665,0.07349941007724839,2.3817274125212395,6.83613102959571,-0.15874057228693061
2045-10-06,2045-11-03,19.32777777777778,28,0.07351247242179154,0.07375345687572349,0.07420386947311698,0.07349675840350495,2.4098445393194723,6.9139705132544025,-0.15714018286594467
2045-10-13,2045-11-10,19.34722222222222,28,0.07350966156658581,0.0737534568757292,0.07420884171071863,0.07349411514037943,2.437953091433964,6.991801441328244,-0.15546426206380914
2045-10-20,2045-11-17,19.366666666666667,28,0.07350685160501096,0.07375345687572635,0.07421381395022447,0.07349148039629082,2.4660527071539153,7.0696234521351595,-0.1537120872013853
2045-10-27,2045-11-24,19.386111111111113,28,0.07350404257300681,0.0737534568757292,0.07421878619164879,0.07348885427968664,2.494143027223922,7.147436186419748,-0.15188293320173019
2045-11-03,2045-12-01,19.405555555555555,28,0.07350123450620202,0.07375345687573207,0.074223758434983,0.0734862368989859,2.5222236953004185,7.225239287809715,-0.14997607216127307
2045-11-10,2045-12-08,19.425,28,0.07349842743997113,0.07375345687572635,0.07422873068022426,0.07348362836262183,2.5502943575521355,7.303032402531246,-0.14799077349303413
2045-11-17,2045-12-15,19.444444444444443,28,0.07349562140945462,0.0737534568757292,0.07423370292738683,0.0734810287790306,2.578354662745863,7.380815179322125,-0.14592630424026254
2045-11-24,2045-12-22,19.46388888888889,28,0.07349281644949317,0.07375345687572635,0.07423867517645359,0.07347843825662828,2.606404262331802,7.458587269604244,-0.14378192864886175
2045-12-01,2045-12-29,19.483333333333334,28,0.07349001259468199,0.07375345687572349,0.07424364742743597,0.07347585690385104,2.634442810414972,7.536348327539799,-0.14155690830949808
2045-12-08,2046-01-05,19.502777777777776,28,0.07348720987935359,0.0737534568757292,0.07424861968032825,0.07347328482913783,2.6624699637561866,7.6140980097466615,-0.1392505021576007
2045-12-15,2046-01-12,19.522222222222222,28,0.07348440833760359,0.0737534568757292,0.07425359193513328,0.07347072214091334,2.6904853812562135,7.69183597529699,-0.13686196690246288
2045-12-22,2046-01-19,19.541666666666668,28,0.07348160800322491,0.0737534568757292,0.07425856419184537,0.07346816894760227,2.7184887250429615,7.769561886204618,-0.13439055622635476
2045-12-29,2046-01-26,19.56111111111111,28,0.07347880890980786,0.07375345687573207,0.07426353645047021,0.07346562535765219,2.7464796592420457,7.847275406623472,-0.13183552155668354
2046-01-05,2046-02-02,19.580555555555556,28,0.07347601109065721,0.0737534568757292,0.07426850871101065,0.07346309147947062,2.774457850719947,7.924976203534384,-0.12919611186587576
2046-01-12,2046-02-09,19.6,28,0.07347321457880941,0.07375345687572349,0.074273480973461,0.07346056742149656,2.8024229691407667,8.002663946515831,-0.12647157312847823
2046-01-19,2046-02-16,19.619444444444444,28,0.07347041940709818,0.07375345687572635,0.0742784532378241,0.07345805329217184,2.8303746862816395,8.080338307259183,-0.12366114926345984
2046-01-26,2046-02-23,19.63888888888889,28,0.07346762560806035,0.07375345687572635,0.07428342550410282,0.0734555491998983,2.8583126766600078,8.157998960424685,-0.12076408162045582
2046-02-02,2046-03-02,19.658333333333335,28,0.07346483321400152,0.07375345687572635,0.07428839777229428,0.07345305525314348,2.8862366172482945,8.235645582927582,-0.11777960858036507
2046-02-09,2046-03-09,19.677777777777777,28,0.07346204225699315,0.07375345687573207,0.07429337004239565,0.07345057156031208,2.9141461873891106,8.313277854024998,-0.11470696681073478
2046-02-16,2046-03-16,19.697222222222223,28,0.07345925276881271,0.07375345687572635,0.07429834231440122,0.07344809822982594,2.9420410691363696,8.390895455885062,-0.11154538986771212
2046-02-23,2046-03-23,19.716666666666665,28,0.07345646478105206,0.0737534568757292,0.07430331458832809,0.07344563537014118,2.9699209467715093,8.468498072760344,-0.10829410910878634
2046-03-02,2046-03-30,19.73611111111111,28,0.07345367832501186,0.0737534568757292,0.07430828686416202,0.07344318308966535,2.9977855071734725,8.546085391501618,-0.10495235346505427
2046-03-09,2046-04-06,19.755555555555556,28,0.07345089343176442,0.07375345687572349,0.07431325914190584,0.07344074149683744,3.0256344395906964,8.623657101414217,-0.10151934926982964
2046-03-16,2046-04-13,19.775,28,0.07344811013215935,0.07375345687573207,0.07431823142157384,0.07343831070009069,3.053467435727153,8.701212894144938,-0.09799432068663405
2046-03-23,2046-04-20,19.794444444444444,28,0.07344532845676076,0.0737534568757292,0.07432320370313748,0.07343589080785266,3.08128418968448,8.778752463767248,-0.09437648908094953
2046-03-30,2046-04-27,19.81388888888889,28,0.07344254843593293,0.07375345687572635,0.07432817598661957,0.07343348192853665,3.1090843979342253,8.85627550686649,-0.09066507396279788
2046-04-06,2046-05-04,19.833333333333332,28,0.07343977009978035,0.0737534568757292,0.07433314827201729,0.07343108417059017,3.136867759488543,8.933781722369332,-0.08685929190177522
2046-04-13,2046-05-11,19.852777777777778,28,0.07343699347816772,0.0737534568757292,0.07433812055931632,0.07342869764244078,3.1646339756148665,9.011270811486034,-0.08295835726937484
2046-04-20,2046-05-18,19.872222222222224,28,0.07343421860073704,0.07375345687572635,0.07434309284853668,0.07342632245250177,3.1923827498930857,9.088742477996458,-0.07896148235264633
2046-04-27,2046-05-25,19.891666666666666,28,0.07343144549689049,0.07375345687573207,0.07434806513966409,0.07342395870923493,3.2201137884158015,9.166196427736056,-0.07486787655552885
2046-05-04,2046-06-01,19.91111111111111,28,0.07342867419579045,0.07375345687572635,0.0743530374327071,0.07342160652103358,3.2478267993589496,9.243632369166505,-0.07067674756874864
2046-05-11,2046-06-08,19.930555555555557,28,0.07342590472635951,0.0737534568757292,0.0743580097276686,0.07341926599634523,3.27552149369692,9.321050013090804,-0.06638730014288385
2046-05-18,2046-06-15,19.95,28,0.07342313711731473,0.0737534568757292,0.07436298202453141,0.07341693724360031,3.3031975841447956,9.398449072166859,-0.06199873714418658
2046-05-25,2046-06-22,19.969444444444445,28,0.07342037139709616,0.07375345687572349,0.0743679543233127,0.07341462037121779,3.3308547862732905,9.475829262165364,-0.057510258783671775
2046-06-01,2046-06-29,19.988888888888887,28,0.0734176075939641,0.0737534568757292,0.07437292662399532,0.07341231548763665,3.358492817651104,9.553190300312236,-0.05292106327450807
2046-06-08,2046-07-06,20.008333333333333,28,0.07341484573592469,0.07375345687572635,0.07437789892659641,0.0734100227012816,3.386111398016589,9.630531906717199,-0.0482303464309497
2046-06-15,2046-07-13,20.02777777777778,28,0.07341208585073858,0.07375345687572635,0.07438287123111025,0.07340774212058016,3.4137102498776883,9.707853803716665,-0.04343730158423709
2046-06-22,2046-07-20,20.04722222222222,28,0.07340932796598944,0.07375345687573207,0.07438784353753684,0.07340547385395706,3.4412890974262753,9.785155715474058,-0.03854112032380952
2046-06-29,2046-07-27,20.066666666666666,28,0.07340657210898398,0.07375345687573207,0.07439281584588191,0.07340321800985411,3.4688476674808735,9.862437368979293,-0.0335409912986806
2046-07-06,2046-08-03,20.086111111111112,28,0.07340381830683482,0.07375345687572635,0.07439778815612261,0.0734009746966846,3.4963856889153044,9.939698492877902,-0.02843610150210507
2046-07-13,2046-08-10,20.105555555555554,28,0.07340106658642329,0.0737534568757292,0.07440276046829032,0.07339874402289036,3.5239028930592053,10.016938818670356,-0.023225635329277017
2046-07-20,2046-08-17,20.125,28,0.07339831697440521,0.07375345687572635,0.07440773278235938,0.0733965260968875,3.5513990132113316,10.094158079541614,-0.017908775177127856
2046-07-27,2046-08-24,20.144444444444446,28,0.0733955694972166,0.07375345687572349,0.07441270509834119,0.073394321027115,3.5788737850689367,10.171356011245969,-0.01248470101591903
2046-08-03,2046-08-31,20.163888888888888,28,0.07339282418108788,0.07375345687573207,0.07441767741624147,0.07339212892199758,3.6063269464418903,10.248532351535971,-0.006952590902997713
2046-08-10,2046-09-07,20.183333333333334,28,0.073390081052004,0.07375345687572635,0.07442264973605164,0.07338994988996562,3.6337582372235335,10.325686840476495,-0.001311620383692702
2046-08-17,2046-09-14,20.20277777777778,28,0.07338734013575003,0.07375345687572635,0.07442762205776887,0.07338778403944099,3.66116739976316,10.402819220188404,0.004439036909581473
2046-08-24,2046-09-21,20.22222222222222,28,0.07338460145789126,0.07372251388106836,0.07436573325204293,0.07338563147661585,3.3791242317710024,9.811317941516712,0.010300187245904091
2046-08-31,2046-09-28,20.241666666666667,28,0.0733818650437731,0.07350591499169834,0.07390217481969456,0.07338349116490799,1.2404994792523938,5.203097759214625,0.01626121134884473
2046-09-07,2046-10-05,20.261111111111113,28,0.07337913091853832,0.07328931973048038,0.07343773646605893,0.07338135906196808,-0.8981118805793942,0.5860554752061542,0.022281434297610758
2046-09-14,2046-10-12,20.280555555555555,28,0.07337639910710696,0.07307272809734881,0.07297241828715638,0.07337923062273465,-3.036710097581441,-4.039808199505779,0.028315156276881304
2046-09-21,2046-10-19,20.3,28,0.07337366963417928,0.07288708101370579,0.07257307189408518,0.0733771012866843,-4.865886204734881,-8.005977400940973,0.034316525050204216
2046-09-28,2046-10-26,20.319444444444443,28,0.07337094252425569,0.07288708101370579,0.07257445758945792,0.0733749676183423,-4.8386151054989615,-7.964849347977671,0.040250940866043416
2046-10-05,2046-11-02,20.33888888888889,28,0.07336821780163102,0.07288708101370865,0.07257584328497911,0.0733728291702808,-4.811367879223733,-7.923745166519142,0.046113686497789574
2046-10-12,2046-11-09,20.358333333333334,28,0.07336549549037175,0.07288708101370293,0.07257722898064303,0.0733706859800755,-4.78414476668812,-7.882665097287134,0.051904897037519104
2046-10-19,2046-11-16,20.377777777777776,28,0.07336277561436161,0.07288708101370579,0.07257861467646398,0.07336853808527634,-4.756946006558155,-7.841609378976266,0.057624709147302555
2046-10-26,2046-11-23,20.397222222222222,28,0.07336005819724743,0.07288708101370579,0.07258000037242766,0.07336638552343613,-4.729771835416397,-7.800578248197687,0.06327326188701465
2046-11-02,2046-11-30,20.416666666666668,28,0.07335734326249042,0.07288708101370293,0.07258138606853981,0.07336422833211342,-4.702622487874897,-7.759571939506133,0.06885069622999951
2046-11-09,2046-12-07,20.43611111111111,28,0.07335463083335197,0.07288708101370865,0.07258277176481182,0.07336206654886958,-4.675498196433231,-7.718590685401594,0.0743571551760358
2046-11-16,2046-12-14,20.455555555555556,28,0.07335192093287368,0.07288708101370579,0.07258415746121516,0.07335990021125742,-4.648399191678893,-7.677634716585224,0.07979278383737909
2046-11-23,2046-12-21,20.475,28,0.0733492135839001,0.07288708101370579,0.07258554315777266,0.07335772935682407,-4.621325701943125,-7.636704261274469,0.08515772923961551
2046-11-30,2046-12-28,20.494444444444444,28,0.07334650880908741,0.07288708101370579,0.07258692885448717,0.07335555402315087,-4.5942779538162,-7.595799546002424,0.09045214063460594
2046-12-07,2047-01-04,20.51388888888889,28,0.07334380663086051,0.07288708101370293,0.07258831455133873,0.07335337424775926,-4.567256171575801,-7.5549207952178845,0.09567616898742415
2046-12-14,2047-01-11,20.533333333333335,28,0.07334110707146449,0.07288708101370293,0.07258970024835014,0.07335119006822774,-4.540260577615557,-7.514068231143506,0.10082996763249863
2046-12-21,2047-01-18,20.552777777777777,28,0.07333841015296169,0.07288708101370579,0.07259108594550145,0.07334900152212054,-4.513291392558988,-7.473242074602371,0.1059136915884662
2046-12-28,2047-01-25,20.572222222222223,28,0.0733357158971775,0.07288708101370293,0.07259247164280122,0.07334680864695622,-4.486348834745607,-7.432442543762741,0.11092749778729427
2047-01-04,2047-02-01,20.591666666666665,28,0.07333302432577174,0.07288708101370579,0.07259385734025228,0.0733446114803333,-4.459433120659467,-7.391669855194571,0.11587154561565338
2047-01-11,2047-02-08,20.61111111111111,28,0.0733303354602101,0.07288708101370865,0.07259524303785181,0.07334241005978459,-4.43254446501451,-7.350924223582939,0.12074599574488087
2047-01-18,2047-02-15,20.630555555555556,28,0.0733276493217356,0.07288708101370293,0.07259662873559979,0.07334020442286006,-4.405683080326711,-7.3102058613581935,0.1255510112445346
2047-01-25,2047-02-22,20.65,28,0.07332496593142565,0.07288708101370865,0.07259801443349621,0.07333799460713822,-4.378849177169991,-7.269514979294373,0.13028675712567495
2047-02-01,2047-03-01,20.669444444444444,28,0.07332228531014355,0.07288708101370579,0.07259940013154109,0.07333578065015761,-4.352042964377578,-7.228851786024587,0.1349534001406083
2047-02-08,2047-03-08,20.68888888888889,28,0.07331960747857849,0.07288708101370293,0.07260078582973156,0.07333356258947392,-4.325264648755573,-7.1882164884692905,0.1395511089542778
2047-02-15,2047-03-15,20.708333333333332,28,0.07331693245722835,0.07288708101370579,0.07260217152807906,0.07333134046265423,-4.298514435225609,-7.14760929149294,0.14408005425875503
2047-02-22,2047-03-22,20.727777777777778,28,0.07331426026638546,0.07288708101370579,0.07260355722657216,0.07332911430724279,-4.271792526796686,-7.107030398132985,0.14854040857326112
2047-03-01,2047-03-29,20.747222222222224,28,0.07331159092617945,0.07288708101370579,0.07260494292520514,0.07332688416080384,-4.245099124736557,-7.066480009743081,0.15293234624388918
2047-03-08,2047-04-05,20.766666666666666,28,0.07330892445651724,0.07288708101370579,0.07260632862399513,0.07332465006088734,-4.2184344281144535,-7.025958325221071,0.1572560437010373
2047-03-15,2047-04-12,20.78611111111111,28,0.07330626087714874,0.07288708101370579,0.07260771432293073,0.07332241204504898,-4.191798634429478,-6.985465542180131,0.16151167900241292
2047-03-22,2047-04-19,20.805555555555557,28,0.07330360020762404,0.07288708101370293,0.07260910002200907,0.07332017015085013,-4.165191939211055,-6.945001856149685,0.16569943226088513
2047-03-29,2047-04-26,20.825,28,0.07330094246731621,0.07288708101370579,0.07261048572124729,0.0733179244158436,-4.138614536104146,-6.90456746068921,0.16981948527394763
2047-04-05,2047-05-03,20.844444444444445,28,0.0732982876754156,0.07288708101370293,0.07261187142062539,0.07331567487757937,-4.112066617126681,-6.8641625479021195,0.17387202163765547
2047-04-12,2047-05-10,20.863888888888887,28,0.07329563585092133,0.07288708101370579,0.07261325712015765,0.07331342157362165,-4.085548372155384,-6.823787307636831,0.17785722700322526
2047-04-19,2047-05-17,20.883333333333333,28,0.07329298701265545,0.07288708101370865,0.07261464281983551,0.07331116454152614,-4.0590599894679835,-6.783441928199379,0.18177528870691462
2047-04-26,2047-05-24,20.90277777777778,28,0.07329034117925451,0.07288708101370293,0.07261602851965611,0.07330890381883139,-4.03260165551575,-6.743126595984,0.18562639576877316
2047-05-03,2047-05-31,20.92222222222222,28,0.07328769836919229,0.07288708101370865,0.0726174142196423,0.07330663944311588,-4.006173554836345,-6.702841495499906,0.18941073923597895
2047-05-10,2047-06-07,20.941666666666666,28,0.07328505860073418,0.07288708101370579,0.07261879991976551,0.07330437145192674,-3.979775870283919,-6.662586809686733,0.19312851192554437
2047-05-17,2047-06-14,20.961111111111112,28,0.07328242189200568,0.07288708101370293,0.07262018562003147,0.07330209988280822,-3.95340878302744,-6.6223627197420365,0.1967799080254684
2047-05-24,2047-06-21,20.980555555555554,28,0.07327978826091819,0.07288708101370579,0.07262157132046015,0.07329982477333884,-3.927072472123955,-6.58216940458034,0.20036512420648633
2047-05-31,2047-06-28,21.0,28,0.07327715772522606,0.07288708101370579,0.07262295702102017,0.07329754616104855,-3.9007671152026244,-6.542007042058817,0.20388435822499273
2047-06-07,2047-07-05,21.019444444444446,28,0.07327453030252094,0.07288708101370579,0.0726243427217372,0.07329526408351018,-3.874492888151504,-6.50187580783737,0.20733780989240502
2047-06-14,2047-07-12,21.038888888888888,28,0.07327190601018607,0.07288708101370579,0.0726257284226084,0.07329297857827083,-3.8482499648027915,-6.461775875776787,0.2107256808475677
2047-06-21,2047-07-19,21.058333333333334,28,0.0732692848654648,0.07288708101370865,0.07262711412362233,0.07329068968289475,-3.8220385175614933,-6.421707418424738,0.21404817429945822
2047-06-28,2047-07-26,21.07777777777778,28,0.0732666668854092,0.07288708101370293,0.07262849982478757,0.07328839743492616,-3.7958587170626448,-6.381670606216278,0.21730549516957298
2047-07-05,2047-08-02,21.09722222222222,28,0.07326405208691433,0.07288708101370579,0.07262988552610126,0.0732861018719179,-3.769710732085402,-6.341665608130681,0.22049785003572242
2047-07-12,2047-08-09,21.116666666666667,28,0.07326144048668683,0.07288708101370293,0.07263127122756055,0.07328380303143993,-3.7435947298389283,-6.301692591262759,0.22362544753101732
2047-07-19,2047-08-16,21.136111111111113,28,0.07325883210128487,0.07288708101370293,0.07263265692916544,0.07328150095104219,-3.717510875819313,-6.2617517211942255,0.22668849757323528
2047-07-26,2047-08-23,21.155555555555555,28,0.07325622694707823,0.07288708101370865,0.07263404263092735,0.07327919566827466,-3.6914593336957733,-6.2218431615088114,0.22968721196434116
2047-08-02,2047-08-30,21.175,28,0.07325362504026822,0.07288708101370293,0.07263542833282914,0.07327688722069871,-3.6654402656528804,-6.181967074390809,0.23262180430486112
2047-08-09,2047-09-06,21.194444444444443,28,0.07325102639692199,0.0728870810137115,0.0726368140348851,0.0732745756458643,-3.639453832104955,-6.142123620368895,0.2354924894230892
2047-08-16,2047-09-13,21.21388888888889,28,0.07324843103290972,0.07288708101370579,0.07263819973708951,0.07327226098132998,-3.613500192039265,-6.102312958202044,0.23829948420261982
2047-08-23,2047-09-20,21.233333333333334,28,0.07324583896394168,0.07288708101370293,0.07263958543943952,0.07326994326464854,-3.5875795023875003,-6.06253524502165,0.24104300706859205
2047-08-30,2047-09-27,21.252777777777776,28,0.07324325020558257,0.07288708101370579,0.07264097114193799,0.07326762253337853,-3.5616919187678175,-6.022790636445868,0.24372327795951776
2047-09-06,2047-10-04,21.272222222222222,28,0.07324066477320296,0.07288708101370579,0.07264235684459061,0.07326529882507847,-3.5358375949716416,-5.983079286123461,0.24634051875513374
2047-09-13,2047-10-11,21.291666666666668,28,0.0732380826820278,0.07288708101370293,0.07264374254738312,0.07326297217727833,-3.510016683248712,-5.94340134644683,0.2488949525052131
2047-09-20,2047-10-18,21.31111111111111,28,0.07323550394713646,0.07288708101370579,0.0726451282503355,0.07326064262757091,-3.4842293343066713,-5.903756968009544,0.25138680434452776
2047-09-27,2047-10-25,21.330555555555556,28,0.07323292858341704,0.07288708101370865,0.07264651395342492,0.07325831021348618,-3.4584756970838795,-5.864146299921213,0.25381630069140626
2047-10-04,2047-11-01,21.35,28,0.07323035660563486,0.07288708101370293,0.07264789965666278,0.07325597497257982,-3.4327559193192414,-5.824569489720766,0.25618366944965554
2047-10-11,2047-11-08,21.369444444444444,28,0.07322778802836113,0.07288708101370865,0.07264928536006338,0.07325363694243034,-3.4070701465248323,-5.785026682977589,0.258489140692042
2047-10-18,2047-11-15,21.38888888888889,28,0.0732252228660186,0.07288708101370293,0.07265067106359245,0.07325129616055914,-3.3814185231566265,-5.745518024261459,0.2607329454054619
2047-10-25,2047-11-22,21.408333333333335,28,0.07322266113290724,0.07288708101370293,0.07265205676728709,0.07324895266453904,-3.355801192043012,-5.7060436562014765,0.26291531631805753
2047-11-01,2047-11-29,21.427777777777777,28,0.07322010284310153,0.07288708101370579,0.07265344247112734,0.07324660649193142,-3.3302182939573544,-5.6666037197418415,0.2650364882988976
2047-11-08,2047-12-06,21.447222222222223,28,0.07321754801060168,0.07288708101370293,0.07265482817510462,0.07324425768027197,-3.304669968987456,-5.627198354970636,0.26709669670291203
2047-11-15,2047-12-13,21.466666666666665,28,0.07321499664920239,0.07288708101370865,0.07265621387924176,0.07324190626713348,-3.27915635493739,-5.587827699606307,0.26909617931086816
2047-11-22,2047-12-20,21.48611111111111,28,0.07321244877254131,0.07288708101370579,0.07265759958352451,0.07323955229006593,-3.2536775883551527,-5.548491890167984,0.27103517524620924
2047-11-29,2047-12-27,21.505555555555556,28,0.07320990439414762,0.07288708101370579,0.07265898528795287,0.0732371957866107,-3.2282338044183065,-5.509191061947583,0.2729139246307466
2047-12-06,2048-01-03,21.525,28,0.07320736352735066,0.07288708101370579,0.07266037099253252,0.07323483679434345,-3.202825136448678,-5.469925348181443,0.2747326699278907
2047-12-13,2048-01-10,21.544444444444444,28,0.07320482618535129,0.07288708101370579,0.07266175669726348,0.0732324753508056,-3.1774517164549767,-5.430694880878134,0.2764916545430762
2047-12-20,2048-01-17,21.56388888888889,28,0.0732022923812105,0.07288708101370293,0.07266314240213717,0.07323011149354995,-3.1521136750756185,-5.391499790733251,0.27819112339455554
2047-12-27,2048-01-24,21.583333333333332,28,0.07319976212782368,0.07288708101370579,0.07266452810716789,0.07322774526014358,-3.126811141178909,-5.352340206557921,0.2798313231990035
2048-01-03,2048-01-31,21.602777777777778,28,0.0731972354379378,0.07288708101370865,0.0726659138123385,0.07322537668813364,-3.1015442422914488,-5.313216255992959,0.2814125019584557
2048-01-10,2048-02-07,21.622222222222224,28,0.07319471232416845,0.07288708101370293,0.07266729951765472,0.07322300581506434,-3.0763131046551706,-5.274128065137357,0.2829349089589206
2048-01-17,2048-02-14,21.641666666666666,28,0.0731921927989714,0.07288708101370865,0.07266868522312508,0.07322063267851421,-3.051117852627544,-5.235075758463214,0.284398795428048
2048-01-24,2048-02-21,21.66111111111111,28,0.0731896768746511,0.07288708101370293,0.0726700709287382,0.0732182573160218,-3.025958609481627,-5.19605945912896,0.28580441370704146
2048-01-31,2048-02-28,21.680555555555557,28,0.07318716456338922,0.07288708101370293,0.07267145663450833,0.07321587976514277,-3.0008354968628916,-5.15707928880893,0.2871520175354303
2048-02-07,2048-03-06,21.7,28,0.07318465587720471,0.07288708101370579,0.07267284234042976,0.0732135000634385,-2.9757486349892,-5.118135367749577,0.2884418623379237
2048-02-14,2048-03-13,21.719444444444445,28,0.07318215082797666,0.07288708101370293,0.07267422804649108,0.07321111824844755,-2.9506981427372683,-5.079227814855786,0.28967420470885075
2048-02-21,2048-03-20,21.738888888888887,28,0.07317964942745281,0.07288708101370865,0.07267561375270658,0.07320873435773986,-2.9256841374415696,-5.04035674746231,0.2908493028705439
2048-02-28,2048-03-27,21.758333333333333,28,0.07317715168721531,0.07288708101370579,0.0726769994590648,0.07320634842886539,-2.900706735095154,-5.0015222815050215,0.2919674165008379
2048-03-06,2048-04-03,21.77777777777778,28,0.07317465761874356,0.07288708101370579,0.07267838516557149,0.0732039604993741,-2.875766050377676,-4.9627245317207525,0.29302880630535655
2048-03-13,2048-04-10,21.79722222222222,28,0.07317216723333424,0.07288708101370579,0.07267977087223804,0.07320157060683309,-2.8508621962844427,-4.923963610962007,0.29403373498854135
2048-03-20,2048-04-17,21.816666666666666,28,0.07316968054217268,0.07288708101370579,0.07268115657904163,0.07319917878878376,-2.825995284668897,-4.885239631310517,0.2949824661108158
2048-03-27,2048-04-24,21.836111111111112,28,0.07316719755631006,0.07288708101370293,0.07268254228599652,0.07319678508277892,-2.801165426071228,-4.84655270313536,0.2958752646886609
2048-04-03,2048-05-01,21.855555555555554,28,0.07316471828663763,0.07288708101370579,0.07268392799309988,0.07319438952638851,-2.7763727293184104,-4.807902935377584,0.2967123975088082
2048-04-10,2048-05-08,21.875,28,0.07316224274392967,0.07288708101370865,0.07268531370034596,0.07319199215715111,-2.7516173022101853,-4.76929043583707,0.2974941322143876
2048-04-17,2048-05-15,21.894444444444446,28,0.07315977093880623,0.07288708101370293,0.07268669940775194,0.07318959301261664,-2.7268992510329215,-4.730715310542894,0.29822073810414906
2048-04-24,2048-05-22,21.913888888888888,28,0.07315730288177319,0.07288708101370865,0.07268808511530635,0.07318719213036934,-2.7022186806453794,-4.6921776646684235,0.2988924859614883
2048-05-01,2048-05-29,21.933333333333334,28,0.07315483858318515,0.07288708101370579,0.07268947082300065,0.07318478954793349,-2.677575694793599,-4.653677601845069,0.29950964748337583
2048-05-08,2048-06-05,21.95277777777778,28,0.07315237805326248,0.07288708101370293,0.07269085653084627,0.0731823853028733,-2.6529703955954775,-4.615215224162139,0.3000724961081669
2048-05-15,2048-06-12,21.97222222222222,28,0.07314992130212852,0.07288708101370579,0.07269224223883747,0.07317997943275018,-2.628402884227304,-4.576790632910555,0.3005813062165186
2048-05-22,2048-06-19,21.991666666666667,28,0.07314746833971247,0.07288708101370293,0.07269362794697713,0.07317757197509694,-2.603873260095396,-4.5384039273534125,0.30103635384470806
2048-05-29,2048-06-26,22.011111111111113,28,0.07314501917586647,0.07288708101370293,0.07269501365527667,0.07317516296749213,-2.579381621635318,-4.500055205897969,0.3014379162566416
2048-06-05,2048-07-03,22.030555555555555,28,0.0731425738202913,0.07288708101370579,0.0726963993637161,0.0731727524474771,-2.5549280658550275,-4.461744565752018,0.3017862718580899
2048-06-12,2048-07-10,22.05,28,0.07314013228255645,0.07288708101370579,0.07269778507230683,0.07317034045261041,-2.5305126885065423,-4.42347210249619,0.30208170053960814
2048-06-19,2048-07-17,22.069444444444443,28,0.07313769457210581,0.07288708101370579,0.07269917078104315,0.07316792702044486,-2.506135584000174,-4.385237910626561,0.30232448339051476
2048-06-26,2048-07-24,22.08888888888889,28,0.07313526069825477,0.07288708101370865,0.07270055648992507,0.07316551218852757,-2.4817968454611536,-4.347042083296948,0.30251490272803494
2048-07-03,2048-07-31,22.108333333333334,28,0.07313283067019315,0.07288708101370293,0.07270194219896688,0.07316309599441422,-2.4574965649021285,-4.3088847122627065,0.302653242210682
2048-07-10,2048-08-07,22.127777777777776,28,0.07313040449697367,0.07288708101370579,0.07270332790814285,0.07316067847567759,-2.433234832678738,-4.2707658883081585,0.3027397870392079
2048-07-17,2048-08-14,22.147222222222222,28,0.07312798218755491,0.07288708101370865,0.07270471361748156,0.07315825966984768,-2.4090117384625853,-4.232685700733541,0.30277482292770386
2048-07-24,2048-08-21,22.166666666666668,28,0.07312556375072125,0.07288708101370293,0.07270609932695443,0.07315583961448585,-2.3848273701831957,-4.194644237668216,0.3027586376459779
2048-07-31,2048-08-28,22.18611111111111,28,0.07312314919518574,0.07288708101370865,0.07270748503658148,0.07315341834715065,-2.360681814770893,-4.156641586042648,0.3026915196491231
2048-08-07,2048-09-04,22.205555555555556,28,0.07312073852949297,0.07288708101370579,0.07270887074636555,0.07315099590538919,-2.336575157871751,-4.118677831274203,0.3025737589622268
2048-08-14,2048-09-11,22.225,28,0.07311833176208474,0.07288708101370293,0.07271025645628093,0.07314857232675426,-2.312507483818033,-4.080753058038066,0.302405646695203
2048-08-21,2048-09-18,22.244444444444444,28,0.0731159289012887,0.07288708101370579,0.07271164216636475,0.07314614764881583,-2.288478875829003,-4.042867349239448,0.30218747527135936
2048-08-28,2048-09-25,22.26388888888889,28,0.07311352995528969,0.07288708101370293,0.07271302787657989,0.07314372190910673,-2.264489415867571,-4.005020787097996,0.301919538170381
2048-09-04,2048-10-02,22.283333333333335,28,0.07311113493218985,0.07288708101370579,0.0727144135869492,0.0731412951451969,-2.2405391848405456,-3.967213452406443,0.30160213007057735
2048-09-11,2048-10-09,22.302777777777777,28,0.07310874383992852,0.07288708101370579,0.07271579929747267,0.07313886739463347,-2.2166282622272657,-3.9294454245585033,0.30123554704955535
2048-09-18,2048-10-16,22.322222222222223,28,0.07310635668633372,0.07288708101370579,0.07271718500813604,0.07313643869496637,-2.1927567262793044,-3.8917167819768617,0.3008200863265087
2048-09-25,2048-10-23,22.341666666666665,28,0.07310397347914785,0.07288708101370579,0.07271857071895926,0.07313400908375702,-2.168924654420562,-3.8540276018858566,0.3003560460916599
2048-10-02,2048-10-30,22.36111111111111,28,0.07310159422595909,0.07288708101370579,0.07271995642992524,0.07313157859854393,-2.145132122532978,-3.8163779603385404,0.29984372584834773
2048-10-09,2048-11-06,22.380555555555556,28,0.0730992189342472,0.07288708101370293,0.0727213421410368,0.07312914727689705,-2.1213792054426692,-3.7787679321039933,0.29928342649851447
2048-10-16,2048-11-13,22.4,28,0.07309684761141197,0.07288708101370579,0.07272272785229969,0.07312671515636066,-2.097665977061763,-3.7411975911227913,0.29867544948686264
2048-10-23,2048-11-20,22.419444444444444,28,0.07309448026467047,0.07288708101370865,0.07272411356371102,0.07312428227449327,-2.0739925096181775,-3.7036670095945414,0.29802009822804676
2048-10-30,2048-11-27,22.43888888888889,28,0.07309211690117699,0.07288708101370293,0.07272549927526223,0.07312184866884769,-2.0503588747405876,-3.6661762591476412,0.29731767670695963
2048-11-06,2048-12-04,22.458333333333332,28,0.0730897575279659,0.07288708101370865,0.07272688498697903,0.0731194143769739,-2.0267651425724678,-3.6287254098686663,0.2965684900800569
2048-11-13,2048-12-11,22.477777777777778,28,0.07308740215192883,0.07288708101370579,0.07272827069883572,0.07311697943642757,-2.0032113822303357,-3.5913145309310335,0.2957728449874686
2048-11-20,2048-12-18,22.497222222222224,28,0.07308505077987748,0.07288708101370293,0.0727296564108323,0.07311454388476722,-1.9796976617454665,-3.553943690451783,0.2949310488974122
2048-11-27,2048-12-25,22.516666666666666,28,0.07308270341850363,0.07288708101370579,0.0727310421229859,0.07311210775953425,-1.9562240479784054,-3.5166129551773837,0.29404341030617176
2048-12-04,2049-01-01,22.53611111111111,28,0.07308036007436204,0.07288708101370293,0.07273242783528794,0.0731096710982929,-1.9327906065910727,-3.4793223907410296,0.2931102393086138
2048-12-11,2049-01-08,22.555555555555557,28,0.0730780207539418,0.07288708101370293,0.07273381354773559,0.07310723393859028,-1.9093974023887128,-3.442072062062179,0.2921318464847722
2048-12-18,2049-01-15,22.575,28,0.07307568546359214,0.07288708101370579,0.07273519926034311,0.07310479631798492,-1.886044498863454,-3.4048620324902967,0.2911085439277761
2048-12-25,2049-01-22,22.594444444444445,28,0.0730733542095452,0.07288708101370009,0.07273658497308766,0.07310235827402677,-1.862731958451047,-3.3676923645753476,0.29004064481572
2049-01-01,2049-01-29,22.613888888888887,28,0.07307102699795319,0.07288708101370579,0.07273797068598636,0.07309991984426294,-1.8394598424739672,-3.3305631196682564,0.2889284630974709
2049-01-08,2049-02-05,22.633333333333333,28,0.07306870383483702,0.07288708101370865,0.07273935639902497,0.07309748106626054,-1.8162282112836603,-3.293474358120468,0.2877723142352684
2049-01-15,2049-02-12,22.65277777777778,28,0.07306638472612338,0.07288708101370293,0.07274074211221487,0.07309504197756095,-1.7930371242044774,-3.2564261390850833,0.2865725143756659
2049-01-22,2049-02-19,22.67222222222222,28,0.07306406967763333,0.07288708101370865,0.07274212782555894,0.07309260261572557,-1.7698866392468204,-3.2194185207438943,0.28532938092240556
2049-01-29,2049-02-26,22.691666666666666,28,0.07306175869507373,0.07288708101370579,0.07274351353904862,0.07309016301830434,-1.7467768136793238,-3.182451560251043,0.2840432323061859
2049-02-05,2049-03-05,22.711111111111112,28,0.07305945178403725,0.07288708101370293,0.07274489925268673,0.07308772322283584,-1.7237077033431525,-3.1455253135051486,0.28271438798591064
2049-02-12,2049-03-12,22.730555555555554,28,0.07305714895004803,0.07288708101370579,0.07274628496647045,0.07308528326690425,-1.7006793634223583,-3.1086398357757505,0.2813431685622092
2049-02-19,2049-03-19,22.75,28,0.07305485019847037,0.07288708101370579,0.0727476706804112,0.07308284318803386,-1.677691847645768,-3.0717951805916965,0.27992989563491166
2049-02-26,2049-03-26,22.769444444444446,28,0.07305255553463143,0.07288708101370293,0.07274905639449182,0.0730804030237832,-1.6547452092849357,-3.03499140139607,0.27847489151772153
2049-03-05,2049-04-02,22.788888888888888,28,0.07305026496370706,0.07288708101370579,0.07275044210872661,0.07307796281173078,-1.631839500012694,-2.998228549804527,0.2769784802371389
2049-03-12,2049-04-09,22.808333333333334,28,0.07304797849078463,0.07288708101370865,0.07275182782310985,0.0730755225893923,-1.60897477075983,-2.961506676747855,0.27544098607668044
2049-03-19,2049-04-16,22.82777777777778,28,0.0730456961208573,0.07288708101370293,0.07275321353763012,0.07307308239434056,-1.5861510715436955,-2.9248258322718543,0.27386273483254175
2049-03-26,2049-04-23,22.84722222222222,28,0.07304341785880686,0.07288708101370865,0.07275459925230741,0.07307064226413695,-1.5633684509820667,-2.888186064994441,0.2722440533009518
2049-04-02,2049-04-30,22.866666666666667,28,0.07304114370942948,0.07288708101370293,0.072755984967136,0.07306820223630574,-1.540626957265423,-2.8515874229347036,0.27058526876261313
2049-04-09,2049-05-07,22.886111111111113,28,0.07303887367740997,0.07288708101370293,0.07275737068211306,0.07306576234843114,-1.517926637070316,-2.8150299529690335,0.2688867102117187
2049-04-16,2049-05-14,22.905555555555555,28,0.07303660776734468,0.07288708101370865,0.07275875639723285,0.07306332263804315,-1.4952675363602563,-2.778513701118257,0.26714870698468784
2049-04-23,2049-05-21,22.925,28,0.07303434598370144,0.07288708101370293,0.07276014211250395,0.07306088314270598,-1.4726496999850625,-2.7420387119748977,0.2653715900453879
2049-04-30,2049-05-28,22.944444444444443,28,0.0730320883309053,0.07288708101370865,0.07276152782792922,0.07305844389997532,-1.450073171966465,-2.7056050297608047,0.26355569070019014
2049-05-07,2049-06-04,22.96388888888889,28,0.07302983481323283,0.07288708101370579,0.07276291354349437,0.07305600494739542,-1.4275379952703726,-2.669212697384571,0.2617013416258973
2049-05-14,2049-06-11,22.983333333333334,28,0.0730275854348864,0.07288708101370293,0.07276429925921939,0.07305356632251911,-1.4050442118346274,-2.632861756670102,0.25980887632712224
2049-05-21,2049-06-18,23.002777777777776,28,0.07302534019999124,0.07288708101370579,0.0727656849750786,0.07305112806290774,-1.3825918628544709,-2.596552249126416,0.2578786291650148
2049-05-28,2049-06-25,23.022222222222222,28,0.07302309911252707,0.07288708101370579,0.07276707069109481,0.07304869020609704,-1.3601809882127225,-2.5602842143225555,0.25591093569976575
2049-06-04,2049-07-02,23.041666666666668,28,0.07302086217644213,0.07288708101370579,0.07276845640725377,0.07304625278964837,-1.3378116273633778,-2.52405769188363,0.25390613206235924
2049-06-11,2049-07-09,23.06111111111111,28,0.0730186293955391,0.07288708101370579,0.0727698421235669,0.07304381585112596,-1.315483818333102,-2.4878727197220893,0.25186455586856393
2049-06-18,2049-07-16,23.080555555555556,28,0.07301640077356357,0.07288708101370579,0.07277122784003133,0.07304137942807122,-1.2931975985777666,-2.4517293353223946,0.24978654507651354
2049-06-25,2049-07-23,23.1,28,0.07301417631414406,0.07288708101370293,0.07277261355662994,0.07303894355803411,-1.2709530044112405,-2.415627575141216,0.24767243890055912
2049-07-02,2049-07-30,23.119444444444444,28,0.07301195602083199,0.07288708101370579,0.07277399927339413,0.07303650827858174,-1.2487500712619892,-2.3795674743785913,0.2455225774974923
2049-07-09,2049-08-06,23.13888888888889,28,0.07300973989707892,0.07288708101370293,0.0727753849902925,0.07303407362724405,-1.2265888337598119,-2.343549067864159,0.24333730165138068
2049-07-16,2049-08-13,23.158333333333335,28,0.07300752794624499,0.07288708101370293,0.0727767707073479,0.07303163964158246,-1.2044693254205374,-2.3075723889709465,0.2411169533747537
2049-07-23,2049-08-20,23.177777777777777,28,0.07300532017161901,0.07288708101370865,0.07277815642455744,0.07302920635916405,-1.1823915791035755,-2.271637470615678,0.23886187545035797
2049-07-30,2049-08-27,23.197222222222223,28,0.07300311657636417,0.07288708101370293,0.07277954214189832,0.07302677381751593,-1.160355626612375,-2.2357443446585634,0.236572411517616
2049-08-06,2049-09-03,23.216666666666665,28,0.07300091716360083,0.07288708101370865,0.07278092785940476,0.0730243420542195,-1.1383614989217417,-2.19989304196061,0.23424890618670147
2049-08-13,2049-09-10,23.23611111111111,28,0.07299872193631517,0.07288708101370579,0.07278231357705682,0.07302191110681326,-1.1164092260937397,-2.1640835925834656,0.23189170498094658
2049-08-20,2049-09-17,23.255555555555556,28,0.07299653089743911,0.07288708101370293,0.07278369929484306,0.07301948101282722,-1.0944988373617903,-2.1283160259605305,0.22950115388109538
2049-08-27,2049-09-24,23.275,28,0.07299434404981042,0.07288708101370579,0.07278508501279488,0.07301705180985131,-1.072630361046295,-2.092590370155467,0.22707760040888147
2049-09-03,2049-10-01,23.294444444444444,28,0.0729921613961726,0.07288708101370579,0.07278647073088942,0.07301462353541549,-1.0508038246680174,-2.0569066528317026,0.22462139242895862
2049-09-10,2049-10-08,23.31388888888889,28,0.07298998293918066,0.07288708101370579,0.07278785644912672,0.07301219622706975,-1.0290192547486587,-2.021264900539388,0.22213287889094602
2049-09-17,2049-10-15,23.333333333333332,28,0.0729878086814154,0.07288708101370579,0.0727892421675239,0.07300976992238686,-1.0072766770960473,-1.9856651389149604,0.219612409714659
2049-09-24,2049-10-22,23.352777777777778,28,0.07298563862536911,0.07288708101370865,0.07279062788606096,0.07300734465889969,-0.9855761166045751,-1.9501073930815183,0.2170603353057743
2049-10-01,2049-10-29,23.372222222222224,28,0.07298347277343988,0.07288708101370009,0.07279201360474076,0.07300492047415817,-0.963917597397862,-1.9145916869911517,0.21447700718296714
2049-10-08,2049-11-05,23.391666666666666,28,0.07298131112796868,0.07288708101370579,0.0727933993235833,0.07300249740573797,-0.9423011426289152,-1.8791180438539057,0.21186277769286166
2049-10-15,2049-11-12,23.41111111111111,28,0.07297915369118232,0.07288708101370293,0.07279478504256,0.07300007549116337,-0.9207267747939063,-1.8436864862232671,0.20921799981046818
2049-10-22,2049-11-19,23.430555555555557,28,0.07297700046524191,0.07288708101370293,0.07279617076169657,0.07299765476800145,-0.8991945153898062,-1.8082970354534045,0.20654302759534615
2049-10-29,2049-11-26,23.45,28,0.0729748514522258,0.07288708101370579,0.07279755648098162,0.07299523527380788,-0.8777043852001287,-1.772949712441907,0.20383821582078965
2049-11-05,2049-12-03,23.469444444444445,28,0.07297270665412382,0.07288708101370293,0.07279894220040367,0.0729928170461155,-0.8562564042088883,-1.737644537201516,0.20110391991678966
2049-11-12,2049-12-10,23.488888888888887,28,0.07297056607285729,0.07288708101370865,0.07280032791999133,0.07299040012249997,-0.8348505914863857,-1.7023815286595911,0.1983404964267521
2049-11-19,2049-12-17,23.508333333333333,28,0.07296842971026189,0.07288708101370579,0.072801713639716,0.07298798454050269,-0.8134869655609944,-1.6671607054588589,0.19554830240797738
2049-11-26,2049-12-24,23.52777777777778,28,0.07296629756808194,0.07288708101370579,0.07280309935958915,0.07298557033767075,-0.7921655437614916,-1.6319820849279576,0.1927276958881008
2049-12-03,2049-12-31,23.54722222222222,28,0.07296416964799324,0.07288708101370579,0.07280448507961929,0.07298315755155985,-0.7708863428744495,-1.5968456837395228,0.1898790356660851
2049-12-10,2050-01-07,23.566666666666666,28,0.07296204595160592,0.07288708101370579,0.07280587079978648,0.07298074621971994,-0.7496493790012937,-1.5617515181944042,0.18700268114013596
2049-12-17,2050-01-14,23.586111111111112,28,0.07295992648041594,0.07288708101370293,0.07280725652010782,0.07297833637970667,-0.7284546671300351,-1.5266996030811886,0.1840989929073611
2049-12-24,2050-01-21,23.605555555555554,28,0.07295781123589354,0.07288708101370579,0.07280864224058048,0.07297592806906719,-0.7073022218774538,-1.4916899531305927,0.18116833173653646
2049-12-31,2050-01-28,23.625,28,0.07295570021938907,0.07288708101370865,0.07281002796119587,0.07297352132536858,-0.6861920568042301,-1.456722581932024,0.17821105979504148
2050-01-07,2050-02-04,23.644444444444446,28,0.07295359343217868,0.07288708101370293,0.07281141368195973,0.07297111618614364,-0.6651241847574485,-1.4217975021894869,0.17522753964965831
2050-01-14,2050-02-11,23.663888888888888,28,0.07295149087548707,0.07288708101370865,0.07281279940287488,0.07296871268895094,-0.644098617784139,-1.3869147261218184,0.1722181346387741
2050-01-21,2050-02-18,23.683333333333334,28,0.07294939255045334,0.07288708101370865,0.07281418512393849,0.0729663108713433,-0.6231153674468581,-1.3520742651484952,0.1691832088995815
2050-01-28,2050-02-25,23.70277777777778,28,0.07294729845813094,0.07288708101370293,0.0728155708451477,0.07296391077086493,-0.6021744442800958,-1.3172761298324565,0.16612312733990664
2050-02-04,2050-03-04,23.72222222222222,28,0.0729452085995105,0.07288708101370865,0.07281695656651392,0.07296151242507724,-0.5812758580184263,-1.2825203299657306,0.16303825566749142
2050-02-11,2050-03-11,23.741666666666667,28,0.07294312297551413,0.07288708101370293,0.07281834228802575,0.07295911587151879,-0.5604196181119292,-1.2478068748837667,0.1599289600466569
2050-02-18,2050-03-18,23.761111111111113,28,0.0729410415869669,0.07288708101370293,0.07281972800968031,0.07295672114776235,-0.5396057326396975,-1.2131357728659142,0.15679560795442415
2050-02-25,2050-03-25,23.780555555555555,28,0.07293896443465389,0.07288708101370579,0.07282111373148904,0.07295432829134363,-0.5188342094809839,-1.1785070316484847,0.15363856689737387
2050-03-04,2050-04-01,23.8,28,0.07293689151926028,0.07288708101370009,0.07282249945343766,0.07295193733981543,-0.4981050556018829,-1.1439206582261607,0.15045820555156797
2050-03-11,2050-04-08,23.819444444444443,28,0.07293482284141126,0.07288708101370579,0.07282388517553759,0.07294954833073916,-0.47741827705463646,-1.1093766587366716,0.1472548932790474
2050-03-18,2050-04-15,23.83888888888889,28,0.07293275840166924,0.07288708101370865,0.07282527089779453,0.07294716130165618,-0.4567738796058818,-1.0748750387470918,0.14402899986942774
2050-03-25,2050-04-22,23.858333333333334,28,0.07293069820048816,0.07288708101370293,0.07282665662019706,0.0729447762901165,-0.43617186785221973,-1.0404158029109212,0.14078089628347112
2050-04-01,2050-04-29,23.877777777777776,28,0.07292864223831907,0.07288708101370579,0.07282804234274234,0.07294239333368432,-0.4156122461328182,-1.0059989557673066,0.13751095365249766
2050-04-08,2050-05-06,23.897222222222222,28,0.07292659051548173,0.07288708101370865,0.07282942806544465,0.0729400124698982,-0.3950950177307455,-0.9716245003707491,0.13421954416475979
2050-04-15,2050-05-13,23.916666666666668,28,0.07292454303224163,0.07288708101370293,0.07283081378828397,0.07293763373631094,-0.3746201853870035,-0.9372924395766036,0.13090704069310122
2050-04-22,2050-05-20,23.93611111111111,28,0.07292249978883573,0.07288708101370865,0.07283219951128032,0.0729352571704811,-0.35418775127082913,-0.903002775554107,0.12757381645370214
2050-04-29,2050-05-27,23.955555555555556,28,0.07292046078536682,0.07288708101370579,0.07283358523442798,0.0729328828099472,-0.3337977166102679,-0.8687555093883637,0.12422024580377444
2050-05-06,2050-06-03,23.975,28,0.07291842602191766,0.07288708101370293,0.07283497095771267,0.07293051069227634,-0.31345008214722636,-0.8345506420498472,0.12084670358680771
2050-05-13,2050-06-10,23.994444444444444,28,0.07291639549849968,0.07288708101370579,0.07283635668115723,0.07292814085500991,-0.29314484793888096,-0.8003881734244822,0.11745356510231564
2050-05-20,2050-06-17,24.01388888888889,28,0.07291436921502724,0.07288708101370293,0.07283774240473884,0.07292577333569504,-0.2728820132430476,-0.7662681028840213,0.1140412066780172
2050-05-27,2050-06-24,24.033333333333335,28,0.07291234717138614,0.07288708101370293,0.07283912812847745,0.07292340817190165,-0.2526615768320972,-0.7321904290868986,0.11061000515510955
2050-06-03,2050-07-01,24.052777777777777,28,0.07291032936737654,0.07288708101370579,0.07284051385236737,0.07292104540116544,-0.23248353670748956,-0.6981551500917504,0.10716033788896184
2050-06-10,2050-07-08,24.072222222222223,28,0.07290831580272153,0.07288708101370293,0.07284189957639146,0.07291868506103066,-0.21234789018595435,-0.664162263300655,0.10369258309134155
2050-06-17,2050-07-15,24.091666666666665,28,0.07290630647712419,0.07288708101370579,0.07284328530058401,0.07291632718907298,-0.19225463418398592,-0.6302117654018169,0.10020711948791061
2050-06-24,2050-07-22,24.11111111111111,28,0.07290430139016202,0.07288708101370865,0.07284467102491643,0.07291397182281667,-0.17220376453366826,-0.5963036524558873,0.09670432654651506
2050-07-01,2050-07-29,24.130555555555556,28,0.07290230054139821,0.07288708101370293,0.07284605674938588,0.07291161899982594,-0.15219527695273238,-0.5624379201232821,0.09318458427734488
2050-07-08,2050-08-05,24.15,28,0.07290030393031602,0.07288708101370865,0.07284744247402378,0.07290926875766221,-0.1322291660736663,-0.5286145629224137,0.0896482734619175
2050-07-15,2050-08-12,24.169444444444444,28,0.0728983115563188,0.07288708101370579,0.07284882819879585,0.07290692113385827,-0.11230542613011041,-0.49483357522958626,0.08609577539467339
2050-07-22,2050-08-19,24.18888888888889,28,0.07289632341878136,0.07288708101370293,0.07285021392371924,0.07290457616596983,-0.09242405078421778,-0.4610949506211881,0.08252747188478016
2050-07-29,2050-08-26,24.208333333333332,28,0.07289433951698422,0.07288708101370865,0.07285159964879677,0.07290223389155827,-0.07258503275570094,-0.42739868187452457,0.07894374574046736
2050-08-05,2050-09-02,24.227777777777778,28,0.07289235985017088,0.07288708101370579,0.0728529853740142,0.0728998943481564,-0.05278836465089087,-0.3937447615667833,0.07534497985517419
2050-08-12,2050-09-09,24.247222222222224,28,0.07289038441750773,0.07288708101370579,0.07285437109937723,0.07289755757332277,-0.03303403801932503,-0.36013318130495575,0.07173155815040633
2050-08-19,2050-09-16,24.266666666666666,28,0.07288841321810688,0.07288708101370579,0.07285575682490299,0.07289522360461875,-0.013322044010860568,-0.3265639320389202,0.06810386511874045
2050-08-26,2050-09-23,24.28611111111111,28,0.07288644625102624,0.07288708101370293,0.07285714255057149,0.07289289247958575,0.0063476267669893005,-0.29303700454744175,0.06446228559511824
2050-09-02,2050-09-30,24.305555555555557,28,0.07288448351524661,0.07288708101370579,0.07285852827638843,0.07289056423577943,0.02597498459183667,-0.2595523885817741,0.060807205328194947
2050-09-09,2050-10-07,24.325,28,0.07288252500971458,0.07288708101370579,0.0728599140023567,0.07288823891074118,0.0455600399121292,-0.22611007357883905,0.05713901026604962
2050-09-16,2050-10-14,24.344444444444445,28,0.07288057073329673,0.07288708101370579,0.07286129972845913,0.07288591654202385,0.06510280409058322,-0.192710048376038,0.05345808727116874
2050-09-23,2050-10-21,24.363888888888887,28,0.07287862068480834,0.07288708101370865,0.0728626854547243,0.07288359716718595,0.08460328900311564,-0.1593523008404374,0.049764823776138334
2050-09-30,2050-10-28,24.383333333333333,28,0.07287667486301322,0.07288708101370579,0.07286407118113505,0.07288128082376602,0.10406150692574001,-0.12603681878164963,0.04605960752801508
2050-10-07,2050-11-04,24.40277777777778,28,0.07287473326659814,0.07288708101370293,0.07286545690769142,0.07287896754932831,0.12347747104790585,-0.0927635890672629,0.042342827301644625
2050-10-14,2050-11-11,24.42222222222222,28,0.07287279589421848,0.07288708101370579,0.0728668426344048,0.07287665738143133,0.14285119487311704,-0.05953259813687439,0.03861487212847292
2050-10-21,2050-11-18,24.441666666666666,28,0.07287086274446392,0.07288708101370865,0.07286822836126092,0.0728743503575965,0.16218269244736017,-0.026343832029984693,0.03487613132582834
2050-10-28,2050-11-25,24.461111111111112,28,0.0728689338158528,0.07288708101370293,0.07286961408826263,0.07287204651539948,0.18147197850135188,0.006802724098337043,0.03112699546684028
2050-11-04,2050-12-02,24.480555555555554,28,0.0728670091068806,0.07288708101370865,0.07287099981540994,0.07286974589238168,0.20071906828053598,0.03990708529341691,0.02736785501084027
2050-11-11,2050-12-09,24.5,28,0.07286508861595431,0.07288708101370579,0.07287238554271713,0.07286744852608733,0.21992397751482984,0.0729692676282312,0.023599101330179506
2050-11-18,2050-12-16,24.519444444444446,28,0.07286317234143239,0.07288708101370293,0.07287377127016136,0.07286515445406927,0.23908672270547826,0.10598928728969281,0.019821126368835262
2050-11-25,2050-12-23,24.538888888888888,28,0.07286126028164475,0.07288708101370579,0.07287515699775973,0.07286286371388886,0.25820732061046514,0.13896716114986107,0.01603432244118297
2050-12-02,2050-12-30,24.558333333333334,28,0.0728593524348442,0.07288708101370579,0.07287654272551228,0.07286057634309609,0.27728578861588304,0.17190290668073205,0.012239082518850086
2050-12-09,2051-01-06,24.57777777777778,28,0.07285744879921222,0.07288708101370293,0.07287792845339615,0.07285829237922092,0.2963221449071851,0.2047965418393305,0.008435800087081002
2050-12-16,2051-01-13,24.59722222222222,28,0.07285554937293025,0.07288708101370579,0.07287931418144275,0.07285601185984186,0.31531640775545045,0.2376480851250251,0.004624869116148789
2050-12-23,2051-01-20,24.616666666666667,28,0.07285365415407982,0.07288708101370293,0.07288069990964065,0.07285373482249177,0.3342685962311187,0.2704575556082556,0.0008066841195031316
2050-12-30,2051-01-27,24.636111111111113,28,0.07285176314070821,0.07288708101370293,0.07288208563797843,0.07285146130471773,0.3531787299472511,0.3032249727022429,-0.0030183599047939325
2051-01-06,2051-02-03,24.655555555555555,28,0.07284987633081702,0.07288708101370865,0.07288347136647039,0.07284919134409254,0.37204682891631147,0.33595035653366523,-0.006849867244806962
2051-01-13,2051-02-10,24.675,28,0.0728479937223365,0.07288708101370579,0.07288485709510509,0.07284692497814049,0.39087291369296895,0.3686337276859186,-0.01068744196003335
2051-01-20,2051-02-17,24.694444444444443,28,0.07284611531316543,0.07288708101370865,0.07288624282388538,0.07284466224442296,0.4096570054322457,0.4012751071995335,-0.014530687424685329
2051-01-27,2051-02-24,24.71388888888889,28,0.07284424110114841,0.07288708101370579,0.07288762855283126,0.07284240318049275,0.42839912557379733,0.4338745168284974,-0.018379206556673466
2051-02-03,2051-03-03,24.733333333333334,28,0.07284237108407009,0.07288708101370293,0.07288901428191132,0.07284014782389413,0.4470992963284681,0.466431978412285,-0.022232601759597515
2051-02-10,2051-03-10,24.752777777777776,28,0.07284050525967795,0.07288708101370579,0.07289040001114554,0.07283789621218562,0.46575754027847194,0.4989475146759126,-0.02609047492330152
2051-02-17,2051-03-17,24.772222222222222,28,0.07283864362566529,0.07288708101370579,0.07289178574052535,0.07283564838291147,0.48437388040500906,0.5314211486005804,-0.0299524275382268
2051-02-24,2051-03-24,24.791666666666668,28,0.0728367861796483,0.07288708101370579,0.07289317147003935,0.07283340437361595,0.5029483405749602,0.5638529039105056,-0.03381806032348722
2051-03-03,2051-03-31,24.81111111111111,28,0.07283493291926314,0.07288708101370579,0.07289455719972462,0.07283116422185756,0.5214809444265001,0.596242804614816,-0.03768697405578947
2051-03-10,2051-04-07,24.830555555555556,28,0.07283308384202611,0.07288708101370865,0.07289594292955265,0.07282892796518915,0.5399717168254325,0.6285908752654001,-0.04155876836955952
2051-03-17,2051-04-14,24.85,28,0.07283123894543632,0.07288708101370293,0.07289732865952914,0.07282669564115496,0.5584206826661497,0.6608971409281794,-0.04543304281359739
2051-03-24,2051-04-21,24.869444444444444,28,0.0728293982269701,0.07288708101370579,0.07289871438965406,0.07282446728731637,0.5768278673569383,0.6931616268396334,-0.049309396537300376
2051-03-31,2051-04-28,24.88888888888889,28,0.07282756168400097,0.07288708101370579,0.07290010011991889,0.0728222429412062,0.5951932970482687,0.7253843591792375,-0.053187427947604116
2051-04-07,2051-05-05,24.908333333333335,28,0.07282572931389675,0.07288708101370293,0.07290148585034073,0.07282002264038587,0.6135169980618638,0.7575653644398272,-0.05706673510880167
2051-04-14,2051-05-12,24.927777777777777,28,0.07282390111398815,0.07288708101370865,0.0729028715809053,0.07281780642240245,0.6317989972050297,0.7897046691715537,-0.060946915857035266
2051-04-21,2051-05-19,24.947222222222223,28,0.07282207708149452,0.07288708101370293,0.0729042573116269,0.07281559432480306,0.650039322084156,0.8218023013238651,-0.06482756691461589
2051-04-28,2051-05-26,24.966666666666665,28,0.07282025721368093,0.07288708101370579,0.07290564304249411,0.07281338638513768,0.6682380002485944,0.8538582881317813,-0.06870828543253937
2051-05-05,2051-06-02,24.98611111111111,28,0.07281844150770109,0.07288708101370865,0.07290702877350405,0.07281118264096481,0.6863950600756452,0.8858726580296405,-0.0725886673627607
2051-05-12,2051-06-09,25.005555555555556,28,0.07281662996067727,0.07288708101370293,0.07290841450466529,0.07280898312982302,0.7045105302566634,0.9178454398801883,-0.07646830854246556
2051-05-19,2051-06-16,25.025,28,0.07281482256972321,0.07288708101370579,0.07290980023597499,0.07280678788926798,0.7225844398257852,0.9497766625177206,-0.08034680455237808
2051-05-26,2051-06-23,25.044444444444444,28,0.0728130193318442,0.07288708101370579,0.07291118596743885,0.07280459695686105,0.7406168186159523,0.9816663559465699,-0.08422374983149683
2051-06-02,2051-06-30,25.06388888888889,28,0.0728112202440626,0.07288708101370293,0.07291257169904261,0.07280241037011509,0.7586076964033461,1.0135145498001152,-0.08809873947510094
2051-06-09,2051-07-07,25.083333333333332,28,0.07280942530333512,0.07288708101370579,0.07291395743080337,0.07280022816662861,0.7765571037067487,1.045321274682487,-0.09197136706509679
2051-06-16,2051-07-14,25.102777777777778,28,0.07280763450655568,0.07288708101370579,0.07291534316270402,0.07279805038392301,0.7944650715011048,1.0770865614834202,-0.0958412263267483
2051-06-23,2051-07-21,25.122222222222224,28,0.07280584785060393,0.07288708101370009,0.07291672889475599,0.07279587705954826,0.8123316309616158,1.1088104415206412,-0.09970791055663453
2051-06-30,2051-07-28,25.141666666666666,28,0.07280406533231096,0.07288708101370579,0.07291811462696783,0.07279370823107145,0.8301568139483517,1.140492946568733,-0.10357101239505395
2051-07-07,2051-08-04,25.16111111111111,28,0.0728022869484365,0.07288708101370293,0.07291950035931098,0.07279154393601685,0.847940652664303,1.1721341087447823,-0.1074301241965614
2051-07-14,2051-08-11,25.180555555555557,28,0.07280051269575744,0.07288708101370293,0.0729208860918083,0.0727893842119544,0.8656831794549846,1.2037339605086572,-0.11128483803038436
2051-07-21,2051-08-18,25.2,28,0.07279874257096498,0.07288708101370865,0.07292227182445693,0.07278722909643408,0.8833844274366842,1.2352925349194688,-0.11513474530905343
2051-07-28,2051-08-25,25.219444444444445,28,0.07279697657071324,0.07288708101370293,0.0729236575572426,0.072785078626983,0.9010444298969411,1.2668098652936222,-0.11897943730243554
2051-08-04,2051-09-01,25.238888888888887,28,0.07279521469164774,0.0728870810137115,0.07292504329019955,0.0727829328411768,0.9186632206376055,1.2982859855181772,-0.12281850470932665
2051-08-11,2051-09-08,25.258333333333333,28,0.07279345693031981,0.07288708101370579,0.07292642902329353,0.07278079177655977,0.9362408338597916,1.3297209297372103,-0.12665153760041403
2051-08-18,2051-09-15,25.27777777777778,28,0.07279170328328936,0.07288708101370293,0.07292781475653312,0.07277865547066188,0.9537773041357056,1.3611147324375794,-0.13047812627481337
2051-08-25,2051-09-22,25.29722222222222,28,0.07278995374705063,0.07288708101370579,0.07292920048992402,0.07277652396106449,0.971272666551587,1.3924674287338346,-0.13429785986146525
2051-09-01,2051-09-29,25.316666666666666,28,0.07278820831806643,0.07288708101370579,0.0729305862234548,0.07277439728529757,0.988726956393654,1.4237790538837447,-0.13811032768859532
2051-09-08,2051-10-06,25.336111111111112,28,0.07278646699277674,0.07288708101370293,0.0729319719571426,0.0727722754808911,1.006140209261902,1.455049643658557,-0.14191511885641717
2051-09-15,2051-10-13,25.355555555555554,28,0.07278472976755593,0.07288708101370579,0.07293335769097885,0.07277015858544932,1.023512461498649,1.4862792342291986,-0.14571182106612457
2051-09-22,2051-10-20,25.375,28,0.07278299663875545,0.07288708101370865,0.07293474342497211,0.0727680466364679,1.0408437495319778,1.517467862166555,-0.14950002287558717
2051-09-29,2051-10-27,25.394444444444446,28,0.072781267602684,0.07288708101370009,0.07293612915909956,0.07276593967152538,1.0581341101609243,1.5486155641555865,-0.1532793115861797
2051-10-06,2051-11-03,25.413888888888888,28,0.07277954265563023,0.07288708101370865,0.07293751489337831,0.07276383772817457,1.0753835807841838,1.5797223774807745,-0.15704927455659212
2051-10-13,2051-11-10,25.433333333333334,28,0.07277782179381147,0.07288708101370579,0.07293890062780838,0.07276174084394547,1.092592198943254,1.6107883399690825,-0.16080949865993066
2051-10-20,2051-11-17,25.45277777777778,28,0.07277610501343933,0.07288708101370293,0.07294028636238403,0.07275964905639944,1.1097600026360732,1.6418134894470582,-0.16455957039890334
2051-10-27,2051-11-24,25.47222222222222,28,0.07277439231067971,0.07288708101370579,0.0729416720971167,0.07275756240308359,1.1268870302608147,1.6727978643699126,-0.16829907596119242
2051-11-03,2051-12-01,25.491666666666667,28,0.0727726836816443,0.07288708101370293,0.07294305783198927,0.07275548092153931,1.1439733205863278,1.703741503449735,-0.1720276010498678
2051-11-10,2051-12-08,25.511111111111113,28,0.07277097912245908,0.07288708101370579,0.07294444356701314,0.07275340464932802,1.1610189124670878,1.734644445540584,-0.17574473131068413
2051-11-17,2051-12-15,25.530555555555555,28,0.07276927862915862,0.07288708101370865,0.07294582930218262,0.07275133362399679,1.178023845500309,1.7655067302399519,-0.17945005161834615
2051-11-24,2051-12-22,25.55,28,0.07276758219776612,0.07288708101370579,0.07294721503750054,0.07274926788309559,1.194988159396726,1.796328397344199,-0.1831431467053113
2051-12-01,2051-12-29,25.569444444444443,28,0.0727658898242762,0.07288708101370865,0.07294860077297548,0.0727472074641744,1.2119118943244855,1.8271094869927451,-0.18682360101801576
2051-12-08,2052-01-05,25.58888888888889,28,0.07276420150463211,0.07288708101370865,0.07294998650859601,0.07274515240478031,1.2287950907653722,1.8578500396389253,-0.19049099851800588
2051-12-15,2052-01-12,25.608333333333334,28,0.07276251723476568,0.07288708101370009,0.0729513722443593,0.07274310274245474,1.2456377893441117,1.8885500959361923,-0.19414492310937392
2051-12-22,2052-01-19,25.627777777777776,28,0.07276083701056019,0.07288708101370579,0.07295275798027388,0.0727410585147562,1.2624400314560635,1.9192096971369643,-0.19778495803993157
2051-12-29,2052-01-26,25.647222222222222,28,0.0727591608278704,0.07288708101370579,0.07295414371633406,0.0727390197592375,1.2792018583539233,1.9498288846366008,-0.20141068632906212
2052-01-05,2052-02-02,25.666666666666668,28,0.07275748868251108,0.07288708101370293,0.07295552945254556,0.07273698651342864,1.2959233119184954,1.9804077003447718,-0.20502169082448063
2052-01-12,2052-02-09,25.68611111111111,28,0.07275582057027417,0.07288708101370865,0.07295691518891122,0.07273495881491097,1.3126044343447774,2.0109461863704325,-0.20861755363199563
2052-01-19,2052-02-16,25.705555555555556,28,0.07275415648691164,0.07288708101370579,0.07295830092541676,0.07273293670121449,1.3292452679415645,2.0414443850512445,-0.21219785697149107
2052-01-26,2052-02-23,25.725,28,0.07275249642814119,0.07288708101370293,0.07295968666207361,0.07273092020988058,1.3458458556174502,2.0719023393242497,-0.2157621826061329
2052-02-02,2052-03-01,25.744444444444444,28,0.07275084038966055,0.0728870810137115,0.07296107239887606,0.07272890937848203,1.3624062405094561,2.1023200921550798,-0.21931011178519255
2052-02-09,2052-03-08,25.76388888888889,28,0.0727491883671275,0.07288708101370293,0.07296245813582411,0.07272690424453458,1.3789264657543265,2.1326976869660843,-0.22284122592919342
2052-02-16,2052-03-15,25.783333333333335,28,0.07274754035617123,0.07288708101370579,0.07296384387293774,0.07272490484561102,1.3954065753456202,2.163035167665056,-0.2263551056021218
2052-02-23,2052-03-22,25.802777777777777,28,0.07274589635239526,0.07288708101370579,0.07296522961019125,0.07272291121926701,1.4118466131053664,2.19333257795995,-0.2298513312824768
2052-03-01,2052-03-29,25.822222222222223,28,0.07274425635135456,0.07288708101370293,0.07296661534758751,0.07272092340302969,1.4282466234837032,2.223589962329492,-0.23332948324877867
2052-03-08,2052-04-05,25.841666666666665,28,0.07274262034858989,0.07288708101370579,0.07296800108513793,0.07271894143447755,1.4446066511590583,2.2538073654804203,-0.23678914112340577
2052-03-15,2052-04-12,25.86111111111111,28,0.0727409883396105,0.07288708101370293,0.07296938682282539,0.07271696535112916,1.460926740924351,2.283984832148894,-0.24022988481336993
2052-03-22,2052-04-19,25.880555555555556,28,0.07273936031987718,0.07288708101370293,0.07297077256066986,0.07271499519055162,1.4772069382575082,2.3141224079267775,-0.24365129325562562
2052-03-29,2052-04-26,25.9,28,0.07273773628487071,0.07288708101370579,0.07297215829867135,0.07271303099028918,1.493447288350852,2.344220138006392,-0.24705294581525705
2052-04-05,2052-05-03,25.919444444444444,28,0.0727361162299719,0.07288708101370865,0.07297354403681558,0.07271107278788325,1.509647837367456,2.3742780684367357,-0.2504344208865972
2052-04-12,2052-05-10,25.93888888888889,28,0.07273450015059588,0.07288708101370293,0.07297492977510542,0.07270912062088947,1.5258086310705743,2.4042962450954164,-0.25379529706409665
2052-04-19,2052-05-17,25.958333333333332,28,0.07273288804210346,0.07288708101370865,0.07297631551354655,0.07270717452687211,1.5419297160519652,2.434274714430973,-0.25713515231340356
2052-04-26,2052-05-24,25.977777777777778,28,0.07273127989980699,0.07288708101370579,0.07297770125213329,0.07270523454335256,1.5580111389880413,2.464213523263037,-0.2604535645442385
2052-05-03,2052-05-31,25.997222222222224,28,0.07272967571903305,0.07288708101370579,0.07297908699086277,0.07270330070790079,1.574052946727439,2.4941127182971643,-0.2637501113225693
2052-05-10,2052-06-07,26.016666666666666,28,0.07272807549503973,0.07288708101370579,0.07298047272975783,0.07270137305806104,1.5900551866605828,2.523972347180936,-0.2670243697869279
2052-05-17,2052-06-14,26.03611111111111,28,0.07272647922308512,0.07288708101370293,0.07298185846878422,0.07269945163136043,1.6060179061781754,2.5537924569909998,-0.27027591724682054
2052-05-24,2052-06-21,26.055555555555557,28,0.07272488689840159,0.07288708101370293,0.07298324420796476,0.07269753646538321,1.6219411530134231,2.583573095631675,-0.2735043301838047
2052-05-31,2052-06-28,26.075,28,0.07272329851617013,0.07288708101370293,0.07298462994729661,0.07269562759765646,1.6378249753280782,2.613314311264853,-0.27670918513661436
2052-06-07,2052-07-05,26.094444444444445,28,0.07272171407157174,0.07288708101370579,0.07298601568677121,0.07269372506574445,1.6536694213405145,2.6430161519946926,-0.2798900582728914
2052-06-14,2052-07-12,26.113888888888887,28,0.07272013355974176,0.07288708101370579,0.07298740142640282,0.07269182890718286,1.6694745396403365,2.6726786666106395,-0.28304652558902577
2052-06-21,2052-07-19,26.133333333333333,28,0.07271855697579552,0.07288708101370865,0.07298878716618289,0.07268993915952164,1.685240379131342,2.702301903873688,-0.28617816273876495
2052-06-28,2052-07-26,26.15277777777778,28,0.07271698431482264,0.07288708101370579,0.07299017290610285,0.0726880558603222,1.7009669888315426,2.731885912802129,-0.28928454500434797
2052-07-05,2052-08-02,26.17222222222222,28,0.07271541557190135,0.07288708101370865,0.07299155864617411,0.07268617904710593,1.7166544180730048,2.761430742727611,-0.29236524795417385
2052-07-12,2052-08-09,26.191666666666666,28,0.07271385074206137,0.07288708101370293,0.07299294438639668,0.07268430875745706,1.732302716415668,2.7909364433531536,-0.2954198460430879
2052-07-19,2052-08-16,26.211111111111112,28,0.07271228982031522,0.07288708101370293,0.07299433012676484,0.07268244502889987,1.747911933877161,2.8204030644962685,-0.29844791415351013
2052-07-26,2052-08-23,26.230555555555554,28,0.07271073280167549,0.07288708101370579,0.07299571586728432,0.07268058789899001,1.7634821203030282,2.8498306560882645,-0.3014490268547776
2052-08-02,2052-08-30,26.25,28,0.0727091796810805,0.07288708101370293,0.07299710160795796,0.07267873740529744,1.7790133262243768,2.879219268774602,-0.30442275783054695
2052-08-09,2052-09-06,26.269444444444446,28,0.07270763045348286,0.07288708101370579,0.07299848734876863,0.07267689358532074,1.7945056022293515,2.908568952857682,-0.3073686816211507
2052-08-16,2052-09-13,26.288888888888888,28,0.07270608511380663,0.07288708101370579,0.07299987308973346,0.07267505647665841,1.8099589989915843,2.9378797592682915,-0.3102863714822546
2052-08-23,2052-09-20,26.308333333333334,28,0.07270454365694162,0.07288708101370579,0.07300125883084675,0.072673226116829,1.8253735676417027,2.9671517390512934,-0.3131754011262422
2052-08-30,2052-09-27,26.32777777777778,28,0.07270300607775765,0.07288708101370579,0.07300264457210279,0.07267140254338246,1.8407493594814472,2.996384943451391,-0.31603534375188036
2052-09-06,2052-10-04,26.34722222222222,28,0.07270147237111026,0.07288708101370293,0.07300403031351868,0.07266958579390018,1.8560864259267729,3.02557942408424,-0.31886577210080147
2052-09-13,2052-10-11,26.366666666666667,28,0.07269994253181787,0.07288708101370579,0.07300541605507448,0.07266777590589214,1.8713848188792181,3.0547352325660526,-0.32166625925728054
2052-09-20,2052-10-18,26.386111111111113,28,0.07269841655468179,0.07288708101370293,0.07300680179677871,0.07266597291693115,1.886644590211456,3.083852420969202,-0.3244363775063708
2052-09-27,2052-10-25,26.405555555555555,28,0.0726968944344976,0.07288708101370579,0.07300818753863712,0.07266417686456147,1.9018657920819027,3.112931041395206,-0.3271756993612762
2052-10-04,2052-11-01,26.425,28,0.07269537616600097,0.07288708101370579,0.07300957328063541,0.07266238778631877,1.9170484770482388,3.1419711463444298,-0.3298837968220003
2052-10-11,2052-11-08,26.444444444444443,28,0.0726938617439532,0.07288708101370579,0.07301095902279073,0.07266060571977016,1.9321926975258974,3.170972788375248,-0.33256024183039856
2052-10-18,2052-11-15,26.46388888888889,28,0.07269235116305284,0.07288708101370865,0.0730123447651002,0.07265883070244561,1.9472985065581427,3.1999360204736096,-0.3352046060722813
2052-10-25,2052-11-22,26.483333333333334,28,0.07269084441798412,0.07288708101370293,0.07301373050754384,0.07265706277191221,1.9623659571881003,3.228860895597152,-0.33781646071914806
2052-11-01,2052-11-29,26.502777777777776,28,0.072689341503457,0.07288708101370865,0.0730151162501388,0.07265530196571422,1.9773951025164882,3.257747466818006,-0.34039537742780457
2052-11-08,2052-12-06,26.522222222222222,28,0.07268784241408152,0.07288708101370579,0.07301650199288506,0.0726535483213959,1.9923859962427126,3.286595788035418,-0.3429409268562722
2052-11-15,2052-12-13,26.541666666666668,28,0.07268634714450764,0.07288708101370293,0.07301788773577123,0.07265180187650147,2.0073386919529366,3.3154059126358493,-0.3454526800616975
2052-11-22,2052-12-20,26.56111111111111,28,0.07268485568935969,0.07288708101370579,0.07301927347882581,0.07265006266858093,2.0222532434610585,3.34417789466121,-0.347930207787589
2052-11-29,2052-12-27,26.580555555555556,28,0.07268336804319057,0.07288708101370293,0.07302065922201743,0.07264833073519851,2.037129705123597,3.3729117882685955,-0.3503730799206406
2052-12-06,2053-01-03,26.6,28,0.0726818842006132,0.07288708101370293,0.0730220449653518,0.07264660611388132,2.051968130897391,3.401607647386118,-0.35278086731871383
2052-12-13,2053-01-10,26.619444444444444,28,0.07268040415614621,0.07288708101370579,0.07302343070884319,0.07264488884219647,2.066768575595818,3.4302655269698166,-0.35515313949741056
2052-12-20,2053-01-17,26.63888888888889,28,0.07267892790433685,0.07288708101370009,0.07302481645247731,0.07264317895767679,2.0815310936324325,3.458885481404661,-0.3574894666005801
2052-12-27,2053-01-24,26.658333333333335,28,0.07267745543970376,0.07288708101370293,0.0730262021962656,0.07264147649788365,2.096255739991726,3.4874675656183793,-0.35978941820113963
2053-01-03,2053-01-31,26.677777777777777,28,0.07267598675673138,0.07288708101370865,0.0730275879402052,0.07263978150036131,2.110942569772678,3.5160118347381255,-0.36205256370075434
2053-01-10,2053-02-07,26.697222222222223,28,0.07267452184988699,0.07288708101370293,0.07302897368428184,0.07263809400265973,2.12559163815948,3.5445183439485053,-0.3642784722725223
2053-01-17,2053-02-14,26.716666666666665,28,0.07267306071364926,0.07288708101370865,0.07303035942851263,0.07263641404232889,2.1402030005938935,3.5729871486336884,-0.3664667132037558
2053-01-24,2053-02-21,26.73611111111111,28,0.07267160334243128,0.07288708101370579,0.07303174517289188,0.07263474165690445,2.1547767127451376,3.6014183046059745,-0.3686168552682889
2053-01-31,2053-02-28,26.755555555555556,28,0.07267014973065747,0.07288708101370009,0.07303313091741671,0.07263307688395353,2.1693128304262066,3.629811867592453,-0.37072846703942175
2053-02-07,2053-03-07,26.775,28,0.07266869987274374,0.07288708101370579,0.07303451666210428,0.07263141976100895,2.183811409620512,3.658167893605402,-0.37280111734788735
2053-02-14,2053-03-14,26.794444444444444,28,0.07266725376306603,0.07288708101370579,0.07303590240692603,0.0726297703256378,2.198272506397647,3.6864864386000615,-0.37483437428223465
2053-02-21,2053-03-21,26.81388888888889,28,0.0726658113959774,0.07288708101370579,0.07303728815189624,0.07262812861536722,2.2126961772839238,3.71476755918837,-0.3768278061018482
2053-02-28,2053-03-28,26.833333333333332,28,0.07266437276587093,0.07288708101370579,0.07303867389702345,0.07262649466776715,2.227082478348658,3.7430113115252683,-0.3787809810378018
2053-03-07,2053-04-04,26.852777777777778,28,0.0726629378670426,0.07288708101370865,0.0730400596422877,0.07262486852037325,2.241431466660504,3.771217752450984,-0.3806934666934769
2053-03-14,2053-04-11,26.872222222222224,28,0.07266150669380268,0.07288708101370293,0.07304144538771183,0.07262325021072412,2.2557431990025134,3.799386939091487,-0.38256483078563663
2053-03-21,2053-04-18,26.891666666666666,28,0.07266007924048999,0.07288708101370579,0.07304283113328155,0.07262163977639537,2.270017732158014,3.8275189279156354,-0.38439464094625064
2053-03-28,2053-04-25,26.91111111111111,28,0.0726586555013377,0.07288708101370579,0.07304421687899115,0.07262003725491128,2.284255123680967,3.8556137765345664,-0.38618246426411207
2053-04-04,2053-05-02,26.930555555555557,28,0.07265723547065608,0.07288708101370293,0.07304560262485779,0.07261844268383325,2.2984554304684988,3.8836715420170753,-0.3879278682283882
2053-04-11,2053-05-09,26.95,28,0.07265581914268118,0.07288708101370865,0.07304698837087287,0.07261685610071122,2.3126187102746885,3.9116922819168454,-0.38963041969958256
2053-04-18,2053-05-16,26.969444444444445,28,0.07265440651163761,0.07288708101370293,0.07304837411702783,0.07261527754308375,2.3267450206532203,3.9396760539021916,-0.391289685538615
2053-04-25,2053-05-23,26.988888888888887,28,0.07265299757176713,0.07288708101370579,0.07304975986334838,0.07261370704850936,2.3408344193866224,3.967622915812541,-0.3929052325776783
2053-05-02,2053-05-30,27.008333333333333,28,0.07265159231726008,0.07288708101370865,0.07305114560980597,0.07261214465452946,2.354886964485714,3.995532925458872,-0.39447662730618394
2053-05-09,2053-06-06,27.02777777777778,28,0.07265019074230114,0.07288708101370293,0.07305253135640914,0.07261059039868828,2.368902714017934,4.023406141080016,-0.39600343612861133
2053-05-16,2053-06-13,27.04722222222222,28,0.0726487928410892,0.07288708101370865,0.0730539171031722,0.07260904431855865,2.382881726194497,4.051242620830009,-0.3974852253055272
2053-05-23,2053-06-20,27.066666666666666,28,0.07264739860776327,0.07288708101370579,0.07305530285006943,0.07260750645165626,2.3968240594252066,4.079042423061619,-0.3989215610701591
2053-05-30,2053-06-27,27.086111111111112,28,0.07264600803647658,0.07288708101370293,0.07305668859712082,0.07260597683555961,2.4107297722635037,4.10680560644236,-0.4003120091697343
2053-06-06,2053-07-04,27.105555555555554,28,0.07264462112137096,0.07288708101370579,0.07305807434432923,0.07260445550780441,2.4245989233483147,4.13453222958271,-0.4016561356655346
2053-06-13,2053-07-11,27.125,28,0.0726432378565597,0.07288708101370579,0.07305946009167753,0.07260294250592635,2.438431571460953,4.162222351178357,-0.40295350633351434
2053-06-20,2053-07-18,27.144444444444446,28,0.07264185823613323,0.07288708101370293,0.07306084583917143,0.0726014378674925,2.4522277756970636,4.189876030381984,-0.404203686407284
2053-06-27,2053-07-25,27.163888888888888,28,0.07264048225420483,0.07288708101370579,0.07306223158682805,0.07259994163004999,2.4659875950096275,4.217493326232197,-0.40540624154844496
2053-07-04,2053-08-01,27.183333333333334,28,0.0726391099048364,0.07288708101370865,0.073063617334616,0.07259845383113163,2.4797110887225804,4.245074297796053,-0.4065607370476454
2053-07-11,2053-08-08,27.20277777777778,28,0.07263774118208412,0.07288708101370579,0.07306500308255526,0.07259697450829597,2.493398316216755,4.272619004711403,-0.4076667378814791
2053-07-18,2053-08-15,27.22222222222222,28,0.07263637608001844,0.07288708101370579,0.07306638883065723,0.07259550369910153,2.50704933687354,4.3001275063879465,-0.4087238091690648
2053-07-25,2053-08-22,27.241666666666667,28,0.07263501459267273,0.07288708101370293,0.07306777457889055,0.07259404144108116,2.5206642103020593,4.3275998621782055,-0.4097315159157233
2053-08-01,2053-08-29,27.261111111111113,28,0.07263365671406888,0.07288708101370293,0.07306916032728086,0.07259258777179335,2.5342429963405575,4.355036132119849,-0.4106894227552671
2053-08-08,2053-09-05,27.280555555555555,28,0.07263230243822313,0.07288708101370293,0.07307054607582535,0.0725911427287881,2.5477857547979985,4.382436376022119,-0.4115970943503744
2053-08-15,2053-09-12,27.3,28,0.07263095175914026,0.07288708101370293,0.07307193182450687,0.07258970634960679,2.5612925456267033,4.409800653666085,-0.4124540953347189
2053-08-22,2053-09-19,27.319444444444443,28,0.07262960467080225,0.07288708101370293,0.07307331757334255,0.07258827867179939,2.5747634290068655,4.437129025403053,-0.4132599900286138
2053-08-29,2053-09-26,27.33888888888889,28,0.07262826116718532,0.07288708101370579,0.07307470332233525,0.072586859732913,2.588198465204722,4.464421551499259,-0.414014342723229
2053-09-05,2053-10-03,27.358333333333334,28,0.07262692124226572,0.07288708101370579,0.07307608907146212,0.07258544957050615,2.601597714400744,4.491678291964063,-0.414716717595659
2053-09-12,2053-10-10,27.377777777777776,28,0.07262558488997975,0.07288708101370579,0.07307747482074031,0.07258404822212025,2.6149612372604327,4.518899307605628,-0.4153666785949861
2053-09-19,2053-10-17,27.397222222222222,28,0.07262425210428367,0.07288708101370865,0.07307886057017551,0.07258265572529382,2.6282890942498636,4.546084658918481,-0.4159637898984436
2053-09-26,2053-10-24,27.416666666666668,28,0.07262292287910231,0.07288708101370579,0.07308024631974203,0.07258127211758827,2.641581346034816,4.573234406397147,-0.4165076151403657
2053-10-03,2053-10-31,27.43611111111111,28,0.0726215972083634,0.07288708101370865,0.07308163206947985,0.0725798974365564,2.6548380534524574,4.600348611164401,-0.41699771806999464
2053-10-10,2053-11-07,27.455555555555556,28,0.0726202750859804,0.07288708101370579,0.07308301781935184,0.07257853171973107,2.6680592772539145,4.627427333714351,-0.4174336624933328
2053-10-17,2053-11-14,27.475,28,0.07261895650583819,0.07288708101370293,0.07308440356936943,0.07257717500467077,2.681245078647448,4.654470635312435,-0.41781501167417745
2053-10-24,2053-11-21,27.494444444444444,28,0.07261764146183593,0.07288708101370293,0.07308578931954118,0.07257582732893406,2.6943955186700674,4.6814785770525615,-0.4181413290187119
2053-10-31,2053-11-28,27.51388888888889,28,0.07261632994784709,0.07288708101370293,0.07308717506985854,0.07257448873004517,2.7075106585584816,4.70845122011454,-0.41841217801916186
2053-11-07,2053-12-05,27.533333333333335,28,0.07261502195774515,0.07288708101370293,0.07308856082033291,0.07257315924557409,2.7205905595778512,4.735388625877607,-0.41862712171061855
2053-11-14,2053-12-12,27.552777777777777,28,0.07261371748538359,0.07288708101370293,0.07308994657095573,0.07257183891307076,2.733635283193453,4.762290855721413,-0.4187857231283121
2053-11-21,2053-12-19,27.572222222222223,28,0.07261241652461305,0.07288708101370293,0.07309133232171844,0.07257052777005946,2.746644890898875,4.78915797105392,-0.4188875455359009
2053-11-28,2053-12-26,27.591666666666665,28,0.07261111906927559,0.07288708101370865,0.07309271807262961,0.07256922585411012,2.7596194443306468,4.815990033540246,-0.41893215165469955
2053-12-05,2054-01-02,27.61111111111111,28,0.07260982511319616,0.07288708101370579,0.07309410382369208,0.07256793320276415,2.7725590050962925,4.842787104959168,-0.41891910432009793
2053-12-12,2054-01-09,27.630555555555556,28,0.07260853465020542,0.07288708101370865,0.073095489574903,0.07256664985356011,2.78546363503232,4.869549246975802,-0.41884796645311195
2053-12-19,2054-01-16,27.65,28,0.07260724767411686,0.07288708101370865,0.07309687532626809,0.07256537584407077,2.7983333959179237,4.8962765215122825,-0.418718300460863
2053-12-26,2054-01-23,27.669444444444444,28,0.07260596417871261,0.07288708101370293,0.07309826107777877,0.07256411121183756,2.811168349903248,4.92296899066158,-0.4185296687504725
2054-01-02,2054-01-30,27.68888888888889,28,0.0726046841578005,0.07288708101370293,0.07309964682942649,0.07256285599438472,2.8239685590243644,4.949626716259925,-0.41828163415774666
2054-01-09,2054-02-06,27.708333333333332,28,0.07260340760516547,0.07288708101370579,0.07310103258123693,0.07256161022929364,2.8367340854032475,4.9762497607146186,-0.41797375871829856
2054-01-16,2054-02-13,27.727777777777778,28,0.07260213451458679,0.07288708101370865,0.07310241833318726,0.07256037395409429,2.849464991218631,5.002838186004693,-0.4176056049250143
2054-01-23,2054-02-20,27.747222222222224,28,0.07260086487983802,0.07288708101370579,0.07310380408529175,0.07255914720633662,2.8621613386776987,5.029392054537313,-0.41717673501404096
2054-01-30,2054-02-27,27.766666666666666,28,0.07259959869467274,0.07288708101370865,0.07310518983754756,0.07255793002357917,2.8748231903591437,5.055911428748228,-0.41668671093564313
2054-02-06,2054-03-06,27.78611111111111,28,0.0725983359528445,0.07288708101370009,0.07310657558993469,0.0725567224433605,2.8874506085559135,5.082396370901937,-0.4161350948399256
2054-02-13,2054-03-13,27.805555555555557,28,0.07259707664809831,0.07288708101370293,0.07310796134249024,0.07255552450323341,2.9000436560462637,5.108846943919359,-0.4155214486489811
2054-02-20,2054-03-20,27.825,28,0.07259582077418202,0.07288708101370865,0.0731093470951857,0.07255433624075357,2.9126023952663616,5.135263210036822,-0.414845334284486
2054-02-27,2054-03-27,27.844444444444445,28,0.0725945683248178,0.07288708101370579,0.0731107328480296,0.07255315769345382,2.9251268888799697,5.161645232118067,-0.414106313639806
2054-03-06,2054-04-03,27.863888888888887,28,0.07259331929373351,0.07288708101370865,0.07311211860103338,0.07255198889889268,2.9376171997513856,5.1879930729986645,-0.41330394840832785
2054-03-13,2054-04-10,27.883333333333333,28,0.07259207367464564,0.0728870810137115,0.07311350435416847,0.07255082989462297,2.950073390658586,5.2143067952283015,-0.4124378002266782
2054-03-20,2054-04-17,27.90277777777778,28,0.07259083146124207,0.07288708101370293,0.07311489010745488,0.07254968071817755,2.9624955246086717,5.240586462128133,-0.4115074306451638
2054-03-27,2054-04-24,27.92222222222222,28,0.07258959264726782,0.07288708101370579,0.07311627586089259,0.07254854140712347,2.974883664379757,5.266832136247706,-0.4105124014434913
2054-04-03,2054-05-01,27.941666666666666,28,0.07258835722638222,0.07288708101370865,0.07311766161447876,0.07254741199899645,2.98723787326427,5.293043880965353,-0.4094522738577744
2054-04-10,2054-05-08,27.961111111111112,28,0.07258712519228748,0.07288708101370293,0.07311904736822195,0.07254629253134359,2.9995582141545407,5.319221759344655,-0.4083266094388749
2054-04-17,2054-05-15,27.980555555555554,28,0.0725858965386829,0.07288708101370865,0.07312043312210502,0.07254518304173198,3.0118447502575085,5.345365834221183,-0.40713496950922634
2054-04-24,2054-05-22,28.0,28,0.07258467125922216,0.07288708101370293,0.07312181887613654,0.0725440835676916,3.02409754480773,5.371476169143824,-0.4058769153056363
2054-05-01,2054-05-29,28.019444444444446,28,0.07258344934758457,0.07288708101370293,0.07312320463032222,0.07254299414679524,3.0363166611836743,5.397552827376556,-0.4045520078932441
2054-05-08,2054-06-05,28.038888888888888,28,0.07258223079743235,0.07288708101370293,0.07312459038464494,0.07254191481656148,3.0485021627058018,5.423595872125903,-0.4031598087086974
2054-05-15,2054-06-12,28.058333333333334,28,0.07258101560244201,0.07288708101370293,0.07312597613912754,0.07254084561455741,3.0606541126092237,5.449605366855264,-0.40169987884600133
2054-05-22,2054-06-19,28.07777777777778,28,0.07257980375623863,0.07288708101370293,0.07312736189375858,0.07253978657833297,3.0727725746430847,5.475581375199573,-0.40017177905651846
2054-05-29,2054-06-26,28.09722222222222,28,0.07257859525249868,0.07288708101370293,0.07312874764853237,0.07253873774541532,3.084857612042496,5.501523960336901,-0.3985750708336566
2054-06-05,2054-07-03,28.116666666666667,28,0.07257739008485015,0.07288708101370579,0.07313013340345176,0.07253769915338008,3.096909288556465,5.527433186016117,-0.3969093147006275
2054-06-12,2054-07-10,28.136111111111113,28,0.07257618824693239,0.07288708101370293,0.07313151915852815,0.07253667083975156,3.10892766770543,5.553309115957639,-0.3951740718083352
2054-06-19,2054-07-17,28.155555555555555,28,0.07257498973238478,0.0728870810137115,0.0731329049137473,0.07253565284210252,3.1209128132671236,5.579151813625144,-0.393368902822655
2054-06-26,2054-07-24,28.175,28,0.07257379453482958,0.07288708101370865,0.07313429066911491,0.07253464519797724,3.1328647887907124,5.604961342853265,-0.391493368523399
2054-07-03,2054-07-31,28.194444444444443,28,0.07257260264790043,0.07288708101370865,0.07313567642463381,0.07253364794491711,3.1447836580822397,5.630737767333832,-0.38954702983318157
2054-07-10,2054-08-07,28.21388888888889,28,0.0725714140651996,0.07288708101370865,0.07313706218030402,0.07253266112047779,3.1566694850905517,5.656481151044279,-0.38752944721803795
2054-07-17,2054-08-14,28.233333333333334,28,0.07257022878035217,0.07288708101370293,0.07313844793611413,0.0725316847621893,3.1685223335076174,5.682191557619537,-0.3854401816287545
2054-07-24,2054-08-21,28.252777777777776,28,0.07256904678697186,0.07288708101370293,0.0731398336920841,0.07253071890761868,3.1803422673107318,5.707869051122389,-0.38327879353178274
2054-07-31,2054-08-28,28.272222222222222,28,0.0725678680786609,0.07288708101370865,0.07314121944819682,0.07252976359431594,3.1921293504774684,5.733513695359155,-0.3810448434496405
2054-08-07,2054-09-04,28.291666666666668,28,0.07256669264901872,0.0728870810137115,0.07314260520445513,0.07252881885981102,3.2038836469278076,5.75912555436417,-0.3787378920769302
2054-08-14,2054-09-11,28.31111111111111,28,0.07256552049165897,0.07288708101370865,0.07314399096087046,0.07252788474168531,3.2156052204967978,5.784704692114867,-0.37635749973660704
2054-08-21,2054-09-18,28.330555555555556,28,0.07256435160014967,0.0728870810137115,0.07314537671742283,0.07252696127746022,3.2272941356183136,5.810251172731623,-0.3739032268944287
2054-08-28,2054-09-25,28.35,28,0.07256318596809308,0.07288708101370293,0.07314676247412365,0.07252604850469714,3.2389504560985385,5.83576506030567,-0.37137463395939263
2054-09-04,2054-10-02,28.369444444444444,28,0.0725620235890829,0.07288708101370293,0.07314814823098434,0.07252514646094316,3.2505742462003715,5.861246419014421,-0.36877128139739535
2054-09-11,2054-10-09,28.38888888888889,28,0.07256086445669853,0.07288708101370293,0.07314953398798206,0.07252425518373112,3.262165570044051,5.886695312835311,-0.3660927296740557
2054-09-18,2054-10-16,28.408333333333335,28,0.07255970856451942,0.07288708101370009,0.07315091974513965,0.07252337471064241,3.2737244918067123,5.912111806202352,-0.3633385387701027
2054-09-25,2054-10-23,28.427777777777777,28,0.07255855590613638,0.07288708101370579,0.0731523055024457,0.07252250507920412,3.285251075694079,5.93749596309312,-0.36050826932268465
2054-10-02,2054-10-30,28.447222222222223,28,0.07255740647510317,0.07288708101370293,0.07315369125988307,0.07252164632696337,3.2967453859976406,5.9628478477989635,-0.35760148139801773
2054-10-09,2054-11-06,28.466666666666665,28,0.07255626026500776,0.07288708101370293,0.07315507701748603,0.07252079849149297,3.3082074869517086,5.9881675247826225,-0.35461773514794404
2054-10-16,2054-11-13,28.48611111111111,28,0.07255511726941531,0.07288708101370865,0.07315646277522601,0.07251996161030862,3.3196374429333986,6.01345505810702,-0.35155659106694825
2054-10-23,2054-11-20,28.505555555555556,28,0.07255397748188523,0.07288708101370293,0.07315784853312016,0.07251913572098026,3.3310353181770225,6.038710512349249,-0.3484176090497171
2054-10-30,2054-11-27,28.525,28,0.0725528408959884,0.07288708101370579,0.07315923429117133,0.07251832086105786,3.342401177173909,6.063933951829248,-0.3452003493054079
2054-11-06,2054-12-04,28.544444444444444,28,0.07255170750527284,0.07288708101370865,0.07316062004935953,0.07251751706807998,3.353735084358073,6.089125440866816,-0.3419043719286863
2054-11-13,2054-12-11,28.56388888888889,28,0.07255057730332082,0.07288708101370579,0.07316200580769903,0.07251672437959941,3.3650371038497493,6.11428504378217,-0.33852923721405803
2054-11-20,2054-12-18,28.583333333333332,28,0.0725494502836832,0.07288708101370865,0.07316339156619556,0.07251594283317754,3.3763073002544832,6.139412825123536,-0.33507450505662617
2054-11-27,2054-12-25,28.602777777777778,28,0.07254832643990802,0.07288708101370865,0.07316477732483197,0.07251517246633865,3.3875457380062866,6.164508849239442,-0.33153973569372
2054-12-04,2055-01-01,28.622222222222224,28,0.07254720576554899,0.07288708101370293,0.07316616308361112,0.07251441331665553,3.398752481539452,6.189573180621355,-0.32792448893453896
2054-12-11,2055-01-08,28.641666666666666,28,0.0725460882541627,0.07288708101370865,0.0731675488425473,0.0725136654216753,3.4099275954595223,6.214605883845953,-0.3242283248740263
2054-12-18,2055-01-15,28.66111111111111,28,0.07254497389928576,0.07288708101370293,0.07316893460162335,0.07251292881892223,3.4210711441717834,6.239607023375976,-0.3204508036352971
2054-12-25,2055-01-22,28.680555555555557,28,0.07254386269448901,0.07288708101370293,0.07317032036085928,0.07251220354598623,3.432183192139254,6.264576663702753,-0.3165914850278284
2055-01-01,2055-01-29,28.7,28,0.07254275463331476,0.07288708101370865,0.07317170612024082,0.07251148964037732,3.4432638039388896,6.289514869260576,-0.3126499293744367
2055-01-08,2055-02-05,28.719444444444445,28,0.07254164970929391,0.07288708101370293,0.07317309187976509,0.07251078713966257,3.45431304409019,6.314421704711748,-0.3086256963134859
2055-01-15,2055-02-12,28.738888888888887,28,0.07254054791599446,0.07288708101370865,0.07317447763944639,0.07251009608140052,3.4653309771419396,6.339297234519287,-0.3045183459393641
2055-01-22,2055-02-19,28.758333333333333,28,0.07253944924693588,0.07288708101370579,0.07317586339926185,0.07250941650312687,3.4763176676991248,6.364141523259731,-0.3003274380901366
2055-01-29,2055-02-26,28.77777777777778,28,0.07253835369566046,0.07288708101370293,0.07317724915924005,0.07250874844239157,3.4872731804247437,6.388954635795918,-0.2960525326889396
2055-02-05,2055-03-05,28.79722222222222,28,0.07253726125573623,0.07288708101370009,0.07317863491936384,0.072508091936756,3.4981975796385956,6.413736636276118,-0.2916931898022668
2055-02-12,2055-03-12,28.816666666666666,28,0.07253617192067693,0.07288708101370293,0.07318002067963324,0.072507447023753,3.50909093026,6.43848758956303,-0.28724896923931764
2055-02-19,2055-03-19,28.836111111111112,28,0.072535085684042,0.07288708101370009,0.07318140644005679,0.07250681374094681,3.519953296580863,6.463207560147843,-0.2827194309519554
2055-02-26,2055-03-26,28.855555555555554,28,0.07253400253937947,0.07288708101370865,0.07318279220062308,0.07250619212587882,3.5307847432917985,6.487896612436122,-0.27810413500653497
2055-03-05,2055-04-02,28.875,28,0.07253292248020594,0.07288708101370865,0.07318417796133783,0.07250558221609898,3.5415853350270754,6.512554811318877,-0.2734026410695922
2055-03-12,2055-04-09,28.894444444444446,28,0.07253184550006088,0.07288708101370865,0.07318556372220389,0.0725049840491573,3.552355136477725,6.537182221430099,-0.26861450903581385
2055-03-19,2055-04-16,28.913888888888888,28,0.07253077159250086,0.07288708101370865,0.07318694948321555,0.07250439766259799,3.5630942120778997,6.561778907146904,-0.2637392990287313
2055-03-26,2055-04-23,28.933333333333334,28,0.07252970075105106,0.07288708101370293,0.07318833524437565,0.07250382309399386,3.573802626518768,6.586344933245947,-0.25877657057193915
2055-04-02,2055-04-30,28.95277777777778,28,0.07252863296925664,0.07288708101370293,0.07318972100568992,0.07250326038086063,3.584480444462912,6.610880364332772,-0.253725883960082
2055-04-09,2055-05-07,28.97222222222222,28,0.07252756824066278,0.07288708101370865,0.07319110676714408,0.07250270956077395,3.595127730458697,6.6353852648129426,-0.24858679888828394
2055-04-16,2055-05-14,28.991666666666667,28,0.07252650655879465,0.07288708101370293,0.0731924925287524,0.0725021706712752,3.605744549082801,6.65985969957747,-0.24335887519447152
2055-04-23,2055-05-21,29.011111111111113,28,0.07252544791720597,0.07288708101370293,0.07319387829050918,0.07250164374989725,3.6163309649696327,6.6843037330320545,-0.238041673087247
2055-04-30,2055-05-28,29.030555555555555,28,0.07252439230943335,0.07288708101370865,0.07319526405241726,0.07250112883423,3.6268870427530464,6.708717429839139,-0.23263475203344486
2055-05-07,2055-06-04,29.05,28,0.07252333972900768,0.07288708101370293,0.07319664981446238,0.07250062596178632,3.637412846952542,6.733100854546953,-0.22713767221363423
2055-05-14,2055-06-11,29.069444444444443,28,0.07252229016949409,0.07288708101370865,0.07319803557666736,0.07250013517012757,3.647908442145631,6.757454071732727,-0.22154999366516548
2055-05-21,2055-06-18,29.08888888888889,28,0.07252124362441492,0.07288708101370865,0.0731994213390265,0.07249965649681515,3.6583738929373,6.781777146115803,-0.21587127599767553
2055-05-28,2055-06-25,29.108333333333334,28,0.07252020008730962,0.07288708101370293,0.07320080710151126,0.07249918997937904,3.6688092639330927,6.806070142016396,-0.21010107930583
2055-06-04,2055-07-02,29.127777777777776,28,0.07251915955174905,0.07288708101370293,0.07320219286416732,0.07249873565538348,3.679214619538851,6.830333124182713,-0.20423896365570626
2055-06-11,2055-07-09,29.147222222222222,28,0.07251812201124411,0.07288708101370293,0.07320357862696612,0.07249829356238413,3.6895900245882682,6.85456615722016,-0.19828448859976477
2055-06-18,2055-07-16,29.166666666666668,28,0.0725170874593628,0.07288708101370293,0.07320496438989624,0.07249786373790526,3.699935543401284,6.87876930533432,-0.1922372145754525
2055-06-25,2055-07-23,29.18611111111111,28,0.0725160558896503,0.07288708101370293,0.0732063501529948,0.07249744621951397,3.710251240526402,6.902942633445069,-0.18609670136324197
2055-07-02,2055-07-30,29.205555555555556,28,0.07251502729566031,0.07288708101370865,0.0732077359162304,0.07249704104476594,3.7205371804834018,6.9270862057008165,-0.17986250894372335
2055-07-09,2055-08-06,29.225,28,0.07251400167092946,0.07288708101370293,0.07320912167961444,0.07249664825119684,3.7307934277347465,6.951200086849768,-0.1735341973262139
2055-07-16,2055-08-13,29.244444444444444,28,0.07251297900901715,0.07288708101370865,0.07321050744315835,0.07249626787637091,3.7410200469149837,6.97528434141198,-0.16711132646243798
2055-07-23,2055-08-20,29.26388888888889,28,0.07251195930347715,0.07288708101370293,0.073211893206845,0.07249589995782957,3.75121710225787,6.999339033678526,-0.16059345647578827
2055-07-30,2055-08-27,29.283333333333335,28,0.07251094254786603,0.07288708101370293,0.07321327897068297,0.07249554453312276,3.7613846583690878,7.023364228169459,-0.15398014743261967
2055-08-06,2055-09-03,29.302777777777777,28,0.07250992873574034,0.07288708101370865,0.0732146647346694,0.07249520163980616,3.7715227796830675,7.047359989290486,-0.1472709593418331
2055-08-13,2055-09-10,29.322222222222223,28,0.07250891786065955,0.07288708101370293,0.07321605049880141,0.07249487131541832,3.7816315304338435,7.07132638141858,-0.14046545241230834
2055-08-20,2055-09-17,29.341666666666665,28,0.07250790991618596,0.07288708101370865,0.07321743626308473,0.07249455359752918,3.7917109752269584,7.095263468987756,-0.1335631865677367
2055-08-27,2055-09-24,29.36111111111111,28,0.07250690489587328,0.07288708101370865,0.07321882202751079,0.07249424852366872,3.801761178353763,7.1191713163751285,-0.1265637220455862
2055-09-03,2055-10-01,29.380555555555556,28,0.07250590279329806,0.07288708101370293,0.07322020779209103,0.07249395613139262,3.811782204048708,7.14304998792964,-0.1194666190544591
2055-09-10,2055-10-08,29.4,28,0.07250490360202834,0.07288708101370865,0.07322159355681684,0.07249367645826796,3.8217741168031227,7.1668995478850475,-0.11227143760381142
2055-09-17,2055-10-15,29.419444444444444,28,0.07250390731562353,0.07288708101370865,0.07322297932169398,0.07249340954182186,3.83173698085118,7.190720060704509,-0.10497773801673715
2055-09-24,2055-10-22,29.43888888888889,28,0.07250291392765451,0.07288708101370293,0.07322436508670815,0.07249315541961573,3.841670860484231,7.214511590536432,-0.09758508038776315
2055-10-01,2055-10-29,29.458333333333332,28,0.0725019234317121,0.07288708101370865,0.07322575085187934,0.07249291412920236,3.8515758199654524,7.238274201672307,-0.09009302509743744
2055-10-08,2055-11-05,29.477777777777778,28,0.07250093582136431,0.07288708101370293,0.07322713661720183,0.07249268570812888,3.8614519233862166,7.262007958375172,-0.0825011323543623
2055-10-15,2055-11-12,29.497222222222224,28,0.07249995109018201,0.07288708101370293,0.07322852238266991,0.07249247019393953,3.8712992352092632,7.285712924879062,-0.07480896242473278
2055-10-22,2055-11-19,29.516666666666666,28,0.0724989692317817,0.07288708101370293,0.07322990814828932,0.07249226762421282,3.881117819212326,7.309389165076202,-0.0670160756888194
2055-10-29,2055-11-26,29.53611111111111,28,0.07249799023970573,0.07288708101370293,0.07323129391405431,0.07249207803645019,3.8909077399720826,7.333036743485816,-0.0591220325553421
2055-11-05,2055-12-03,29.555555555555557,28,0.0724970141075649,0.07288708101370293,0.07323267967996491,0.072491901468233,3.9006690613803405,7.356655724000127,-0.05112639331894542
2055-11-12,2055-12-10,29.575,28,0.07249604082896718,0.07288708101370865,0.07323406544602395,0.07249173795711977,3.910401847414674,7.380246170567705,-0.04302871847411405
2055-11-19,2055-12-17,29.594444444444445,28,0.07249507039746345,0.07288708101370293,0.07323545121224573,0.0724915875406348,3.920106162394882,7.403808147822821,-0.03482856828648795
2055-11-26,2055-12-24,29.613888888888887,28,0.07249410280669594,0.07288708101370865,0.07323683697860453,0.07249145025636228,3.929782070127147,7.427341719085934,-0.026525503336594092
2055-12-03,2055-12-31,29.633333333333333,28,0.07249313805024407,0.07288708101370865,0.07323822274510894,0.0724913261418322,3.939429634645802,7.450846948648671,-0.018119084118778384
2055-12-10,2056-01-07,29.65277777777778,28,0.0724921761217101,0.07288708101370293,0.07323960851177036,0.07249121523458595,3.949048919928283,7.474323900602542,-0.009608871241600925
2055-12-17,2056-01-14,29.67222222222222,28,0.07249121701470486,0.07288708101370865,0.07324099427856595,0.0724911175721992,3.9586399900379265,7.497772638610928,-0.000994425056605186
2055-12-24,2056-01-21,29.691666666666666,28,0.07249026072286201,0.07288708101370293,0.07324238004552999,0.07249103319220478,3.9682029084092685,7.521193226679851,0.007724693427690887
2055-12-31,2056-01-28,29.711111111111112,28,0.07248930723975239,0.07288708101370293,0.07324376581263106,0.07249096213215266,3.977737739505466,7.544585728786746,0.01654892400268504
2056-01-07,2056-02-04,29.730555555555554,28,0.07248835655903539,0.07288708101370865,0.07324515157988058,0.07249090442961276,3.9872445467326045,7.567950208451912,0.025478705773657184
2056-01-14,2056-02-11,29.75,28,0.07248740867432751,0.07288708101370865,0.07324653734728141,0.07249086012211224,3.99672339381138,7.591286729538988,0.034514477847275016
2056-01-21,2056-02-18,29.769444444444446,28,0.07248646357921393,0.07288708101370865,0.07324792311482213,0.07249082924722103,4.0061743449472385,7.6145953560820265,0.04365668007100254
2056-01-28,2056-02-25,29.788888888888888,28,0.07248552126738536,0.07288708101370865,0.07324930888252272,0.07249081184248338,4.015597463232906,7.637876151373596,0.05290575098015893
2056-02-04,2056-03-03,29.808333333333334,28,0.07248458173244408,0.07288708101370293,0.07325069465036606,0.07249080794544353,4.0249928125885015,7.6611291792197385,0.062262129994494764
2056-02-11,2056-03-10,29.82777777777778,28,0.0724836449680209,0.07288708101370009,0.07325208041835499,0.07249081759366861,4.034360456791896,7.684354503340874,0.07172625647713926
2056-02-18,2056-03-17,29.84722222222222,28,0.0724827109677809,0.07288708101370293,0.07325346618650094,0.07249084082468002,4.043700459220312,7.707552187200401,0.08129856899116716
2056-02-25,2056-03-24,29.866666666666667,28,0.07248177972534631,0.07288708101370293,0.07325485195478677,0.07249087767605625,4.053012883566271,7.7307222944046625,0.09097950709940905
2056-03-03,2056-03-31,29.886111111111113,28,0.07248085123438505,0.07288708101370293,0.07325623772322963,0.07249092818536156,4.0622977931788204,7.753864888445788,0.10076950976503629
2056-03-10,2056-04-07,29.905555555555555,28,0.07247992548854507,0.07288708101370293,0.0732576234918295,0.07249099239010594,4.071555251578679,7.776980032844355,0.11066901560871645
2056-03-17,2056-04-14,29.925,28,0.07247900248149428,0.07288708101370293,0.07325900926055784,0.07249107032787361,4.080785322086583,7.800067790635634,0.12067846379332225
2056-03-24,2056-04-21,29.944444444444443,28,0.07247808220689203,0.07288708101370293,0.07326039502944605,0.07249116203620025,4.089988068109035,7.823128225540183,0.13079829308218494
2056-03-31,2056-04-28,29.96388888888889,28,0.07247716465840341,0.07288708101370865,0.07326178079847986,0.07249126755263584,4.099163553052398,7.846161400764523,0.14102894232426166
2056-04-07,2056-05-05,29.983333333333334,28,0.07247624982969919,0.07288708101370293,0.0732631665676507,0.07249138691473604,4.108311840037432,7.869167379515041,0.1513708503685096
2056-04-14,2056-05-12,30.002777777777776,28,0.07247533771445872,0.07288708101370865,0.07326455233698141,0.0724915201600651,4.1174329924993645,7.8921462252269645,0.16182445606388596
2056-04-21,2056-05-19,30.022222222222222,28,0.07247442830637844,0.07288708101370865,0.0732659381064663,0.07249166732616727,4.126527073302078,7.915098000878529,0.17239019788825583
2056-04-28,2056-05-26,30.041666666666668,28,0.0724735215991149,0.07288708101370293,0.0732673238760825,0.07249182845057536,4.1355941458803835,7.938022769675978,0.18306851460467288
2056-05-05,2056-06-02,30.06111111111111,28,0.07247261758639306,0.07288708101370865,0.07326870964586142,0.07249200357087077,4.144634273155895,7.96092059468359,0.19385984477704454
2056-05-12,2056-06-09,30.080555555555556,28,0.07247171626190088,0.07288708101370865,0.07327009541579736,0.07249219272457776,4.153647518077702,7.983791538964807,0.20476462676874418
2056-05-19,2056-06-16,30.1,28,0.07247081761932625,0.07288708101370293,0.07327148118586178,0.07249239594926626,4.162633943766841,8.006635665355338,0.21578329940014074
2056-05-26,2056-06-23,30.119444444444444,28,0.07246992165239131,0.07288708101370865,0.07327286695608036,0.07249261328249196,4.171593613173375,8.029453036890455,0.22691630100643567
2056-06-02,2056-06-30,30.13888888888889,28,0.07246902835479828,0.07288708101370865,0.07327425272644739,0.07249284476178484,4.180526589103728,8.052243716491075,0.23816406986565397
2056-06-09,2056-07-07,30.158333333333335,28,0.07246813772026643,0.07288708101370293,0.07327563849696858,0.07249309042472055,4.189432934365023,8.075007767021496,0.24952704454114794
2056-06-16,2056-07-14,30.177777777777777,28,0.07246724974252652,0.07288708101370865,0.07327702426763821,0.07249335030883192,4.198312711821278,8.097745251116894,0.2610056630539259
2056-06-23,2056-07-21,30.197222222222223,28,0.07246636441529786,0.07288708101370293,0.07327841003845917,0.0724936244516832,4.2071659840507705,8.120456231613115,0.2726003638534036
2056-06-30,2056-07-28,30.216666666666665,28,0.07246548173232258,0.07288708101370293,0.07327979580942287,0.0724939128908272,4.215992813803582,8.14314077100295,0.28431158504621523
2056-07-07,2056-08-04,30.23611111111111,28,0.07246460168733426,0.07288708101370293,0.0732811815805293,0.0724942156637996,4.224793263686716,8.165798931950436,0.2961397646533692
2056-07-14,2056-08-11,30.255555555555556,28,0.0724637242740665,0.07288708101370293,0.07328256735178133,0.07249453280817322,4.233567396364352,8.188430777148342,0.3080853410672435
2056-07-21,2056-08-18,30.275,28,0.07246284948628715,0.07288708101370293,0.07328395312319325,0.0724948643614866,4.242315274157887,8.21103636906101,0.32014875199451454
2056-07-28,2056-08-25,30.294444444444444,28,0.0724619773177469,0.07288708101370293,0.07328533889475645,0.0724952103612954,4.251036959560389,8.233615770095598,0.3323304354850565
2056-08-04,2056-09-01,30.31388888888889,28,0.07246110776219933,0.07288708101370293,0.07328672466645957,0.07249557084516388,4.259732515036058,8.256169042602373,0.3446308296455036
2056-08-11,2056-09-08,30.333333333333332,28,0.072460240813418,0.07288708101370865,0.07328811043831968,0.07249594585062484,4.268402002906568,8.278696249016809,0.357050372068457
2056-08-18,2056-09-15,30.352777777777778,28,0.07245937646517644,0.07288708101370865,0.0732894962103254,0.07249633541524826,4.277045485322067,8.301197451489607,0.3695895007181649
2056-08-23,2056-09-20,30.366666666666667,28,0.0724587606622792,0.07288708101370293,0.07329048604755473,0.07249662261026746,4.283203514237332,8.317253852755252,0.3786194798825748
