start_date,end_date,start_act360_years,true_forward_rate,recovered_forward_rate,error_bp
2026-09-18,2026-10-16,0.0,0.07770182983167848,0.07764622337423413,-0.55606457444346
2026-09-25,2026-10-23,0.019444444444444445,0.07743959056296403,0.07756160098182363,1.220104188596055
2026-10-02,2026-10-30,0.03888888888888889,0.07718190844917443,0.07726542696811231,0.8351851893788342
2026-10-09,2026-11-06,0.058333333333333334,0.07692871734449801,0.07696925973608476,0.40542391586753657
2026-10-16,2026-11-13,0.07777777777777778,0.07667995204480693,0.076673099285584,-0.06852759222936156
2026-10-23,2026-11-20,0.09722222222222222,0.0764355482740082,0.07646156025852312,0.2601198451492037
2026-10-30,2026-11-27,0.11666666666666667,0.07619544267059718,0.07621293864343912,0.17495972841938268
2026-11-06,2026-12-04,0.1361111111111111,0.075959572774394,0.07596432180758926,0.04749033195264318
2026-11-13,2026-12-11,0.15555555555555556,0.07572787701349107,0.07571570975087935,-0.12167262611717522
2026-11-20,2026-12-18,0.175,0.07550029469139773,0.07546710247321801,-0.3319221817971174
2026-11-27,2026-12-25,0.19444444444444445,0.07527676597434457,0.07527602960199291,-0.007363723516645715
2026-12-04,2027-01-01,0.21388888888888888,0.0750572318788307,0.07483020388075261,-2.2702799807809706
2026-12-11,2027-01-08,0.23333333333333334,0.07484163425928772,0.07438439352868396,-4.572407306037557
2026-12-18,2027-01-15,0.25277777777777777,0.07462991579597812,0.07393859854525596,-6.913172507221621
2026-12-25,2027-01-22,0.2722222222222222,0.07442201998306189,0.07368386545473195,-7.381545283299401
2027-01-01,2027-01-29,0.2916666666666667,0.07421789111681168,0.07368386545472909,-5.340256620825906
2027-01-08,2027-02-05,0.3111111111111111,0.0740174742840335,0.07368386545472909,-3.3360882930441593
2027-01-15,2027-02-12,0.33055555555555555,0.07382071535064443,0.07368386545472909,-1.3684989591533636
2027-01-22,2027-02-19,0.35,0.07362756095042158,0.07368386545472909,0.5630450430750555
2027-01-29,2027-02-26,0.36944444444444446,0.0734379584739196,0.07368386545472909,2.4590698080949327
2027-02-05,2027-03-05,0.3888888888888889,0.07325185605753935,0.07368386545472909,4.320093971897365
2027-02-12,2027-03-12,0.4083333333333333,0.07306920257277653,0.07368386545473195,6.1466288195541345
2027-02-19,2027-03-19,0.42777777777777776,0.07288994761560735,0.07368386545472909,7.9391783912173555
2027-02-26,2027-03-26,0.44722222222222224,0.07271404149605967,0.07336201012310838,6.479686270487034
2027-03-05,2027-04-02,0.4666666666666667,0.07254143522790127,0.07279878256949518,2.5734734159391093
2027-03-12,2027-04-09,0.4861111111111111,0.07237208051850225,0.07223557954897185,-1.3650096953039814
2027-03-19,2027-04-16,0.5055555555555555,0.07220592975886302,0.07167240106047634,-5.335286983866733
2027-03-26,2027-04-23,0.525,0.0720429360137336,0.07143104636065901,-6.1188965307458485
2027-04-02,2027-04-30,0.5444444444444444,0.0718830530119414,0.07143104636065901,-4.5200665128238
2027-04-09,2027-05-07,0.5638888888888889,0.07172623513682735,0.07143104636065901,-2.9518877616833974
2027-04-16,2027-05-14,0.5833333333333334,0.07157243741681649,0.07143104636065901,-1.4139105615747216
2027-04-23,2027-05-21,0.6027777777777777,0.07142161551615368,0.07143104636065901,0.09430844505331493
2027-04-30,2027-05-28,0.6222222222222222,0.07127372572575405,0.07143104636065901,1.573206349049644
2027-05-07,2027-06-04,0.6416666666666667,0.07112872495419285,0.07143104636065901,3.0232140646616057
2027-05-14,2027-06-11,0.6611111111111111,0.07098657071883269,0.07143104636065901,4.444756418263279
2027-05-21,2027-06-18,0.6805555555555556,0.07084722113707333,0.07143104636065901,5.838252235856878
2027-05-28,2027-06-25,0.7,0.07071063491774426,0.07124444995851789,5.338150407736276
2027-06-04,2027-07-02,0.7194444444444444,0.07057677135260018,0.07080906882670236,2.322974741021805
2027-06-11,2027-07-09,0.7388888888888889,0.07044559030795325,0.07037370235694126,-0.7188795101198409
2027-06-18,2027-07-16,0.7583333333333333,0.07031705221645122,0.06993835054874355,-3.78701667707676
2027-06-25,2027-07-23,0.7777777777777778,0.07019111806892392,0.06968958466946752,-5.01533399456397
2027-07-02,2027-07-30,0.7972222222222223,0.07006774940640106,0.06968958466946752,-3.7816473693354222
2027-07-09,2027-08-06,0.8166666666666667,0.06994690831221284,0.06968958466946752,-2.5732364274531907
2027-07-16,2027-08-13,0.8361111111111111,0.06982855740422757,0.06968958466946752,-1.3897273476004557
2027-07-23,2027-08-20,0.8555555555555555,0.06971265982718926,0.06968958466946752,-0.2307515772173585
2027-07-30,2027-08-27,0.875,0.06959917924516651,0.06968958466946466,0.904054242981539
2027-08-06,2027-09-03,0.8944444444444445,0.06948807983412701,0.06968958466946752,2.0150483534051022
2027-08-13,2027-09-10,0.9138888888888889,0.06937932627460341,0.06968958466946752,3.1025839486410742
2027-08-20,2027-09-17,0.9333333333333333,0.06927288374447908,0.06968958466946752,4.167009249884391
2027-08-27,2027-09-24,0.9527777777777777,0.06916871791186813,0.06951534306983317,3.46625157965047
2027-09-03,2027-10-01,0.9722222222222222,0.06906679492812096,0.06890551596623265,-1.6127896188830593
2027-09-10,2027-10-08,0.9916666666666667,0.06896708142088981,0.06829571763179347,-6.713637890963381
2027-09-17,2027-10-15,1.011111111111111,0.06886954448734851,0.06768594806515386,-11.835964221946494
2027-09-24,2027-10-22,1.0305555555555554,0.06877415168747497,0.06725041598688586,-15.237357005891127
2027-10-01,2027-10-29,1.05,0.06868087103743648,0.06725041598688586,-14.304550505506164
2027-10-08,2027-11-05,1.0694444444444444,0.06858967100308343,0.06725041598688586,-13.392550161975686
2027-10-15,2027-11-12,1.0888888888888888,0.06850052049353453,0.06725041598688586,-12.501045066486693
2027-10-22,2027-11-19,1.1083333333333334,0.06841338885484755,0.06725041598688872,-11.62972867958828
2027-10-29,2027-11-26,1.1277777777777778,0.06832824586378715,0.06725041598688586,-10.7782987690129
2027-11-05,2027-12-03,1.1472222222222221,0.06824506172168691,0.06725041598688872,-9.94645734798197
2027-11-12,2027-12-10,1.1666666666666667,0.06816380704839713,0.06725041598688872,-9.13391061508409
2027-11-19,2027-12-17,1.1861111111111111,0.0680844528763266,0.06725041598688586,-8.340368894407396
2027-11-26,2027-12-24,1.2055555555555555,0.06800697064455312,0.06725041598688872,-7.565546576644016
2027-12-03,2027-12-31,1.225,0.06793133219304812,0.06725041598688586,-6.809162061622576
2027-12-10,2028-01-07,1.2444444444444445,0.06785750975696114,0.06725041598688586,-6.070937700752843
2027-12-17,2028-01-14,1.2638888888888888,0.06778547596099875,0.06725041598688586,-5.35059974112892
2027-12-24,2028-01-21,1.2833333333333334,0.06771520381388887,0.06725041598688586,-4.647878270030159
2027-12-31,2028-01-28,1.3027777777777778,0.0676466667029052,0.06725041598688586,-3.962507160193418
2028-01-07,2028-02-04,1.3222222222222222,0.06757983838851146,0.06725041598688872,-3.2942240162274485
2028-01-14,2028-02-11,1.3416666666666666,0.06751469299902572,0.06725041598688872,-2.642770121370069
2028-01-21,2028-02-18,1.3611111111111112,0.06745120502542738,0.06725041598688586,-2.00789038541524
2028-01-28,2028-02-25,1.3805555555555555,0.06738934931618701,0.06725041598688586,-1.3893332930114966
2028-02-04,2028-03-03,1.4,0.06732910107218754,0.06725041598688586,-0.7868508530167739
2028-02-11,2028-03-10,1.4194444444444445,0.06727043584175117,0.06725041598688586,-0.20019854865313547
2028-02-18,2028-03-17,1.4388888888888889,0.06721332951567469,0.06725041598688872,0.37086471214031747
2028-02-25,2028-03-24,1.4583333333333333,0.06715775832240478,0.06725041598688872,0.9265766448393609
2028-03-03,2028-03-31,1.4777777777777779,0.06710369882322192,0.06725041598688586,1.4671716366393417
2028-03-10,2028-04-07,1.4972222222222222,0.06705112790755267,0.06725041598688586,1.992880793331847
2028-03-17,2028-04-14,1.5166666666666666,0.06700002278830196,0.06725041598688872,2.503931985867597
2028-03-24,2028-04-21,1.5361111111111112,0.06695036099727389,0.06725041598688586,3.0005498961196975
2028-03-31,2028-04-28,1.5555555555555556,0.06690212038066681,0.06725041598688872,3.4829560622190447
2028-04-07,2028-05-05,1.575,0.06685527909461689,0.06725041598688586,3.951368922689713
2028-04-14,2028-05-12,1.5944444444444446,0.06680981560081582,0.06725041598688586,4.4060038607003635
2028-04-21,2028-05-19,1.613888888888889,0.06676570866218867,0.06725041598688586,4.847073246971867
2028-04-28,2028-05-26,1.6333333333333333,0.06672293733864004,0.06725041598688586,5.27478648245816
2028-05-05,2028-06-02,1.6527777777777777,0.06668148098284897,0.06725041598688586,5.689350040368884
2028-05-12,2028-06-09,1.6722222222222223,0.06664131923614068,0.06725041598688872,6.090967507480366
2028-05-19,2028-06-16,1.6916666666666667,0.0666024320244128,0.06725041598688872,6.479839624759231
2028-05-26,2028-06-23,1.711111111111111,0.06656479955410712,0.06725041598688872,6.856164327816022
2028-06-02,2028-06-30,1.7305555555555556,0.06652840230826129,0.06725041598688872,7.2201367862742565
2028-06-09,2028-07-07,1.75,0.066493221042612,0.06725041598688586,7.571949442738562
2028-06-16,2028-07-14,1.7694444444444444,0.06645923678172659,0.06725041598688586,7.911792051592675
2028-06-23,2028-07-21,1.788888888888889,0.06642643081524607,0.06725041598688586,8.239851716397851
2028-06-30,2028-07-28,1.8083333333333333,0.06639478469411676,0.06725041598688586,8.556312927690962
2028-07-07,2028-08-04,1.8277777777777777,0.06636428022694453,0.06725041598688586,8.861357599413283
2028-07-14,2028-08-11,1.8472222222222223,0.06633489947633496,0.06725041598688872,9.155165105537572
2028-07-21,2028-08-18,1.8666666666666667,0.06630662475534756,0.06725041598688586,9.437912315383018
2028-07-28,2028-08-25,1.886111111111111,0.0662794386239472,0.06725041598688586,9.709773629386632
2028-08-04,2028-09-01,1.9055555555555554,0.06625332388554973,0.06725041598688872,9.97092101338984
2028-08-11,2028-09-08,1.925,0.06622826358358758,0.06725041598688872,10.22152403301141
2028-08-18,2028-09-15,1.9444444444444444,0.06620424099814956,0.06725041598688872,10.46174988739157
2028-08-25,2028-09-22,1.9638888888888888,0.06618123964264072,0.06715799161106745,9.767519684267256
2028-09-01,2028-09-29,1.9833333333333334,0.06615924326052212,0.06683451150058099,6.752682400588683
2028-09-08,2028-10-06,2.0027777777777778,0.06613823582207047,0.06651103948642101,3.7280366435053782
2028-09-15,2028-10-13,2.022222222222222,0.06611820152120362,0.0661875755683905,0.6937404718687645
2028-09-22,2028-10-20,2.0416666666666665,0.06609912477233447,0.06595653486934948,-1.4258990298499086
2028-09-29,2028-10-27,2.061111111111111,0.06608099020729341,0.06595653486935232,-1.2445533794108732
2028-10-06,2028-11-03,2.0805555555555557,0.06606378267226796,0.06595653486935232,-1.072478029156415
2028-10-13,2028-11-10,2.1,0.06604748722480513,0.06595653486935232,-0.9095235545281133
2028-10-20,2028-11-17,2.1194444444444445,0.06603208913085666,0.06595653486935232,-0.7555426150433753
2028-10-27,2028-11-24,2.138888888888889,0.06601757386185275,0.06595653486935232,-0.6103899250042844
2028-11-03,2028-12-01,2.158333333333333,0.06600392709183872,0.06595653486935232,-0.4739222248639763
2028-11-10,2028-12-08,2.1777777777777776,0.06599113469462292,0.06595653486935232,-0.3459982527059813
2028-11-17,2028-12-15,2.1972222222222224,0.06597918274100469,0.06595653486935232,-0.2264787165236204
2028-11-24,2028-12-22,2.216666666666667,0.06596805749600801,0.06595653486935232,-0.11522626655685597
2028-12-01,2028-12-29,2.236111111111111,0.0659577454161751,0.06595653486935232,-0.012105468227829874
2028-12-08,2029-01-05,2.2555555555555555,0.06594823314688858,0.06595653486935232,0.08301722463743832
2028-12-15,2029-01-12,2.275,0.06593950751973063,0.06595653486935232,0.17027349621695498
2028-12-22,2029-01-19,2.2944444444444443,0.0659315555499023,0.06595653486935232,0.2497931945003029
2028-12-29,2029-01-26,2.313888888888889,0.06592436443363697,0.06595653486935232,0.3217043571535072
2029-01-05,2029-02-02,2.3333333333333335,0.0659179215457081,0.06595653486934948,0.3861332364138437
2029-01-12,2029-02-09,2.352777777777778,0.06591221443690826,0.06595653486935232,0.44320432444067137
2029-01-19,2029-02-16,2.3722222222222222,0.06590723083162267,0.06595653486935232,0.4930403772965275
2029-01-26,2029-02-23,2.3916666666666666,0.06590295862540245,0.06595653486934948,0.5357624394702887
2029-02-02,2029-03-02,2.411111111111111,0.06589938588257516,0.06595653486935232,0.5714898677716684
2029-02-09,2029-03-09,2.4305555555555554,0.06589650083392089,0.06595653486935232,0.6003403543143604
2029-02-16,2029-03-16,2.45,0.06589429187431994,0.06595653486935232,0.6224299503237996
2029-02-23,2029-03-23,2.4694444444444446,0.06589274756051168,0.06595653486935232,0.6378730884064321
2029-03-02,2029-03-30,2.488888888888889,0.0658918566088164,0.06595653486935232,0.6467826053592474
2029-03-09,2029-04-06,2.5083333333333333,0.06589160789293137,0.06595653486935232,0.6492697642095091
2029-03-16,2029-04-13,2.5277777777777777,0.06589199044175542,0.06595653486935232,0.6454442759690204
2029-03-23,2029-04-20,2.547222222222222,0.06589299343721068,0.06595653486935232,0.6354143214164221
2029-03-30,2029-04-27,2.566666666666667,0.06589460621214142,0.06595653486935232,0.6192865721089957
2029-04-06,2029-05-04,2.5861111111111112,0.06589681824821574,0.06595653486934948,0.5971662113374299
2029-04-13,2029-05-11,2.6055555555555556,0.06589961917385288,0.06595653486934948,0.5691569549659548
2029-04-20,2029-05-18,2.625,0.06590299876221918,0.06595653486935232,0.535361071331425
2029-04-27,2029-05-25,2.6444444444444444,0.06590694692917826,0.06595653486934948,0.49587940171222367
2029-05-04,2029-06-01,2.6638888888888888,0.06591145373136113,0.06595653486935232,0.4508113799119029
2029-05-11,2029-06-08,2.683333333333333,0.06591650936419637,0.06595653486935232,0.4002550515595782
2029-05-18,2029-06-15,2.702777777777778,0.06592210415998588,0.06595653486935232,0.34430709366442547
2029-05-25,2029-06-22,2.7222222222222223,0.06592822858603503,0.06595653486935232,0.28306283317292014
2029-06-01,2029-06-29,2.7416666666666667,0.06593487324275987,0.06595653486935232,0.21661626592450745
2029-06-08,2029-07-06,2.761111111111111,0.06594202886187711,0.06595653486935232,0.14506007475212357
2029-06-15,2029-07-13,2.7805555555555554,0.06594968630457133,0.06595653486935232,0.06848564780989608
2029-06-22,2029-07-20,2.8,0.06595783655971069,0.06595653486935232,-0.013016903583629169
2029-06-29,2029-07-27,2.8194444444444446,0.06596647074209688,0.06595653486935232,-0.0993587274455976
2029-07-06,2029-08-03,2.838888888888889,0.06597558009072088,0.06595653486935232,-0.19045221368557685
2029-07-13,2029-08-10,2.8583333333333334,0.06598515596705846,0.06595653486934948,-0.28621097708986243
2029-07-20,2029-08-17,2.8777777777777778,0.06599518985337172,0.06595653486935232,-0.38654984019392824
2029-07-27,2029-08-24,2.897222222222222,0.06600567335105881,0.06595653486935232,-0.4913848170648438
2029-08-03,2029-08-31,2.9166666666666665,0.06601659817900396,0.06595653486935232,-0.6006330965163675
2029-08-10,2029-09-07,2.936111111111111,0.06602795617197296,0.06595653486935232,-0.7142130262063895
2029-08-17,2029-09-14,2.9555555555555557,0.06603973927901446,0.06595653486935232,-0.8320440966214093
2029-08-24,2029-09-21,2.975,0.0660519395618813,0.06597771956641177,-0.7421999546952662
2029-08-31,2029-09-28,2.9944444444444445,0.06606454919350016,0.06612601341821289,0.6146422471273172
2029-09-07,2029-10-05,3.013888888888889,0.0660775604564301,0.06627430897169566,1.9674851526556292
2029-09-14,2029-10-12,3.033333333333333,0.06609096574136647,0.06642260622688578,3.3164048551931335
2029-09-21,2029-10-19,3.0527777777777776,0.06610475754565368,0.06654971951433591,4.449619686822393
2029-09-28,2029-10-26,3.0722222222222224,0.06611892847182618,0.06654971951433307,4.307910425068867
2029-10-05,2029-11-02,3.091666666666667,0.06613347122616409,0.06654971951433591,4.162482881718277
2029-10-12,2029-11-09,3.111111111111111,0.0661483786172799,0.06654971951433591,4.013408970560128
2029-10-19,2029-11-16,3.1305555555555555,0.06616364355469972,0.06654971951433591,3.8607595963618957
2029-10-26,2029-11-23,3.15,0.06617925904750425,0.06654971951433591,3.7046046683165965
2029-11-02,2029-11-30,3.1694444444444443,0.06619521820295571,0.06654971951433591,3.5450131138020646
2029-11-09,2029-12-07,3.188888888888889,0.06621151422514737,0.06654971951433591,3.382052891885423
2029-11-16,2029-12-14,3.2083333333333335,0.06622814041370471,0.06654971951433591,3.215791006312002
2029-11-23,2029-12-21,3.227777777777778,0.06624509016245497,0.06654971951433307,3.046293518780968
2029-11-30,2029-12-28,3.2472222222222222,0.06626235695815394,0.06654971951433591,2.873625561819748
2029-12-07,2030-01-04,3.2666666666666666,0.06627993437922118,0.06654971951433591,2.6978513511473343
2029-12-14,2030-01-11,3.286111111111111,0.06629781609447827,0.06654971951433307,2.519034198548015
2029-12-21,2030-01-18,3.3055555555555554,0.066315995861924,0.06654971951433591,2.337236524119213
2029-12-28,2030-01-25,3.325,0.06633446752752109,0.06654971951433591,2.1525198681482394
2030-01-04,2030-02-01,3.3444444444444446,0.06635322502399715,0.06654971951433591,1.964944903387611
2030-01-11,2030-02-08,3.363888888888889,0.06637226236965134,0.06654971951433591,1.7745714468457574
2030-01-18,2030-02-15,3.3833333333333333,0.06639157366720669,0.06654971951433591,1.581458471292263
2030-01-25,2030-02-22,3.4027777777777777,0.06641115310265677,0.06654971951433591,1.3856641167914185
2030-02-01,2030-03-01,3.422222222222222,0.06643099494412663,0.06654971951433591,1.1872457020928318
2030-02-08,2030-03-08,3.441666666666667,0.06645109354077075,0.06654971951433591,0.98625973565164
2030-02-15,2030-03-15,3.4611111111111112,0.06647144332165686,0.06654971951433591,0.7827619267905539
2030-02-22,2030-03-22,3.4805555555555556,0.06649203879468958,0.06654971951433591,0.5768071964633303
2030-03-01,2030-03-29,3.5,0.0665128745455428,0.06654971951433591,0.3684496879310939
2030-03-08,2030-04-05,3.5194444444444444,0.06653394523660047,0.06654971951433591,0.15774277735441933
2030-03-15,2030-04-12,3.5388888888888888,0.06655524560591454,0.06654971951433591,-0.055260915786253806
2030-03-22,2030-04-19,3.558333333333333,0.06657677046619158,0.06654971951433307,-0.27050951858509364
2030-03-29,2030-04-26,3.577777777777778,0.06659851470376209,0.06654971951433591,-0.48795189426173446
2030-04-05,2030-05-03,3.5972222222222223,0.06662047327760418,0.06654971951433307,-0.7075376327110583
2030-04-12,2030-05-10,3.6166666666666667,0.06664264121834723,0.06654971951433307,-0.9292170401416222
2030-04-19,2030-05-17,3.636111111111111,0.0666650136273098,0.06654971951433591,-1.1529411297388215
2030-04-26,2030-05-24,3.6555555555555554,0.06668758567554317,0.06654971951433591,-1.3786616120725625
2030-05-03,2030-05-31,3.675,0.0667103526028837,0.06654971951433591,-1.6063308854778746
2030-05-10,2030-06-07,3.6944444444444446,0.06673330971703052,0.06654971951433591,-1.8359020269460846
2030-05-17,2030-06-14,3.713888888888889,0.06675645239262355,0.06654971951433591,-2.067328782876382
2030-05-24,2030-06-21,3.7333333333333334,0.06677977607035272,0.06654971951433591,-2.3005655601680832
2030-05-31,2030-06-28,3.7527777777777778,0.06680327625604443,0.06654971951433591,-2.5355674170851605
2030-06-07,2030-07-05,3.772222222222222,0.06682694851981077,0.06654971951433591,-2.772290054748605
2030-06-14,2030-07-12,3.7916666666666665,0.0668507884951646,0.06654971951433591,-3.010689808286837
2030-06-21,2030-07-19,3.811111111111111,0.06687479187816298,0.06654971951433591,-3.250723638270614
2030-06-28,2030-07-26,3.8305555555555557,0.06689895442659363,0.06654971951433307,-3.492349122605626
2030-07-05,2030-08-02,3.85,0.06692327195910412,0.06654971951433307,-3.7355244477105254
2030-07-12,2030-08-09,3.8694444444444445,0.06694774035441402,0.06654971951433591,-3.9802084007810326
2030-07-19,2030-08-16,3.888888888888889,0.06697235555049831,0.06654971951433591,-4.226360361623965
2030-07-26,2030-08-23,3.908333333333333,0.06699711354378524,0.06654971951433591,-4.473940294493217
2030-08-02,2030-08-30,3.9277777777777776,0.06702201038837975,0.06654971951433591,-4.722908740438375
2030-08-09,2030-09-06,3.9472222222222224,0.06704704219527846,0.06654971951433591,-4.973226809425468
2030-08-16,2030-09-13,3.966666666666667,0.06707220513162161,0.06654971951433591,-5.2248561728569785
2030-08-23,2030-09-20,3.986111111111111,0.06709749541993373,0.06654971951433591,-5.4777590559781935
2030-08-30,2030-09-27,4.0055555555555555,0.06712290933737279,0.06687261179532301,-2.502975420497766
2030-09-06,2030-10-04,4.025,0.06714844321501078,0.06719551214361978,0.47068928609006466
2030-09-13,2030-10-11,4.044444444444444,0.06717409343710282,0.06751842055942893,3.4432712232611298
2030-09-20,2030-10-18,4.063888888888889,0.0671998564403764,0.06784133704295028,6.414806025738795
2030-09-27,2030-10-25,4.083333333333333,0.06722572871333471,0.06784133704295028,6.156083296155746
2030-10-04,2030-11-01,4.102777777777778,0.06725170679556294,0.06784133704295028,5.896302473873405
2030-10-11,2030-11-08,4.122222222222222,0.06727778727704312,0.06784133704295314,5.635497659100263
2030-10-18,2030-11-15,4.141666666666667,0.06730396679747175,0.06784133704294742,5.373702454756768
2030-10-25,2030-11-22,4.161111111111111,0.06733024204562042,0.06784133704295028,5.110949973298612
2030-11-01,2030-11-29,4.180555555555555,0.06735660975865056,0.06784133704295028,4.847272842997269
2030-11-08,2030-12-06,4.2,0.06738306672148539,0.06784133704294742,4.582703214620343
2030-11-15,2030-12-13,4.219444444444444,0.06740960976618471,0.06784133704295028,4.317272767655755
2030-11-22,2030-12-20,4.238888888888889,0.06743623577127687,0.06784133704295028,4.0510127167341095
2030-11-29,2030-12-27,4.258333333333334,0.06746294166118494,0.06784133704295028,3.7839538176534515
2030-12-06,2031-01-03,4.277777777777778,0.0674897244055872,0.06784133704295028,3.5161263736308013
2030-12-13,2031-01-10,4.2972222222222225,0.06751658101881766,0.06784133704295028,3.2475602413262195
2030-12-20,2031-01-17,4.316666666666666,0.06754350855928079,0.06784133704295028,2.9782848366949333
2030-12-27,2031-01-24,4.336111111111111,0.06757050412886338,0.06784133704295028,2.7083291408690204
2031-01-03,2031-01-31,4.355555555555555,0.06759756487234084,0.06784133704295028,2.4377217060944645
2031-01-10,2031-02-07,4.375,0.06762468797683178,0.06784133704294742,2.1664906611564003
2031-01-17,2031-02-14,4.394444444444445,0.06765187067122433,0.06784133704294742,1.89466371723096
2031-01-24,2031-02-21,4.413888888888889,0.06767911022560215,0.06784133704295028,1.6222681734813504
2031-01-31,2031-02-28,4.433333333333334,0.067706403950745,0.06784133704295028,1.3493309220528882
2031-02-07,2031-03-07,4.4527777777777775,0.06773374919752621,0.06784133704295028,1.075878454240703
2031-02-14,2031-03-14,4.472222222222222,0.06776114335644179,0.06784133704295028,0.8019368650849512
2031-02-21,2031-03-21,4.491666666666666,0.06778858385703927,0.06784133704295028,0.5275318591101141
2031-02-28,2031-03-28,4.511111111111111,0.06781606816741542,0.06784133704295028,0.2526887553486179
2031-03-07,2031-04-04,4.530555555555556,0.06784359379373367,0.06784133704295028,-0.022567507833859413
2031-03-14,2031-04-11,4.55,0.06787115827965888,0.06784133704295028,-0.2982123670859649
2031-03-21,2031-04-18,4.569444444444445,0.0678987592059234,0.06784133704295028,-0.5742216297312253
2031-03-28,2031-04-25,4.588888888888889,0.06792639418979324,0.06784133704295028,-0.8505714684295396
2031-04-04,2031-05-02,4.608333333333333,0.06795406088460837,0.06784133704295028,-1.1272384165808558
2031-04-11,2031-05-09,4.627777777777778,0.06798175697929176,0.06784133704295028,-1.4041993634147931
2031-04-18,2031-05-16,4.647222222222222,0.06800948019788683,0.06784133704295028,-1.681431549365453
2031-04-25,2031-05-23,4.666666666666667,0.06803722829909788,0.06784133704294742,-1.9589125615045166
2031-05-02,2031-05-30,4.686111111111111,0.06806499907581896,0.06784133704295028,-2.2366203286867945
2031-05-09,2031-06-06,4.705555555555556,0.06809279035468574,0.06784133704295028,-2.514533117354556
2031-05-16,2031-06-13,4.725,0.06812059999565007,0.06784133704295028,-2.792629526997825
2031-05-23,2031-06-20,4.7444444444444445,0.06814842589150327,0.06784133704295028,-3.070888485529888
2031-05-30,2031-06-27,4.763888888888889,0.06817626596747355,0.06784133704295028,-3.349289245232617
2031-06-06,2031-07-04,4.783333333333333,0.06820411818078924,0.06784133704294742,-3.627811378418139
2031-06-13,2031-07-11,4.802777777777778,0.06823198052025342,0.06784133704295028,-3.9064347730313753
2031-06-20,2031-07-18,4.822222222222222,0.06825985100582997,0.06784133704295028,-4.18513962879688
2031-06-27,2031-07-25,4.841666666666667,0.06828772768822956,0.06784133704295028,-4.463906452792793
2031-07-04,2031-08-01,4.861111111111111,0.06831560864851863,0.06784133704295028,-4.742716055683438
2031-07-11,2031-08-08,4.8805555555555555,0.0683434919977025,0.06784133704295028,-5.021549547522125
2031-07-18,2031-08-15,4.9,0.06837137587633713,0.06784133704295028,-5.300388333868423
2031-07-25,2031-08-22,4.919444444444444,0.06839925845414088,0.06784133704294742,-5.579214111934572
2031-08-01,2031-08-29,4.938888888888889,0.06842713792962053,0.06784133704295028,-5.858008866702486
2031-08-08,2031-09-05,4.958333333333333,0.0684550125296744,0.06784133704295028,-6.136754867241134
2031-08-15,2031-09-12,4.977777777777778,0.06848288050922983,0.06784133704294742,-6.415434662824099
2031-08-22,2031-09-19,4.997222222222222,0.06851074015087491,0.06784133704295314,-6.694031079217677
2031-08-29,2031-09-26,5.016666666666667,0.06853858976449015,0.0681381197553188,-4.004700091713442
2031-09-05,2031-10-03,5.036111111111111,0.0685664276869031,0.06865750589994882,0.910782130457144
2031-09-12,2031-10-10,5.055555555555555,0.06859425228151432,0.069176912915461,5.8266063394668555
2031-09-19,2031-10-17,5.075,0.06862206193796055,0.0696963408026804,10.742788647198493
2031-09-26,2031-10-24,5.094444444444444,0.06864985507176925,0.06991895914385886,12.691040720896051
2031-10-03,2031-10-31,5.113888888888889,0.06867763012402454,0.06991895914385886,12.413290198343141
2031-10-10,2031-11-07,5.133333333333334,0.06870538556100758,0.06991895914385601,12.135735828484318
2031-10-17,2031-11-14,5.152777777777778,0.06873311987391384,0.06991895914385886,11.858392699450187
2031-10-24,2031-11-21,5.1722222222222225,0.06876083157846491,0.06991895914386172,11.581275653968076
2031-10-31,2031-11-28,5.191666666666666,0.06878851921464296,0.06991895914385886,11.304399292158957
2031-11-07,2031-12-05,5.211111111111111,0.06881618134632822,0.06991895914385886,11.02777797530638
2031-11-14,2031-12-12,5.230555555555555,0.068843816561022,0.06991895914385886,10.751425828368632
2031-11-21,2031-12-19,5.25,0.06887142346951267,0.06991895914385886,10.475356743461923
2031-11-28,2031-12-26,5.269444444444445,0.0688990007055788,0.06991895914386172,10.199584382829114
2031-12-05,2032-01-02,5.288888888888889,0.06892654692569801,0.06991895914385601,9.924122181580037
2031-12-12,2032-01-09,5.308333333333334,0.06895406080872421,0.06991895914385886,9.64898335134648
2031-12-19,2032-01-16,5.3277777777777775,0.06898154105562224,0.06991895914385886,9.374180882366218
2031-12-26,2032-01-23,5.347222222222222,0.06900898638915948,0.06991895914385886,9.099727546993813
2032-01-02,2032-01-30,5.366666666666666,0.06903639555363471,0.06991895914386172,8.82563590227009
2032-01-09,2032-02-06,5.386111111111111,0.06906376731458108,0.06991895914385886,8.551918292777765
2032-01-16,2032-02-13,5.405555555555556,0.06909110045850074,0.06991895914385886,8.278586853581182
2032-01-23,2032-02-20,5.425,0.06911839379258497,0.06991895914385886,8.005653512738881
2032-01-30,2032-02-27,5.444444444444445,0.069145646144443,0.06991895914385886,7.7331299941585385
2032-02-06,2032-03-05,5.463888888888889,0.06917285636183942,0.06991895914385886,7.461027820194338
2032-02-13,2032-03-12,5.483333333333333,0.06920002331242284,0.06991895914385886,7.189358314360211
2032-02-20,2032-03-19,5.502777777777778,0.06922714588347478,0.06991895914385886,6.918132603840749
2032-02-27,2032-03-26,5.522222222222222,0.06925422298163841,0.06991895914385886,6.647361622204445
2032-03-05,2032-04-02,5.541666666666667,0.06928125353269016,0.06991895914385886,6.377056111687013
2032-03-12,2032-04-09,5.561111111111111,0.06930823648126566,0.06991895914385886,6.1072266259319665
2032-03-19,2032-04-16,5.580555555555556,0.06933517079062566,0.06991895914385886,5.8378835323319445
2032-03-26,2032-04-23,5.6,0.0693620554424019,0.06991895914385886,5.569037014569594
2032-04-02,2032-04-30,5.6194444444444445,0.06938888943636876,0.06991895914385886,5.300697074901023
2032-04-09,2032-05-07,5.638888888888889,0.06941567179020915,0.06991895914385886,5.032873536497117
2032-04-16,2032-05-14,5.658333333333333,0.06944240153924902,0.06991895914385886,4.765576046098369
2032-04-23,2032-05-21,5.677777777777778,0.06946907773627752,0.06991895914385886,4.498814075813429
2032-04-30,2032-05-28,5.697222222222222,0.06949569945127568,0.06991895914385886,4.232596925831805
2032-05-07,2032-06-04,5.716666666666667,0.0695222657711996,0.06991895914385886,3.9669337265925417
2032-05-14,2032-06-11,5.736111111111111,0.06954877579978908,0.06991895914385886,3.7018334406978273
2032-05-21,2032-06-18,5.7555555555555555,0.06957522865730212,0.06991895914385886,3.4373048655673974
2032-05-28,2032-06-25,5.775,0.0696016234803322,0.06991895914385601,3.173356635238073
2032-06-04,2032-07-02,5.794444444444444,0.06962795942158,0.06991895914385886,2.9099972227886184
2032-06-11,2032-07-09,5.813888888888889,0.06965423564965338,0.06991895914386172,2.647234942083354
2032-06-18,2032-07-16,5.833333333333333,0.06968045134884772,0.06991895914386172,2.38507795013998
2032-06-25,2032-07-23,5.852777777777778,0.0697066057189374,0.06991895914386172,2.123534249243164
2032-07-02,2032-07-30,5.872222222222222,0.06973269797499317,0.06991895914385886,1.8626116886569233
2032-07-09,2032-08-06,5.891666666666667,0.06975872734716512,0.06991895914385886,1.6023179669373555
2032-07-16,2032-08-13,5.911111111111111,0.06978469308049144,0.06991895914385886,1.3426606336741642
2032-07-23,2032-08-20,5.930555555555555,0.06981059443470145,0.06991895914385886,1.0836470915741303
2032-07-30,2032-08-27,5.95,0.06983643068401856,0.06991895914385886,0.825284598403031
2032-08-06,2032-09-03,5.969444444444444,0.06986220111698899,0.06991895914385886,0.5675802686987141
2032-08-13,2032-09-10,5.988888888888889,0.06988790503626488,0.06991895914385886,0.31054107593977975
2032-08-20,2032-09-17,6.008333333333334,0.06991354175844716,0.06991895914385886,0.054173854116962294
2032-08-27,2032-09-24,6.027777777777778,0.06993911061388866,0.06991895914385886,-0.20151470029802776
2032-09-03,2032-10-01,6.0472222222222225,0.0699646109465113,0.06991895914385886,-0.4565180265243829
2032-09-10,2032-10-08,6.066666666666666,0.06999004211363774,0.06991895914385886,-0.7108296977888229
2032-09-17,2032-10-15,6.086111111111111,0.07001540348581438,0.06991895914385886,-0.9644434195552054
2032-09-24,2032-10-22,6.105555555555555,0.07004069444662285,0.06991895914385886,-1.2173530276399225
2032-10-01,2032-10-29,6.125,0.07006591439253164,0.06991895914385886,-1.4695524867278098
2032-10-08,2032-11-05,6.144444444444445,0.07009106273271337,0.06991895914385601,-1.7210358885735855
2032-10-15,2032-11-12,6.163888888888889,0.07011613888887348,0.06991895914386172,-1.9717974501176627
2032-10-22,2032-11-19,6.183333333333334,0.07014114229510181,0.06991895914385886,-2.221831512429495
2032-10-29,2032-11-26,6.2027777777777775,0.07016607239769838,0.06991895914385886,-2.47113253839526
2032-11-05,2032-12-03,6.222222222222222,0.07019092865500223,0.06991895914385886,-2.7196951114337455
2032-11-12,2032-12-10,6.241666666666666,0.07021571053727424,0.06991895914385886,-2.967513934153815
2032-11-19,2032-12-17,6.261111111111111,0.07024041752648305,0.06991895914385886,-3.2145838262419293
2032-11-26,2032-12-24,6.280555555555556,0.07026504911619094,0.06991895914385886,-3.4608997233208374
2032-12-03,2032-12-31,6.3,0.07028960481139958,0.06991895914385886,-3.7064566754071993
2032-12-10,2033-01-07,6.319444444444445,0.07031408412836448,0.06991895914385886,-3.9512498450562648
2032-12-17,2033-01-14,6.338888888888889,0.07033848659450083,0.06991895914385886,-4.195274506419711
2032-12-24,2033-01-21,6.358333333333333,0.07036281174818645,0.06991895914385886,-4.438526043275965
2032-12-31,2033-01-28,6.377777777777778,0.07038705913865334,0.06991895914386172,-4.680999947916237
2033-01-07,2033-02-04,6.397222222222222,0.07041122832581641,0.06991895914385886,-4.922691819575498
2033-01-14,2033-02-11,6.416666666666667,0.07043531888015066,0.06991895914385886,-5.163597362917994
2033-01-21,2033-02-18,6.436111111111111,0.07045933038254848,0.06991895914386172,-5.4037123868676264
2033-01-28,2033-02-25,6.455555555555556,0.07048326242416834,0.06991895914385886,-5.643032803094861
2033-02-04,2033-03-04,6.475,0.0705071146063263,0.06991895914385886,-5.881554624674462
2033-02-11,2033-03-11,6.4944444444444445,0.07053088654033043,0.06991895914385886,-6.11927396471576
2033-02-18,2033-03-18,6.513888888888889,0.07055457784737801,0.06991895914385886,-6.3561870351915015
2033-02-25,2033-03-25,6.533333333333333,0.07057818815839287,0.06991895914385886,-6.592290145340102
2033-03-04,2033-04-01,6.552777777777778,0.07060171711392536,0.06991895914385886,-6.827579700665054
2033-03-11,2033-04-08,6.572222222222222,0.07062516436400403,0.06991895914385886,-7.0620522014516744
2033-03-18,2033-04-15,6.591666666666667,0.07064852956802417,0.06991895914385886,-7.295704241653128
2033-03-25,2033-04-22,6.611111111111111,0.07067181239461373,0.06991895914386172,-7.528532507520142
2033-04-01,2033-04-29,6.6305555555555555,0.07069501252151619,0.06991895914386172,-7.760533776544759
2033-04-08,2033-05-06,6.65,0.0707181296354707,0.06991895914385886,-7.991704916118364
2033-04-15,2033-05-13,6.669444444444444,0.07074116343206935,0.06991895914385886,-8.222042882104901
2033-04-22,2033-05-20,6.688888888888889,0.07076411361568573,0.06991895914385886,-8.4515447182687
2033-04-29,2033-05-27,6.708333333333333,0.07078697989930374,0.06991895914385886,-8.680207554448844
2033-05-06,2033-06-03,6.727777777777778,0.07080976200444328,0.06991895914385886,-8.908028605844192
2033-05-13,2033-06-10,6.747222222222222,0.07083245966103181,0.06991895914385886,-9.13500517172955
2033-05-20,2033-06-17,6.766666666666667,0.0708550726072816,0.06991895914385886,-9.361134634227469
2033-05-27,2033-06-24,6.786111111111111,0.07087760058960406,0.06991895914385886,-9.586414457452008
2033-06-03,2033-07-01,6.805555555555555,0.0709000433624699,0.06991895914385886,-9.810842186110392
2033-06-10,2033-07-08,6.825,0.07092240068831483,0.06991895914385886,-10.034415444559741
2033-06-17,2033-07-15,6.844444444444444,0.07094467233744833,0.06991895914385886,-10.257131935894753
2033-06-24,2033-07-22,6.863888888888889,0.07096685808792223,0.06991895914385886,-10.478989440633747
2033-07-01,2033-07-29,6.883333333333334,0.07098895772543079,0.06991895914386172,-10.699985815690733
2033-07-08,2033-08-05,6.902777777777778,0.07101097104322797,0.06991895914385886,-10.920118993691108
2033-07-15,2033-08-12,6.9222222222222225,0.07103289784199321,0.06991895914385886,-11.139386981343508
2033-07-22,2033-08-19,6.941666666666666,0.07105473792976863,0.06991895914385886,-11.357787859097717
2033-07-29,2033-08-26,6.961111111111111,0.07107649112182202,0.06991895914385886,-11.575319779631583
2033-08-05,2033-09-02,6.980555555555555,0.07109815724057825,0.06991895914386172,-11.7919809671653
2033-08-12,2033-09-09,7.0,0.07111973611550518,0.06991895914385886,-12.007769716463196
2033-08-19,2033-09-16,7.019444444444445,0.07114122758302509,0.06991895914385886,-12.222684391662298
2033-08-26,2033-09-23,7.038888888888889,0.07116263148642618,0.07010056875180526,-10.620627346209222
2033-09-02,2033-09-30,7.058333333333334,0.07118394767573699,0.07073622247209675,-4.477252036402396
2033-09-09,2033-10-07,7.0777777777777775,0.07120517600769213,0.07137190744852592,1.6673144083378943
2033-09-16,2033-10-14,7.097222222222222,0.07122631634557809,0.07200762368262012,7.813073370420281
2033-09-23,2033-10-21,7.116666666666666,0.07124736855919332,0.07246172584517842,12.14357285985096
2033-09-30,2033-10-28,7.136111111111111,0.07126833252473112,0.07246172584517556,11.933933204444358
2033-10-07,2033-11-04,7.155555555555556,0.07128920812469978,0.07246172584517556,11.725177204757742
2033-10-14,2033-11-11,7.175,0.07130999524783688,0.07246172584517556,11.51730597338682
2033-10-21,2033-11-18,7.194444444444445,0.07133069378902361,0.07246172584517556,11.310320561519482
2033-10-28,2033-11-25,7.213888888888889,0.0713513036492021,0.07246172584517556,11.104221959734595
2033-11-04,2033-12-02,7.233333333333333,0.07137182473527824,0.07246172584517556,10.899011098973176
2033-11-11,2033-12-09,7.252777777777778,0.07139225696006177,0.07246172584517556,10.694688851137919
2033-11-18,2033-12-16,7.272222222222222,0.07141260024216635,0.07246172584517556,10.4912560300921
2033-11-25,2033-12-23,7.291666666666667,0.07143285450594394,0.07246172584517556,10.288713392316156
2033-12-02,2033-12-30,7.311111111111111,0.07145301968139053,0.07246172584517556,10.087061637850253
2033-12-09,2034-01-06,7.330555555555556,0.07147309570407195,0.07246172584517271,9.886301411007603
2033-12-16,2034-01-13,7.35,0.0714930825150582,0.07246172584517556,9.686433301173553
2033-12-23,2034-01-20,7.3694444444444445,0.07151298006082353,0.07246172584517556,9.487457843520286
2033-12-30,2034-01-27,7.388888888888889,0.07153278829319788,0.07246172584517556,9.289375519776765
2034-01-06,2034-02-03,7.408333333333333,0.07155250716927844,0.07246172584517556,9.092186758971193
2034-01-13,2034-02-10,7.427777777777778,0.07157213665133254,0.07246172584517556,8.89589193843021
2034-01-20,2034-02-17,7.447222222222222,0.07159167670678622,0.07246172584517556,8.700491383893393
2034-01-27,2034-02-24,7.466666666666667,0.07161112730807867,0.07246172584517271,8.505985370940438
2034-02-03,2034-03-03,7.486111111111111,0.0716304884326451,0.07246172584517556,8.312374125304528
2034-02-10,2034-03-10,7.5055555555555555,0.07164976006283107,0.07246172584517271,8.119657823416476
2034-02-17,2034-03-17,7.525,0.07166894218580394,0.07246172584517556,7.927836593716181
2034-02-24,2034-03-24,7.544444444444444,0.07168803479350735,0.07246172584517556,7.736910516682044
2034-03-03,2034-03-31,7.563888888888889,0.07170703788259251,0.07246172584517556,7.546879625830449
2034-03-10,2034-04-07,7.583333333333333,0.07172595145433558,0.07246172584517556,7.3577439083998
2034-03-17,2034-04-14,7.602777777777778,0.07174477551457757,0.07246172584517556,7.169503305979874
2034-03-24,2034-04-21,7.622222222222222,0.07176351007367307,0.07246172584517556,6.982157715024889
2034-03-31,2034-04-28,7.641666666666667,0.07178215514640453,0.07246172584517271,6.795706987681865
2034-04-07,2034-05-05,7.661111111111111,0.07180071075193092,0.07246172584517556,6.610150932446351
2034-04-14,2034-05-12,7.680555555555555,0.07181917691372774,0.07246172584517556,6.425489314478145
2034-04-21,2034-05-19,7.7,0.07183755365950997,0.07246172584517842,6.2417218566844515
2034-04-28,2034-05-26,7.719444444444444,0.07185584102117781,0.07246172584517556,6.05884823997746
2034-05-05,2034-06-02,7.738888888888889,0.07187403903477099,0.07246172584517556,5.876868104045668
2034-05-12,2034-06-09,7.758333333333334,0.07189214774037746,0.07246172584517556,5.6957810479810185
2034-05-19,2034-06-16,7.777777777777778,0.07191016718210763,0.07246172584517271,5.5155866306508265
2034-05-26,2034-06-23,7.7972222222222225,0.07192809740801165,0.07246172584517271,5.336284371610656
2034-06-02,2034-06-30,7.816666666666666,0.07194593847002796,0.07246172584517556,5.157873751475972
2034-06-09,2034-07-07,7.836111111111111,0.07196369042392911,0.07246172584517271,4.980354212436033
2034-06-16,2034-07-14,7.855555555555555,0.07198135332926459,0.07246172584517556,4.803725159109734
2034-06-23,2034-07-21,7.875,0.07199892724930379,0.07246172584517556,4.62798595871769
2034-06-30,2034-07-28,7.894444444444445,0.07201641225098175,0.07246172584517556,4.45313594193808
2034-07-07,2034-08-04,7.913888888888889,0.07203380840483918,0.07246172584517556,4.2791744033637835
2034-07-14,2034-08-11,7.933333333333334,0.07205111578497966,0.07246172584517271,4.106100601930507
2034-07-21,2034-08-18,7.9527777777777775,0.0720683344690154,0.07246172584517556,3.933913761601654
2034-07-28,2034-08-25,7.972222222222222,0.07208546453798441,0.07246172584517556,3.7626130719115025
2034-08-04,2034-09-01,7.991666666666666,0.07210250607635059,0.07246172584517556,3.5921976882496987
2034-08-11,2034-09-08,8.011111111111111,0.07211945917190654,0.07246172584517556,3.4226667326901774
2034-08-18,2034-09-15,8.030555555555555,0.07213632391575084,0.07246172584517556,3.2540192942472066
2034-08-25,2034-09-22,8.05,0.07215310040222514,0.07246172584517556,3.0862544295041925
2034-09-01,2034-09-29,8.069444444444445,0.07216978872887145,0.07246172584517556,2.919371163041112
2034-09-08,2034-10-06,8.088888888888889,0.0721863889963692,0.07246172584517556,2.753368488063596
2034-09-15,2034-10-13,8.108333333333333,0.07220290130850968,0.07246172584517556,2.588245366658831
2034-09-22,2034-10-20,8.127777777777778,0.07221932577213025,0.07246172584517556,2.4240007304530966
2034-09-29,2034-10-27,8.147222222222222,0.07223566249706025,0.07246172584517271,2.26063348112468
2034-10-06,2034-11-03,8.166666666666666,0.0722519115961151,0.07246172584517271,2.098142490576105
2034-10-13,2034-11-10,8.186111111111112,0.072268073184988,0.07246172584517556,1.9365266018755989
2034-10-20,2034-11-17,8.205555555555556,0.07228414738226123,0.07246172584517271,1.775784629114846
2034-10-27,2034-11-24,8.225,0.07230013430933768,0.07246172584517556,1.6159153583787667
2034-11-03,2034-12-01,8.244444444444444,0.07231603409037803,0.07246172584517842,1.456917548003922
2034-11-10,2034-12-08,8.26388888888889,0.07233184685229219,0.07246172584517271,1.2987899288052773
2034-11-17,2034-12-15,8.283333333333333,0.07234757272466506,0.07246172584517556,1.141531205104962
2034-11-24,2034-12-22,8.302777777777777,0.07236321183974802,0.07246172584517842,0.9851400543040012
2034-12-01,2034-12-29,8.322222222222223,0.07237876433236748,0.07246172584517271,0.8296151280523523
2034-12-08,2035-01-05,8.341666666666667,0.07239423033993925,0.07246172584517556,0.6749550523631187
2034-12-15,2035-01-12,8.36111111111111,0.07240961000238855,0.07246172584517556,0.521158427870122
2034-12-22,2035-01-19,8.380555555555556,0.07242490346210717,0.07246172584517556,0.36822383068388365
2034-12-29,2035-01-26,8.4,0.07244011086394783,0.07246172584517842,0.21614981230586028
2035-01-05,2035-02-02,8.419444444444444,0.07245523235513845,0.07246172584517556,0.06493490037104421
2035-01-12,2035-02-09,8.438888888888888,0.07247026808528798,0.07246172584517556,-0.08542240112416333
2035-01-19,2035-02-16,8.458333333333334,0.07248521820630341,0.07246172584517556,-0.23492361127849803
2035-01-26,2035-02-23,8.477777777777778,0.07250008287239856,0.07246172584517271,-0.38357027225849327
2035-02-02,2035-03-02,8.497222222222222,0.07251486224001402,0.07246172584517271,-0.5313639484130772
2035-02-09,2035-03-09,8.516666666666667,0.07252955646779714,0.07246172584517556,-0.6783062262158412
2035-02-16,2035-03-16,8.536111111111111,0.07254416571656216,0.07246172584517556,-0.8243987138660536
2035-02-23,2035-03-23,8.555555555555555,0.07255869014926729,0.07246172584517556,-0.9696430409172896
2035-03-02,2035-03-30,8.575,0.07257312993095479,0.07246172584517842,-1.1140408577636762
2035-03-09,2035-04-06,8.594444444444445,0.07258748522872528,0.07246172584517842,-1.25759383546864
2035-03-16,2035-04-13,8.613888888888889,0.07260175621172348,0.07246172584517271,-1.4003036655076129
2035-03-23,2035-04-20,8.633333333333333,0.07261594305105248,0.07246172584517556,-1.5421720587692478
2035-03-30,2035-04-27,8.652777777777779,0.07263004591978817,0.07246172584517556,-1.6832007461260734
2035-04-06,2035-05-04,8.672222222222222,0.07264406499292766,0.07246172584517271,-1.8233914775495075
2035-04-13,2035-05-11,8.691666666666666,0.0726580004473438,0.07246172584517842,-1.9627460216538328
2035-04-20,2035-05-18,8.71111111111111,0.07267185246177071,0.07246172584517556,-2.1012661659515484
2035-04-27,2035-05-25,8.730555555555556,0.07268562121676402,0.07246172584517271,-2.238953715913011
2035-05-04,2035-06-01,8.75,0.07269930689466067,0.07246172584517556,-2.3758104948511107
2035-05-11,2035-06-08,8.769444444444444,0.07271290967955345,0.07246172584517271,-2.511838343807332
2035-05-18,2035-06-15,8.78888888888889,0.0727264297572594,0.07246172584517842,-2.6470391208098523
2035-05-25,2035-06-22,8.808333333333334,0.07273986731529426,0.07246172584517556,-2.781414701187035
2035-06-01,2035-06-29,8.827777777777778,0.07275322254280958,0.07246172584517556,-2.9149669763402217
2035-06-08,2035-07-06,8.847222222222221,0.07276649563061843,0.07246172584517556,-3.047697854428738
2035-06-15,2035-07-13,8.866666666666667,0.07277968677111835,0.07246172584517556,-3.1796092594278678
2035-06-22,2035-07-20,8.886111111111111,0.07279279615826274,0.07246172584517556,-3.3107031308718393
2035-06-29,2035-07-27,8.905555555555555,0.07280582398757808,0.07246172584517556,-3.4409814240252135
2035-07-06,2035-08-03,8.925,0.07281877045606677,0.07246172584517556,-3.570446108912134
2035-07-13,2035-08-10,8.944444444444445,0.07283163576222718,0.07246172584517556,-3.6990991705161678
2035-07-20,2035-08-17,8.963888888888889,0.07284442010601648,0.07246172584517842,-3.8269426083806235
2035-07-27,2035-08-24,8.983333333333333,0.07285712368880219,0.07246172584517556,-3.9539784362663255
2035-08-03,2035-08-31,9.002777777777778,0.0728697467133621,0.07246172584517556,-4.080208681865455
2035-08-10,2035-09-07,9.022222222222222,0.07288228938383005,0.07246172584517556,-4.205635386544948
2035-08-17,2035-09-14,9.041666666666666,0.07289475190568741,0.07246172584517556,-4.330260605118486
2035-08-24,2035-09-21,9.061111111111112,0.07290713448574015,0.07246172584517556,-4.454086405645957
2035-08-31,2035-09-28,9.080555555555556,0.072919437332059,0.07246172584517271,-4.577114868862808
2035-09-07,2035-10-05,9.1,0.07293166065399076,0.07246172584517271,-4.6993480881804555
2035-09-14,2035-10-12,9.119444444444444,0.07294380466212415,0.07246172584517556,-4.8207881694858905
2035-09-21,2035-10-19,9.13888888888889,0.07295586956823545,0.07246172584517556,-4.941437230598922
2035-09-28,2035-10-26,9.158333333333333,0.07296785558530289,0.07246172584517556,-5.0612974012732845
2035-10-05,2035-11-02,9.177777777777777,0.07297976292746945,0.07246172584517556,-5.180370822938929
2035-10-12,2035-11-09,9.197222222222223,0.07299159180998865,0.07246172584517556,-5.298659648130949
2035-10-19,2035-11-16,9.216666666666667,0.07300334244924457,0.07246172584517271,-5.416166040718568
2035-10-26,2035-11-23,9.23611111111111,0.07301501506269467,0.07246172584517556,-5.532892175191123
2035-11-02,2035-11-30,9.255555555555556,0.073026609868867,0.07246172584517556,-5.648840236914393
2035-11-09,2035-12-07,9.275,0.07303812708732307,0.07246172584517271,-5.764012421503595
2035-11-16,2035-12-14,9.294444444444444,0.07304956693864074,0.07246172584517556,-5.878410934651857
2035-11-23,2035-12-21,9.313888888888888,0.07306092964438848,0.07246172584517271,-5.9920379921576945
2035-11-30,2035-12-28,9.333333333333334,0.073072215427094,0.07246172584517271,-6.104895819212808
2035-12-07,2036-01-04,9.352777777777778,0.07308342451024423,0.07246172584517556,-6.216986650686707
2035-12-14,2036-01-11,9.372222222222222,0.07309455711825111,0.07246172584517271,-6.328312730783936
2035-12-21,2036-01-18,9.391666666666667,0.07310561347641725,0.07246172584517842,-6.438876312388348
2035-12-28,2036-01-25,9.411111111111111,0.07311659381093318,0.07246172584517556,-6.548679657576162
2036-01-04,2036-02-01,9.430555555555555,0.07312749834884295,0.07246172584517271,-6.657725036702394
2036-01-11,2036-02-08,9.45,0.07313832731803288,0.07246172584517842,-6.766014728544628
2036-01-18,2036-02-15,9.469444444444445,0.07314908094719717,0.07246172584517556,-6.87355102021614
2036-01-25,2036-02-22,9.488888888888889,0.07315975946584365,0.07246172584517556,-6.980336206680871
2036-02-01,2036-02-29,9.508333333333333,0.07317036310423099,0.07246172584517271,-7.086372590582729
2036-02-08,2036-03-07,9.527777777777779,0.07318089209340009,0.07246172584517556,-7.191662482245315
2036-02-15,2036-03-14,9.547222222222222,0.0731913466650913,0.07246172584517556,-7.2962081991574665
2036-02-22,2036-03-21,9.566666666666666,0.07320172705179294,0.07246172584517556,-7.4000120661738
2036-02-29,2036-03-28,9.58611111111111,0.07321203348668132,0.07246172584517842,-7.503076415028981
2036-03-07,2036-04-04,9.605555555555556,0.07322226620358656,0.07246172584517556,-7.605403584109993
2036-03-14,2036-04-11,9.625,0.07323242543702962,0.07246172584517271,-7.706995918569104
2036-03-21,2036-04-18,9.644444444444444,0.073242511422151,0.07246172584517556,-7.8078557697544575
2036-03-28,2036-04-25,9.66388888888889,0.07325252439470781,0.07246172584517556,-7.9079854953224835
2036-04-04,2036-05-02,9.683333333333334,0.07326246459107383,0.07246172584517556,-8.00738745898269
2036-04-11,2036-05-09,9.702777777777778,0.07327233224819382,0.07246172584517556,-8.10606403018263
2036-04-18,2036-05-16,9.722222222222221,0.07328212760357491,0.07246172584517556,-8.204017583993556
2036-04-25,2036-05-23,9.741666666666667,0.07329185089528956,0.07246172584517271,-8.301250501168422
2036-05-02,2036-05-30,9.761111111111111,0.07330150236192116,0.07246172584517271,-8.3977651674845
2036-05-09,2036-06-06,9.780555555555555,0.07331108224257848,0.07246172584517842,-8.493563974000667
2036-05-16,2036-06-13,9.8,0.07332059077685843,0.07246172584517556,-8.588649316828706
2036-05-23,2036-06-20,9.819444444444445,0.07333002820484895,0.07246172584517556,-8.683023596733896
2036-05-30,2036-06-27,9.838888888888889,0.07333939476708334,0.07246172584517271,-8.776689219106293
2036-06-06,2036-07-04,9.858333333333333,0.07334869070455456,0.07246172584517556,-8.869648593790025
2036-06-13,2036-07-11,9.877777777777778,0.07335791625867806,0.07246172584517271,-8.96190413505346
2036-06-20,2036-07-18,9.897222222222222,0.07336707167128324,0.07246172584517271,-9.053458261105291
2036-06-27,2036-07-25,9.916666666666666,0.07337615718460493,0.07246172584517556,-9.144313394293668
2036-07-04,2036-08-01,9.936111111111112,0.07338517304124904,0.07246172584517556,-9.234471960734847
2036-07-11,2036-08-08,9.955555555555556,0.07339411948419837,0.07246172584517556,-9.323936390228106
2036-07-18,2036-08-15,9.975,0.07340299675678397,0.07246172584517842,-9.41270911605549
2036-07-25,2036-08-22,9.994444444444444,0.07341180510266236,0.07246172584517556,-9.500792574868022
2036-08-01,2036-08-29,10.01388888888889,0.07342054476582126,0.07246172584517556,-9.588189206456988
2036-08-08,2036-09-05,10.033333333333333,0.07342921599056235,0.07246172584517556,-9.674901453867873
2036-08-15,2036-09-12,10.052777777777777,0.0734378190214643,0.07246172584517556,-9.760931762887449
2036-08-22,2036-09-19,10.072222222222223,0.07344635410339695,0.07246172584517556,-9.8462825822139
2036-08-29,2036-09-26,10.091666666666667,0.0734548214814842,0.07267486508028252,-7.799564012016813
2036-09-05,2036-10-03,10.11111111111111,0.07346322140109551,0.07304786719614542,-4.153542049500913
2036-09-12,2036-10-10,10.130555555555556,0.07347155410785439,0.07342088007245515,-0.5067403539923965
2036-09-19,2036-10-17,10.15,0.07347981984758706,0.07379390370951715,3.1408386193008955
2036-09-26,2036-10-24,10.169444444444444,0.07348801886633957,0.07395377427673028,4.657554103907058
2036-10-03,2036-10-31,10.188888888888888,0.07349615141035493,0.07395377427673314,4.5762286637821
2036-10-10,2036-11-07,10.208333333333334,0.0735042177260446,0.07395377427673028,4.495565506856813
2036-10-17,2036-11-14,10.227777777777778,0.07351221805999991,0.07395377427672743,4.415562167275206
2036-10-24,2036-11-21,10.247222222222222,0.0735201526589692,0.07395377427673028,4.336216177610735
2036-10-31,2036-11-28,10.266666666666667,0.07352802176983785,0.07395377427673028,4.2575250689243225
2036-11-07,2036-12-05,10.286111111111111,0.07353582563962822,0.07395377427673028,4.17948637102053
2036-11-14,2036-12-12,10.305555555555555,0.07354356451548551,0.07395377427673028,4.102097612447703
2036-11-21,2036-12-19,10.325,0.07355123864464622,0.07395377427673028,4.025356320840611
2036-11-28,2036-12-26,10.344444444444445,0.07355884827444964,0.07395377427672743,3.9492600227779286
2036-12-05,2037-01-02,10.363888888888889,0.07356639365232644,0.07395377427673028,3.8738062440384082
2036-12-12,2037-01-09,10.383333333333333,0.07357387502576433,0.07395377427672743,3.798992509631005
2036-12-19,2037-01-16,10.402777777777779,0.0735812926423196,0.07395377427673028,3.7248163441067073
2036-12-26,2037-01-23,10.422222222222222,0.07358864674958847,0.07395377427673028,3.6512752714180916
2037-01-02,2037-01-30,10.441666666666666,0.07359593759521285,0.07395377427673028,3.578366815174261
2037-01-09,2037-02-06,10.46111111111111,0.07360316542685462,0.07395377427673028,3.506088498756582
2037-01-16,2037-02-13,10.480555555555556,0.07361033049218424,0.07395377427672743,3.4344378454319315
2037-01-23,2037-02-20,10.5,0.07361743303889215,0.07395377427672743,3.363412378352831
2037-01-30,2037-02-27,10.519444444444444,0.07362447331464882,0.07395377427672743,3.293009620786158
2037-02-06,2037-03-06,10.53888888888889,0.07363145156710754,0.07395377427672743,3.2232270961989054
2037-02-13,2037-03-13,10.558333333333334,0.07363836804389884,0.07395377427673028,3.1540623283143887
2037-02-20,2037-03-20,10.577777777777778,0.07364522299261322,0.07395377427673028,3.0855128411705346
2037-02-27,2037-03-27,10.597222222222221,0.07365201666078411,0.07395377427673028,3.017576159461688
2037-03-06,2037-04-03,10.616666666666667,0.07365874929590209,0.07395377427673028,2.9502498082818738
2037-03-13,2037-04-10,10.636111111111111,0.07366542114537213,0.07395377427672743,2.883531313553067
2037-03-20,2037-04-17,10.655555555555555,0.07367203245653636,0.07395377427672743,2.817418201910699
2037-03-27,2037-04-24,10.675,0.0736785834766399,0.07395377427673028,2.751908000903774
2037-04-03,2037-05-01,10.694444444444445,0.07368507445282502,0.07395377427673028,2.686998239052607
2037-04-10,2037-05-08,10.713888888888889,0.07369150563214268,0.07395377427673028,2.622686445876016
2037-04-17,2037-05-15,10.733333333333333,0.07369787726151822,0.07395377427673028,2.5589701521205876
2037-04-24,2037-05-22,10.752777777777778,0.07370418958773994,0.07395377427672743,2.4958468898748922
2037-05-01,2037-05-29,10.772222222222222,0.07371044285749052,0.07395377427673028,2.4333141923975345
2037-05-08,2037-06-05,10.791666666666666,0.0737166373172785,0.07395377427672743,2.3713695944893587
2037-05-15,2037-06-12,10.811111111111112,0.07372277321348676,0.07395377427672743,2.3100106324067116
2037-05-22,2037-06-19,10.830555555555556,0.07372885079231839,0.07395377427673028,2.2492348441188748
2037-05-29,2037-06-26,10.85,0.07373487029981085,0.07395377427673028,2.1890397691942676
2037-06-05,2037-07-03,10.869444444444444,0.07374083198184175,0.07395377427673028,2.12942294888524
2037-06-12,2037-07-10,10.88888888888889,0.07374673608406315,0.07395377427673028,2.0703819266712498
2037-06-19,2037-07-17,10.908333333333333,0.07375258285197298,0.07395377427673028,2.011914247573021
2037-06-26,2037-07-24,10.927777777777777,0.07375837253084644,0.07395377427673028,1.9540174588383863
2037-07-03,2037-07-31,10.947222222222223,0.07376410536575323,0.07395377427673028,1.8966891097704774
2037-07-10,2037-08-07,10.966666666666667,0.07376978160154891,0.07395377427673028,1.8399267518136309
2037-07-17,2037-08-14,10.98611111111111,0.07377540148285494,0.07395377427672743,1.783727938724916
2037-07-24,2037-08-21,11.005555555555556,0.07378096525405585,0.07395377427673028,1.7280902267442777
2037-07-31,2037-08-28,11.025,0.07378647315930774,0.07395377427673028,1.6730111742253861
2037-08-07,2037-09-04,11.044444444444444,0.07379192544250694,0.07395377427672743,1.6184883422049046
2037-08-14,2037-09-11,11.063888888888888,0.0737973223473043,0.07395377427673028,1.5645192942598252
2037-08-21,2037-09-18,11.083333333333334,0.07380266411707938,0.07395377427672743,1.5111015964805463
2037-08-28,2037-09-25,11.102777777777778,0.07380795099493488,0.07395377427673028,1.4582328179539583
2037-09-04,2037-10-02,11.122222222222222,0.07381318322371369,0.07395377427673028,1.4059105301658659
2037-09-11,2037-10-09,11.141666666666667,0.07381836104596179,0.07395377427673028,1.3541323076848855
2037-09-18,2037-10-16,11.161111111111111,0.07382348470393112,0.07395377427673028,1.3028957279916098
2037-09-25,2037-10-23,11.180555555555555,0.07382855443958526,0.07395377427672743,1.2521983714217089
2037-10-02,2037-10-30,11.2,0.0738335704945852,0.07395377427673028,1.202037821450841
2037-10-09,2037-11-06,11.219444444444445,0.07383853311025503,0.07395377427672743,1.1524116647240734
2037-10-16,2037-11-13,11.238888888888889,0.07384344252763622,0.07395377427672743,1.103317490912109
2037-10-23,2037-11-20,11.258333333333333,0.07384829898742483,0.07395377427673028,1.0547528930544836
2037-10-30,2037-11-27,11.277777777777779,0.0738531027299914,0.07395377427673028,1.0067154673887302
2037-11-06,2037-12-04,11.297222222222222,0.07385785399536969,0.07395377427673028,0.9592028136058695
2037-11-13,2037-12-11,11.316666666666666,0.07386255302324793,0.07395377427673028,0.9122125348234866
2037-11-20,2037-12-18,11.33611111111111,0.07386720005297752,0.07395377427673028,0.8657422375275836
2037-11-27,2037-12-25,11.355555555555556,0.07387179532353302,0.07395377427672743,0.8197895319440873
2037-12-04,2038-01-01,11.375,0.07387633907355497,0.07395377427673028,0.7743520317531061
2037-12-11,2038-01-08,11.394444444444444,0.07388083154129278,0.07395377427673028,0.7294273543749508
2037-12-18,2038-01-15,11.41388888888889,0.07388527296464188,0.07395377427673028,0.6850131208839538
2037-12-25,2038-01-22,11.433333333333334,0.07388966358111514,0.07395377427672743,0.641106956122961
2038-01-01,2038-01-29,11.452777777777778,0.07389400362783714,0.07395377427673028,0.5977064889313433
2038-01-08,2038-02-05,11.472222222222221,0.07389829334155566,0.07395377427673028,0.5548093517461494
2038-01-15,2038-02-12,11.491666666666667,0.07390253295860452,0.07395377427672743,0.5124131812291044
2038-01-22,2038-02-19,11.511111111111111,0.07390672271494068,0.07395377427673028,0.47051561789593355
2038-01-29,2038-02-26,11.530555555555555,0.07391086284610715,0.07395377427672743,0.4291143062028213
2038-02-05,2038-03-05,11.55,0.0739149535872387,0.07395377427673028,0.38820689491583793
2038-02-12,2038-03-12,11.569444444444445,0.07391899517305328,0.07395377427673028,0.34779103676996215
2038-02-19,2038-03-19,11.588888888888889,0.07392298783785206,0.07395377427672743,0.3078643887537147
2038-02-26,2038-03-26,11.608333333333333,0.07392693181551938,0.07395377427673314,0.2684246121376077
2038-03-05,2038-04-02,11.627777777777778,0.0739308273394942,0.07395377427672743,0.2294693723323138
2038-03-12,2038-04-09,11.647222222222222,0.07393467464279585,0.07395377427673028,0.19099633934427374
2038-03-19,2038-04-16,11.666666666666666,0.07393847395800401,0.07395377427673028,0.15300318726263473
2038-03-26,2038-04-23,11.686111111111112,0.07394222551724727,0.07395377427672743,0.11548759480159432
2038-04-02,2038-04-30,11.705555555555556,0.07394592955222029,0.07395377427673028,0.07844724509986634
2038-04-09,2038-05-07,11.725,0.07394958629415813,0.07395377427672743,0.04187982569306414
2038-04-16,2038-05-14,11.744444444444444,0.07395319597384185,0.07395377427673028,0.00578302888423754
2038-04-23,2038-05-21,11.76388888888889,0.0739567588215844,0.07395377427673028,-0.02984544854117699
2038-04-30,2038-05-28,11.783333333333333,0.07396027506725046,0.07395377427673028,-0.06500790520183597
2038-05-07,2038-06-04,11.802777777777777,0.07396374494022512,0.07395377427673028,-0.09970663494840437
2038-05-14,2038-06-11,11.822222222222223,0.07396716866942242,0.07395377427673028,-0.13394392692142598
2038-05-21,2038-06-18,11.841666666666667,0.07397054648328531,0.07395377427672743,-0.16772206557880143
2038-05-28,2038-06-25,11.86111111111111,0.07397387860977434,0.07395377427672743,-0.20104333046902512
2038-06-04,2038-07-02,11.880555555555556,0.07397716527636179,0.07395377427672743,-0.23390999634359533
2038-06-11,2038-07-09,11.9,0.07398040671002898,0.07395377427673028,-0.2663243329870113
2038-06-18,2038-07-16,11.919444444444444,0.07398360313728329,0.07395377427673028,-0.2982886055301337
2038-06-25,2038-07-23,11.938888888888888,0.07398675478411823,0.07395377427673028,-0.32980507387952995
2038-07-02,2038-07-30,11.958333333333334,0.07398986187603056,0.07395377427672743,-0.36087599303125106
2038-07-09,2038-08-06,11.977777777777778,0.07399292463803173,0.07395377427672743,-0.39150361304293724
2038-07-16,2038-08-13,11.997222222222222,0.073995943294605,0.07395377427672743,-0.42169017877569104
2038-07-23,2038-08-20,12.016666666666667,0.07399891806973694,0.07395377427672743,-0.45143793009502775
2038-07-30,2038-08-27,12.036111111111111,0.07400184918690021,0.07395377427673028,-0.4807491016993459
2038-08-06,2038-09-03,12.055555555555555,0.07400473686904789,0.07395377427673028,-0.5096259231761324
2038-08-13,2038-09-10,12.075,0.07400758133862777,0.07395377427673314,-0.5380706189463125
2038-08-20,2038-09-17,12.094444444444445,0.07401038281753948,0.07395377427673028,-0.5660854080920263
2038-08-27,2038-09-24,12.113888888888889,0.07401314152717735,0.07395377427672743,-0.5936725044991542
2038-09-03,2038-10-01,12.133333333333333,0.07401585768841043,0.07395377427673028,-0.6208341168015274
2038-09-10,2038-10-08,12.152777777777779,0.0740185315215596,0.07395377427672743,-0.6475724483216705
2038-09-17,2038-10-15,12.172222222222222,0.0740211632464205,0.07395377427672743,-0.6738896969306352
2038-09-24,2038-10-22,12.191666666666666,0.07402375308225485,0.07395377427673028,-0.6997880552457592
2038-10-01,2038-10-29,12.21111111111111,0.074026301247782,0.07395377427673028,-0.7252697105172845
2038-10-08,2038-11-05,12.230555555555556,0.07402880796116744,0.07395377427673028,-0.7503368443716185
2038-10-15,2038-11-12,12.25,0.07403127344005705,0.07395377427672743,-0.7749916332962237
2038-10-22,2038-11-19,12.269444444444444,0.07403369790152294,0.07395377427673028,-0.7992362479265769
2038-10-29,2038-11-26,12.28888888888889,0.07403608156209472,0.07395377427672743,-0.8230728536728904
2038-11-05,2038-12-03,12.308333333333334,0.07403842463776249,0.07395377427673028,-0.8465036103220969
2038-11-12,2038-12-10,12.327777777777778,0.0740407273439368,0.07395377427673028,-0.8695306720651885
2038-11-19,2038-12-17,12.347222222222221,0.07404298989549433,0.07395377427673314,-0.8921561876119866
2038-11-26,2038-12-24,12.366666666666667,0.0740452125067294,0.07395377427673028,-0.9143822999911622
2038-12-03,2038-12-31,12.386111111111111,0.07404739539138243,0.07395377427672743,-0.936211146549959
2038-12-10,2039-01-07,12.405555555555555,0.0740495387626429,0.07395377427672743,-0.9576448591547271
2038-12-17,2039-01-14,12.425,0.07405164283310363,0.07395377427672743,-0.9786855637619607
2038-12-24,2039-01-21,12.444444444444445,0.07405370781481212,0.07395377427672743,-0.9993353808468441
2038-12-31,2039-01-28,12.463888888888889,0.07405573391923635,0.07395377427673028,-1.019596425060748
2039-01-07,2039-02-04,12.483333333333333,0.07405772135727334,0.07395377427673028,-1.0394708054306534
2039-01-14,2039-02-11,12.502777777777778,0.07405967033922632,0.07395377427672743,-1.0589606249888917
2039-01-21,2039-02-18,12.522222222222222,0.07406158107485318,0.07395377427672743,-1.07806798125748
2039-01-28,2039-02-25,12.541666666666666,0.07406345377330663,0.07395377427672743,-1.0967949657919585
2039-02-04,2039-03-04,12.561111111111112,0.07406528864316268,0.07395377427673028,-1.115143664324053
2039-02-11,2039-03-11,12.580555555555556,0.07406708589242639,0.07395377427673028,-1.1331161569611004
2039-02-18,2039-03-18,12.6,0.07406884572849469,0.07395377427673028,-1.1507145176441191
2039-02-25,2039-03-25,12.619444444444444,0.07407056835820214,0.07395377427673028,-1.1679408147186043
2039-03-04,2039-04-01,12.63888888888889,0.07407225398777234,0.07395377427672743,-1.1847971104490818
2039-03-11,2039-04-08,12.658333333333333,0.07407390282285224,0.07395377427672743,-1.2012854612480917
2039-03-18,2039-04-15,12.677777777777777,0.07407551506850352,0.07395377427673028,-1.2174079177323938
2039-03-25,2039-04-22,12.697222222222223,0.07407709092916262,0.07395377427672743,-1.2331665243518752
2039-04-01,2039-04-29,12.716666666666667,0.07407863060870934,0.07395377427673028,-1.2485633197906187
2039-04-08,2039-05-06,12.73611111111111,0.07408013431040107,0.07395377427673028,-1.263600336707943
2039-04-15,2039-05-13,12.755555555555556,0.07408160223690428,0.07395377427672743,-1.2782796017685172
2039-04-22,2039-05-20,12.775,0.07408303459028875,0.07395377427672743,-1.2926031356132184
2039-04-29,2039-05-27,12.794444444444444,0.07408443157201333,0.07395377427673028,-1.3065729528305425
2039-05-06,2039-06-03,12.813888888888888,0.0740857933829545,0.07395377427673028,-1.3201910622422097
2039-05-13,2039-06-10,12.833333333333334,0.0740871202233549,0.07395377427673028,-1.3334594662461896
2039-05-20,2039-06-17,12.852777777777778,0.07408841229288626,0.07395377427673028,-1.346380161559857
2039-05-27,2039-06-24,12.872222222222222,0.07408966979058652,0.07395377427673028,-1.358955138562462
2039-06-03,2039-07-01,12.891666666666667,0.07409089291489122,0.07395377427673028,-1.3711863816094627
2039-06-10,2039-07-08,12.911111111111111,0.0740920818636421,0.07395377427672743,-1.3830758691467382
2039-06-17,2039-07-15,12.930555555555555,0.07409323683405855,0.07395377427673028,-1.3946255732827373
2039-06-24,2039-07-22,12.95,0.07409435802275187,0.07395377427673028,-1.405837460215914
2039-07-01,2039-07-29,12.969444444444445,0.07409544562571384,0.07395377427672743,-1.416713489864052
2039-07-08,2039-08-05,12.988888888888889,0.07409649983833676,0.07395377427673028,-1.4272556160647987
2039-07-15,2039-08-12,13.008333333333333,0.07409752085539337,0.07395377427673028,-1.4374657866308982
2039-07-22,2039-08-19,13.027777777777779,0.0740985088710341,0.07395377427672743,-1.447345943066669
2039-07-29,2039-08-26,13.047222222222222,0.07409946407881268,0.07395377427673028,-1.456898020824049
2039-08-05,2039-09-02,13.066666666666666,0.07410038667164624,0.07395377427673028,-1.4661239491596534
2039-08-12,2039-09-09,13.08611111111111,0.07410127684183523,0.07395377427673028,-1.4750256510495663
2039-08-19,2039-09-16,13.105555555555556,0.07410213478107774,0.07395377427673028,-1.4836050434746673
2039-08-26,2039-09-23,13.125,0.07410296068043808,0.07395377427672743,-1.4918640371064384
2039-09-02,2039-09-30,13.144444444444444,0.07410375473036673,0.07395377427672743,-1.4998045363930068
2039-09-09,2039-10-07,13.16388888888889,0.07410451712070332,0.07395377427673028,-1.507428439730396
2039-09-16,2039-10-14,13.183333333333334,0.07410524804063932,0.07395377427673028,-1.5147376390904632
2039-09-23,2039-10-21,13.202777777777778,0.07410594767877246,0.07395377427673028,-1.5217340204218277
2039-09-30,2039-10-28,13.222222222222221,0.07410661622306096,0.07395377427673028,-1.5284194633068127
2039-10-07,2039-11-04,13.241666666666667,0.07410725386084353,0.07395377427673028,-1.534795841132558
2039-10-14,2039-11-11,13.261111111111111,0.07410786077884511,0.07395377427672743,-1.540865021176785
2039-10-21,2039-11-18,13.280555555555555,0.0741084371631511,0.07395377427672743,-1.5466288642367043
2039-10-28,2039-11-25,13.3,0.07410898319923317,0.07395377427673028,-1.5520892250289742
2039-11-04,2039-12-02,13.319444444444445,0.07410949907193201,0.07395377427672743,-1.5572479520457871
2039-11-11,2039-12-09,13.338888888888889,0.07410998496546599,0.07395377427673028,-1.562106887357112
2039-11-18,2039-12-16,13.358333333333333,0.0741104410634311,0.07395377427673028,-1.5666678670082923
2039-11-25,2039-12-23,13.377777777777778,0.07411086754878957,0.07395377427672743,-1.5709327206213375
2039-12-02,2039-12-30,13.397222222222222,0.07411126460387266,0.07395377427673028,-1.5749032714237887
2039-12-09,2040-01-06,13.416666666666666,0.07411163241040931,0.07395377427672743,-1.5785813368188184
2039-12-16,2040-01-13,13.436111111111112,0.07411197114946612,0.07395377427673028,-1.5819687273584127
2039-12-23,2040-01-20,13.455555555555556,0.074112281001513,0.07395377427673028,-1.5850672478272265
2039-12-30,2040-01-27,13.475,0.07411256214637182,0.07395377427673028,-1.5878786964154679
2040-01-06,2040-02-03,13.494444444444444,0.07411281476325066,0.07395377427673028,-1.5904048652037872
2040-01-13,2040-02-10,13.51388888888889,0.07411303903071241,0.07395377427672743,-1.5926475398497786
2040-01-20,2040-02-17,13.533333333333333,0.07411323512671185,0.07395377427673028,-1.594608499815714
2040-01-27,2040-02-24,13.552777777777777,0.07411340322856429,0.07395377427673028,-1.5962895183400938
2040-02-03,2040-03-02,13.572222222222223,0.0741135435129541,0.07395377427673028,-1.5976923622382233
2040-02-10,2040-03-09,13.591666666666667,0.07411365615594617,0.07395377427673028,-1.5988187921589514
2040-02-17,2040-03-16,13.61111111111111,0.07411374133296304,0.07395377427672743,-1.5996705623561036
2040-02-24,2040-03-23,13.630555555555556,0.07411379921881915,0.07395377427673028,-1.6002494208887386
2040-03-02,2040-03-30,13.65,0.07411382998767518,0.07395377427672743,-1.6005571094775128
2040-03-09,2040-04-06,13.669444444444444,0.07411383381308946,0.07395377427672743,-1.600595363620283
2040-03-16,2040-04-13,13.688888888888888,0.07411381086797222,0.07395377427673028,-1.6003659124194658
2040-03-23,2040-04-20,13.708333333333334,0.07411376132460853,0.07395377427673028,-1.5998704787825724
2040-03-30,2040-04-27,13.727777777777778,0.0741136853546582,0.07395377427673028,-1.599110779279267
2040-04-06,2040-05-04,13.747222222222222,0.07411358312915299,0.07395377427673028,-1.5980885242271314
2040-04-13,2040-05-11,13.766666666666667,0.07411345481850518,0.07395377427673028,-1.596805417748981
2040-04-20,2040-05-18,13.786111111111111,0.07411330059248465,0.07395377427672743,-1.595263157572191
2040-04-27,2040-05-25,13.805555555555555,0.07411312062023326,0.07395377427673028,-1.5934634350298071
2040-05-04,2040-06-01,13.825,0.0741129150702762,0.07395377427673028,-1.5914079354592547
2040-05-11,2040-06-08,13.844444444444445,0.0741126841105049,0.07395377427672743,-1.5890983377746248
2040-05-18,2040-06-15,13.863888888888889,0.07411242790817983,0.07395377427673028,-1.5865363144955402
2040-05-25,2040-06-22,13.883333333333333,0.0741121466299477,0.07395377427672743,-1.5837235322026244
2040-06-01,2040-06-29,13.902777777777779,0.07411184044182141,0.07395377427672743,-1.5806616509397853
2040-06-08,2040-07-06,13.922222222222222,0.07411150950917156,0.07395377427673028,-1.5773523244128063
2040-06-15,2040-07-13,13.941666666666666,0.0741111539967749,0.07395377427673028,-1.573797200446203
2040-06-22,2040-07-20,13.96111111111111,0.07411077406876013,0.07395377427673028,-1.5699979202984937
2040-06-29,2040-07-27,13.980555555555556,0.07411036988862506,0.07395377427672743,-1.5659561189762528
2040-07-06,2040-08-03,14.0,0.07410994161927079,0.07395377427673028,-1.5616734254050857
2040-07-13,2040-08-10,14.019444444444444,0.0741094894229504,0.07395377427673028,-1.5571514622012006
2040-07-20,2040-08-17,14.03888888888889,0.07410901346129745,0.07395377427672743,-1.552391845700135
2040-07-27,2040-08-24,14.058333333333334,0.07410851389532315,0.07395377427673028,-1.5473961859287233
2040-08-03,2040-08-31,14.077777777777778,0.07410799088542205,0.07395377427673028,-1.5421660869177622
2040-08-10,2040-09-07,14.097222222222221,0.07410744459135207,0.07395377427673028,-1.5367031462179548
2040-08-17,2040-09-14,14.116666666666667,0.0741068751722659,0.07395377427673028,-1.5310089553562112
2040-08-24,2040-09-21,14.136111111111111,0.07410628278668817,0.07395377427672743,-1.5250850996073595
2040-08-31,2040-09-28,14.155555555555555,0.07410566759250971,0.07395377427673028,-1.5189331577943055
2040-09-07,2040-10-05,14.175,0.07410502974701899,0.07395377427672743,-1.5125547029155861
2040-09-14,2040-10-12,14.194444444444445,0.07410436940687642,0.07395377427673314,-1.505951301432884
2040-09-21,2040-10-19,14.213888888888889,0.07410368672812861,0.07395377427673028,-1.4991245139833742
2040-09-28,2040-10-26,14.233333333333333,0.07410298186618837,0.07395377427673028,-1.4920758945809187
2040-10-05,2040-11-02,14.252777777777778,0.07410225497587472,0.07395377427673028,-1.4848069914444317
2040-10-12,2040-11-09,14.272222222222222,0.07410150621135861,0.07395377427672743,-1.4773193463117618
2040-10-19,2040-11-16,14.291666666666666,0.07410073572622863,0.07395377427673028,-1.4696144949835621
2040-10-26,2040-11-23,14.311111111111112,0.07409994367343385,0.07395377427673028,-1.4616939670357432
2040-11-02,2040-11-30,14.330555555555556,0.07409913020531242,0.07395377427673028,-1.4535592858214152
2040-11-09,2040-12-07,14.35,0.07409829547359438,0.07395377427672743,-1.4452119686694798
2040-11-16,2040-12-14,14.369444444444444,0.07409743962937602,0.07395377427673314,-1.4366535264288827
2040-11-23,2040-12-21,14.38888888888889,0.0740965628231741,0.07395377427672743,-1.427885464466705
2040-11-30,2040-12-28,14.408333333333333,0.07409566520486299,0.07395377427672743,-1.4189092813556015
2040-12-07,2041-01-04,14.427777777777777,0.07409474692371758,0.07395377427672743,-1.4097264699014511
2040-12-14,2041-01-11,14.447222222222223,0.07409380812840752,0.07395377427672743,-1.400338516800853
2040-12-21,2041-01-18,14.466666666666667,0.07409284896697724,0.07395377427673028,-1.3907469024695973
2040-12-28,2041-01-25,14.48611111111111,0.0740918695868688,0.07395377427673314,-1.3809531013565801
2041-01-04,2041-02-01,14.505555555555556,0.0740908701349333,0.07395377427673314,-1.3709585820016745
2041-01-11,2041-02-08,14.525,0.07408985075737094,0.07395377427672743,-1.3607648064350997
2041-01-18,2041-02-15,14.544444444444444,0.07408881159982807,0.07395377427673028,-1.3503732309778915
2041-01-25,2041-02-22,14.563888888888888,0.07408775280730584,0.07395377427672743,-1.3397853057840747
2041-02-01,2041-03-01,14.583333333333334,0.0740866745242116,0.07395377427672743,-1.329002474841634
2041-02-08,2041-03-08,14.602777777777778,0.07408557689435602,0.07395377427672743,-1.3180261762858747
2041-02-15,2041-03-15,14.622222222222222,0.07408446006093314,0.07395377427672743,-1.3068578420570576
2041-02-22,2041-03-22,14.641666666666667,0.07408332416654886,0.07395377427672743,-1.2954988982143145
2041-03-01,2041-03-29,14.661111111111111,0.07408216935320391,0.07395377427672743,-1.283950764764813
2041-03-08,2041-04-05,14.680555555555555,0.07408099576228803,0.07395377427672743,-1.2722148556060242
2041-03-15,2041-04-12,14.7,0.07407980353460575,0.07395377427673314,-1.2602925787261188
2041-03-22,2041-04-19,14.719444444444445,0.0740785928103506,0.07395377427673314,-1.2481853361746842
2041-03-29,2041-04-26,14.738888888888889,0.07407736372911954,0.07395377427673314,-1.2358945238639951
2041-04-05,2041-05-03,14.758333333333333,0.07407611642992704,0.07395377427673028,-1.2234215319675834
2041-04-12,2041-05-10,14.777777777777779,0.07407485105117953,0.07395377427672743,-1.2107677445209741
2041-04-19,2041-05-17,14.797222222222222,0.07407356773068965,0.07395377427672743,-1.1979345396222196
2041-04-26,2041-05-24,14.816666666666666,0.07407226660568764,0.07395377427672743,-1.1849232896020412
2041-05-03,2041-05-31,14.83611111111111,0.07407094781278417,0.07395377427673028,-1.1717353605389391
2041-05-10,2041-06-07,14.855555555555556,0.07406961148803047,0.07395377427673028,-1.158372113001932
2041-05-17,2041-06-14,14.875,0.07406825776686102,0.07395377427672743,-1.1448349013358505
2041-05-24,2041-06-21,14.894444444444444,0.07406688678414224,0.07395377427673028,-1.1311250741195822
2041-05-31,2041-06-28,14.91388888888889,0.07406549867413816,0.07395377427673028,-1.1172439740787798
2041-06-07,2041-07-05,14.933333333333334,0.0740640935705247,0.07395377427673028,-1.1031929379441696
2041-06-14,2041-07-12,14.952777777777778,0.07406267160641253,0.07395377427673028,-1.088973296822504
2041-06-21,2041-07-19,14.972222222222221,0.07406123291429566,0.07395377427673314,-1.0745863756252139
2041-06-28,2041-07-26,14.991666666666667,0.07405977762610855,0.07395377427673028,-1.0600334937826972
2041-07-05,2041-08-02,15.011111111111111,0.07405830587319187,0.07395377427672743,-1.0453159646443833
2041-07-12,2041-08-09,15.030555555555555,0.07405681778630102,0.07395377427673314,-1.03043509567885
2041-07-19,2041-08-16,15.05,0.074055313495629,0.07395377427672743,-1.0153921890156126
2041-07-26,2041-08-23,15.069444444444445,0.07405379313076642,0.07395377427672743,-1.000188540389857
2041-08-02,2041-08-30,15.088888888888889,0.0740522568207415,0.07395377427673028,-0.9848254401122192
2041-08-09,2041-09-06,15.108333333333333,0.07405070469400009,0.07395377427672743,-0.9693041727265594
2041-08-16,2041-09-13,15.127777777777778,0.07404913687840274,0.07395377427673028,-0.9536260167246347
2041-08-23,2041-09-20,15.147222222222222,0.07404755350126477,0.07395377427672743,-0.9377922453733534
2041-08-30,2041-09-27,15.166666666666666,0.07404595468928767,0.07390369463555345,-1.4226005373421668
2041-09-06,2041-10-04,15.186111111111112,0.07404434056863053,0.07385361518833003,-1.9072538030050212
2041-09-13,2041-10-11,15.205555555555556,0.07404271126487291,0.07380353593505148,-2.391753298214283
2041-09-20,2041-10-18,15.225,0.0740410669030148,0.07375345687572349,-2.876100272913157
2041-09-27,2041-10-25,15.244444444444444,0.07403940760750524,0.07375345687572635,-2.859507317788945
2041-10-04,2041-11-01,15.26388888888889,0.07403773350221655,0.07375345687572349,-2.842766264930657
2041-10-11,2041-11-08,15.283333333333333,0.07403604471044442,0.07375345687572064,-2.8258783472377704
2041-10-18,2041-11-15,15.302777777777777,0.07403434135494205,0.07375345687572064,-2.808844792214077
2041-10-25,2041-11-22,15.322222222222223,0.07403262355787746,0.07375345687572064,-2.7916668215681453
2041-11-01,2041-11-29,15.341666666666667,0.07403089144086764,0.07375345687572349,-2.7743456514414677
2041-11-08,2041-12-06,15.36111111111111,0.07402914512497004,0.07375345687572349,-2.7568824924655013
2041-11-15,2041-12-13,15.380555555555556,0.07402738473067684,0.07375345687572064,-2.739278549561963
2041-11-22,2041-12-20,15.4,0.07402561037791783,0.07375345687571778,-2.7215350220004266
2041-11-29,2041-12-27,15.419444444444444,0.07402382218608038,0.07375345687572349,-2.7036531035688762
2041-12-06,2042-01-03,15.438888888888888,0.07402202027398085,0.07375345687572635,-2.6856339825449824
2041-12-13,2042-01-10,15.458333333333334,0.07402020475988179,0.07375345687572349,-2.667478841582999
2041-12-20,2042-01-17,15.477777777777778,0.07401837576150617,0.07375345687572349,-2.6491888578268616
2041-12-27,2042-01-24,15.497222222222222,0.07401653339600316,0.07375345687572064,-2.630765202825125
2042-01-03,2042-01-31,15.516666666666667,0.0740146777800023,0.07375345687572349,-2.612209042788111
2042-01-10,2042-02-07,15.536111111111111,0.07401280902955364,0.07375345687572349,-2.5935215383014745
2042-01-17,2042-02-14,15.555555555555555,0.0740109272601676,0.07375345687572349,-2.574703844441112
2042-01-24,2042-02-21,15.575,0.07400903258682082,0.07375345687572349,-2.555757110973278
2042-01-31,2042-02-28,15.594444444444445,0.07400712512391605,0.07375345687572064,-2.536682481954072
2042-02-07,2042-03-07,15.613888888888889,0.0740052049853479,0.07375345687572064,-2.5174810962726166
2042-02-14,2042-03-14,15.633333333333333,0.07400327228444287,0.07375345687572349,-2.4981540871937824
2042-02-21,2042-03-21,15.652777777777779,0.07400132713399644,0.07375345687572064,-2.478702582758008
2042-02-28,2042-03-28,15.672222222222222,0.07399936964626454,0.07375345687572064,-2.459127705438935
2042-03-07,2042-04-04,15.691666666666666,0.07399739993294922,0.07375345687572349,-2.4394305722573453
2042-03-14,2042-04-11,15.71111111111111,0.07399541810524443,0.07375345687572635,-2.4196122951808396
2042-03-21,2042-04-18,15.730555555555556,0.07399342427377878,0.07375345687572349,-2.3996739805529077
2042-03-28,2042-04-25,15.75,0.07399141854866421,0.07375345687572064,-2.3796167294357073
2042-04-04,2042-05-02,15.769444444444444,0.07398940103947022,0.07375345687571778,-2.3594416375243012
2042-04-11,2042-05-09,15.78888888888889,0.07398737185524386,0.07375345687571778,-2.339149795260731
2042-04-18,2042-05-16,15.808333333333334,0.07398533110449261,0.07375345687572349,-2.318742287691217
2042-04-25,2042-05-23,15.827777777777778,0.07398327889520154,0.07375345687572349,-2.298220194780487
2042-05-02,2042-05-30,15.847222222222221,0.07398121533482753,0.07375345687572635,-2.2775845910118218
2042-05-09,2042-06-06,15.866666666666667,0.07397914053029078,0.07375345687572064,-2.2568365457013853
2042-05-16,2042-06-13,15.886111111111111,0.07397705458800331,0.07375345687572064,-2.2359771228266934
2042-05-23,2042-06-20,15.905555555555555,0.07397495761384613,0.07375345687572064,-2.2150073812549076
2042-05-30,2042-06-27,15.925,0.07397284971318069,0.07375345687571778,-2.193928374629034
2042-06-06,2042-07-04,15.944444444444445,0.07397073099084311,0.07375345687572349,-2.1727411511962558
2042-06-13,2042-07-11,15.963888888888889,0.07396860155114997,0.07375345687572349,-2.151446754264791
2042-06-20,2042-07-18,15.983333333333333,0.07396646149790678,0.07375345687572349,-2.1300462218329375
2042-06-27,2042-07-25,16.002777777777776,0.07396431093440237,0.07375345687572635,-2.108540586760188
2042-07-04,2042-08-01,16.022222222222222,0.07396214996340308,0.07375345687572635,-2.0869308767673678
2042-07-11,2042-08-08,16.041666666666668,0.07395997868717284,0.07375345687571778,-2.065218114550571
2042-07-18,2042-08-15,16.06111111111111,0.07395779720746168,0.07375345687572064,-2.0434033174103474
2042-07-25,2042-08-22,16.080555555555556,0.07395560562549434,0.07375345687572064,-2.0214874977370068
2042-08-01,2042-08-29,16.1,0.0739534040420017,0.07375345687572064,-1.9994716628105036
2042-08-08,2042-09-05,16.119444444444444,0.07395119255721783,0.07375345687572349,-1.9773568149433762
2042-08-15,2042-09-12,16.13888888888889,0.07394897127084013,0.07375345687572064,-1.9551439511948654
2042-08-22,2042-09-19,16.158333333333335,0.07394674028209496,0.07375345687572064,-1.9328340637431163
2042-08-29,2042-09-26,16.177777777777777,0.07394449968967479,0.07375345687572064,-1.9104281395414258
2042-09-05,2042-10-03,16.197222222222223,0.07394224959179249,0.07375345687572064,-1.8879271607184778
2042-09-12,2042-10-10,16.216666666666665,0.07393999008615275,0.07375345687572349,-1.8653321042925997
2042-09-19,2042-10-17,16.23611111111111,0.07393772126994927,0.07375345687572349,-1.8426439422578045
2042-09-26,2042-10-24,16.255555555555556,0.07393544323991609,0.07375345687572349,-1.8198636419260172
2042-10-03,2042-10-31,16.275,0.07393315609225054,0.07375345687572064,-1.7969921652989662
2042-10-10,2042-11-07,16.294444444444444,0.07393085992267892,0.07375345687572349,-1.7740304695543219
2042-10-17,2042-11-14,16.31388888888889,0.07392855482642219,0.07375345687572064,-1.7509795070154432
2042-10-24,2042-11-21,16.333333333333332,0.07392624089822743,0.07375345687572349,-1.7278402250393843
2042-10-31,2042-11-28,16.352777777777778,0.07392391823233067,0.07375345687572635,-1.7046135660432615
2042-11-07,2042-12-05,16.372222222222224,0.0739215869224912,0.07375345687572064,-1.681300467705621
2042-11-14,2042-12-12,16.391666666666666,0.07391924706200298,0.07375345687572349,-1.6579018627949083
2042-11-21,2042-12-19,16.41111111111111,0.07391689874361466,0.07375345687571778,-1.6344186789687964
2042-11-28,2042-12-26,16.430555555555557,0.07391454205964955,0.07375345687571778,-1.6108518393176396
2042-12-05,2043-01-02,16.45,0.07391217710193418,0.07375345687572349,-1.5872022621069015
2042-12-12,2043-01-09,16.469444444444445,0.07390980396178407,0.07375345687572064,-1.563470860634214
2042-12-19,2043-01-16,16.488888888888887,0.07390742273009224,0.07375345687572349,-1.5396585436874832
2042-12-26,2043-01-23,16.508333333333333,0.07390503349721783,0.07375345687572635,-1.5157662149148377
2043-01-02,2043-01-30,16.52777777777778,0.0739026363530718,0.07375345687572064,-1.4917947735115789
2043-01-09,2043-02-06,16.54722222222222,0.07390023138709687,0.07375345687572064,-1.4677451137622144
2043-01-16,2043-02-13,16.566666666666666,0.07389781868823901,0.07375345687572064,-1.4436181251836766
2043-01-23,2043-02-20,16.586111111111112,0.07389539834498463,0.07375345687571778,-1.4194146926684026
2043-01-30,2043-02-27,16.605555555555554,0.07389297044535757,0.07375345687572349,-1.395135696340838
2043-02-06,2043-03-06,16.625,0.07389053507691067,0.07375345687572635,-1.3707820118431802
2043-02-13,2043-03-13,16.644444444444446,0.07388809232670283,0.07375345687572349,-1.3463545097934515
2043-02-20,2043-03-20,16.663888888888888,0.07388564228137337,0.07375345687572064,-1.3218540565272663
2043-02-27,2043-03-27,16.683333333333334,0.07388318502706191,0.07375345687572349,-1.2972815133842353
2043-03-06,2043-04-03,16.70277777777778,0.07388072064944565,0.07375345687572064,-1.272637737250032
2043-03-13,2043-04-10,16.72222222222222,0.0738782492337764,0.07375345687572064,-1.2479235805575029
2043-03-20,2043-04-17,16.741666666666667,0.07387577086480634,0.07375345687572349,-1.2231398908285618
2043-03-27,2043-04-24,16.761111111111113,0.0738732856268395,0.07375345687572064,-1.1982875111885005
2043-04-03,2043-05-01,16.780555555555555,0.0738707936037459,0.07375345687572349,-1.173367280224158
2043-04-10,2043-05-08,16.8,0.07386829487890458,0.07375345687572064,-1.1483800318393134
2043-04-17,2043-05-15,16.819444444444443,0.07386578953526916,0.07375345687572349,-1.1233265954567473
2043-04-24,2043-05-22,16.83888888888889,0.07386327765533368,0.07375345687572064,-1.0982077961303738
2043-05-01,2043-05-29,16.858333333333334,0.07386075932112966,0.07375345687572064,-1.0730244540901879
2043-05-08,2043-06-05,16.877777777777776,0.07385823461426037,0.07375345687572635,-1.0477773853402594
2043-05-15,2043-06-12,16.897222222222222,0.07385570361586666,0.07375345687572064,-1.022467401460142
2043-05-22,2043-06-19,16.916666666666668,0.07385316640663536,0.07375345687572064,-0.9970953091471835
2043-05-29,2043-06-26,16.93611111111111,0.0738506230668366,0.07375345687572064,-0.9716619111595215
2043-06-05,2043-07-03,16.955555555555556,0.07384807367627223,0.07375345687572064,-0.9461680055158905
2043-06-12,2043-07-10,16.975,0.0738455183143102,0.07375345687572349,-0.9206143858671301
2043-06-19,2043-07-17,16.994444444444444,0.07384295705989308,0.07375345687572635,-0.8950018416672978
2043-06-26,2043-07-24,17.01388888888889,0.07384038999149808,0.07375345687572064,-0.8693311577744056
2043-07-03,2043-07-31,17.033333333333335,0.07383781718718563,0.07375345687571778,-0.8436031146784317
2043-07-10,2043-08-07,17.052777777777777,0.07383523872457934,0.07375345687572064,-0.8178184885869466
2043-07-17,2043-08-14,17.072222222222223,0.07383265468084892,0.07375345687571778,-0.791978051311315
2043-07-24,2043-08-21,17.091666666666665,0.07383006513275868,0.07375345687572635,-0.7660825703233176
2043-07-31,2043-08-28,17.11111111111111,0.07382747015662755,0.07375345687572635,-0.7401328090120285
2043-08-07,2043-09-04,17.130555555555556,0.07382486982833486,0.07375345687572349,-0.7141295261137159
2043-08-14,2043-09-11,17.15,0.07382226422337165,0.07375345687572064,-0.6880734765100927
2043-08-21,2043-09-18,17.169444444444444,0.07381965341675503,0.07375345687572064,-0.6619654103438843
2043-08-28,2043-09-25,17.18888888888889,0.07381703748309963,0.07375345687571778,-0.6358060738184679
2043-09-04,2043-10-02,17.208333333333332,0.07381441649660893,0.07375345687572349,-0.609596208854396
2043-09-11,2043-10-09,17.227777777777778,0.07381179053103537,0.07375345687572635,-0.5833365530902301
2043-09-18,2043-10-16,17.247222222222224,0.0738091596597317,0.07375345687572349,-0.5570278400821027
2043-09-25,2043-10-23,17.266666666666666,0.0738065239556253,0.07375345687572635,-0.5306707989895243
2043-10-02,2043-10-30,17.28611111111111,0.0738038834912239,0.07375345687571778,-0.5042661550611061
2043-10-09,2043-11-06,17.305555555555557,0.07380123833862978,0.07375345687572064,-0.47781462909138317
2043-10-16,2043-11-13,17.325,0.07379858856952565,0.07375345687572349,-0.45131693802158424
2043-10-23,2043-11-20,17.344444444444445,0.07379593425517163,0.07375345687571778,-0.42477379453842445
2043-10-30,2043-11-27,17.363888888888887,0.07379327546643388,0.07375345687572349,-0.39818590710394286
2043-11-06,2043-12-04,17.383333333333333,0.07379061227375892,0.07375345687572349,-0.37155398035434994
2043-11-13,2043-12-11,17.40277777777778,0.07378794474716788,0.07375345687572064,-0.3448787144723353
2043-11-20,2043-12-18,17.42222222222222,0.0737852729563136,0.07375345687572349,-0.31816080590107987
2043-11-27,2043-12-25,17.441666666666666,0.07378259697042072,0.07375345687572349,-0.2914009469723311
2043-12-04,2044-01-01,17.461111111111112,0.07377991685828565,0.07375345687572064,-0.26459982565008033
2043-12-11,2044-01-08,17.480555555555554,0.07377723268837359,0.07375345687572635,-0.2377581264724482
2043-12-18,2044-01-15,17.5,0.07377454452867305,0.07375345687572349,-0.210876529495585
2043-12-25,2044-01-22,17.519444444444446,0.0737718524468099,0.07375345687572064,-0.18395571089249718
2044-01-01,2044-01-29,17.538888888888888,0.07376915651001609,0.07375345687572349,-0.15699634292598574
2044-01-08,2044-02-05,17.558333333333334,0.07376645678510675,0.07375345687572064,-0.12999909386107733
2044-01-15,2044-02-12,17.57777777777778,0.07376375333851445,0.07375345687572064,-0.10296462793810135
2044-01-22,2044-02-19,17.59722222222222,0.07376104623628635,0.07375345687572349,-0.07589360562859637
2044-01-29,2044-02-26,17.616666666666667,0.07375833554406139,0.07375345687572349,-0.048786683378987394
2044-02-05,2044-03-04,17.636111111111113,0.07375562132708735,0.07375345687572064,-0.021644513667068432
2044-02-12,2044-03-11,17.655555555555555,0.07375290365025235,0.07375345687572349,0.005532254711421158
2044-02-19,2044-03-18,17.675,0.0737501825780191,0.07375345687572064,0.03274297701541529
2044-02-26,2044-03-25,17.694444444444443,0.07374745817448775,0.07375345687572064,0.059987012328982514
2044-03-04,2044-04-01,17.71388888888889,0.0737447305033645,0.07375345687572349,0.0872637235899143
2044-03-11,2044-04-08,17.733333333333334,0.07374199962796155,0.07375345687572064,0.114572477590974
2044-03-18,2044-04-15,17.752777777777776,0.07373926561125423,0.07375345687572349,0.14191264469262665
2044-03-25,2044-04-22,17.772222222222222,0.07373652851578395,0.07375345687572064,0.1692835993669095
2044-04-01,2044-04-29,17.791666666666668,0.07373378840374098,0.07375345687572064,0.19668471979664148
2044-04-08,2044-05-06,17.81111111111111,0.0737310453369387,0.07375345687572064,0.2241153878194957
2044-04-15,2044-05-13,17.830555555555556,0.07372829937679942,0.07375345687572064,0.25157498921221655
2044-04-22,2044-05-20,17.85,0.0737255505843886,0.07375345687572064,0.27906291332049915
2044-04-29,2044-05-27,17.869444444444444,0.0737227990204005,0.07375345687572349,0.30657855322982486
2044-05-06,2044-06-03,17.88888888888889,0.0737200447451298,0.07375345687572064,0.3341213059084025
2044-05-13,2044-06-10,17.908333333333335,0.07371728781853706,0.07375345687572064,0.3616905718357988
2044-05-20,2044-06-17,17.927777777777777,0.07371452830020037,0.07375345687572349,0.3892857552312279
2044-05-27,2044-06-24,17.947222222222223,0.07371176624931236,0.07375345687571778,0.41690626405424536
2044-06-03,2044-07-01,17.966666666666665,0.07370900172473739,0.07375345687572635,0.4445515098895625
2044-06-10,2044-07-08,17.98611111111111,0.07370623478494011,0.07375345687572349,0.47222090783380355
2044-06-17,2044-07-15,18.005555555555556,0.07370346548803403,0.07375345687572349,0.49991387689463096
2044-06-24,2044-07-22,18.025,0.0737006938917958,0.07375345687572349,0.5276298392768719
2044-07-01,2044-07-29,18.044444444444444,0.07369792005361095,0.07375345687572064,0.5553682210969468
2044-07-08,2044-08-05,18.06388888888889,0.07369514403050813,0.07375345687572064,0.583128452125159
2044-07-15,2044-08-12,18.083333333333332,0.07369236587918485,0.07375345687572064,0.6109099653579808
2044-07-22,2044-08-19,18.102777777777778,0.07368958565596749,0.07375345687572635,0.6387121975885701
2044-07-29,2044-08-26,18.122222222222224,0.07368680341679701,0.07375345687572349,0.6665345892648
2044-08-05,2044-09-02,18.141666666666666,0.07368401921733746,0.07375345687572349,0.6943765838603178
2044-08-12,2044-09-09,18.16111111111111,0.0736812331128332,0.07375345687572064,0.7222376288744392
2044-08-19,2044-09-16,18.180555555555557,0.07367844515819463,0.07375345687572064,0.7501171752601066
2044-08-26,2044-09-23,18.2,0.07367565540802376,0.07375345687572064,0.7780146769688356
2044-09-02,2044-09-30,18.219444444444445,0.07367286391651152,0.07375345687572064,0.8059295920911924
2044-09-09,2044-10-07,18.238888888888887,0.07367007073755197,0.07375345687572635,0.8338613817437945
2044-09-16,2044-10-14,18.258333333333333,0.07366727592468227,0.07375345687572064,0.861809510383782
2044-09-23,2044-10-21,18.27777777777778,0.07366447953108272,0.07375345687572064,0.889773446379194
2044-09-30,2044-10-28,18.29722222222222,0.07366168160962536,0.07375345687572349,0.9177526609813191
2044-10-07,2044-11-04,18.316666666666666,0.07365888221279672,0.07375345687572349,0.9457466292676908
2044-10-14,2044-11-11,18.336111111111112,0.07365608139277795,0.07375345687572349,0.9737548294554144
2044-10-21,2044-11-18,18.355555555555554,0.07365327920141043,0.07375345687572349,1.0017767431305669
2044-10-28,2044-11-25,18.375,0.0736504756901844,0.07375345687572349,1.0298118553908608
2044-11-04,2044-12-02,18.394444444444446,0.07364767091027323,0.07375345687572064,1.0578596544741359
2044-11-11,2044-12-09,18.413888888888888,0.07364486491251336,0.07375345687572064,1.0859196320728293
2044-11-18,2044-12-16,18.433333333333334,0.07364205774740157,0.07375345687572349,1.1139912832192067
2044-11-25,2044-12-23,18.45277777777778,0.07363924946510629,0.07375345687572064,1.1420741061435313
2044-12-02,2044-12-30,18.47222222222222,0.07363644011547908,0.07375345687572349,1.1701676024440666
2044-12-09,2045-01-06,18.491666666666667,0.0736336297480289,0.07375345687572349,1.1982712769459392
2044-12-16,2045-01-13,18.511111111111113,0.07363081841195067,0.07375345687571778,1.226384637671163
2044-12-23,2045-01-20,18.530555555555555,0.07362800615611675,0.07375345687572064,1.2545071960388954
2044-12-30,2045-01-27,18.55,0.07362519302905403,0.07375345687571778,1.2826384666375645
2045-01-06,2045-02-03,18.569444444444443,0.07362237907900676,0.07375345687572349,1.310777967167276
2045-01-13,2045-02-10,18.58888888888889,0.07361956435384524,0.07375345687572635,1.3389252188110434
2045-01-20,2045-02-17,18.608333333333334,0.07361674890116568,0.07375345687571778,1.3670797455210548
2045-01-27,2045-02-24,18.627777777777776,0.07361393276824739,0.07375345687572635,1.3952410747895827
2045-02-03,2045-03-03,18.647222222222222,0.07361111600201856,0.07375345687572064,1.423408737020876
2045-02-10,2045-03-10,18.666666666666668,0.07360829864912187,0.07375345687571778,1.4515822659591504
2045-02-17,2045-03-17,18.68611111111111,0.07360548075588026,0.07375345687572349,1.4797611984322667
2045-02-24,2045-03-24,18.705555555555556,0.07360266236829695,0.07375345687572349,1.50794507426541
2045-03-03,2045-03-31,18.725,0.07359984353205538,0.07375345687572349,1.5361334366810475
2045-03-10,2045-04-07,18.744444444444444,0.0735970242925678,0.07375345687572635,1.5643258315854724
2045-03-17,2045-04-14,18.76388888888889,0.07359420469489246,0.07375345687572064,1.5925218082818438
2045-03-24,2045-04-21,18.783333333333335,0.07359138478381638,0.07375345687572064,1.620720919042612
2045-03-31,2045-04-28,18.802777777777777,0.07358856460380402,0.07375345687572064,1.6489227191662792
2045-04-07,2045-05-05,18.822222222222223,0.07358574419901144,0.07375345687571778,1.6771267670634415
2045-04-14,2045-05-12,18.841666666666665,0.073582923613315,0.07375345687572349,1.7053326240848432
2045-04-21,2045-05-19,18.86111111111111,0.07358010289025417,0.07375345687572349,1.7335398546931835
2045-04-28,2045-05-26,18.880555555555556,0.0735772820730886,0.07375345687572349,1.7617480263489027
2045-05-05,2045-06-02,18.9,0.07357446120479537,0.07375345687572349,1.7899567092811985
2045-05-12,2045-06-09,18.919444444444444,0.0735716403280232,0.07375345687572064,1.8181654769744426
2045-05-19,2045-06-16,18.93888888888889,0.07356881948514106,0.07375345687572064,1.8463739057958395
2045-05-26,2045-06-23,18.958333333333332,0.07356599871822672,0.07375345687572349,1.8745815749676709
2045-06-02,2045-06-30,18.977777777777778,0.07356317806905249,0.07375345687572349,1.9027880667099595
2045-06-09,2045-07-07,18.997222222222224,0.07356035757909948,0.07375345687572064,1.9309929662116032
2045-06-16,2045-07-14,19.016666666666666,0.07355753728956614,0.07375345687572635,1.9591958616020644
2045-06-23,2045-07-21,19.03611111111111,0.07355471724136546,0.07375345687571778,1.98739634352324
2045-06-30,2045-07-28,19.055555555555557,0.07355189747510213,0.07375345687572064,2.015594006185145
2045-07-07,2045-08-04,19.075,0.07354907803112098,0.07375345687572635,2.0437884460536293
2045-07-14,2045-08-11,19.094444444444445,0.07354625894945288,0.07375345687572064,2.0719792626776314
2045-07-21,2045-08-18,19.113888888888887,0.073543440269866,0.07375345687572349,2.100166058574826
2045-07-28,2045-08-25,19.133333333333333,0.07354062203182592,0.07375345687572349,2.128348438975719
2045-08-04,2045-09-01,19.15277777777778,0.073537804274527,0.07375345687571778,2.156526011907883
2045-08-11,2045-09-08,19.17222222222222,0.07353498703690667,0.07375345687572064,2.184698388139755
2045-08-18,2045-09-15,19.191666666666666,0.07353217035756833,0.07375345687572349,2.212865181551588
2045-08-25,2045-09-22,19.211111111111112,0.07352935427488985,0.07375345687572064,2.2410260083079168
2045-09-01,2045-09-29,19.230555555555554,0.07352653882694936,0.07375345687572635,2.26918048776989
2045-09-08,2045-10-06,19.25,0.07352372405153945,0.07375345687572349,2.2973282418403684
2045-09-15,2045-10-13,19.269444444444446,0.0735209099861987,0.07375345687572064,2.325468895219424
2045-09-22,2045-10-20,19.288888888888888,0.07351809666818587,0.07375345687572064,2.3536020753477107
2045-09-29,2045-10-27,19.308333333333334,0.07351528413447708,0.07375345687572064,2.3817274124356134
2045-10-06,2045-11-03,19.32777777777778,0.07351247242179154,0.07375345687572064,2.409844539291023
2045-10-13,2045-11-10,19.34722222222222,0.07350966156658581,0.07375345687572064,2.437953091348338
2045-10-20,2045-11-17,19.366666666666667,0.07350685160501096,0.07375345687572349,2.4660527071253266
2045-10-27,2045-11-24,19.386111111111113,0.07350404257300681,0.07375345687571778,2.4941430271097076
2045-11-03,2045-12-01,19.405555555555555,0.07350123450620202,0.07375345687572349,2.5222236952146537
2045-11-10,2045-12-08,19.425,0.07349842743997113,0.07375345687572064,2.5502943574950976
2045-11-17,2045-12-15,19.444444444444443,0.07349562140945462,0.07375345687572349,2.5783546626886866
2045-11-24,2045-12-22,19.46388888888889,0.07349281644949317,0.07375345687572635,2.606404262331802
2045-12-01,2045-12-29,19.483333333333334,0.07349001259468199,0.07375345687572064,2.6344428103865223
2045-12-08,2046-01-05,19.502777777777776,0.07348720987935359,0.07375345687572349,2.66246996369901
2045-12-15,2046-01-12,19.522222222222222,0.07348440833760359,0.07375345687572064,2.6904853811705873
2045-12-22,2046-01-19,19.541666666666668,0.07348160800322491,0.07375345687572064,2.7184887249573353
2045-12-29,2046-01-26,19.56111111111111,0.07347880890980786,0.07375345687572064,2.7464796591278318
2046-01-05,2046-02-02,19.580555555555556,0.07347601109065721,0.07375345687572064,2.774457850634321
2046-01-12,2046-02-09,19.6,0.07347321457880941,0.07375345687572349,2.8024229691407667
2046-01-19,2046-02-16,19.619444444444444,0.07347041940709818,0.07375345687572064,2.8303746862246015
2046-01-26,2046-02-23,19.63888888888889,0.07346762560806035,0.07375345687571778,2.8583126765743816
2046-02-02,2046-03-02,19.658333333333335,0.07346483321400152,0.07375345687572064,2.8862366171912566
2046-02-09,2046-03-09,19.677777777777777,0.07346204225699315,0.07375345687572349,2.914146187303346
2046-02-16,2046-03-16,19.697222222222223,0.07345925276881271,0.07375345687572349,2.9420410691077814
2046-02-23,2046-03-23,19.716666666666665,0.07345646478105206,0.07375345687572635,2.969920946742921
2046-03-02,2046-03-30,19.73611111111111,0.07345367832501186,0.07375345687572635,2.9977855071448847
2046-03-09,2046-04-06,19.755555555555556,0.07345089343176442,0.07375345687572064,3.025634439562247
2046-03-16,2046-04-13,19.775,0.07344811013215935,0.07375345687572349,3.0534674356413882
2046-03-23,2046-04-20,19.794444444444444,0.07344532845676076,0.07375345687572349,3.0812841896273033
2046-03-30,2046-04-27,19.81388888888889,0.07344254843593293,0.07375345687572064,3.1090843978771874
2046-04-06,2046-05-04,19.833333333333332,0.07343977009978035,0.07375345687572349,3.1368677594313663
2046-04-13,2046-05-11,19.852777777777778,0.07343699347816772,0.07375345687572349,3.16463397555769
2046-04-20,2046-05-18,19.872222222222224,0.07343421860073704,0.07375345687572064,3.1923827498360478
2046-04-27,2046-05-25,19.891666666666666,0.07343144549689049,0.07375345687572064,3.220113788301587
2046-05-04,2046-06-01,19.91111111111111,0.07342867419579045,0.07375345687571778,3.2478267992733234
2046-05-11,2046-06-08,19.930555555555557,0.07342590472635951,0.07375345687572064,3.2755214936112944
2046-05-18,2046-06-15,19.95,0.07342313711731473,0.07375345687572635,3.303197584116208
2046-05-25,2046-06-22,19.969444444444445,0.07342037139709616,0.07375345687572349,3.3308547862732905
2046-06-01,2046-06-29,19.988888888888887,0.0734176075939641,0.07375345687572635,3.358492817622516
2046-06-08,2046-07-06,20.008333333333333,0.07341484573592469,0.07375345687572064,3.386111397959551
2046-06-15,2046-07-13,20.02777777777778,0.07341208585073858,0.07375345687572064,3.4137102498206504
2046-06-22,2046-07-20,20.04722222222222,0.07340932796598944,0.07375345687572349,3.441289097340511
2046-06-29,2046-07-27,20.066666666666666,0.07340657210898398,0.07375345687572064,3.468847667366659
2046-07-06,2046-08-03,20.086111111111112,0.07340381830683482,0.07375345687572349,3.496385688886716
2046-07-13,2046-08-10,20.105555555555554,0.07340106658642329,0.07375345687572635,3.523902893030617
2046-07-20,2046-08-17,20.125,0.07339831697440521,0.07375345687572635,3.5513990132113316
2046-07-27,2046-08-24,20.144444444444446,0.0733955694972166,0.07375345687572064,3.5788737850404875
2046-08-03,2046-08-31,20.163888888888888,0.07339282418108788,0.07375345687572349,3.606326946356125
2046-08-10,2046-09-07,20.183333333333334,0.073390081052004,0.07375345687572349,3.633758237194945
2046-08-17,2046-09-14,20.20277777777778,0.07338734013575003,0.07375345687571778,3.661167399677534
2046-08-24,2046-09-21,20.22222222222222,0.07338460145789126,0.07372251388106552,3.379124231742553
2046-08-31,2046-09-28,20.241666666666667,0.0733818650437731,0.07350591499169548,1.2404994792238055
2046-09-07,2046-10-05,20.261111111111113,0.07337913091853832,0.07328931973047752,-0.8981118806079824
2046-09-14,2046-10-12,20.280555555555555,0.07337639910710696,0.07307272809735167,-3.0367100975528527
2046-09-21,2046-10-19,20.3,0.07337366963417928,0.07288708101370579,-4.865886204734881
2046-09-28,2046-10-26,20.319444444444443,0.07337094252425569,0.07288708101370865,-4.838615105470373
2046-10-05,2046-11-02,20.33888888888889,0.07336821780163102,0.07288708101370865,-4.811367879223733
2046-10-12,2046-11-09,20.358333333333334,0.07336549549037175,0.07288708101370579,-4.784144766659532
2046-10-19,2046-11-16,20.377777777777776,0.07336277561436161,0.07288708101370865,-4.756946006529566
2046-10-26,2046-11-23,20.397222222222222,0.07336005819724743,0.07288708101370865,-4.729771835387808
2046-11-02,2046-11-30,20.416666666666668,0.07335734326249042,0.07288708101370579,-4.702622487846309
2046-11-09,2046-12-07,20.43611111111111,0.07335463083335197,0.07288708101370865,-4.675498196433231
2046-11-16,2046-12-14,20.455555555555556,0.07335192093287368,0.07288708101370865,-4.648399191650304
2046-11-23,2046-12-21,20.475,0.0733492135839001,0.07288708101370579,-4.621325701943125
2046-11-30,2046-12-28,20.494444444444444,0.07334650880908741,0.07288708101370865,-4.594277953787612
2046-12-07,2047-01-04,20.51388888888889,0.07334380663086051,0.07288708101370293,-4.567256171575801
2046-12-14,2047-01-11,20.533333333333335,0.07334110707146449,0.07288708101370579,-4.540260577586968
2046-12-21,2047-01-18,20.552777777777777,0.07333841015296169,0.07288708101370865,-4.5132913925304
2046-12-28,2047-01-25,20.572222222222223,0.0733357158971775,0.07288708101370579,-4.486348834717019
2047-01-04,2047-02-01,20.591666666666665,0.07333302432577174,0.0728870810137115,-4.45943312060243
2047-01-11,2047-02-08,20.61111111111111,0.0733303354602101,0.07288708101370865,-4.43254446501451
2047-01-18,2047-02-15,20.630555555555556,0.0733276493217356,0.07288708101370579,-4.405683080298123
2047-01-25,2047-02-22,20.65,0.07332496593142565,0.07288708101370865,-4.378849177169991
2047-02-01,2047-03-01,20.669444444444444,0.07332228531014355,0.07288708101370865,-4.35204296434899
2047-02-08,2047-03-08,20.68888888888889,0.07331960747857849,0.07288708101370579,-4.325264648726984
2047-02-15,2047-03-15,20.708333333333332,0.07331693245722835,0.07288708101370865,-4.298514435197021
2047-02-22,2047-03-22,20.727777777777778,0.07331426026638546,0.07288708101370865,-4.271792526768098
2047-03-01,2047-03-29,20.747222222222224,0.07331159092617945,0.07288708101370579,-4.245099124736557
2047-03-08,2047-04-05,20.766666666666666,0.07330892445651724,0.07288708101370865,-4.218434428085866
2047-03-15,2047-04-12,20.78611111111111,0.07330626087714874,0.07288708101370579,-4.191798634429478
2047-03-22,2047-04-19,20.805555555555557,0.07330360020762404,0.07288708101370579,-4.165191939182467
2047-03-29,2047-04-26,20.825,0.07330094246731621,0.07288708101370865,-4.138614536075558
2047-04-05,2047-05-03,20.844444444444445,0.0732982876754156,0.07288708101370579,-4.112066617098092
2047-04-12,2047-05-10,20.863888888888887,0.07329563585092133,0.07288708101370865,-4.085548372126796
2047-04-19,2047-05-17,20.883333333333333,0.07329298701265545,0.07288708101370865,-4.0590599894679835
2047-04-26,2047-05-24,20.90277777777778,0.07329034117925451,0.07288708101370579,-4.032601655487161
2047-05-03,2047-05-31,20.92222222222222,0.07328769836919229,0.07288708101370865,-4.006173554836345
2047-05-10,2047-06-07,20.941666666666666,0.07328505860073418,0.07288708101370865,-3.979775870255331
2047-05-17,2047-06-14,20.961111111111112,0.07328242189200568,0.07288708101370579,-3.953408782998852
2047-05-24,2047-06-21,20.980555555555554,0.07327978826091819,0.07288708101370865,-3.9270724720953663
2047-05-31,2047-06-28,21.0,0.07327715772522606,0.07288708101370865,-3.9007671151740366
2047-06-07,2047-07-05,21.019444444444446,0.07327453030252094,0.07288708101370579,-3.874492888151504
2047-06-14,2047-07-12,21.038888888888888,0.07327190601018607,0.07288708101370865,-3.848249964774203
2047-06-21,2047-07-19,21.058333333333334,0.0732692848654648,0.07288708101370865,-3.8220385175614933
2047-06-28,2047-07-26,21.07777777777778,0.0732666668854092,0.07288708101370579,-3.795858717034056
2047-07-05,2047-08-02,21.09722222222222,0.07326405208691433,0.07288708101370865,-3.7697107320568133
2047-07-12,2047-08-09,21.116666666666667,0.07326144048668683,0.07288708101370579,-3.74359472981034
2047-07-19,2047-08-16,21.136111111111113,0.07325883210128487,0.07288708101370579,-3.717510875790725
2047-07-26,2047-08-23,21.155555555555555,0.07325622694707823,0.07288708101370865,-3.6914593336957733
2047-08-02,2047-08-30,21.175,0.07325362504026822,0.07288708101370579,-3.6654402656242926
2047-08-09,2047-09-06,21.194444444444443,0.07325102639692199,0.07288708101370865,-3.6394538321334045
2047-08-16,2047-09-13,21.21388888888889,0.07324843103290972,0.07288708101370865,-3.613500192010677
2047-08-23,2047-09-20,21.233333333333334,0.07324583896394168,0.07288708101370579,-3.5875795023589117
2047-08-30,2047-09-27,21.252777777777776,0.07324325020558257,0.07288708101370865,-3.5616919187392293
2047-09-06,2047-10-04,21.272222222222222,0.07324066477320296,0.07288708101370865,-3.535837594943053
2047-09-13,2047-10-11,21.291666666666668,0.0732380826820278,0.07288708101370579,-3.5100166832201243
2047-09-20,2047-10-18,21.31111111111111,0.07323550394713646,0.07288708101370865,-3.4842293342780826
2047-09-27,2047-10-25,21.330555555555556,0.07323292858341704,0.07288708101370865,-3.4584756970838795
2047-10-04,2047-11-01,21.35,0.07323035660563486,0.07288708101370579,-3.432755919290653
2047-10-11,2047-11-08,21.369444444444444,0.07322778802836113,0.07288708101370579,-3.40707014655342
2047-10-18,2047-11-15,21.38888888888889,0.0732252228660186,0.07288708101370579,-3.381418523128038
2047-10-25,2047-11-22,21.408333333333335,0.07322266113290724,0.07288708101370579,-3.3558011920144235
2047-11-01,2047-11-29,21.427777777777777,0.07322010284310153,0.07288708101370865,-3.330218293928766
2047-11-08,2047-12-06,21.447222222222223,0.07321754801060168,0.07288708101370293,-3.304669968987456
2047-11-15,2047-12-13,21.466666666666665,0.07321499664920239,0.07288708101370865,-3.27915635493739
2047-11-22,2047-12-20,21.48611111111111,0.07321244877254131,0.07288708101370865,-3.2536775883265645
2047-11-29,2047-12-27,21.505555555555556,0.07320990439414762,0.07288708101370579,-3.2282338044183065
2047-12-06,2048-01-03,21.525,0.07320736352735066,0.0728870810137115,-3.2028251363916405
2047-12-13,2048-01-10,21.544444444444444,0.07320482618535129,0.07288708101370865,-3.177451716426388
2047-12-20,2048-01-17,21.56388888888889,0.0732022923812105,0.07288708101370579,-3.15211367504703
2047-12-27,2048-01-24,21.583333333333332,0.07319976212782368,0.07288708101370865,-3.1268111411503208
2048-01-03,2048-01-31,21.602777777777778,0.0731972354379378,0.07288708101370865,-3.1015442422914488
2048-01-10,2048-02-07,21.622222222222224,0.07319471232416845,0.07288708101370579,-3.0763131046265824
2048-01-17,2048-02-14,21.641666666666666,0.0731921927989714,0.07288708101370865,-3.051117852627544
2048-01-24,2048-02-21,21.66111111111111,0.0731896768746511,0.07288708101370579,-3.025958609453039
2048-01-31,2048-02-28,21.680555555555557,0.07318716456338922,0.07288708101370579,-3.000835496834303
2048-02-07,2048-03-06,21.7,0.07318465587720471,0.07288708101370865,-2.9757486349606124
2048-02-14,2048-03-13,21.719444444444445,0.07318215082797666,0.07288708101370579,-2.9506981427086796
2048-02-21,2048-03-20,21.738888888888887,0.07317964942745281,0.07288708101370865,-2.9256841374415696
2048-02-28,2048-03-27,21.758333333333333,0.07317715168721531,0.07288708101370865,-2.9007067350665663
2048-03-06,2048-04-03,21.77777777777778,0.07317465761874356,0.07288708101370579,-2.875766050377676
2048-03-13,2048-04-10,21.79722222222222,0.07317216723333424,0.07288708101370865,-2.8508621962558545
2048-03-20,2048-04-17,21.816666666666666,0.07316968054217268,0.07288708101370865,-2.8259952846403094
2048-03-27,2048-04-24,21.836111111111112,0.07316719755631006,0.07288708101370293,-2.801165426071228
2048-04-03,2048-05-01,21.855555555555554,0.07316471828663763,0.07288708101370579,-2.7763727293184104
2048-04-10,2048-05-08,21.875,0.07316224274392967,0.07288708101370865,-2.7516173022101853
2048-04-17,2048-05-15,21.894444444444446,0.07315977093880623,0.07288708101370579,-2.7268992510043333
2048-04-24,2048-05-22,21.913888888888888,0.07315730288177319,0.0728870810137115,-2.70221868061693
2048-05-01,2048-05-29,21.933333333333334,0.07315483858318515,0.07288708101370865,-2.677575694765011
2048-05-08,2048-06-05,21.95277777777778,0.07315237805326248,0.07288708101370579,-2.6529703955668893
2048-05-15,2048-06-12,21.97222222222222,0.07314992130212852,0.07288708101370865,-2.6284028841987164
2048-05-22,2048-06-19,21.991666666666667,0.07314746833971247,0.07288708101370579,-2.603873260066808
2048-05-29,2048-06-26,22.011111111111113,0.07314501917586647,0.07288708101370579,-2.5793816216067302
2048-06-05,2048-07-03,22.030555555555555,0.0731425738202913,0.07288708101370865,-2.5549280658264397
2048-06-12,2048-07-10,22.05,0.07314013228255645,0.07288708101370579,-2.5305126885065423
2048-06-19,2048-07-17,22.069444444444443,0.07313769457210581,0.07288708101370865,-2.506135583971586
2048-06-26,2048-07-24,22.08888888888889,0.07313526069825477,0.07288708101370865,-2.4817968454611536
2048-07-03,2048-07-31,22.108333333333334,0.07313283067019315,0.07288708101370579,-2.4574965648735403
2048-07-10,2048-08-07,22.127777777777776,0.07313040449697367,0.07288708101370865,-2.4332348326501494
2048-07-17,2048-08-14,22.147222222222222,0.07312798218755491,0.07288708101370865,-2.4090117384625853
2048-07-24,2048-08-21,22.166666666666668,0.07312556375072125,0.07288708101370579,-2.3848273701546074
2048-07-31,2048-08-28,22.18611111111111,0.07312314919518574,0.07288708101370865,-2.360681814770893
2048-08-07,2048-09-04,22.205555555555556,0.07312073852949297,0.07288708101370865,-2.3365751578431624
2048-08-14,2048-09-11,22.225,0.07311833176208474,0.07288708101370009,-2.312507483846482
2048-08-21,2048-09-18,22.244444444444444,0.0731159289012887,0.07288708101370865,-2.288478875800415
2048-08-28,2048-09-25,22.26388888888889,0.07311352995528969,0.07288708101370579,-2.264489415838983
2048-09-04,2048-10-02,22.283333333333335,0.07311113493218985,0.07288708101370579,-2.2405391848405456
2048-09-11,2048-10-09,22.302777777777777,0.07310874383992852,0.0728870810137115,-2.2166282621702282
2048-09-18,2048-10-16,22.322222222222223,0.07310635668633372,0.07288708101370579,-2.1927567262793044
2048-09-25,2048-10-23,22.341666666666665,0.07310397347914785,0.07288708101370865,-2.168924654391974
2048-10-02,2048-10-30,22.36111111111111,0.07310159422595909,0.07288708101370865,-2.1451321225043896
2048-10-09,2048-11-06,22.380555555555556,0.0730992189342472,0.07288708101370579,-2.1213792054140814
2048-10-16,2048-11-13,22.4,0.07309684761141197,0.07288708101370865,-2.0976659770331754
2048-10-23,2048-11-20,22.419444444444444,0.07309448026467047,0.07288708101370865,-2.0739925096181775
2048-10-30,2048-11-27,22.43888888888889,0.07309211690117699,0.07288708101370579,-2.0503588747119994
2048-11-06,2048-12-04,22.458333333333332,0.0730897575279659,0.07288708101370865,-2.0267651425724678
2048-11-13,2048-12-11,22.477777777777778,0.07308740215192883,0.07288708101370865,-2.003211382201747
2048-11-20,2048-12-18,22.497222222222224,0.07308505077987748,0.07288708101370579,-1.9796976617168782
2048-11-27,2048-12-25,22.516666666666666,0.07308270341850363,0.07288708101370865,-1.9562240479498172
2048-12-04,2049-01-01,22.53611111111111,0.07308036007436204,0.07288708101370293,-1.9327906065910727
2048-12-11,2049-01-08,22.555555555555557,0.0730780207539418,0.07288708101370579,-1.9093974023601246
2048-12-18,2049-01-15,22.575,0.07307568546359214,0.07288708101370865,-1.8860444988348657
2048-12-25,2049-01-22,22.594444444444445,0.0730733542095452,0.07288708101370579,-1.8627319583940094
2049-01-01,2049-01-29,22.613888888888887,0.07307102699795319,0.07288708101370865,-1.839459842445379
2049-01-08,2049-02-05,22.633333333333333,0.07306870383483702,0.07288708101370865,-1.8162282112836603
2049-01-15,2049-02-12,22.65277777777778,0.07306638472612338,0.07288708101370579,-1.7930371241758891
2049-01-22,2049-02-19,22.67222222222222,0.07306406967763333,0.07288708101370865,-1.7698866392468204
2049-01-29,2049-02-26,22.691666666666666,0.07306175869507373,0.0728870810137115,-1.746776813622286
2049-02-05,2049-03-05,22.711111111111112,0.07305945178403725,0.07288708101370579,-1.7237077033145642
2049-02-12,2049-03-12,22.730555555555554,0.07305714895004803,0.07288708101370865,-1.70067936339377
2049-02-19,2049-03-19,22.75,0.07305485019847037,0.07288708101370865,-1.6776918476171798
2049-02-26,2049-03-26,22.769444444444446,0.07305255553463143,0.07288708101370293,-1.6547452092849357
2049-03-05,2049-04-02,22.788888888888888,0.07305026496370706,0.07288708101370865,-1.6318394999841057
2049-03-12,2049-04-09,22.808333333333334,0.07304797849078463,0.07288708101370865,-1.60897477075983
2049-03-19,2049-04-16,22.82777777777778,0.0730456961208573,0.07288708101370579,-1.5861510715151073
2049-03-26,2049-04-23,22.84722222222222,0.07304341785880686,0.0728870810137115,-1.5633684509536172
2049-04-02,2049-04-30,22.866666666666667,0.07304114370942948,0.07288708101370579,-1.5406269572368347
2049-04-09,2049-05-07,22.886111111111113,0.07303887367740997,0.07288708101370579,-1.5179266370417277
2049-04-16,2049-05-14,22.905555555555555,0.07303660776734468,0.07288708101370865,-1.4952675363602563
2049-04-23,2049-05-21,22.925,0.07303434598370144,0.07288708101370293,-1.4726496999850625
2049-04-30,2049-05-28,22.944444444444443,0.0730320883309053,0.07288708101370865,-1.450073171966465
2049-05-07,2049-06-04,22.96388888888889,0.07302983481323283,0.07288708101370865,-1.4275379952417844
2049-05-14,2049-06-11,22.983333333333334,0.0730275854348864,0.07288708101370579,-1.4050442118060391
2049-05-21,2049-06-18,23.002777777777776,0.07302534019999124,0.07288708101370865,-1.3825918628258826
2049-05-28,2049-06-25,23.022222222222222,0.07302309911252707,0.07288708101370865,-1.3601809881841342
2049-06-04,2049-07-02,23.041666666666668,0.07302086217644213,0.07288708101370579,-1.3378116273633778
2049-06-11,2049-07-09,23.06111111111111,0.0730186293955391,0.07288708101370865,-1.3154838183045137
2049-06-18,2049-07-16,23.080555555555556,0.07301640077356357,0.0728870810137115,-1.293197598520729
2049-06-25,2049-07-23,23.1,0.07301417631414406,0.07288708101370579,-1.2709530043826522
2049-07-02,2049-07-30,23.119444444444444,0.07301195602083199,0.07288708101370865,-1.248750071233401
2049-07-09,2049-08-06,23.13888888888889,0.07300973989707892,0.07288708101370579,-1.2265888337312236
2049-07-16,2049-08-13,23.158333333333335,0.07300752794624499,0.07288708101370293,-1.2044693254205374
2049-07-23,2049-08-20,23.177777777777777,0.07300532017161901,0.07288708101370865,-1.1823915791035755
2049-07-30,2049-08-27,23.197222222222223,0.07300311657636417,0.07288708101370579,-1.1603556265837867
2049-08-06,2049-09-03,23.216666666666665,0.07300091716360083,0.07288708101370865,-1.1383614989217417
2049-08-13,2049-09-10,23.23611111111111,0.07299872193631517,0.0728870810137115,-1.116409226036702
2049-08-20,2049-09-17,23.255555555555556,0.07299653089743911,0.07288708101370579,-1.094498837333202
2049-08-27,2049-09-24,23.275,0.07299434404981042,0.07288708101370865,-1.0726303610177068
2049-09-03,2049-10-01,23.294444444444444,0.0729921613961726,0.07288708101370865,-1.0508038246394291
2049-09-10,2049-10-08,23.31388888888889,0.07298998293918066,0.07288708101370293,-1.029019254777247
2049-09-17,2049-10-15,23.333333333333332,0.0729878086814154,0.07288708101370865,-1.007276677067459
2049-09-24,2049-10-22,23.352777777777778,0.07298563862536911,0.07288708101370865,-0.9855761166045751
2049-10-01,2049-10-29,23.372222222222224,0.07298347277343988,0.07288708101370579,-0.9639175973408243
2049-10-08,2049-11-05,23.391666666666666,0.07298131112796868,0.07288708101370865,-0.9423011426003269
2049-10-15,2049-11-12,23.41111111111111,0.07297915369118232,0.07288708101370579,-0.9207267747653181
2049-10-22,2049-11-19,23.430555555555557,0.07297700046524191,0.07288708101370579,-0.899194515361218
2049-10-29,2049-11-26,23.45,0.0729748514522258,0.07288708101370865,-0.8777043851715405
2049-11-05,2049-12-03,23.469444444444445,0.07297270665412382,0.07288708101370865,-0.8562564041517118
2049-11-12,2049-12-10,23.488888888888887,0.07297056607285729,0.07288708101370865,-0.8348505914863857
2049-11-19,2049-12-17,23.508333333333333,0.07296842971026189,0.07288708101370865,-0.8134869655324062
2049-11-26,2049-12-24,23.52777777777778,0.07296629756808194,0.07288708101370579,-0.7921655437614916
2049-12-03,2049-12-31,23.54722222222222,0.07296416964799324,0.07288708101370579,-0.7708863428744495
2049-12-10,2050-01-07,23.566666666666666,0.07296204595160592,0.07288708101370865,-0.7496493789727054
2049-12-17,2050-01-14,23.586111111111112,0.07295992648041594,0.07288708101370579,-0.7284546671014469
2049-12-24,2050-01-21,23.605555555555554,0.07295781123589354,0.07288708101370865,-0.7073022218488656
2049-12-31,2050-01-28,23.625,0.07295570021938907,0.0728870810137115,-0.6861920567757807
2050-01-07,2050-02-04,23.644444444444446,0.07295359343217868,0.07288708101370579,-0.6651241847288603
2050-01-14,2050-02-11,23.663888888888888,0.07295149087548707,0.07288708101370865,-0.644098617784139
2050-01-21,2050-02-18,23.683333333333334,0.07294939255045334,0.07288708101370865,-0.6231153674468581
2050-01-28,2050-02-25,23.70277777777778,0.07294729845813094,0.07288708101370293,-0.6021744442800958
2050-02-04,2050-03-04,23.72222222222222,0.0729452085995105,0.07288708101370865,-0.5812758580184263
2050-02-11,2050-03-11,23.741666666666667,0.07294312297551413,0.07288708101370579,-0.560419618083341
2050-02-18,2050-03-18,23.761111111111113,0.0729410415869669,0.07288708101370579,-0.5396057326111092
2050-02-25,2050-03-25,23.780555555555555,0.07293896443465389,0.07288708101370579,-0.5188342094809839
2050-03-04,2050-04-01,23.8,0.07293689151926028,0.07288708101370579,-0.4981050555448452
2050-03-11,2050-04-08,23.819444444444443,0.07293482284141126,0.07288708101370865,-0.4774182770260482
2050-03-18,2050-04-15,23.83888888888889,0.07293275840166924,0.07288708101370865,-0.4567738796058818
2050-03-25,2050-04-22,23.858333333333334,0.07293069820048816,0.07288708101370865,-0.43617186779504324
2050-04-01,2050-04-29,23.877777777777776,0.07292864223831907,0.07288708101370865,-0.41561224610423
2050-04-08,2050-05-06,23.897222222222222,0.07292659051548173,0.07288708101370865,-0.3950950177307455
2050-04-15,2050-05-13,23.916666666666668,0.07292454303224163,0.07288708101370579,-0.37462018535841524
2050-04-22,2050-05-20,23.93611111111111,0.07292249978883573,0.07288708101370865,-0.35418775127082913
2050-04-29,2050-05-27,23.955555555555556,0.07292046078536682,0.07288708101370865,-0.33379771658167967
2050-05-06,2050-06-03,23.975,0.07291842602191766,0.07288708101370579,-0.3134500821186381
2050-05-13,2050-06-10,23.994444444444444,0.07291639549849968,0.07288708101370865,-0.2931448479102927
2050-05-20,2050-06-17,24.01388888888889,0.07291436921502724,0.07288708101370293,-0.2728820132430476
2050-05-27,2050-06-24,24.033333333333335,0.07291234717138614,0.07288708101370579,-0.252661576803509
2050-06-03,2050-07-01,24.052777777777777,0.07291032936737654,0.07288708101370865,-0.23248353667890131
2050-06-10,2050-07-08,24.072222222222223,0.07290831580272153,0.07288708101370579,-0.2123478901573661
2050-06-17,2050-07-15,24.091666666666665,0.07290630647712419,0.07288708101370865,-0.19225463415539767
2050-06-24,2050-07-22,24.11111111111111,0.07290430139016202,0.07288708101370865,-0.17220376453366826
2050-07-01,2050-07-29,24.130555555555556,0.07290230054139821,0.07288708101370579,-0.15219527692414414
2050-07-08,2050-08-05,24.15,0.07290030393031602,0.07288708101370865,-0.1322291660736663
2050-07-15,2050-08-12,24.169444444444444,0.0728983115563188,0.07288708101370865,-0.11230542610152217
2050-07-22,2050-08-19,24.18888888888889,0.07289632341878136,0.07288708101370579,-0.09242405075562954
2050-07-29,2050-08-26,24.208333333333332,0.07289433951698422,0.07288708101370865,-0.07258503275570094
2050-08-05,2050-09-02,24.227777777777778,0.07289235985017088,0.07288708101370865,-0.05278836462230263
2050-08-12,2050-09-09,24.247222222222224,0.07289038441750773,0.07288708101370865,-0.033034037990736786
2050-08-19,2050-09-16,24.266666666666666,0.07288841321810688,0.07288708101370865,-0.013322043982272325
2050-08-26,2050-09-23,24.28611111111111,0.07288644625102624,0.07288708101370579,0.006347626795577543
2050-09-02,2050-09-30,24.305555555555557,0.07288448351524661,0.07288708101370579,0.02597498459183667
2050-09-09,2050-10-07,24.325,0.07288252500971458,0.07288708101370865,0.045560039940717445
2050-09-16,2050-10-14,24.344444444444445,0.07288057073329673,0.07288708101370293,0.06510280406199498
2050-09-23,2050-10-21,24.363888888888887,0.07287862068480834,0.07288708101370865,0.08460328900311564
2050-09-30,2050-10-28,24.383333333333333,0.07287667486301322,0.07288708101370865,0.10406150695432825
2050-10-07,2050-11-04,24.40277777777778,0.07287473326659814,0.07288708101370293,0.12347747104790585
2050-10-14,2050-11-11,24.42222222222222,0.07287279589421848,0.07288708101370865,0.14285119490170528
2050-10-21,2050-11-18,24.441666666666666,0.07287086274446392,0.07288708101370865,0.16218269244736017
2050-10-28,2050-11-25,24.461111111111112,0.0728689338158528,0.07288708101370579,0.18147197852994013
2050-11-04,2050-12-02,24.480555555555554,0.0728670091068806,0.07288708101370865,0.20071906828053598
2050-11-11,2050-12-09,24.5,0.07286508861595431,0.07288708101370865,0.21992397754341808
2050-11-18,2050-12-16,24.519444444444446,0.07286317234143239,0.07288708101370579,0.2390867227340665
2050-11-25,2050-12-23,24.538888888888888,0.07286126028164475,0.07288708101370865,0.2582073206390534
2050-12-02,2050-12-30,24.558333333333334,0.0728593524348442,0.07288708101370865,0.2772857886444713
2050-12-09,2051-01-06,24.57777777777778,0.07285744879921222,0.07288708101370865,0.2963221449643616
2050-12-16,2051-01-13,24.59722222222222,0.07285554937293025,0.07288708101370865,0.3153164077840387
2050-12-23,2051-01-20,24.616666666666667,0.07285365415407982,0.07288708101370293,0.3342685962311187
2050-12-30,2051-01-27,24.636111111111113,0.07285176314070821,0.07288708101370865,0.35317873000442757
2051-01-06,2051-02-03,24.655555555555555,0.07284987633081702,0.07288708101370865,0.37204682891631147
2051-01-13,2051-02-10,24.675,0.0728479937223365,0.07288708101370579,0.39087291369296895
2051-01-20,2051-02-17,24.694444444444443,0.07284611531316543,0.0728870810137115,0.40965700546069517
2051-01-27,2051-02-24,24.71388888888889,0.07284424110114841,0.07288708101370865,0.4283991256023856
2051-02-03,2051-03-03,24.733333333333334,0.07284237108407009,0.07288708101370579,0.44709929635705636
2051-02-10,2051-03-10,24.752777777777776,0.07284050525967795,0.07288708101370579,0.46575754027847194
2051-02-17,2051-03-17,24.772222222222222,0.07283864362566529,0.07288708101370865,0.4843738804335973
2051-02-24,2051-03-24,24.791666666666668,0.0728367861796483,0.07288708101370293,0.5029483405463719
2051-03-03,2051-03-31,24.81111111111111,0.07283493291926314,0.07288708101370865,0.5214809444550883
2051-03-10,2051-04-07,24.830555555555556,0.07283308384202611,0.0728870810137115,0.539971716853882
2051-03-17,2051-04-14,24.85,0.07283123894543632,0.07288708101370579,0.558420682694738
2051-03-24,2051-04-21,24.869444444444444,0.0728293982269701,0.07288708101370865,0.5768278673855265
2051-03-31,2051-04-28,24.88888888888889,0.07282756168400097,0.07288708101370579,0.5951932970482687
2051-04-07,2051-05-05,24.908333333333335,0.07282572931389675,0.07288708101370579,0.613516998090452
2051-04-14,2051-05-12,24.927777777777777,0.07282390111398815,0.07288708101370865,0.6317989972050297
2051-04-21,2051-05-19,24.947222222222223,0.07282207708149452,0.07288708101370865,0.6500393221413325
2051-04-28,2051-05-26,24.966666666666665,0.07282025721368093,0.07288708101370865,0.6682380002771826
2051-05-05,2051-06-02,24.98611111111111,0.07281844150770109,0.07288708101370865,0.6863950600756452
2051-05-12,2051-06-09,25.005555555555556,0.07281662996067727,0.07288708101370293,0.7045105302566634
2051-05-19,2051-06-16,25.025,0.07281482256972321,0.07288708101370865,0.7225844398543735
2051-05-26,2051-06-23,25.044444444444444,0.0728130193318442,0.07288708101370865,0.7406168186445405
2051-06-02,2051-06-30,25.06388888888889,0.0728112202440626,0.07288708101370579,0.7586076964319344
2051-06-09,2051-07-07,25.083333333333332,0.07280942530333512,0.07288708101370865,0.7765571037353369
2051-06-16,2051-07-14,25.102777777777778,0.07280763450655568,0.07288708101370865,0.794465071529693
2051-06-23,2051-07-21,25.122222222222224,0.07280584785060393,0.07288708101370579,0.8123316310186535
2051-06-30,2051-07-28,25.141666666666666,0.07280406533231096,0.07288708101370865,0.83015681397694
2051-07-07,2051-08-04,25.16111111111111,0.0728022869484365,0.07288708101370865,0.8479406527214794
2051-07-14,2051-08-11,25.180555555555557,0.07280051269575744,0.07288708101370009,0.8656831794265352
2051-07-21,2051-08-18,25.2,0.07279874257096498,0.07288708101370865,0.8833844274366842
2051-07-28,2051-08-25,25.219444444444445,0.07279697657071324,0.07288708101370579,0.9010444299255294
2051-08-04,2051-09-01,25.238888888888887,0.07279521469164774,0.07288708101370865,0.9186632206091561
2051-08-11,2051-09-08,25.258333333333333,0.07279345693031981,0.07288708101370865,0.9362408338883799
2051-08-18,2051-09-15,25.27777777777778,0.07279170328328936,0.07288708101370579,0.9537773041642938
2051-08-25,2051-09-22,25.29722222222222,0.07278995374705063,0.07288708101370865,0.9712726665801752
2051-09-01,2051-09-29,25.316666666666666,0.07278820831806643,0.07288708101370865,0.9887269564222423
2051-09-08,2051-10-06,25.336111111111112,0.07278646699277674,0.07288708101370579,1.0061402092904903
2051-09-15,2051-10-13,25.355555555555554,0.07278472976755593,0.07288708101370865,1.0235124615272373
2051-09-22,2051-10-20,25.375,0.07278299663875545,0.07288708101370579,1.0408437495033895
2051-09-29,2051-10-27,25.394444444444446,0.072781267602684,0.07288708101370579,1.058134110217962
2051-10-06,2051-11-03,25.413888888888888,0.07277954265563023,0.07288708101370865,1.0753835807841838
2051-10-13,2051-11-10,25.433333333333334,0.07277782179381147,0.07288708101370865,1.0925921989718423
2051-10-20,2051-11-17,25.45277777777778,0.07277610501343933,0.07288708101370579,1.1097600026646615
2051-10-27,2051-11-24,25.47222222222222,0.07277439231067971,0.07288708101370865,1.126887030289403
2051-11-03,2051-12-01,25.491666666666667,0.0727726836816443,0.07288708101370579,1.143973320614916
2051-11-10,2051-12-08,25.511111111111113,0.07277097912245908,0.07288708101370579,1.1610189124670878
2051-11-17,2051-12-15,25.530555555555555,0.07276927862915862,0.07288708101370865,1.178023845500309
2051-11-24,2051-12-22,25.55,0.07276758219776612,0.07288708101370579,1.194988159396726
2051-12-01,2051-12-29,25.569444444444443,0.0727658898242762,0.07288708101370865,1.2119118943244855
2051-12-08,2052-01-05,25.58888888888889,0.07276420150463211,0.07288708101370865,1.2287950907653722
2051-12-15,2052-01-12,25.608333333333334,0.07276251723476568,0.07288708101370579,1.2456377894011494
2051-12-22,2052-01-19,25.627777777777776,0.07276083701056019,0.07288708101370865,1.2624400314846518
2051-12-29,2052-01-26,25.647222222222222,0.0727591608278704,0.07288708101370865,1.2792018583825115
2052-01-05,2052-02-02,25.666666666666668,0.07275748868251108,0.07288708101370865,1.295923311975672
2052-01-12,2052-02-09,25.68611111111111,0.07275582057027417,0.07288708101370865,1.3126044343447774
2052-01-19,2052-02-16,25.705555555555556,0.07275415648691164,0.07288708101370865,1.3292452679701527
2052-01-26,2052-02-23,25.725,0.07275249642814119,0.07288708101370579,1.3458458556460384
2052-02-02,2052-03-01,25.744444444444444,0.07275084038966055,0.07288708101370579,1.3624062404524184
2052-02-09,2052-03-08,25.76388888888889,0.0727491883671275,0.07288708101370579,1.3789264657829148
2052-02-16,2052-03-15,25.783333333333335,0.07274754035617123,0.07288708101370579,1.3954065753456202
2052-02-23,2052-03-22,25.802777777777777,0.07274589635239526,0.07288708101370865,1.4118466131339547
2052-03-01,2052-03-29,25.822222222222223,0.07274425635135456,0.07288708101370579,1.4282466235122915
2052-03-08,2052-04-05,25.841666666666665,0.07274262034858989,0.07288708101370865,1.4446066511876465
2052-03-15,2052-04-12,25.86111111111111,0.0727409883396105,0.07288708101370865,1.4609267409815274
2052-03-22,2052-04-19,25.880555555555556,0.07273936031987718,0.07288708101370579,1.4772069382860964
2052-03-29,2052-04-26,25.9,0.07273773628487071,0.07288708101370865,1.4934472883794403
2052-04-05,2052-05-03,25.919444444444444,0.0727361162299719,0.07288708101370865,1.509647837367456
2052-04-12,2052-05-10,25.93888888888889,0.07273450015059588,0.07288708101370579,1.5258086310991625
2052-04-19,2052-05-17,25.958333333333332,0.07273288804210346,0.07288708101370865,1.5419297160519652
2052-04-26,2052-05-24,25.977777777777778,0.07273127989980699,0.07288708101370865,1.5580111390166296
2052-05-03,2052-05-31,25.997222222222224,0.07272967571903305,0.07288708101370579,1.574052946727439
2052-05-10,2052-06-07,26.016666666666666,0.07272807549503973,0.07288708101370865,1.590055186689171
2052-05-17,2052-06-14,26.03611111111111,0.07272647922308512,0.07288708101370865,1.606017906235352
2052-05-24,2052-06-21,26.055555555555557,0.07272488689840159,0.07288708101370865,1.6219411530705996
2052-05-31,2052-06-28,26.075,0.07272329851617013,0.07288708101370865,1.6378249753852547
2052-06-07,2052-07-05,26.094444444444445,0.07272171407157174,0.07288708101370293,1.6536694213119263
2052-06-14,2052-07-12,26.113888888888887,0.07272013355974176,0.07288708101370579,1.6694745396403365
2052-06-21,2052-07-19,26.133333333333333,0.07271855697579552,0.07288708101370865,1.685240379131342
2052-06-28,2052-07-26,26.15277777777778,0.07271698431482264,0.07288708101370579,1.7009669888315426
2052-07-05,2052-08-02,26.17222222222222,0.07271541557190135,0.0728870810137115,1.7166544181014542
2052-07-12,2052-08-09,26.191666666666666,0.07271385074206137,0.07288708101370865,1.7323027164728444
2052-07-19,2052-08-16,26.211111111111112,0.07271228982031522,0.07288708101370579,1.7479119339057492
2052-07-26,2052-08-23,26.230555555555554,0.07271073280167549,0.07288708101370865,1.7634821203316164
2052-08-02,2052-08-30,26.25,0.0727091796810805,0.07288708101370865,1.7790133262815533
2052-08-09,2052-09-06,26.269444444444446,0.07270763045348286,0.07288708101370579,1.7945056022293515
2052-08-16,2052-09-13,26.288888888888888,0.07270608511380663,0.07288708101370865,1.8099589990201725
2052-08-23,2052-09-20,26.308333333333334,0.07270454365694162,0.07288708101370865,1.825373567670291
2052-08-30,2052-09-27,26.32777777777778,0.07270300607775765,0.07288708101370579,1.8407493594814472
2052-09-06,2052-10-04,26.34722222222222,0.07270147237111026,0.07288708101370865,1.8560864259839494
2052-09-13,2052-10-11,26.366666666666667,0.07269994253181787,0.07288708101370579,1.8713848188792181
2052-09-20,2052-10-18,26.386111111111113,0.07269841655468179,0.07288708101370579,1.8866445902400442
2052-09-27,2052-10-25,26.405555555555555,0.0726968944344976,0.07288708101370865,1.901865792110491
2052-10-04,2052-11-01,26.425,0.07269537616600097,0.07288708101370865,1.917048477076827
2052-10-11,2052-11-08,26.444444444444443,0.0726938617439532,0.07288708101370579,1.9321926975258974
2052-10-18,2052-11-15,26.46388888888889,0.07269235116305284,0.07288708101370865,1.9472985065581427
2052-10-25,2052-11-22,26.483333333333334,0.07269084441798412,0.07288708101370293,1.9623659571881003
2052-11-01,2052-11-29,26.502777777777776,0.072689341503457,0.07288708101370579,1.9773951024879
2052-11-08,2052-12-06,26.522222222222222,0.07268784241408152,0.07288708101370865,1.9923859962713009
2052-11-15,2052-12-13,26.541666666666668,0.07268634714450764,0.07288708101370579,2.0073386919815253
2052-11-22,2052-12-20,26.56111111111111,0.07268485568935969,0.0728870810137115,2.0222532435180964
2052-11-29,2052-12-27,26.580555555555556,0.07268336804319057,0.0728870810137115,2.0371297052092228
2052-12-06,2053-01-03,26.6,0.0726818842006132,0.07288708101370579,2.05196813092598
2052-12-13,2053-01-10,26.619444444444444,0.07268040415614621,0.07288708101370865,2.0667685756244056
2052-12-20,2053-01-17,26.63888888888889,0.07267892790433685,0.07288708101370579,2.0815310936894704
2052-12-27,2053-01-24,26.658333333333335,0.07267745543970376,0.07288708101370579,2.096255740020314
2053-01-03,2053-01-31,26.677777777777777,0.07267598675673138,0.07288708101370865,2.110942569772678
2053-01-10,2053-02-07,26.697222222222223,0.07267452184988699,0.07288708101370579,2.1255916381880677
2053-01-17,2053-02-14,26.716666666666665,0.07267306071364926,0.07288708101370865,2.1402030005938935
2053-01-24,2053-02-21,26.73611111111111,0.07267160334243128,0.07288708101370865,2.1547767127737263
2053-01-31,2053-02-28,26.755555555555556,0.07267014973065747,0.07288708101370579,2.1693128304832445
2053-02-07,2053-03-07,26.775,0.07266869987274374,0.07288708101370865,2.1838114096491
2053-02-14,2053-03-14,26.794444444444444,0.07266725376306603,0.07288708101370865,2.1982725064262354
2053-02-21,2053-03-21,26.81388888888889,0.0726658113959774,0.07288708101370865,2.212696177312512
2053-02-28,2053-03-28,26.833333333333332,0.07266437276587093,0.07288708101370865,2.2270824783772456
2053-03-07,2053-04-04,26.852777777777778,0.0726629378670426,0.07288708101370865,2.241431466660504
2053-03-14,2053-04-11,26.872222222222224,0.07266150669380268,0.07288708101370293,2.2557431990025134
2053-03-21,2053-04-18,26.891666666666666,0.07266007924048999,0.07288708101370579,2.270017732158014
2053-03-28,2053-04-25,26.91111111111111,0.0726586555013377,0.07288708101370579,2.284255123680967
2053-04-04,2053-05-02,26.930555555555557,0.07265723547065608,0.07288708101370579,2.2984554304970874
2053-04-11,2053-05-09,26.95,0.07265581914268118,0.0728870810137115,2.312618710303138
2053-04-18,2053-05-16,26.969444444444445,0.07265440651163761,0.07288708101370579,2.3267450206818086
2053-04-25,2053-05-23,26.988888888888887,0.07265299757176713,0.07288708101370865,2.340834419415211
2053-05-02,2053-05-30,27.008333333333333,0.07265159231726008,0.0728870810137115,2.3548869645141632
2053-05-09,2053-06-06,27.02777777777778,0.07265019074230114,0.07288708101370579,2.3689027140465226
2053-05-16,2053-06-13,27.04722222222222,0.0726487928410892,0.07288708101370579,2.3828817261659085
2053-05-23,2053-06-20,27.066666666666666,0.07264739860776327,0.07288708101370865,2.396824059453795
2053-05-30,2053-06-27,27.086111111111112,0.07264600803647658,0.07288708101370579,2.4107297722920915
2053-06-06,2053-07-04,27.105555555555554,0.07264462112137096,0.07288708101370579,2.4245989233483147
2053-06-13,2053-07-11,27.125,0.0726432378565597,0.07288708101370865,2.438431571489541
2053-06-20,2053-07-18,27.144444444444446,0.07264185823613323,0.07288708101370579,2.4522277757256514
2053-06-27,2053-07-25,27.163888888888888,0.07264048225420483,0.07288708101370865,2.465987595038216
2053-07-04,2053-08-01,27.183333333333334,0.0726391099048364,0.07288708101370865,2.4797110887225804
2053-07-11,2053-08-08,27.20277777777778,0.07263774118208412,0.0728870810137115,2.493398316273793
2053-07-18,2053-08-15,27.22222222222222,0.07263637608001844,0.07288708101370865,2.5070493369021287
2053-07-25,2053-08-22,27.241666666666667,0.07263501459267273,0.07288708101370865,2.520664210359236
2053-08-01,2053-08-29,27.261111111111113,0.07263365671406888,0.07288708101370293,2.5342429963405575
2053-08-08,2053-09-05,27.280555555555555,0.07263230243822313,0.07288708101370865,2.547785754855175
2053-08-15,2053-09-12,27.3,0.07263095175914026,0.07288708101370579,2.5612925456552915
2053-08-22,2053-09-19,27.319444444444443,0.07262960467080225,0.07288708101370865,2.574763429064042
2053-08-29,2053-09-26,27.33888888888889,0.07262826116718532,0.07288708101370865,2.58819846523331
2053-09-05,2053-10-03,27.358333333333334,0.07262692124226572,0.07288708101370293,2.601597714372156
2053-09-12,2053-10-10,27.377777777777776,0.07262558488997975,0.07288708101370865,2.6149612372890205
2053-09-19,2053-10-17,27.397222222222222,0.07262425210428367,0.07288708101370865,2.6282890942498636
2053-09-26,2053-10-24,27.416666666666668,0.07262292287910231,0.07288708101370865,2.641581346063404
2053-10-03,2053-10-31,27.43611111111111,0.0726215972083634,0.07288708101370579,2.654838053423869
2053-10-10,2053-11-07,27.455555555555556,0.0726202750859804,0.0728870810137115,2.6680592773109524
2053-10-17,2053-11-14,27.475,0.07261895650583819,0.07288708101370009,2.681245078618999
2053-10-24,2053-11-21,27.494444444444444,0.07261764146183593,0.07288708101370865,2.694395518727244
2053-10-31,2053-11-28,27.51388888888889,0.07261632994784709,0.0728870810137115,2.707510658644108
2053-11-07,2053-12-05,27.533333333333335,0.07261502195774515,0.07288708101370579,2.7205905596064395
2053-11-14,2053-12-12,27.552777777777777,0.07261371748538359,0.07288708101371436,2.733635283307667
2053-11-21,2053-12-19,27.572222222222223,0.07261241652461305,0.07288708101370293,2.746644890898875
2053-11-28,2053-12-26,27.591666666666665,0.07261111906927559,0.07288708101370865,2.7596194443306468
2053-12-05,2054-01-02,27.61111111111111,0.07260982511319616,0.07288708101370865,2.7725590051248803
2053-12-12,2054-01-09,27.630555555555556,0.07260853465020542,0.07288708101370293,2.7854636349751436
2053-12-19,2054-01-16,27.65,0.07260724767411686,0.07288708101370865,2.7983333959179237
2053-12-26,2054-01-23,27.669444444444444,0.07260596417871261,0.07288708101370865,2.8111683499604245
2054-01-02,2054-01-30,27.68888888888889,0.0726046841578005,0.07288708101370579,2.823968559052953
2054-01-09,2054-02-06,27.708333333333332,0.07260340760516547,0.07288708101370865,2.8367340854318357
2054-01-16,2054-02-13,27.727777777777778,0.07260213451458679,0.07288708101370865,2.849464991218631
2054-01-23,2054-02-20,27.747222222222224,0.07260086487983802,0.07288708101370009,2.8621613386206612
2054-01-30,2054-02-27,27.766666666666666,0.07259959869467274,0.07288708101370865,2.8748231903591437
2054-02-06,2054-03-06,27.78611111111111,0.0725983359528445,0.07288708101370293,2.887450608584363
2054-02-13,2054-03-13,27.805555555555557,0.07259707664809831,0.07288708101370865,2.90004365610344
2054-02-20,2054-03-20,27.825,0.07259582077418202,0.07288708101370865,2.9126023952663616
2054-02-27,2054-03-27,27.844444444444445,0.0725945683248178,0.07288708101370865,2.925126888908558
2054-03-06,2054-04-03,27.863888888888887,0.07259331929373351,0.07288708101370865,2.9376171997513856
2054-03-13,2054-04-10,27.883333333333333,0.07259207367464564,0.07288708101370865,2.950073390630137
2054-03-20,2054-04-17,27.90277777777778,0.07259083146124207,0.07288708101370865,2.962495524665848
2054-03-27,2054-04-24,27.92222222222222,0.07258959264726782,0.07288708101370865,2.9748836644083454
2054-04-03,2054-05-01,27.941666666666666,0.07258835722638222,0.07288708101370865,2.98723787326427
2054-04-10,2054-05-08,27.961111111111112,0.07258712519228748,0.07288708101370293,2.9995582141545407
2054-04-17,2054-05-15,27.980555555555554,0.0725858965386829,0.07288708101370865,3.0118447502575085
2054-04-24,2054-05-22,28.0,0.07258467125922216,0.0728870810137115,3.024097544893356
2054-05-01,2054-05-29,28.019444444444446,0.07258344934758457,0.07288708101370865,3.0363166612408508
2054-05-08,2054-06-05,28.038888888888888,0.07258223079743235,0.07288708101370865,3.0485021627629783
2054-05-15,2054-06-12,28.058333333333334,0.07258101560244201,0.07288708101370865,3.0606541126664
2054-05-22,2054-06-19,28.07777777777778,0.07257980375623863,0.07288708101370579,3.0727725746716725
2054-05-29,2054-06-26,28.09722222222222,0.07257859525249868,0.07288708101370865,3.0848576120996727
2054-06-05,2054-07-03,28.116666666666667,0.07257739008485015,0.07288708101370865,3.0969092885850538
2054-06-12,2054-07-10,28.136111111111113,0.07257618824693239,0.07288708101370293,3.10892766770543
2054-06-19,2054-07-17,28.155555555555555,0.07257498973238478,0.07288708101370293,3.120912813181498
2054-06-26,2054-07-24,28.175,0.07257379453482958,0.07288708101370293,3.132864788733536
2054-07-03,2054-07-31,28.194444444444443,0.07257260264790043,0.07288708101370865,3.1447836580822397
2054-07-10,2054-08-07,28.21388888888889,0.0725714140651996,0.07288708101370865,3.1566694850905517
2054-07-17,2054-08-14,28.233333333333334,0.07257022878035217,0.07288708101370865,3.168522333564794
2054-07-24,2054-08-21,28.252777777777776,0.07256904678697186,0.07288708101370865,3.1803422673679083
2054-07-31,2054-08-28,28.272222222222222,0.0725678680786609,0.07288708101370579,3.19212935044888
2054-08-07,2054-09-04,28.291666666666668,0.07256669264901872,0.07288708101370865,3.2038836468993583
2054-08-14,2054-09-11,28.31111111111111,0.07256552049165897,0.07288708101370865,3.2156052204967978
2054-08-21,2054-09-18,28.330555555555556,0.07256435160014967,0.0728870810137115,3.2272941356183136
2054-08-28,2054-09-25,28.35,0.07256318596809308,0.07288708101370293,3.2389504560985385
2054-09-04,2054-10-02,28.369444444444444,0.0725620235890829,0.07288708101370579,3.25057424622896
2054-09-11,2054-10-09,28.38888888888889,0.07256086445669853,0.07288708101370293,3.262165570044051
2054-09-18,2054-10-16,28.408333333333335,0.07255970856451942,0.07288708101370865,3.273724491892338
2054-09-25,2054-10-23,28.427777777777777,0.07255855590613638,0.07288708101370865,3.285251075722667
2054-10-02,2054-10-30,28.447222222222223,0.07255740647510317,0.07288708101370579,3.2967453860262284
2054-10-09,2054-11-06,28.466666666666665,0.07255626026500776,0.07288708101371436,3.308207487065923
2054-10-16,2054-11-13,28.48611111111111,0.07255511726941531,0.0728870810137115,3.319637442961848
2054-10-23,2054-11-20,28.505555555555556,0.07255397748188523,0.07288708101370865,3.331035318234199
2054-10-30,2054-11-27,28.525,0.0725528408959884,0.07288708101370865,3.3424011772024977
2054-11-06,2054-12-04,28.544444444444444,0.07255170750527284,0.07288708101370293,3.3537350843008964
2054-11-13,2054-12-11,28.56388888888889,0.07255057730332082,0.07288708101370009,3.365037103792712
2054-11-20,2054-12-18,28.583333333333332,0.0725494502836832,0.07288708101370865,3.3763073002544832
2054-11-27,2054-12-25,28.602777777777778,0.07254832643990802,0.07288708101370579,3.3875457379776988
2054-12-04,2055-01-01,28.622222222222224,0.07254720576554899,0.07288708101370865,3.3987524815966283
2054-12-11,2055-01-08,28.641666666666666,0.0725460882541627,0.0728870810137115,3.4099275954879715
2054-12-18,2055-01-15,28.66111111111111,0.07254497389928576,0.07288708101370009,3.421071144143334
2054-12-25,2055-01-22,28.680555555555557,0.07254386269448901,0.07288708101370865,3.4321831921964305
2055-01-01,2055-01-29,28.7,0.07254275463331476,0.0728870810137115,3.443263803967339
2055-01-08,2055-02-05,28.719444444444445,0.07254164970929391,0.07288708101370865,3.4543130441473666
2055-01-15,2055-02-12,28.738888888888887,0.07254054791599446,0.0728870810137115,3.465330977170389
2055-01-22,2055-02-19,28.758333333333333,0.07253944924693588,0.07288708101370865,3.476317667727713
2055-01-29,2055-02-26,28.77777777777778,0.07253835369566046,0.07288708101370293,3.4872731804247437
2055-02-05,2055-03-05,28.79722222222222,0.07253726125573623,0.07288708101370865,3.4981975797242217
2055-02-12,2055-03-12,28.816666666666666,0.07253617192067693,0.07288708101370865,3.5090909303171767
2055-02-19,2055-03-19,28.836111111111112,0.072535085684042,0.07288708101370293,3.5199532966093128
2055-02-26,2055-03-26,28.855555555555554,0.07253400253937947,0.07288708101371436,3.530784743348836
2055-03-05,2055-04-02,28.875,0.07253292248020594,0.07288708101370865,3.5415853350270754
2055-03-12,2055-04-09,28.894444444444446,0.07253184550006088,0.07288708101370865,3.552355136477725
2055-03-19,2055-04-16,28.913888888888888,0.07253077159250086,0.07288708101370865,3.5630942120778997
2055-03-26,2055-04-23,28.933333333333334,0.07252970075105106,0.07288708101370293,3.573802626518768
2055-04-02,2055-04-30,28.95277777777778,0.07252863296925664,0.07288708101370293,3.584480444462912
2055-04-09,2055-05-07,28.97222222222222,0.07252756824066278,0.07288708101370865,3.595127730458697
2055-04-16,2055-05-14,28.991666666666667,0.07252650655879465,0.07288708101370865,3.6057445491399776
2055-04-23,2055-05-21,29.011111111111113,0.07252544791720597,0.07288708101370865,3.616330965026809
2055-04-30,2055-05-28,29.030555555555555,0.07252439230943335,0.07288708101370865,3.6268870427530464
2055-05-07,2055-06-04,29.05,0.07252333972900768,0.07288708101370293,3.637412846952542
2055-05-14,2055-06-11,29.069444444444443,0.07252229016949409,0.07288708101370865,3.647908442145631
2055-05-21,2055-06-18,29.08888888888889,0.07252124362441492,0.07288708101370865,3.6583738929373
2055-05-28,2055-06-25,29.108333333333334,0.07252020008730962,0.07288708101370865,3.668809263990269
2055-06-04,2055-07-02,29.127777777777776,0.07251915955174905,0.07288708101370865,3.6792146195960274
2055-06-11,2055-07-09,29.147222222222222,0.07251812201124411,0.07288708101370865,3.6895900246454447
2055-06-18,2055-07-16,29.166666666666668,0.0725170874593628,0.07288708101370293,3.699935543401284
2055-06-25,2055-07-23,29.18611111111111,0.0725160558896503,0.07288708101370865,3.7102512405835784
2055-07-02,2055-07-30,29.205555555555556,0.07251502729566031,0.07288708101370865,3.7205371804834018
2055-07-09,2055-08-06,29.225,0.07251400167092946,0.07288708101370293,3.7307934277347465
2055-07-16,2055-08-13,29.244444444444444,0.07251297900901715,0.07288708101371436,3.741020046972021
2055-07-23,2055-08-20,29.26388888888889,0.07251195930347715,0.07288708101370865,3.7512171023150467
2055-07-30,2055-08-27,29.283333333333335,0.07251094254786603,0.07288708101370865,3.7613846584262642
2055-08-06,2055-09-03,29.302777777777777,0.07250992873574034,0.07288708101370865,3.7715227796830675
2055-08-13,2055-09-10,29.322222222222223,0.07250891786065955,0.07288708101370293,3.7816315304338435
2055-08-20,2055-09-17,29.341666666666665,0.07250790991618596,0.07288708101370293,3.791710975169782
2055-08-27,2055-09-24,29.36111111111111,0.07250690489587328,0.07288708101370865,3.801761178353763
2055-09-03,2055-10-01,29.380555555555556,0.07250590279329806,0.07288708101370865,3.8117822041058846
2055-09-10,2055-10-08,29.4,0.07250490360202834,0.07288708101370865,3.8217741168031227
2055-09-17,2055-10-15,29.419444444444444,0.07250390731562353,0.07288708101371436,3.831736980908218
2055-09-24,2055-10-22,29.43888888888889,0.07250291392765451,0.07288708101370293,3.841670860484231
2055-10-01,2055-10-29,29.458333333333332,0.0725019234317121,0.07288708101370865,3.8515758199654524
2055-10-08,2055-11-05,29.477777777777778,0.07250093582136431,0.07288708101370865,3.861451923443393
2055-10-15,2055-11-12,29.497222222222224,0.07249995109018201,0.07288708101370293,3.8712992352092632
2055-10-22,2055-11-19,29.516666666666666,0.0724989692317817,0.07288708101370865,3.8811178192695026
2055-10-29,2055-11-26,29.53611111111111,0.07249799023970573,0.07288708101370293,3.8909077399720826
2055-11-05,2055-12-03,29.555555555555557,0.0724970141075649,0.07288708101370293,3.9006690613803405
2055-11-12,2055-12-10,29.575,0.07249604082896718,0.07288708101370865,3.910401847414674
2055-11-19,2055-12-17,29.594444444444445,0.07249507039746345,0.07288708101370865,3.9201061624520586
2055-11-26,2055-12-24,29.613888888888887,0.07249410280669594,0.07288708101370865,3.929782070127147
2055-12-03,2055-12-31,29.633333333333333,0.07249313805024407,0.07288708101371436,3.93942963470284
2055-12-10,2056-01-07,29.65277777777778,0.0724921761217101,0.07288708101370865,3.9490489199854597
2055-12-17,2056-01-14,29.67222222222222,0.07249121701470486,0.07288708101370865,3.9586399900379265
2055-12-24,2056-01-21,29.691666666666666,0.07249026072286201,0.07288708101370865,3.968202908466445
2055-12-31,2056-01-28,29.711111111111112,0.07248930723975239,0.07288708101370293,3.977737739505466
2056-01-07,2056-02-04,29.730555555555554,0.07248835655903539,0.07288708101370293,3.987244546675428
2056-01-14,2056-02-11,29.75,0.07248740867432751,0.07288708101370865,3.99672339381138
2056-01-21,2056-02-18,29.769444444444446,0.07248646357921393,0.07288708101370865,4.0061743449472385
2056-01-28,2056-02-25,29.788888888888888,0.07248552126738536,0.07288708101370865,4.015597463232906
2056-02-04,2056-03-03,29.808333333333334,0.07248458173244408,0.07288708101371436,4.024992812702716
2056-02-11,2056-03-10,29.82777777777778,0.0724836449680209,0.07288708101370293,4.034360456820346
2056-02-18,2056-03-17,29.84722222222222,0.0724827109677809,0.07288708101370865,4.043700459277488
2056-02-25,2056-03-24,29.866666666666667,0.07248177972534631,0.07288708101370865,4.053012883623447
2056-03-03,2056-03-31,29.886111111111113,0.07248085123438505,0.07288708101370293,4.0622977931788204
2056-03-10,2056-04-07,29.905555555555555,0.07247992548854507,0.07288708101370865,4.071555251635855
2056-03-17,2056-04-14,29.925,0.07247900248149428,0.07288708101370293,4.080785322086583
2056-03-24,2056-04-21,29.944444444444443,0.07247808220689203,0.07288708101370293,4.089988068109035
2056-03-31,2056-04-28,29.96388888888889,0.07247716465840341,0.07288708101370865,4.099163553052398
2056-04-07,2056-05-05,29.983333333333334,0.07247624982969919,0.07288708101370865,4.108311840094609
2056-04-14,2056-05-12,30.002777777777776,0.07247533771445872,0.07288708101370865,4.1174329924993645
2056-04-21,2056-05-19,30.022222222222222,0.07247442830637844,0.07288708101371436,4.1265270733591155
2056-04-28,2056-05-26,30.041666666666668,0.0724735215991149,0.07288708101370865,4.13559414593756
2056-05-05,2056-06-02,30.06111111111111,0.07247261758639306,0.07288708101370865,4.144634273155895
2056-05-12,2056-06-09,30.080555555555556,0.07247171626190088,0.07288708101370865,4.153647518077702
2056-05-19,2056-06-16,30.1,0.07247081761932625,0.07288708101370293,4.162633943766841
2056-05-26,2056-06-23,30.119444444444444,0.07246992165239131,0.07288708101370293,4.1715936131161975
2056-06-02,2056-06-30,30.13888888888889,0.07246902835479828,0.07288708101370579,4.180526589075139
2056-06-09,2056-07-07,30.158333333333335,0.07246813772026643,0.07288708101370865,4.189432934422199
2056-06-16,2056-07-14,30.177777777777777,0.07246724974252652,0.07288708101370865,4.198312711821278
2056-06-23,2056-07-21,30.197222222222223,0.07246636441529786,0.07288708101370865,4.207165984107947
2056-06-30,2056-07-28,30.216666666666665,0.07246548173232258,0.07288708101370865,4.215992813860758
2056-07-07,2056-08-04,30.23611111111111,0.07246460168733426,0.07288708101370865,4.2247932637438925
2056-07-14,2056-08-11,30.255555555555556,0.0724637242740665,0.07288708101370865,4.233567396421528
2056-07-21,2056-08-18,30.275,0.07246284948628715,0.07288708101370865,4.242315274215064
2056-07-28,2056-08-25,30.294444444444444,0.0724619773177469,0.07288708101370865,4.251036959617566
2056-08-04,2056-09-01,30.31388888888889,0.07246110776219933,0.07288708101370293,4.259732515036058
2056-08-11,2056-09-08,30.333333333333332,0.072460240813418,0.07288708101370293,4.268402002849392
2056-08-18,2056-09-15,30.352777777777778,0.07245937646517644,0.0728870810137115,4.277045485350516
2056-08-23,2056-09-20,30.366666666666667,0.0724587606622792,0.07288708101370009,4.283203514208883
